# Algorithm, state_space_size, action_space_size, delay, sequence_length, reward_density, terminal_state_density,
DQN 8 8 0 1 0.25 0.25 960 0.7741935483870968 4.419354838709677
# Algorithm, state_space_size, action_space_size, delay, sequence_length, reward_density, terminal_state_density,
DQN 8 8 0 1 0.25 0.25 1864 0.4691011235955056 2.542134831460674
# Algorithm, state_space_size, action_space_size, delay, sequence_length, reward_density, terminal_state_density,
DQN 8 8 0 1 0.25 0.25 2368 1.1 4.16
# Algorithm, state_space_size, action_space_size, delay, sequence_length, reward_density, terminal_state_density,
DQN 8 8 0 1 0.25 0.25 2868 2.06 6.18
# Algorithm, state_space_size, action_space_size, delay, sequence_length, reward_density, terminal_state_density,
DQN 8 8 0 1 0.25 0.25 3364 2.06 6.18
# Algorithm, state_space_size, action_space_size, delay, sequence_length, reward_density, terminal_state_density,
DQN 8 8 0 1 0.25 0.25 3848 8.55 19.3
# Algorithm, state_space_size, action_space_size, delay, sequence_length, reward_density, terminal_state_density,
DQN 8 8 0 1 0.25 0.25 4320 10.95 24.1
# Algorithm, state_space_size, action_space_size, delay, sequence_length, reward_density, terminal_state_density,
DQN 8 8 0 1 0.25 0.25 4812 10.95 24.1
# Algorithm, state_space_size, action_space_size, delay, sequence_length, reward_density, terminal_state_density,
DQN 8 8 0 1 0.25 0.25 5296 15.09 32.61
# Algorithm, state_space_size, action_space_size, delay, sequence_length, reward_density, terminal_state_density,
DQN 8 8 0 1 0.25 0.25 5784 15.09 32.61
# Algorithm, state_space_size, action_space_size, delay, sequence_length, reward_density, terminal_state_density,
DQN 8 8 0 1 0.25 0.25 6272 15.09 32.61
# Algorithm, state_space_size, action_space_size, delay, sequence_length, reward_density, terminal_state_density,
DQN 8 8 0 1 0.25 0.25 6764 21.63 46.97
# Algorithm, state_space_size, action_space_size, delay, sequence_length, reward_density, terminal_state_density,
DQN 8 8 0 1 0.25 0.25 7256 26.91 53.21
# Algorithm, state_space_size, action_space_size, delay, sequence_length, reward_density, terminal_state_density,
DQN 8 8 0 1 0.25 0.25 7736 26.91 53.21
# Algorithm, state_space_size, action_space_size, delay, sequence_length, reward_density, terminal_state_density,
DQN 8 8 0 1 0.25 0.25 8232 26.91 53.21
# Algorithm, state_space_size, action_space_size, delay, sequence_length, reward_density, terminal_state_density,
DQN 8 8 0 1 0.25 0.25 8724 26.91 53.21
# Algorithm, state_space_size, action_space_size, delay, sequence_length, reward_density, terminal_state_density,
DQN 8 8 0 1 0.25 0.25 9220 45.65 72.13
# Algorithm, state_space_size, action_space_size, delay, sequence_length, reward_density, terminal_state_density,
DQN 8 8 0 1 0.25 0.25 9700 51.08 77.58
# Algorithm, state_space_size, action_space_size, delay, sequence_length, reward_density, terminal_state_density,
DQN 8 8 0 1 0.25 0.25 10176 53.14 79.65
# Algorithm, state_space_size, action_space_size, delay, sequence_length, reward_density, terminal_state_density,
DQN 8 8 0 1 0.25 0.25 10656 56.27 82.82
# Algorithm, state_space_size, action_space_size, delay, sequence_length, reward_density, terminal_state_density,
DQN 8 8 0 1 0.25 0.25 11136 64.95 91.5
# Algorithm, state_space_size, action_space_size, delay, sequence_length, reward_density, terminal_state_density,
DQN 8 8 0 1 0.25 0.25 11628 68.31 94.84
# Algorithm, state_space_size, action_space_size, delay, sequence_length, reward_density, terminal_state_density,
DQN 8 8 0 1 0.25 0.25 12100 74.07 100.61
# Algorithm, state_space_size, action_space_size, delay, sequence_length, reward_density, terminal_state_density,
DQN 8 8 0 1 0.25 0.25 12596 80.07 106.64
# Algorithm, state_space_size, action_space_size, delay, sequence_length, reward_density, terminal_state_density,
DQN 8 8 0 1 0.25 0.25 13080 80.07 106.64
# Algorithm, state_space_size, action_space_size, delay, sequence_length, reward_density, terminal_state_density,
DQN 8 8 0 1 0.25 0.25 13568 87.11 113.69
# Algorithm, state_space_size, action_space_size, delay, sequence_length, reward_density, terminal_state_density,
DQN 8 8 0 1 0.25 0.25 14044 93.23 119.89
# Algorithm, state_space_size, action_space_size, delay, sequence_length, reward_density, terminal_state_density,
DQN 8 8 0 1 0.25 0.25 14536 93.23 119.89
# Algorithm, state_space_size, action_space_size, delay, sequence_length, reward_density, terminal_state_density,
DQN 8 8 0 1 0.25 0.25 15024 101.6 128.26
# Algorithm, state_space_size, action_space_size, delay, sequence_length, reward_density, terminal_state_density,
DQN 8 8 0 1 0.25 0.25 15500 105.12 131.8
# Algorithm, state_space_size, action_space_size, delay, sequence_length, reward_density, terminal_state_density,
DQN 8 8 0 1 0.25 0.25 15988 105.12 131.8
# Algorithm, state_space_size, action_space_size, delay, sequence_length, reward_density, terminal_state_density,
DQN 8 8 0 1 0.25 0.25 16464 105.12 131.8
# Algorithm, state_space_size, action_space_size, delay, sequence_length, reward_density, terminal_state_density,
DQN 8 8 0 1 0.25 0.25 16952 122.9 149.79
# Algorithm, state_space_size, action_space_size, delay, sequence_length, reward_density, terminal_state_density,
DQN 8 8 0 1 0.25 0.25 17432 127.86 154.8
# Algorithm, state_space_size, action_space_size, delay, sequence_length, reward_density, terminal_state_density,
DQN 8 8 0 1 0.25 0.25 17936 127.86 154.8
# Algorithm, state_space_size, action_space_size, delay, sequence_length, reward_density, terminal_state_density,
DQN 8 8 0 1 0.25 0.25 18428 135.24 162.23
# Algorithm, state_space_size, action_space_size, delay, sequence_length, reward_density, terminal_state_density,
DQN 8 8 0 1 0.25 0.25 18912 135.24 162.23
# Algorithm, state_space_size, action_space_size, delay, sequence_length, reward_density, terminal_state_density,
DQN 8 8 0 1 0.25 0.25 19388 143.46 170.5
# Algorithm, state_space_size, action_space_size, delay, sequence_length, reward_density, terminal_state_density,
DQN 8 8 0 1 0.25 0.25 19804 150.5 177.57
# Algorithm, state_space_size, action_space_size, delay, sequence_length, reward_density, terminal_state_density,
DQN 8 8 0 1 0.25 0.25 20280 154.52 181.61
# Algorithm, state_space_size, action_space_size, delay, sequence_length, reward_density, terminal_state_density,
DQN 8 8 0 2 0.25 0.25 908 0.525 3.783333333333333
# Algorithm, state_space_size, action_space_size, delay, sequence_length, reward_density, terminal_state_density,
DQN 8 8 0 2 0.25 0.25 1888 0.46745562130177515 5.769230769230769
# Algorithm, state_space_size, action_space_size, delay, sequence_length, reward_density, terminal_state_density,
DQN 8 8 0 2 0.25 0.25 2372 0.46 9.81
# Algorithm, state_space_size, action_space_size, delay, sequence_length, reward_density, terminal_state_density,
DQN 8 8 0 2 0.25 0.25 2792 0.47 12.74
# Algorithm, state_space_size, action_space_size, delay, sequence_length, reward_density, terminal_state_density,
DQN 8 8 0 2 0.25 0.25 3256 0.72 14.96
# Algorithm, state_space_size, action_space_size, delay, sequence_length, reward_density, terminal_state_density,
DQN 8 8 0 2 0.25 0.25 3724 0.72 14.96
# Algorithm, state_space_size, action_space_size, delay, sequence_length, reward_density, terminal_state_density,
DQN 8 8 0 2 0.25 0.25 4188 0.95 26.26
# Algorithm, state_space_size, action_space_size, delay, sequence_length, reward_density, terminal_state_density,
DQN 8 8 0 2 0.25 0.25 4656 2.42 29.61
# Algorithm, state_space_size, action_space_size, delay, sequence_length, reward_density, terminal_state_density,
DQN 8 8 0 2 0.25 0.25 5112 5.35 36.07
# Algorithm, state_space_size, action_space_size, delay, sequence_length, reward_density, terminal_state_density,
DQN 8 8 0 2 0.25 0.25 5572 5.35 36.07
# Algorithm, state_space_size, action_space_size, delay, sequence_length, reward_density, terminal_state_density,
DQN 8 8 0 2 0.25 0.25 6040 8.87 45.72
# Algorithm, state_space_size, action_space_size, delay, sequence_length, reward_density, terminal_state_density,
DQN 8 8 0 2 0.25 0.25 6516 8.87 45.72
# Algorithm, state_space_size, action_space_size, delay, sequence_length, reward_density, terminal_state_density,
DQN 8 8 0 2 0.25 0.25 6984 8.87 45.72
# Algorithm, state_space_size, action_space_size, delay, sequence_length, reward_density, terminal_state_density,
DQN 8 8 0 2 0.25 0.25 7452 14.34 59.46
# Algorithm, state_space_size, action_space_size, delay, sequence_length, reward_density, terminal_state_density,
DQN 8 8 0 2 0.25 0.25 7920 15.94 62.84
# Algorithm, state_space_size, action_space_size, delay, sequence_length, reward_density, terminal_state_density,
DQN 8 8 0 2 0.25 0.25 8380 15.94 62.84
# Algorithm, state_space_size, action_space_size, delay, sequence_length, reward_density, terminal_state_density,
DQN 8 8 0 2 0.25 0.25 8844 15.94 62.84
# Algorithm, state_space_size, action_space_size, delay, sequence_length, reward_density, terminal_state_density,
DQN 8 8 0 2 0.25 0.25 9308 15.94 62.84
# Algorithm, state_space_size, action_space_size, delay, sequence_length, reward_density, terminal_state_density,
DQN 8 8 0 2 0.25 0.25 9772 15.94 62.84
# Algorithm, state_space_size, action_space_size, delay, sequence_length, reward_density, terminal_state_density,
DQN 8 8 0 2 0.25 0.25 10240 15.94 62.84
# Algorithm, state_space_size, action_space_size, delay, sequence_length, reward_density, terminal_state_density,
DQN 8 8 0 2 0.25 0.25 10704 30.76 91.35
# Algorithm, state_space_size, action_space_size, delay, sequence_length, reward_density, terminal_state_density,
DQN 8 8 0 2 0.25 0.25 11164 33.35 95.79
# Algorithm, state_space_size, action_space_size, delay, sequence_length, reward_density, terminal_state_density,
DQN 8 8 0 2 0.25 0.25 11628 35.28 99.14
# Algorithm, state_space_size, action_space_size, delay, sequence_length, reward_density, terminal_state_density,
DQN 8 8 0 2 0.25 0.25 12092 35.28 99.14
# Algorithm, state_space_size, action_space_size, delay, sequence_length, reward_density, terminal_state_density,
DQN 8 8 0 2 0.25 0.25 12556 40.34 109.03
# Algorithm, state_space_size, action_space_size, delay, sequence_length, reward_density, terminal_state_density,
DQN 8 8 0 2 0.25 0.25 13012 43.35 114.76
# Algorithm, state_space_size, action_space_size, delay, sequence_length, reward_density, terminal_state_density,
DQN 8 8 0 2 0.25 0.25 13476 45.35 118.34
# Algorithm, state_space_size, action_space_size, delay, sequence_length, reward_density, terminal_state_density,
DQN 8 8 0 2 0.25 0.25 13944 45.35 118.34
# Algorithm, state_space_size, action_space_size, delay, sequence_length, reward_density, terminal_state_density,
DQN 8 8 0 2 0.25 0.25 14408 45.35 118.34
# Algorithm, state_space_size, action_space_size, delay, sequence_length, reward_density, terminal_state_density,
DQN 8 8 0 2 0.25 0.25 14876 52.71 132.76
# Algorithm, state_space_size, action_space_size, delay, sequence_length, reward_density, terminal_state_density,
DQN 8 8 0 2 0.25 0.25 15336 53.89 135.28
# Algorithm, state_space_size, action_space_size, delay, sequence_length, reward_density, terminal_state_density,
DQN 8 8 0 2 0.25 0.25 15788 56.94 141.26
# Algorithm, state_space_size, action_space_size, delay, sequence_length, reward_density, terminal_state_density,
DQN 8 8 0 2 0.25 0.25 16252 60.13 146.85
# Algorithm, state_space_size, action_space_size, delay, sequence_length, reward_density, terminal_state_density,
DQN 8 8 0 2 0.25 0.25 16708 62.57 151.59
# Algorithm, state_space_size, action_space_size, delay, sequence_length, reward_density, terminal_state_density,
DQN 8 8 0 2 0.25 0.25 17180 62.97 152.56
# Algorithm, state_space_size, action_space_size, delay, sequence_length, reward_density, terminal_state_density,
DQN 8 8 0 2 0.25 0.25 17644 65.9 159.32
# Algorithm, state_space_size, action_space_size, delay, sequence_length, reward_density, terminal_state_density,
DQN 8 8 0 2 0.25 0.25 18108 65.9 159.32
# Algorithm, state_space_size, action_space_size, delay, sequence_length, reward_density, terminal_state_density,
DQN 8 8 0 2 0.25 0.25 18572 70.55 168.75
# Algorithm, state_space_size, action_space_size, delay, sequence_length, reward_density, terminal_state_density,
DQN 8 8 0 2 0.25 0.25 19032 72.71 173.29
# Algorithm, state_space_size, action_space_size, delay, sequence_length, reward_density, terminal_state_density,
DQN 8 8 0 2 0.25 0.25 19492 74.04 176.12
# Algorithm, state_space_size, action_space_size, delay, sequence_length, reward_density, terminal_state_density,
DQN 8 8 0 2 0.25 0.25 19960 76.01 179.48
# Algorithm, state_space_size, action_space_size, delay, sequence_length, reward_density, terminal_state_density,
DQN 8 8 0 2 0.25 0.25 20428 83.91 187.4
# Algorithm, state_space_size, action_space_size, delay, sequence_length, reward_density, terminal_state_density,
DQN 8 8 1 1 0.25 0.25 920 0.4700854700854701 3.9316239316239314
# Algorithm, state_space_size, action_space_size, delay, sequence_length, reward_density, terminal_state_density,
DQN 8 8 1 1 0.25 0.25 1888 0.305 4.84
# Algorithm, state_space_size, action_space_size, delay, sequence_length, reward_density, terminal_state_density,
DQN 8 8 1 1 0.25 0.25 2388 0.27 7.82
# Algorithm, state_space_size, action_space_size, delay, sequence_length, reward_density, terminal_state_density,
DQN 8 8 1 1 0.25 0.25 2864 0.29 11.43
# Algorithm, state_space_size, action_space_size, delay, sequence_length, reward_density, terminal_state_density,
DQN 8 8 1 1 0.25 0.25 3296 0.29 11.43
# Algorithm, state_space_size, action_space_size, delay, sequence_length, reward_density, terminal_state_density,
DQN 8 8 1 1 0.25 0.25 3744 0.29 11.43
# Algorithm, state_space_size, action_space_size, delay, sequence_length, reward_density, terminal_state_density,
DQN 8 8 1 1 0.25 0.25 4208 4.9 23.52
# Algorithm, state_space_size, action_space_size, delay, sequence_length, reward_density, terminal_state_density,
DQN 8 8 1 1 0.25 0.25 4680 11.77 30.35
# Algorithm, state_space_size, action_space_size, delay, sequence_length, reward_density, terminal_state_density,
DQN 8 8 1 1 0.25 0.25 5120 15.63 34.2
# Algorithm, state_space_size, action_space_size, delay, sequence_length, reward_density, terminal_state_density,
DQN 8 8 1 1 0.25 0.25 5580 19.47 38.2
# Algorithm, state_space_size, action_space_size, delay, sequence_length, reward_density, terminal_state_density,
DQN 8 8 1 1 0.25 0.25 6052 25.28 44.07
# Algorithm, state_space_size, action_space_size, delay, sequence_length, reward_density, terminal_state_density,
DQN 8 8 1 1 0.25 0.25 6520 27.85 46.59
# Algorithm, state_space_size, action_space_size, delay, sequence_length, reward_density, terminal_state_density,
DQN 8 8 1 1 0.25 0.25 6992 34.24 53.06
# Algorithm, state_space_size, action_space_size, delay, sequence_length, reward_density, terminal_state_density,
DQN 8 8 1 1 0.25 0.25 7472 40.23 59.08
# Algorithm, state_space_size, action_space_size, delay, sequence_length, reward_density, terminal_state_density,
DQN 8 8 1 1 0.25 0.25 7944 45.05 63.8
# Algorithm, state_space_size, action_space_size, delay, sequence_length, reward_density, terminal_state_density,
DQN 8 8 1 1 0.25 0.25 8432 48.85 67.65
# Algorithm, state_space_size, action_space_size, delay, sequence_length, reward_density, terminal_state_density,
DQN 8 8 1 1 0.25 0.25 8900 48.85 67.65
# Algorithm, state_space_size, action_space_size, delay, sequence_length, reward_density, terminal_state_density,
DQN 8 8 1 1 0.25 0.25 9388 55.21 74.04
# Algorithm, state_space_size, action_space_size, delay, sequence_length, reward_density, terminal_state_density,
DQN 8 8 1 1 0.25 0.25 9864 63.89 82.77
# Algorithm, state_space_size, action_space_size, delay, sequence_length, reward_density, terminal_state_density,
DQN 8 8 1 1 0.25 0.25 10320 64.74 83.62
# Algorithm, state_space_size, action_space_size, delay, sequence_length, reward_density, terminal_state_density,
DQN 8 8 1 1 0.25 0.25 10800 72.35 91.27
# Algorithm, state_space_size, action_space_size, delay, sequence_length, reward_density, terminal_state_density,
DQN 8 8 1 1 0.25 0.25 11264 77.98 96.95
# Algorithm, state_space_size, action_space_size, delay, sequence_length, reward_density, terminal_state_density,
DQN 8 8 1 1 0.25 0.25 11728 82.57 101.6
# Algorithm, state_space_size, action_space_size, delay, sequence_length, reward_density, terminal_state_density,
DQN 8 8 1 1 0.25 0.25 12172 82.57 101.6
# Algorithm, state_space_size, action_space_size, delay, sequence_length, reward_density, terminal_state_density,
DQN 8 8 1 1 0.25 0.25 12644 91.49 110.56
# Algorithm, state_space_size, action_space_size, delay, sequence_length, reward_density, terminal_state_density,
DQN 8 8 1 1 0.25 0.25 12988 91.49 110.56
# Algorithm, state_space_size, action_space_size, delay, sequence_length, reward_density, terminal_state_density,
DQN 8 8 1 1 0.25 0.25 13412 91.49 110.56
# Algorithm, state_space_size, action_space_size, delay, sequence_length, reward_density, terminal_state_density,
DQN 8 8 1 1 0.25 0.25 13860 100.7 119.83
# Algorithm, state_space_size, action_space_size, delay, sequence_length, reward_density, terminal_state_density,
DQN 8 8 1 1 0.25 0.25 14276 105.71 124.93
# Algorithm, state_space_size, action_space_size, delay, sequence_length, reward_density, terminal_state_density,
DQN 8 8 1 1 0.25 0.25 14740 108.95 128.11
# Algorithm, state_space_size, action_space_size, delay, sequence_length, reward_density, terminal_state_density,
DQN 8 8 1 1 0.25 0.25 15212 114.76 133.81
# Algorithm, state_space_size, action_space_size, delay, sequence_length, reward_density, terminal_state_density,
DQN 8 8 1 1 0.25 0.25 15680 117.29 136.34
# Algorithm, state_space_size, action_space_size, delay, sequence_length, reward_density, terminal_state_density,
DQN 8 8 1 1 0.25 0.25 16152 117.29 136.34
# Algorithm, state_space_size, action_space_size, delay, sequence_length, reward_density, terminal_state_density,
DQN 8 8 1 1 0.25 0.25 16620 127.21 146.29
# Algorithm, state_space_size, action_space_size, delay, sequence_length, reward_density, terminal_state_density,
DQN 8 8 1 1 0.25 0.25 17092 133.95 153.07
# Algorithm, state_space_size, action_space_size, delay, sequence_length, reward_density, terminal_state_density,
DQN 8 8 1 1 0.25 0.25 17512 138.43 157.54
# Algorithm, state_space_size, action_space_size, delay, sequence_length, reward_density, terminal_state_density,
DQN 8 8 1 1 0.25 0.25 17956 138.43 157.54
# Algorithm, state_space_size, action_space_size, delay, sequence_length, reward_density, terminal_state_density,
DQN 8 8 1 1 0.25 0.25 18432 138.43 157.54
# Algorithm, state_space_size, action_space_size, delay, sequence_length, reward_density, terminal_state_density,
DQN 8 8 1 1 0.25 0.25 18912 138.43 157.54
# Algorithm, state_space_size, action_space_size, delay, sequence_length, reward_density, terminal_state_density,
DQN 8 8 1 1 0.25 0.25 19384 138.43 157.54
# Algorithm, state_space_size, action_space_size, delay, sequence_length, reward_density, terminal_state_density,
DQN 8 8 1 1 0.25 0.25 19856 161.3 180.63
# Algorithm, state_space_size, action_space_size, delay, sequence_length, reward_density, terminal_state_density,
DQN 8 8 1 1 0.25 0.25 20324 163.3 182.63
# Algorithm, state_space_size, action_space_size, delay, sequence_length, reward_density, terminal_state_density,
DQN 8 8 1 2 0.25 0.25 912 0.4652173913043478 3.965217391304348
# Algorithm, state_space_size, action_space_size, delay, sequence_length, reward_density, terminal_state_density,
DQN 8 8 1 2 0.25 0.25 1860 1.037837837837838 5.124324324324324
# Algorithm, state_space_size, action_space_size, delay, sequence_length, reward_density, terminal_state_density,
DQN 8 8 1 2 0.25 0.25 2372 2.84 8.75
# Algorithm, state_space_size, action_space_size, delay, sequence_length, reward_density, terminal_state_density,
DQN 8 8 1 2 0.25 0.25 2856 4.89 12.91
# Algorithm, state_space_size, action_space_size, delay, sequence_length, reward_density, terminal_state_density,
DQN 8 8 1 2 0.25 0.25 3324 7.36 17.94
# Algorithm, state_space_size, action_space_size, delay, sequence_length, reward_density, terminal_state_density,
DQN 8 8 1 2 0.25 0.25 3804 8.89 21.91
# Algorithm, state_space_size, action_space_size, delay, sequence_length, reward_density, terminal_state_density,
DQN 8 8 1 2 0.25 0.25 4276 11.38 27.3
# Algorithm, state_space_size, action_space_size, delay, sequence_length, reward_density, terminal_state_density,
DQN 8 8 1 2 0.25 0.25 4752 11.38 27.3
# Algorithm, state_space_size, action_space_size, delay, sequence_length, reward_density, terminal_state_density,
DQN 8 8 1 2 0.25 0.25 5220 14.3 34.35
# Algorithm, state_space_size, action_space_size, delay, sequence_length, reward_density, terminal_state_density,
DQN 8 8 1 2 0.25 0.25 5700 14.3 34.35
# Algorithm, state_space_size, action_space_size, delay, sequence_length, reward_density, terminal_state_density,
DQN 8 8 1 2 0.25 0.25 6176 18.13 45.98
# Algorithm, state_space_size, action_space_size, delay, sequence_length, reward_density, terminal_state_density,
DQN 8 8 1 2 0.25 0.25 6652 18.71 48.13
# Algorithm, state_space_size, action_space_size, delay, sequence_length, reward_density, terminal_state_density,
DQN 8 8 1 2 0.25 0.25 7120 20.05 51.48
# Algorithm, state_space_size, action_space_size, delay, sequence_length, reward_density, terminal_state_density,
DQN 8 8 1 2 0.25 0.25 7596 22.33 58.18
# Algorithm, state_space_size, action_space_size, delay, sequence_length, reward_density, terminal_state_density,
DQN 8 8 1 2 0.25 0.25 8064 22.33 58.18
# Algorithm, state_space_size, action_space_size, delay, sequence_length, reward_density, terminal_state_density,
DQN 8 8 1 2 0.25 0.25 8532 25.66 67.33
# Algorithm, state_space_size, action_space_size, delay, sequence_length, reward_density, terminal_state_density,
DQN 8 8 1 2 0.25 0.25 9008 27.41 73.54
# Algorithm, state_space_size, action_space_size, delay, sequence_length, reward_density, terminal_state_density,
DQN 8 8 1 2 0.25 0.25 9488 27.41 73.54
# Algorithm, state_space_size, action_space_size, delay, sequence_length, reward_density, terminal_state_density,
DQN 8 8 1 2 0.25 0.25 9972 29.95 83.57
# Algorithm, state_space_size, action_space_size, delay, sequence_length, reward_density, terminal_state_density,
DQN 8 8 1 2 0.25 0.25 10464 29.95 83.57
# Algorithm, state_space_size, action_space_size, delay, sequence_length, reward_density, terminal_state_density,
DQN 8 8 1 2 0.25 0.25 10952 29.95 83.57
# Algorithm, state_space_size, action_space_size, delay, sequence_length, reward_density, terminal_state_density,
DQN 8 8 1 2 0.25 0.25 11432 33.6 95.91
# Algorithm, state_space_size, action_space_size, delay, sequence_length, reward_density, terminal_state_density,
DQN 8 8 1 2 0.25 0.25 11904 35.0 101.17
# Algorithm, state_space_size, action_space_size, delay, sequence_length, reward_density, terminal_state_density,
DQN 8 8 1 2 0.25 0.25 12372 35.0 101.17
# Algorithm, state_space_size, action_space_size, delay, sequence_length, reward_density, terminal_state_density,
DQN 8 8 1 2 0.25 0.25 12844 35.0 101.17
# Algorithm, state_space_size, action_space_size, delay, sequence_length, reward_density, terminal_state_density,
DQN 8 8 1 2 0.25 0.25 13312 39.44 117.41
# Algorithm, state_space_size, action_space_size, delay, sequence_length, reward_density, terminal_state_density,
DQN 8 8 1 2 0.25 0.25 13748 39.44 117.41
# Algorithm, state_space_size, action_space_size, delay, sequence_length, reward_density, terminal_state_density,
DQN 8 8 1 2 0.25 0.25 14220 41.34 122.92
# Algorithm, state_space_size, action_space_size, delay, sequence_length, reward_density, terminal_state_density,
DQN 8 8 1 2 0.25 0.25 14688 41.34 122.92
# Algorithm, state_space_size, action_space_size, delay, sequence_length, reward_density, terminal_state_density,
DQN 8 8 1 2 0.25 0.25 15160 43.67 133.88
# Algorithm, state_space_size, action_space_size, delay, sequence_length, reward_density, terminal_state_density,
DQN 8 8 1 2 0.25 0.25 15612 45.1 139.6
# Algorithm, state_space_size, action_space_size, delay, sequence_length, reward_density, terminal_state_density,
DQN 8 8 1 2 0.25 0.25 16068 45.96 143.65
# Algorithm, state_space_size, action_space_size, delay, sequence_length, reward_density, terminal_state_density,
DQN 8 8 1 2 0.25 0.25 16524 45.96 143.65
# Algorithm, state_space_size, action_space_size, delay, sequence_length, reward_density, terminal_state_density,
DQN 8 8 1 2 0.25 0.25 16988 47.38 152.05
# Algorithm, state_space_size, action_space_size, delay, sequence_length, reward_density, terminal_state_density,
DQN 8 8 1 2 0.25 0.25 17452 48.5 157.99
# Algorithm, state_space_size, action_space_size, delay, sequence_length, reward_density, terminal_state_density,
DQN 8 8 1 2 0.25 0.25 17928 48.5 157.99
# Algorithm, state_space_size, action_space_size, delay, sequence_length, reward_density, terminal_state_density,
DQN 8 8 1 2 0.25 0.25 18404 50.91 166.17
# Algorithm, state_space_size, action_space_size, delay, sequence_length, reward_density, terminal_state_density,
DQN 8 8 1 2 0.25 0.25 18880 52.0 171.52
# Algorithm, state_space_size, action_space_size, delay, sequence_length, reward_density, terminal_state_density,
DQN 8 8 1 2 0.25 0.25 19356 52.0 171.52
# Algorithm, state_space_size, action_space_size, delay, sequence_length, reward_density, terminal_state_density,
DQN 8 8 1 2 0.25 0.25 19824 53.49 178.18
# Algorithm, state_space_size, action_space_size, delay, sequence_length, reward_density, terminal_state_density,
DQN 8 8 1 2 0.25 0.25 20308 54.3 182.82
# Algorithm, state_space_size, action_space_size, delay, sequence_length, reward_density, terminal_state_density,
DQN 8 8 2 1 0.25 0.25 880 0.3789954337899543 4.018264840182648
# Algorithm, state_space_size, action_space_size, delay, sequence_length, reward_density, terminal_state_density,
DQN 8 8 2 1 0.25 0.25 1804 0.6397849462365591 4.967741935483871
# Algorithm, state_space_size, action_space_size, delay, sequence_length, reward_density, terminal_state_density,
DQN 8 8 2 1 0.25 0.25 2352 0.92 9.58
# Algorithm, state_space_size, action_space_size, delay, sequence_length, reward_density, terminal_state_density,
DQN 8 8 2 1 0.25 0.25 2852 0.97 13.93
# Algorithm, state_space_size, action_space_size, delay, sequence_length, reward_density, terminal_state_density,
DQN 8 8 2 1 0.25 0.25 3344 1.61 17.95
# Algorithm, state_space_size, action_space_size, delay, sequence_length, reward_density, terminal_state_density,
DQN 8 8 2 1 0.25 0.25 3836 3.26 21.25
# Algorithm, state_space_size, action_space_size, delay, sequence_length, reward_density, terminal_state_density,
DQN 8 8 2 1 0.25 0.25 4324 4.84 24.37
# Algorithm, state_space_size, action_space_size, delay, sequence_length, reward_density, terminal_state_density,
DQN 8 8 2 1 0.25 0.25 4820 4.84 24.37
# Algorithm, state_space_size, action_space_size, delay, sequence_length, reward_density, terminal_state_density,
DQN 8 8 2 1 0.25 0.25 5268 8.58 33.78
# Algorithm, state_space_size, action_space_size, delay, sequence_length, reward_density, terminal_state_density,
DQN 8 8 2 1 0.25 0.25 5768 10.87 40.56
# Algorithm, state_space_size, action_space_size, delay, sequence_length, reward_density, terminal_state_density,
DQN 8 8 2 1 0.25 0.25 6256 12.52 45.15
# Algorithm, state_space_size, action_space_size, delay, sequence_length, reward_density, terminal_state_density,
DQN 8 8 2 1 0.25 0.25 6696 12.52 45.15
# Algorithm, state_space_size, action_space_size, delay, sequence_length, reward_density, terminal_state_density,
DQN 8 8 2 1 0.25 0.25 7188 12.52 45.15
# Algorithm, state_space_size, action_space_size, delay, sequence_length, reward_density, terminal_state_density,
DQN 8 8 2 1 0.25 0.25 7684 20.47 61.28
# Algorithm, state_space_size, action_space_size, delay, sequence_length, reward_density, terminal_state_density,
DQN 8 8 2 1 0.25 0.25 8164 20.47 61.28
# Algorithm, state_space_size, action_space_size, delay, sequence_length, reward_density, terminal_state_density,
DQN 8 8 2 1 0.25 0.25 8656 24.97 71.54
# Algorithm, state_space_size, action_space_size, delay, sequence_length, reward_density, terminal_state_density,
DQN 8 8 2 1 0.25 0.25 9140 25.87 74.65
# Algorithm, state_space_size, action_space_size, delay, sequence_length, reward_density, terminal_state_density,
DQN 8 8 2 1 0.25 0.25 9600 27.67 80.3
# Algorithm, state_space_size, action_space_size, delay, sequence_length, reward_density, terminal_state_density,
DQN 8 8 2 1 0.25 0.25 10088 29.42 84.83
# Algorithm, state_space_size, action_space_size, delay, sequence_length, reward_density, terminal_state_density,
DQN 8 8 2 1 0.25 0.25 10584 30.28 86.57
# Algorithm, state_space_size, action_space_size, delay, sequence_length, reward_density, terminal_state_density,
DQN 8 8 2 1 0.25 0.25 11048 33.29 92.67
# Algorithm, state_space_size, action_space_size, delay, sequence_length, reward_density, terminal_state_density,
DQN 8 8 2 1 0.25 0.25 11512 36.61 99.37
# Algorithm, state_space_size, action_space_size, delay, sequence_length, reward_density, terminal_state_density,
DQN 8 8 2 1 0.25 0.25 11996 38.66 104.11
# Algorithm, state_space_size, action_space_size, delay, sequence_length, reward_density, terminal_state_density,
DQN 8 8 2 1 0.25 0.25 12476 40.68 109.16
# Algorithm, state_space_size, action_space_size, delay, sequence_length, reward_density, terminal_state_density,
DQN 8 8 2 1 0.25 0.25 12968 42.56 112.85
# Algorithm, state_space_size, action_space_size, delay, sequence_length, reward_density, terminal_state_density,
DQN 8 8 2 1 0.25 0.25 13444 44.88 117.72
# Algorithm, state_space_size, action_space_size, delay, sequence_length, reward_density, terminal_state_density,
DQN 8 8 2 1 0.25 0.25 13924 44.88 117.72
# Algorithm, state_space_size, action_space_size, delay, sequence_length, reward_density, terminal_state_density,
DQN 8 8 2 1 0.25 0.25 14400 47.7 124.6
# Algorithm, state_space_size, action_space_size, delay, sequence_length, reward_density, terminal_state_density,
DQN 8 8 2 1 0.25 0.25 14880 50.19 129.57
# Algorithm, state_space_size, action_space_size, delay, sequence_length, reward_density, terminal_state_density,
DQN 8 8 2 1 0.25 0.25 15344 51.91 132.99
# Algorithm, state_space_size, action_space_size, delay, sequence_length, reward_density, terminal_state_density,
DQN 8 8 2 1 0.25 0.25 15840 55.89 141.45
# Algorithm, state_space_size, action_space_size, delay, sequence_length, reward_density, terminal_state_density,
DQN 8 8 2 1 0.25 0.25 16320 55.89 141.45
# Algorithm, state_space_size, action_space_size, delay, sequence_length, reward_density, terminal_state_density,
DQN 8 8 2 1 0.25 0.25 16780 59.45 148.85
# Algorithm, state_space_size, action_space_size, delay, sequence_length, reward_density, terminal_state_density,
DQN 8 8 2 1 0.25 0.25 17248 62.66 155.7
# Algorithm, state_space_size, action_space_size, delay, sequence_length, reward_density, terminal_state_density,
DQN 8 8 2 1 0.25 0.25 17732 63.26 157.35
# Algorithm, state_space_size, action_space_size, delay, sequence_length, reward_density, terminal_state_density,
DQN 8 8 2 1 0.25 0.25 18216 66.53 163.89
# Algorithm, state_space_size, action_space_size, delay, sequence_length, reward_density, terminal_state_density,
DQN 8 8 2 1 0.25 0.25 18704 69.31 169.49
# Algorithm, state_space_size, action_space_size, delay, sequence_length, reward_density, terminal_state_density,
DQN 8 8 2 1 0.25 0.25 19184 70.87 172.55
# Algorithm, state_space_size, action_space_size, delay, sequence_length, reward_density, terminal_state_density,
DQN 8 8 2 1 0.25 0.25 19656 73.36 176.77
# Algorithm, state_space_size, action_space_size, delay, sequence_length, reward_density, terminal_state_density,
DQN 8 8 2 1 0.25 0.25 20136 73.36 176.77
# Algorithm, state_space_size, action_space_size, delay, sequence_length, reward_density, terminal_state_density,
DQN 8 8 2 2 0.25 0.25 896 0.33482142857142855 3.9732142857142856
# Algorithm, state_space_size, action_space_size, delay, sequence_length, reward_density, terminal_state_density,
DQN 8 8 2 2 0.25 0.25 1824 0.23673469387755103 3.804081632653061
# Algorithm, state_space_size, action_space_size, delay, sequence_length, reward_density, terminal_state_density,
DQN 8 8 2 2 0.25 0.25 2352 0.47 7.51
# Algorithm, state_space_size, action_space_size, delay, sequence_length, reward_density, terminal_state_density,
DQN 8 8 2 2 0.25 0.25 2844 0.53 11.82
# Algorithm, state_space_size, action_space_size, delay, sequence_length, reward_density, terminal_state_density,
DQN 8 8 2 2 0.25 0.25 3332 0.73 17.38
# Algorithm, state_space_size, action_space_size, delay, sequence_length, reward_density, terminal_state_density,
DQN 8 8 2 2 0.25 0.25 3768 0.89 19.13
# Algorithm, state_space_size, action_space_size, delay, sequence_length, reward_density, terminal_state_density,
DQN 8 8 2 2 0.25 0.25 4256 1.68 23.43
# Algorithm, state_space_size, action_space_size, delay, sequence_length, reward_density, terminal_state_density,
DQN 8 8 2 2 0.25 0.25 4748 2.62 31.15
# Algorithm, state_space_size, action_space_size, delay, sequence_length, reward_density, terminal_state_density,
DQN 8 8 2 2 0.25 0.25 5208 3.92 36.15
# Algorithm, state_space_size, action_space_size, delay, sequence_length, reward_density, terminal_state_density,
DQN 8 8 2 2 0.25 0.25 5668 4.22 39.5
# Algorithm, state_space_size, action_space_size, delay, sequence_length, reward_density, terminal_state_density,
DQN 8 8 2 2 0.25 0.25 6152 4.5 43.9
# Algorithm, state_space_size, action_space_size, delay, sequence_length, reward_density, terminal_state_density,
DQN 8 8 2 2 0.25 0.25 6636 4.82 46.56
# Algorithm, state_space_size, action_space_size, delay, sequence_length, reward_density, terminal_state_density,
DQN 8 8 2 2 0.25 0.25 7120 4.82 46.56
# Algorithm, state_space_size, action_space_size, delay, sequence_length, reward_density, terminal_state_density,
DQN 8 8 2 2 0.25 0.25 7600 6.11 58.06
# Algorithm, state_space_size, action_space_size, delay, sequence_length, reward_density, terminal_state_density,
DQN 8 8 2 2 0.25 0.25 8088 6.59 63.69
# Algorithm, state_space_size, action_space_size, delay, sequence_length, reward_density, terminal_state_density,
DQN 8 8 2 2 0.25 0.25 8484 6.71 67.94
# Algorithm, state_space_size, action_space_size, delay, sequence_length, reward_density, terminal_state_density,
DQN 8 8 2 2 0.25 0.25 8920 7.16 70.63
# Algorithm, state_space_size, action_space_size, delay, sequence_length, reward_density, terminal_state_density,
DQN 8 8 2 2 0.25 0.25 9400 8.44 75.99
# Algorithm, state_space_size, action_space_size, delay, sequence_length, reward_density, terminal_state_density,
DQN 8 8 2 2 0.25 0.25 9884 8.63 78.09
# Algorithm, state_space_size, action_space_size, delay, sequence_length, reward_density, terminal_state_density,
DQN 8 8 2 2 0.25 0.25 10376 11.2 86.16
# Algorithm, state_space_size, action_space_size, delay, sequence_length, reward_density, terminal_state_density,
DQN 8 8 2 2 0.25 0.25 10860 11.2 86.16
# Algorithm, state_space_size, action_space_size, delay, sequence_length, reward_density, terminal_state_density,
DQN 8 8 2 2 0.25 0.25 11296 13.37 92.37
# Algorithm, state_space_size, action_space_size, delay, sequence_length, reward_density, terminal_state_density,
DQN 8 8 2 2 0.25 0.25 11780 16.15 98.68
# Algorithm, state_space_size, action_space_size, delay, sequence_length, reward_density, terminal_state_density,
DQN 8 8 2 2 0.25 0.25 12228 18.67 104.84
# Algorithm, state_space_size, action_space_size, delay, sequence_length, reward_density, terminal_state_density,
DQN 8 8 2 2 0.25 0.25 12704 19.19 105.91
# Algorithm, state_space_size, action_space_size, delay, sequence_length, reward_density, terminal_state_density,
DQN 8 8 2 2 0.25 0.25 13196 22.72 114.64
# Algorithm, state_space_size, action_space_size, delay, sequence_length, reward_density, terminal_state_density,
DQN 8 8 2 2 0.25 0.25 13672 24.73 118.8
# Algorithm, state_space_size, action_space_size, delay, sequence_length, reward_density, terminal_state_density,
DQN 8 8 2 2 0.25 0.25 14124 26.74 123.08
# Algorithm, state_space_size, action_space_size, delay, sequence_length, reward_density, terminal_state_density,
DQN 8 8 2 2 0.25 0.25 14544 26.74 123.08
# Algorithm, state_space_size, action_space_size, delay, sequence_length, reward_density, terminal_state_density,
DQN 8 8 2 2 0.25 0.25 14956 31.14 131.97
# Algorithm, state_space_size, action_space_size, delay, sequence_length, reward_density, terminal_state_density,
DQN 8 8 2 2 0.25 0.25 15388 33.15 136.07
# Algorithm, state_space_size, action_space_size, delay, sequence_length, reward_density, terminal_state_density,
DQN 8 8 2 2 0.25 0.25 15872 33.87 137.84
# Algorithm, state_space_size, action_space_size, delay, sequence_length, reward_density, terminal_state_density,
DQN 8 8 2 2 0.25 0.25 16264 36.79 144.19
# Algorithm, state_space_size, action_space_size, delay, sequence_length, reward_density, terminal_state_density,
DQN 8 8 2 2 0.25 0.25 16728 39.34 149.4
# Algorithm, state_space_size, action_space_size, delay, sequence_length, reward_density, terminal_state_density,
DQN 8 8 2 2 0.25 0.25 17156 39.61 149.94
# Algorithm, state_space_size, action_space_size, delay, sequence_length, reward_density, terminal_state_density,
DQN 8 8 2 2 0.25 0.25 17636 39.61 149.94
# Algorithm, state_space_size, action_space_size, delay, sequence_length, reward_density, terminal_state_density,
DQN 8 8 2 2 0.25 0.25 18112 39.61 149.94
# Algorithm, state_space_size, action_space_size, delay, sequence_length, reward_density, terminal_state_density,
DQN 8 8 2 2 0.25 0.25 18588 46.95 166.09
# Algorithm, state_space_size, action_space_size, delay, sequence_length, reward_density, terminal_state_density,
DQN 8 8 2 2 0.25 0.25 19068 48.65 169.52
# Algorithm, state_space_size, action_space_size, delay, sequence_length, reward_density, terminal_state_density,
DQN 8 8 2 2 0.25 0.25 19548 51.66 175.61
# Algorithm, state_space_size, action_space_size, delay, sequence_length, reward_density, terminal_state_density,
DQN 8 8 2 2 0.25 0.25 20024 54.02 181.15
# Algorithm, state_space_size, action_space_size, delay, sequence_length, reward_density, terminal_state_density,
DQN 8 8 4 1 0.25 0.25 904 0.2995169082125604 4.304347826086956
# Algorithm, state_space_size, action_space_size, delay, sequence_length, reward_density, terminal_state_density,
DQN 8 8 4 1 0.25 0.25 1824 0.13043478260869565 4.497584541062802
# Algorithm, state_space_size, action_space_size, delay, sequence_length, reward_density, terminal_state_density,
DQN 8 8 4 1 0.25 0.25 2340 0.13 8.28
# Algorithm, state_space_size, action_space_size, delay, sequence_length, reward_density, terminal_state_density,
DQN 8 8 4 1 0.25 0.25 2808 0.13 8.28
# Algorithm, state_space_size, action_space_size, delay, sequence_length, reward_density, terminal_state_density,
DQN 8 8 4 1 0.25 0.25 3284 1.01 17.87
# Algorithm, state_space_size, action_space_size, delay, sequence_length, reward_density, terminal_state_density,
DQN 8 8 4 1 0.25 0.25 3752 1.09 20.58
# Algorithm, state_space_size, action_space_size, delay, sequence_length, reward_density, terminal_state_density,
DQN 8 8 4 1 0.25 0.25 4220 1.56 24.36
# Algorithm, state_space_size, action_space_size, delay, sequence_length, reward_density, terminal_state_density,
DQN 8 8 4 1 0.25 0.25 4692 1.56 24.36
# Algorithm, state_space_size, action_space_size, delay, sequence_length, reward_density, terminal_state_density,
DQN 8 8 4 1 0.25 0.25 5156 3.29 34.68
# Algorithm, state_space_size, action_space_size, delay, sequence_length, reward_density, terminal_state_density,
DQN 8 8 4 1 0.25 0.25 5628 3.89 40.23
# Algorithm, state_space_size, action_space_size, delay, sequence_length, reward_density, terminal_state_density,
DQN 8 8 4 1 0.25 0.25 6088 3.89 40.23
# Algorithm, state_space_size, action_space_size, delay, sequence_length, reward_density, terminal_state_density,
DQN 8 8 4 1 0.25 0.25 6500 4.62 49.13
# Algorithm, state_space_size, action_space_size, delay, sequence_length, reward_density, terminal_state_density,
DQN 8 8 4 1 0.25 0.25 6924 4.92 51.75
# Algorithm, state_space_size, action_space_size, delay, sequence_length, reward_density, terminal_state_density,
DQN 8 8 4 1 0.25 0.25 7316 5.41 55.05
# Algorithm, state_space_size, action_space_size, delay, sequence_length, reward_density, terminal_state_density,
DQN 8 8 4 1 0.25 0.25 7772 6.41 59.88
# Algorithm, state_space_size, action_space_size, delay, sequence_length, reward_density, terminal_state_density,
DQN 8 8 4 1 0.25 0.25 8248 7.57 66.37
# Algorithm, state_space_size, action_space_size, delay, sequence_length, reward_density, terminal_state_density,
DQN 8 8 4 1 0.25 0.25 8704 7.62 67.03
# Algorithm, state_space_size, action_space_size, delay, sequence_length, reward_density, terminal_state_density,
DQN 8 8 4 1 0.25 0.25 9168 8.69 72.99
# Algorithm, state_space_size, action_space_size, delay, sequence_length, reward_density, terminal_state_density,
DQN 8 8 4 1 0.25 0.25 9628 8.69 72.99
# Algorithm, state_space_size, action_space_size, delay, sequence_length, reward_density, terminal_state_density,
DQN 8 8 4 1 0.25 0.25 10100 10.9 83.72
# Algorithm, state_space_size, action_space_size, delay, sequence_length, reward_density, terminal_state_density,
DQN 8 8 4 1 0.25 0.25 10564 10.9 83.72
# Algorithm, state_space_size, action_space_size, delay, sequence_length, reward_density, terminal_state_density,
DQN 8 8 4 1 0.25 0.25 11008 12.79 91.22
# Algorithm, state_space_size, action_space_size, delay, sequence_length, reward_density, terminal_state_density,
DQN 8 8 4 1 0.25 0.25 11440 14.22 97.13
# Algorithm, state_space_size, action_space_size, delay, sequence_length, reward_density, terminal_state_density,
DQN 8 8 4 1 0.25 0.25 11828 14.22 97.13
# Algorithm, state_space_size, action_space_size, delay, sequence_length, reward_density, terminal_state_density,
DQN 8 8 4 1 0.25 0.25 12264 14.22 97.13
# Algorithm, state_space_size, action_space_size, delay, sequence_length, reward_density, terminal_state_density,
DQN 8 8 4 1 0.25 0.25 12708 18.61 108.8
# Algorithm, state_space_size, action_space_size, delay, sequence_length, reward_density, terminal_state_density,
DQN 8 8 4 1 0.25 0.25 13168 21.08 114.91
# Algorithm, state_space_size, action_space_size, delay, sequence_length, reward_density, terminal_state_density,
DQN 8 8 4 1 0.25 0.25 13616 22.55 119.11
# Algorithm, state_space_size, action_space_size, delay, sequence_length, reward_density, terminal_state_density,
DQN 8 8 4 1 0.25 0.25 14048 22.55 119.11
# Algorithm, state_space_size, action_space_size, delay, sequence_length, reward_density, terminal_state_density,
DQN 8 8 4 1 0.25 0.25 14524 25.23 126.78
# Algorithm, state_space_size, action_space_size, delay, sequence_length, reward_density, terminal_state_density,
DQN 8 8 4 1 0.25 0.25 14960 26.68 131.02
# Algorithm, state_space_size, action_space_size, delay, sequence_length, reward_density, terminal_state_density,
DQN 8 8 4 1 0.25 0.25 15408 28.44 136.19
# Algorithm, state_space_size, action_space_size, delay, sequence_length, reward_density, terminal_state_density,
DQN 8 8 4 1 0.25 0.25 15848 29.19 138.04
# Algorithm, state_space_size, action_space_size, delay, sequence_length, reward_density, terminal_state_density,
DQN 8 8 4 1 0.25 0.25 16280 31.32 144.09
# Algorithm, state_space_size, action_space_size, delay, sequence_length, reward_density, terminal_state_density,
DQN 8 8 4 1 0.25 0.25 16732 32.99 148.35
# Algorithm, state_space_size, action_space_size, delay, sequence_length, reward_density, terminal_state_density,
DQN 8 8 4 1 0.25 0.25 17156 34.26 153.36
# Algorithm, state_space_size, action_space_size, delay, sequence_length, reward_density, terminal_state_density,
DQN 8 8 4 1 0.25 0.25 17604 34.26 153.36
# Algorithm, state_space_size, action_space_size, delay, sequence_length, reward_density, terminal_state_density,
DQN 8 8 4 1 0.25 0.25 18076 37.67 163.3
# Algorithm, state_space_size, action_space_size, delay, sequence_length, reward_density, terminal_state_density,
DQN 8 8 4 1 0.25 0.25 18540 38.94 168.5
# Algorithm, state_space_size, action_space_size, delay, sequence_length, reward_density, terminal_state_density,
DQN 8 8 4 1 0.25 0.25 19020 40.03 172.53
# Algorithm, state_space_size, action_space_size, delay, sequence_length, reward_density, terminal_state_density,
DQN 8 8 4 1 0.25 0.25 19480 41.71 176.32
# Algorithm, state_space_size, action_space_size, delay, sequence_length, reward_density, terminal_state_density,
DQN 8 8 4 1 0.25 0.25 19940 46.52 181.13
# Algorithm, state_space_size, action_space_size, delay, sequence_length, reward_density, terminal_state_density,
DQN 8 8 4 1 0.25 0.25 20412 51.17 185.58
# Algorithm, state_space_size, action_space_size, delay, sequence_length, reward_density, terminal_state_density,
DQN 8 8 4 2 0.25 0.25 908 0.1826086956521739 3.9478260869565216
# Algorithm, state_space_size, action_space_size, delay, sequence_length, reward_density, terminal_state_density,
DQN 8 8 4 2 0.25 0.25 1840 0.4090909090909091 5.278409090909091
# Algorithm, state_space_size, action_space_size, delay, sequence_length, reward_density, terminal_state_density,
DQN 8 8 4 2 0.25 0.25 2376 2.38 9.96
# Algorithm, state_space_size, action_space_size, delay, sequence_length, reward_density, terminal_state_density,
DQN 8 8 4 2 0.25 0.25 2868 2.38 9.96
# Algorithm, state_space_size, action_space_size, delay, sequence_length, reward_density, terminal_state_density,
DQN 8 8 4 2 0.25 0.25 3368 5.23 15.86
# Algorithm, state_space_size, action_space_size, delay, sequence_length, reward_density, terminal_state_density,
DQN 8 8 4 2 0.25 0.25 3868 5.23 15.86
# Algorithm, state_space_size, action_space_size, delay, sequence_length, reward_density, terminal_state_density,
DQN 8 8 4 2 0.25 0.25 4360 5.23 15.86
# Algorithm, state_space_size, action_space_size, delay, sequence_length, reward_density, terminal_state_density,
DQN 8 8 4 2 0.25 0.25 4844 10.51 29.93
# Algorithm, state_space_size, action_space_size, delay, sequence_length, reward_density, terminal_state_density,
DQN 8 8 4 2 0.25 0.25 5332 12.14 36.01
# Algorithm, state_space_size, action_space_size, delay, sequence_length, reward_density, terminal_state_density,
DQN 8 8 4 2 0.25 0.25 5824 13.75 40.48
# Algorithm, state_space_size, action_space_size, delay, sequence_length, reward_density, terminal_state_density,
DQN 8 8 4 2 0.25 0.25 6312 14.77 45.35
# Algorithm, state_space_size, action_space_size, delay, sequence_length, reward_density, terminal_state_density,
DQN 8 8 4 2 0.25 0.25 6812 14.77 45.35
# Algorithm, state_space_size, action_space_size, delay, sequence_length, reward_density, terminal_state_density,
DQN 8 8 4 2 0.25 0.25 7312 14.77 45.35
# Algorithm, state_space_size, action_space_size, delay, sequence_length, reward_density, terminal_state_density,
DQN 8 8 4 2 0.25 0.25 7804 14.77 45.35
# Algorithm, state_space_size, action_space_size, delay, sequence_length, reward_density, terminal_state_density,
DQN 8 8 4 2 0.25 0.25 8304 19.24 67.07
# Algorithm, state_space_size, action_space_size, delay, sequence_length, reward_density, terminal_state_density,
DQN 8 8 4 2 0.25 0.25 8804 19.24 67.07
# Algorithm, state_space_size, action_space_size, delay, sequence_length, reward_density, terminal_state_density,
DQN 8 8 4 2 0.25 0.25 9292 22.26 75.42
# Algorithm, state_space_size, action_space_size, delay, sequence_length, reward_density, terminal_state_density,
DQN 8 8 4 2 0.25 0.25 9788 22.26 75.42
# Algorithm, state_space_size, action_space_size, delay, sequence_length, reward_density, terminal_state_density,
DQN 8 8 4 2 0.25 0.25 10272 25.96 83.72
# Algorithm, state_space_size, action_space_size, delay, sequence_length, reward_density, terminal_state_density,
DQN 8 8 4 2 0.25 0.25 10772 25.96 83.72
# Algorithm, state_space_size, action_space_size, delay, sequence_length, reward_density, terminal_state_density,
DQN 8 8 4 2 0.25 0.25 11264 32.37 97.7
# Algorithm, state_space_size, action_space_size, delay, sequence_length, reward_density, terminal_state_density,
DQN 8 8 4 2 0.25 0.25 11744 33.38 100.82
# Algorithm, state_space_size, action_space_size, delay, sequence_length, reward_density, terminal_state_density,
DQN 8 8 4 2 0.25 0.25 12172 34.92 104.19
# Algorithm, state_space_size, action_space_size, delay, sequence_length, reward_density, terminal_state_density,
DQN 8 8 4 2 0.25 0.25 12656 34.92 104.19
# Algorithm, state_space_size, action_space_size, delay, sequence_length, reward_density, terminal_state_density,
DQN 8 8 4 2 0.25 0.25 13148 34.92 104.19
# Algorithm, state_space_size, action_space_size, delay, sequence_length, reward_density, terminal_state_density,
DQN 8 8 4 2 0.25 0.25 13640 41.32 117.54
# Algorithm, state_space_size, action_space_size, delay, sequence_length, reward_density, terminal_state_density,
DQN 8 8 4 2 0.25 0.25 14128 44.05 124.37
# Algorithm, state_space_size, action_space_size, delay, sequence_length, reward_density, terminal_state_density,
DQN 8 8 4 2 0.25 0.25 14620 46.42 131.29
# Algorithm, state_space_size, action_space_size, delay, sequence_length, reward_density, terminal_state_density,
DQN 8 8 4 2 0.25 0.25 15108 46.65 131.97
# Algorithm, state_space_size, action_space_size, delay, sequence_length, reward_density, terminal_state_density,
DQN 8 8 4 2 0.25 0.25 15588 48.85 139.43
# Algorithm, state_space_size, action_space_size, delay, sequence_length, reward_density, terminal_state_density,
DQN 8 8 4 2 0.25 0.25 16076 51.18 144.8
# Algorithm, state_space_size, action_space_size, delay, sequence_length, reward_density, terminal_state_density,
DQN 8 8 4 2 0.25 0.25 16564 52.56 149.56
# Algorithm, state_space_size, action_space_size, delay, sequence_length, reward_density, terminal_state_density,
DQN 8 8 4 2 0.25 0.25 17044 53.67 152.91
# Algorithm, state_space_size, action_space_size, delay, sequence_length, reward_density, terminal_state_density,
DQN 8 8 4 2 0.25 0.25 17524 54.83 157.03
# Algorithm, state_space_size, action_space_size, delay, sequence_length, reward_density, terminal_state_density,
DQN 8 8 4 2 0.25 0.25 18008 54.83 157.03
# Algorithm, state_space_size, action_space_size, delay, sequence_length, reward_density, terminal_state_density,
DQN 8 8 4 2 0.25 0.25 18488 54.83 157.03
# Algorithm, state_space_size, action_space_size, delay, sequence_length, reward_density, terminal_state_density,
DQN 8 8 4 2 0.25 0.25 18936 54.83 157.03
# Algorithm, state_space_size, action_space_size, delay, sequence_length, reward_density, terminal_state_density,
DQN 8 8 4 2 0.25 0.25 19376 61.28 176.48
# Algorithm, state_space_size, action_space_size, delay, sequence_length, reward_density, terminal_state_density,
DQN 8 8 4 2 0.25 0.25 19812 63.47 181.53
# Algorithm, state_space_size, action_space_size, delay, sequence_length, reward_density, terminal_state_density,
DQN 8 8 4 2 0.25 0.25 20272 64.59 184.92
# Algorithm, state_space_size, action_space_size, delay, sequence_length, reward_density, terminal_state_density,
DQN 8 8 8 1 0.25 0.25 936 0.06147540983606557 3.8360655737704916
# Algorithm, state_space_size, action_space_size, delay, sequence_length, reward_density, terminal_state_density,
DQN 8 8 8 1 0.25 0.25 1904 0.045454545454545456 3.987603305785124
# Algorithm, state_space_size, action_space_size, delay, sequence_length, reward_density, terminal_state_density,
DQN 8 8 8 1 0.25 0.25 2380 0.05 6.13
# Algorithm, state_space_size, action_space_size, delay, sequence_length, reward_density, terminal_state_density,
DQN 8 8 8 1 0.25 0.25 2840 0.23 11.37
# Algorithm, state_space_size, action_space_size, delay, sequence_length, reward_density, terminal_state_density,
DQN 8 8 8 1 0.25 0.25 3316 0.23 15.23
# Algorithm, state_space_size, action_space_size, delay, sequence_length, reward_density, terminal_state_density,
DQN 8 8 8 1 0.25 0.25 3796 0.25 18.38
# Algorithm, state_space_size, action_space_size, delay, sequence_length, reward_density, terminal_state_density,
DQN 8 8 8 1 0.25 0.25 4268 1.84 25.87
# Algorithm, state_space_size, action_space_size, delay, sequence_length, reward_density, terminal_state_density,
DQN 8 8 8 1 0.25 0.25 4744 3.18 28.63
# Algorithm, state_space_size, action_space_size, delay, sequence_length, reward_density, terminal_state_density,
DQN 8 8 8 1 0.25 0.25 5220 3.18 28.63
# Algorithm, state_space_size, action_space_size, delay, sequence_length, reward_density, terminal_state_density,
DQN 8 8 8 1 0.25 0.25 5692 7.02 36.7
# Algorithm, state_space_size, action_space_size, delay, sequence_length, reward_density, terminal_state_density,
DQN 8 8 8 1 0.25 0.25 6160 7.02 36.7
# Algorithm, state_space_size, action_space_size, delay, sequence_length, reward_density, terminal_state_density,
DQN 8 8 8 1 0.25 0.25 6628 7.02 36.7
# Algorithm, state_space_size, action_space_size, delay, sequence_length, reward_density, terminal_state_density,
DQN 8 8 8 1 0.25 0.25 7088 12.15 50.39
# Algorithm, state_space_size, action_space_size, delay, sequence_length, reward_density, terminal_state_density,
DQN 8 8 8 1 0.25 0.25 7560 14.39 57.89
# Algorithm, state_space_size, action_space_size, delay, sequence_length, reward_density, terminal_state_density,
DQN 8 8 8 1 0.25 0.25 8036 15.3 61.84
# Algorithm, state_space_size, action_space_size, delay, sequence_length, reward_density, terminal_state_density,
DQN 8 8 8 1 0.25 0.25 8496 16.27 64.99
# Algorithm, state_space_size, action_space_size, delay, sequence_length, reward_density, terminal_state_density,
DQN 8 8 8 1 0.25 0.25 8948 16.27 64.99
# Algorithm, state_space_size, action_space_size, delay, sequence_length, reward_density, terminal_state_density,
DQN 8 8 8 1 0.25 0.25 9420 20.02 73.42
# Algorithm, state_space_size, action_space_size, delay, sequence_length, reward_density, terminal_state_density,
DQN 8 8 8 1 0.25 0.25 9880 21.72 79.61
# Algorithm, state_space_size, action_space_size, delay, sequence_length, reward_density, terminal_state_density,
DQN 8 8 8 1 0.25 0.25 10296 23.33 85.69
# Algorithm, state_space_size, action_space_size, delay, sequence_length, reward_density, terminal_state_density,
DQN 8 8 8 1 0.25 0.25 10764 23.33 85.69
# Algorithm, state_space_size, action_space_size, delay, sequence_length, reward_density, terminal_state_density,
DQN 8 8 8 1 0.25 0.25 11232 23.33 85.69
# Algorithm, state_space_size, action_space_size, delay, sequence_length, reward_density, terminal_state_density,
DQN 8 8 8 1 0.25 0.25 11636 26.91 99.36
# Algorithm, state_space_size, action_space_size, delay, sequence_length, reward_density, terminal_state_density,
DQN 8 8 8 1 0.25 0.25 12116 27.77 102.21
# Algorithm, state_space_size, action_space_size, delay, sequence_length, reward_density, terminal_state_density,
DQN 8 8 8 1 0.25 0.25 12580 29.2 105.55
# Algorithm, state_space_size, action_space_size, delay, sequence_length, reward_density, terminal_state_density,
DQN 8 8 8 1 0.25 0.25 13060 35.85 113.88
# Algorithm, state_space_size, action_space_size, delay, sequence_length, reward_density, terminal_state_density,
DQN 8 8 8 1 0.25 0.25 13540 36.66 114.78
# Algorithm, state_space_size, action_space_size, delay, sequence_length, reward_density, terminal_state_density,
DQN 8 8 8 1 0.25 0.25 14016 44.56 122.84
# Algorithm, state_space_size, action_space_size, delay, sequence_length, reward_density, terminal_state_density,
DQN 8 8 8 1 0.25 0.25 14496 48.01 126.43
# Algorithm, state_space_size, action_space_size, delay, sequence_length, reward_density, terminal_state_density,
DQN 8 8 8 1 0.25 0.25 14972 53.76 132.43
# Algorithm, state_space_size, action_space_size, delay, sequence_length, reward_density, terminal_state_density,
DQN 8 8 8 1 0.25 0.25 15452 53.76 132.43
# Algorithm, state_space_size, action_space_size, delay, sequence_length, reward_density, terminal_state_density,
DQN 8 8 8 1 0.25 0.25 15844 59.92 138.76
# Algorithm, state_space_size, action_space_size, delay, sequence_length, reward_density, terminal_state_density,
DQN 8 8 8 1 0.25 0.25 16268 59.92 138.76
# Algorithm, state_space_size, action_space_size, delay, sequence_length, reward_density, terminal_state_density,
DQN 8 8 8 1 0.25 0.25 16684 59.92 138.76
# Algorithm, state_space_size, action_space_size, delay, sequence_length, reward_density, terminal_state_density,
DQN 8 8 8 1 0.25 0.25 17128 71.34 150.4
# Algorithm, state_space_size, action_space_size, delay, sequence_length, reward_density, terminal_state_density,
DQN 8 8 8 1 0.25 0.25 17592 71.34 150.4
# Algorithm, state_space_size, action_space_size, delay, sequence_length, reward_density, terminal_state_density,
DQN 8 8 8 1 0.25 0.25 18064 82.26 161.48
# Algorithm, state_space_size, action_space_size, delay, sequence_length, reward_density, terminal_state_density,
DQN 8 8 8 1 0.25 0.25 18508 82.26 161.48
# Algorithm, state_space_size, action_space_size, delay, sequence_length, reward_density, terminal_state_density,
DQN 8 8 8 1 0.25 0.25 18972 82.26 161.48
# Algorithm, state_space_size, action_space_size, delay, sequence_length, reward_density, terminal_state_density,
DQN 8 8 8 1 0.25 0.25 19436 82.26 161.48
# Algorithm, state_space_size, action_space_size, delay, sequence_length, reward_density, terminal_state_density,
DQN 8 8 8 1 0.25 0.25 19916 100.74 180.28
# Algorithm, state_space_size, action_space_size, delay, sequence_length, reward_density, terminal_state_density,
DQN 8 8 8 1 0.25 0.25 20384 106.54 186.35
# Algorithm, state_space_size, action_space_size, delay, sequence_length, reward_density, terminal_state_density,
DQN 8 8 8 2 0.25 0.25 920 0.042735042735042736 3.9316239316239314
# Algorithm, state_space_size, action_space_size, delay, sequence_length, reward_density, terminal_state_density,
DQN 8 8 8 2 0.25 0.25 1816 0.0 2.1333333333333333
# Algorithm, state_space_size, action_space_size, delay, sequence_length, reward_density, terminal_state_density,
DQN 8 8 8 2 0.25 0.25 2324 0.4583333333333333 3.4097222222222223
# Algorithm, state_space_size, action_space_size, delay, sequence_length, reward_density, terminal_state_density,
DQN 8 8 8 2 0.25 0.25 2808 2.04 7.1
# Algorithm, state_space_size, action_space_size, delay, sequence_length, reward_density, terminal_state_density,
DQN 8 8 8 2 0.25 0.25 3276 3.79 10.7
# Algorithm, state_space_size, action_space_size, delay, sequence_length, reward_density, terminal_state_density,
DQN 8 8 8 2 0.25 0.25 3748 6.88 18.0
# Algorithm, state_space_size, action_space_size, delay, sequence_length, reward_density, terminal_state_density,
DQN 8 8 8 2 0.25 0.25 4224 6.88 18.0
# Algorithm, state_space_size, action_space_size, delay, sequence_length, reward_density, terminal_state_density,
DQN 8 8 8 2 0.25 0.25 4684 9.41 26.07
# Algorithm, state_space_size, action_space_size, delay, sequence_length, reward_density, terminal_state_density,
DQN 8 8 8 2 0.25 0.25 5132 10.43 29.75
# Algorithm, state_space_size, action_space_size, delay, sequence_length, reward_density, terminal_state_density,
DQN 8 8 8 2 0.25 0.25 5604 11.56 33.66
# Algorithm, state_space_size, action_space_size, delay, sequence_length, reward_density, terminal_state_density,
DQN 8 8 8 2 0.25 0.25 6068 11.56 33.66
# Algorithm, state_space_size, action_space_size, delay, sequence_length, reward_density, terminal_state_density,
DQN 8 8 8 2 0.25 0.25 6536 11.56 33.66
# Algorithm, state_space_size, action_space_size, delay, sequence_length, reward_density, terminal_state_density,
DQN 8 8 8 2 0.25 0.25 7004 11.56 33.66
# Algorithm, state_space_size, action_space_size, delay, sequence_length, reward_density, terminal_state_density,
DQN 8 8 8 2 0.25 0.25 7480 21.57 52.82
# Algorithm, state_space_size, action_space_size, delay, sequence_length, reward_density, terminal_state_density,
DQN 8 8 8 2 0.25 0.25 7952 25.96 57.78
# Algorithm, state_space_size, action_space_size, delay, sequence_length, reward_density, terminal_state_density,
DQN 8 8 8 2 0.25 0.25 8424 25.96 57.78
# Algorithm, state_space_size, action_space_size, delay, sequence_length, reward_density, terminal_state_density,
DQN 8 8 8 2 0.25 0.25 8900 25.96 57.78
# Algorithm, state_space_size, action_space_size, delay, sequence_length, reward_density, terminal_state_density,
DQN 8 8 8 2 0.25 0.25 9368 36.05 71.62
# Algorithm, state_space_size, action_space_size, delay, sequence_length, reward_density, terminal_state_density,
DQN 8 8 8 2 0.25 0.25 9840 38.37 76.07
# Algorithm, state_space_size, action_space_size, delay, sequence_length, reward_density, terminal_state_density,
DQN 8 8 8 2 0.25 0.25 10312 42.89 83.83
# Algorithm, state_space_size, action_space_size, delay, sequence_length, reward_density, terminal_state_density,
DQN 8 8 8 2 0.25 0.25 10788 42.89 83.83
# Algorithm, state_space_size, action_space_size, delay, sequence_length, reward_density, terminal_state_density,
DQN 8 8 8 2 0.25 0.25 11252 42.89 83.83
# Algorithm, state_space_size, action_space_size, delay, sequence_length, reward_density, terminal_state_density,
DQN 8 8 8 2 0.25 0.25 11716 49.74 97.14
# Algorithm, state_space_size, action_space_size, delay, sequence_length, reward_density, terminal_state_density,
DQN 8 8 8 2 0.25 0.25 12156 54.42 102.27
# Algorithm, state_space_size, action_space_size, delay, sequence_length, reward_density, terminal_state_density,
DQN 8 8 8 2 0.25 0.25 12616 58.08 106.46
# Algorithm, state_space_size, action_space_size, delay, sequence_length, reward_density, terminal_state_density,
DQN 8 8 8 2 0.25 0.25 13048 58.08 106.46
# Algorithm, state_space_size, action_space_size, delay, sequence_length, reward_density, terminal_state_density,
DQN 8 8 8 2 0.25 0.25 13408 58.08 106.46
# Algorithm, state_space_size, action_space_size, delay, sequence_length, reward_density, terminal_state_density,
DQN 8 8 8 2 0.25 0.25 13828 58.08 106.46
# Algorithm, state_space_size, action_space_size, delay, sequence_length, reward_density, terminal_state_density,
DQN 8 8 8 2 0.25 0.25 14288 58.08 106.46
# Algorithm, state_space_size, action_space_size, delay, sequence_length, reward_density, terminal_state_density,
DQN 8 8 8 2 0.25 0.25 14628 58.08 106.46
# Algorithm, state_space_size, action_space_size, delay, sequence_length, reward_density, terminal_state_density,
DQN 8 8 8 2 0.25 0.25 15096 80.6 130.32
# Algorithm, state_space_size, action_space_size, delay, sequence_length, reward_density, terminal_state_density,
DQN 8 8 8 2 0.25 0.25 15560 82.29 132.1
# Algorithm, state_space_size, action_space_size, delay, sequence_length, reward_density, terminal_state_density,
DQN 8 8 8 2 0.25 0.25 16032 82.29 132.1
# Algorithm, state_space_size, action_space_size, delay, sequence_length, reward_density, terminal_state_density,
DQN 8 8 8 2 0.25 0.25 16496 92.73 142.74
# Algorithm, state_space_size, action_space_size, delay, sequence_length, reward_density, terminal_state_density,
DQN 8 8 8 2 0.25 0.25 16964 99.62 149.83
# Algorithm, state_space_size, action_space_size, delay, sequence_length, reward_density, terminal_state_density,
DQN 8 8 8 2 0.25 0.25 17428 103.52 153.92
# Algorithm, state_space_size, action_space_size, delay, sequence_length, reward_density, terminal_state_density,
DQN 8 8 8 2 0.25 0.25 17816 107.91 158.69
# Algorithm, state_space_size, action_space_size, delay, sequence_length, reward_density, terminal_state_density,
DQN 8 8 8 2 0.25 0.25 18200 107.91 158.69
# Algorithm, state_space_size, action_space_size, delay, sequence_length, reward_density, terminal_state_density,
DQN 8 8 8 2 0.25 0.25 18648 107.91 158.69
# Algorithm, state_space_size, action_space_size, delay, sequence_length, reward_density, terminal_state_density,
DQN 8 8 8 2 0.25 0.25 19068 107.91 158.69
# Algorithm, state_space_size, action_space_size, delay, sequence_length, reward_density, terminal_state_density,
DQN 8 8 8 2 0.25 0.25 19508 122.05 173.03
# Algorithm, state_space_size, action_space_size, delay, sequence_length, reward_density, terminal_state_density,
DQN 8 8 8 2 0.25 0.25 19956 126.51 177.61
# Algorithm, state_space_size, action_space_size, delay, sequence_length, reward_density, terminal_state_density,
DQN 8 8 8 2 0.25 0.25 20396 131.92 183.13
