# Algorithm, state_space_size, action_space_size, delay, sequence_length, reward_density, terminal_state_density,
DQN 8 8 0 1 0.25 0.25 952 0.8050847457627118 4.033898305084746
# Algorithm, state_space_size, action_space_size, delay, sequence_length, reward_density, terminal_state_density,
DQN 8 8 0 1 0.25 0.25 1856 0.2929061784897025 2.068649885583524
# Algorithm, state_space_size, action_space_size, delay, sequence_length, reward_density, terminal_state_density,
DQN 8 8 0 1 0.25 0.25 2348 0.8135593220338984 3.983050847457627
# Algorithm, state_space_size, action_space_size, delay, sequence_length, reward_density, terminal_state_density,
DQN 8 8 0 1 0.25 0.25 2824 1.46 5.5
# Algorithm, state_space_size, action_space_size, delay, sequence_length, reward_density, terminal_state_density,
DQN 8 8 0 1 0.25 0.25 3292 5.69 13.97
# Algorithm, state_space_size, action_space_size, delay, sequence_length, reward_density, terminal_state_density,
DQN 8 8 0 1 0.25 0.25 3764 5.69 13.97
# Algorithm, state_space_size, action_space_size, delay, sequence_length, reward_density, terminal_state_density,
DQN 8 8 0 1 0.25 0.25 4240 13.16 22.8
# Algorithm, state_space_size, action_space_size, delay, sequence_length, reward_density, terminal_state_density,
DQN 8 8 0 1 0.25 0.25 4724 13.16 22.8
# Algorithm, state_space_size, action_space_size, delay, sequence_length, reward_density, terminal_state_density,
DQN 8 8 0 1 0.25 0.25 5208 13.16 22.8
# Algorithm, state_space_size, action_space_size, delay, sequence_length, reward_density, terminal_state_density,
DQN 8 8 0 1 0.25 0.25 5688 13.16 22.8
# Algorithm, state_space_size, action_space_size, delay, sequence_length, reward_density, terminal_state_density,
DQN 8 8 0 1 0.25 0.25 6172 13.16 22.8
# Algorithm, state_space_size, action_space_size, delay, sequence_length, reward_density, terminal_state_density,
DQN 8 8 0 1 0.25 0.25 6644 33.19 43.02
# Algorithm, state_space_size, action_space_size, delay, sequence_length, reward_density, terminal_state_density,
DQN 8 8 0 1 0.25 0.25 7128 41.03 50.84
# Algorithm, state_space_size, action_space_size, delay, sequence_length, reward_density, terminal_state_density,
DQN 8 8 0 1 0.25 0.25 7604 44.3 54.13
# Algorithm, state_space_size, action_space_size, delay, sequence_length, reward_density, terminal_state_density,
DQN 8 8 0 1 0.25 0.25 8084 50.58 60.51
# Algorithm, state_space_size, action_space_size, delay, sequence_length, reward_density, terminal_state_density,
DQN 8 8 0 1 0.25 0.25 8564 53.72 63.66
# Algorithm, state_space_size, action_space_size, delay, sequence_length, reward_density, terminal_state_density,
DQN 8 8 0 1 0.25 0.25 9056 60.15 70.15
# Algorithm, state_space_size, action_space_size, delay, sequence_length, reward_density, terminal_state_density,
DQN 8 8 0 1 0.25 0.25 9536 60.15 70.15
# Algorithm, state_space_size, action_space_size, delay, sequence_length, reward_density, terminal_state_density,
DQN 8 8 0 1 0.25 0.25 10008 69.01 79.1
# Algorithm, state_space_size, action_space_size, delay, sequence_length, reward_density, terminal_state_density,
DQN 8 8 0 1 0.25 0.25 10476 69.01 79.1
# Algorithm, state_space_size, action_space_size, delay, sequence_length, reward_density, terminal_state_density,
DQN 8 8 0 1 0.25 0.25 10964 76.24 86.37
# Algorithm, state_space_size, action_space_size, delay, sequence_length, reward_density, terminal_state_density,
DQN 8 8 0 1 0.25 0.25 11432 84.9 95.13
# Algorithm, state_space_size, action_space_size, delay, sequence_length, reward_density, terminal_state_density,
DQN 8 8 0 1 0.25 0.25 11904 84.9 95.13
# Algorithm, state_space_size, action_space_size, delay, sequence_length, reward_density, terminal_state_density,
DQN 8 8 0 1 0.25 0.25 12384 84.9 95.13
# Algorithm, state_space_size, action_space_size, delay, sequence_length, reward_density, terminal_state_density,
DQN 8 8 0 1 0.25 0.25 12860 97.65 108.09
# Algorithm, state_space_size, action_space_size, delay, sequence_length, reward_density, terminal_state_density,
DQN 8 8 0 1 0.25 0.25 13352 101.79 112.23
# Algorithm, state_space_size, action_space_size, delay, sequence_length, reward_density, terminal_state_density,
DQN 8 8 0 1 0.25 0.25 13828 104.55 115.04
# Algorithm, state_space_size, action_space_size, delay, sequence_length, reward_density, terminal_state_density,
DQN 8 8 0 1 0.25 0.25 14304 112.36 122.89
# Algorithm, state_space_size, action_space_size, delay, sequence_length, reward_density, terminal_state_density,
DQN 8 8 0 1 0.25 0.25 14780 112.36 122.89
# Algorithm, state_space_size, action_space_size, delay, sequence_length, reward_density, terminal_state_density,
DQN 8 8 0 1 0.25 0.25 15260 121.75 132.34
# Algorithm, state_space_size, action_space_size, delay, sequence_length, reward_density, terminal_state_density,
DQN 8 8 0 1 0.25 0.25 15744 121.75 132.34
# Algorithm, state_space_size, action_space_size, delay, sequence_length, reward_density, terminal_state_density,
DQN 8 8 0 1 0.25 0.25 16224 129.8 141.16
# Algorithm, state_space_size, action_space_size, delay, sequence_length, reward_density, terminal_state_density,
DQN 8 8 0 1 0.25 0.25 16700 135.33 146.72
# Algorithm, state_space_size, action_space_size, delay, sequence_length, reward_density, terminal_state_density,
DQN 8 8 0 1 0.25 0.25 17172 138.16 149.57
# Algorithm, state_space_size, action_space_size, delay, sequence_length, reward_density, terminal_state_density,
DQN 8 8 0 1 0.25 0.25 17648 138.16 149.57
# Algorithm, state_space_size, action_space_size, delay, sequence_length, reward_density, terminal_state_density,
DQN 8 8 0 1 0.25 0.25 18136 138.16 149.57
# Algorithm, state_space_size, action_space_size, delay, sequence_length, reward_density, terminal_state_density,
DQN 8 8 0 1 0.25 0.25 18620 138.16 149.57
# Algorithm, state_space_size, action_space_size, delay, sequence_length, reward_density, terminal_state_density,
DQN 8 8 0 1 0.25 0.25 19096 138.16 149.57
# Algorithm, state_space_size, action_space_size, delay, sequence_length, reward_density, terminal_state_density,
DQN 8 8 0 1 0.25 0.25 19572 138.16 149.57
# Algorithm, state_space_size, action_space_size, delay, sequence_length, reward_density, terminal_state_density,
DQN 8 8 0 1 0.25 0.25 20048 168.78 180.36
# Algorithm, state_space_size, action_space_size, delay, sequence_length, reward_density, terminal_state_density,
DQN 8 8 0 2 0.25 0.25 916 0.6009389671361502 4.258215962441315
# Algorithm, state_space_size, action_space_size, delay, sequence_length, reward_density, terminal_state_density,
DQN 8 8 0 2 0.25 0.25 1872 0.6587677725118484 4.559241706161138
# Algorithm, state_space_size, action_space_size, delay, sequence_length, reward_density, terminal_state_density,
DQN 8 8 0 2 0.25 0.25 2388 0.76 8.15
# Algorithm, state_space_size, action_space_size, delay, sequence_length, reward_density, terminal_state_density,
DQN 8 8 0 2 0.25 0.25 2892 0.76 8.15
# Algorithm, state_space_size, action_space_size, delay, sequence_length, reward_density, terminal_state_density,
DQN 8 8 0 2 0.25 0.25 3396 3.3 16.38
# Algorithm, state_space_size, action_space_size, delay, sequence_length, reward_density, terminal_state_density,
DQN 8 8 0 2 0.25 0.25 3884 3.3 16.38
# Algorithm, state_space_size, action_space_size, delay, sequence_length, reward_density, terminal_state_density,
DQN 8 8 0 2 0.25 0.25 4372 11.8 27.45
# Algorithm, state_space_size, action_space_size, delay, sequence_length, reward_density, terminal_state_density,
DQN 8 8 0 2 0.25 0.25 4864 15.22 31.36
# Algorithm, state_space_size, action_space_size, delay, sequence_length, reward_density, terminal_state_density,
DQN 8 8 0 2 0.25 0.25 5360 19.46 36.75
# Algorithm, state_space_size, action_space_size, delay, sequence_length, reward_density, terminal_state_density,
DQN 8 8 0 2 0.25 0.25 5852 20.54 38.83
# Algorithm, state_space_size, action_space_size, delay, sequence_length, reward_density, terminal_state_density,
DQN 8 8 0 2 0.25 0.25 6352 20.54 38.83
# Algorithm, state_space_size, action_space_size, delay, sequence_length, reward_density, terminal_state_density,
DQN 8 8 0 2 0.25 0.25 6844 29.85 51.49
# Algorithm, state_space_size, action_space_size, delay, sequence_length, reward_density, terminal_state_density,
DQN 8 8 0 2 0.25 0.25 7352 33.08 56.19
# Algorithm, state_space_size, action_space_size, delay, sequence_length, reward_density, terminal_state_density,
DQN 8 8 0 2 0.25 0.25 7840 37.79 62.61
# Algorithm, state_space_size, action_space_size, delay, sequence_length, reward_density, terminal_state_density,
DQN 8 8 0 2 0.25 0.25 8328 40.06 65.87
# Algorithm, state_space_size, action_space_size, delay, sequence_length, reward_density, terminal_state_density,
DQN 8 8 0 2 0.25 0.25 8808 40.06 65.87
# Algorithm, state_space_size, action_space_size, delay, sequence_length, reward_density, terminal_state_density,
DQN 8 8 0 2 0.25 0.25 9296 40.06 65.87
# Algorithm, state_space_size, action_space_size, delay, sequence_length, reward_density, terminal_state_density,
DQN 8 8 0 2 0.25 0.25 9800 49.14 78.12
# Algorithm, state_space_size, action_space_size, delay, sequence_length, reward_density, terminal_state_density,
DQN 8 8 0 2 0.25 0.25 10292 54.98 84.57
# Algorithm, state_space_size, action_space_size, delay, sequence_length, reward_density, terminal_state_density,
DQN 8 8 0 2 0.25 0.25 10772 59.96 91.33
# Algorithm, state_space_size, action_space_size, delay, sequence_length, reward_density, terminal_state_density,
DQN 8 8 0 2 0.25 0.25 11256 61.36 93.75
# Algorithm, state_space_size, action_space_size, delay, sequence_length, reward_density, terminal_state_density,
DQN 8 8 0 2 0.25 0.25 11744 65.53 99.61
# Algorithm, state_space_size, action_space_size, delay, sequence_length, reward_density, terminal_state_density,
DQN 8 8 0 2 0.25 0.25 12236 68.81 103.99
# Algorithm, state_space_size, action_space_size, delay, sequence_length, reward_density, terminal_state_density,
DQN 8 8 0 2 0.25 0.25 12724 73.53 110.81
# Algorithm, state_space_size, action_space_size, delay, sequence_length, reward_density, terminal_state_density,
DQN 8 8 0 2 0.25 0.25 13212 73.53 110.81
# Algorithm, state_space_size, action_space_size, delay, sequence_length, reward_density, terminal_state_density,
DQN 8 8 0 2 0.25 0.25 13708 73.53 110.81
# Algorithm, state_space_size, action_space_size, delay, sequence_length, reward_density, terminal_state_density,
DQN 8 8 0 2 0.25 0.25 14188 84.1 125.4
# Algorithm, state_space_size, action_space_size, delay, sequence_length, reward_density, terminal_state_density,
DQN 8 8 0 2 0.25 0.25 14684 84.1 125.4
# Algorithm, state_space_size, action_space_size, delay, sequence_length, reward_density, terminal_state_density,
DQN 8 8 0 2 0.25 0.25 15172 90.53 134.37
# Algorithm, state_space_size, action_space_size, delay, sequence_length, reward_density, terminal_state_density,
DQN 8 8 0 2 0.25 0.25 15668 92.72 137.59
# Algorithm, state_space_size, action_space_size, delay, sequence_length, reward_density, terminal_state_density,
DQN 8 8 0 2 0.25 0.25 16156 97.08 143.6
# Algorithm, state_space_size, action_space_size, delay, sequence_length, reward_density, terminal_state_density,
DQN 8 8 0 2 0.25 0.25 16644 99.4 147.28
# Algorithm, state_space_size, action_space_size, delay, sequence_length, reward_density, terminal_state_density,
DQN 8 8 0 2 0.25 0.25 17132 99.4 147.28
# Algorithm, state_space_size, action_space_size, delay, sequence_length, reward_density, terminal_state_density,
DQN 8 8 0 2 0.25 0.25 17624 99.4 147.28
# Algorithm, state_space_size, action_space_size, delay, sequence_length, reward_density, terminal_state_density,
DQN 8 8 0 2 0.25 0.25 18076 99.4 147.28
# Algorithm, state_space_size, action_space_size, delay, sequence_length, reward_density, terminal_state_density,
DQN 8 8 0 2 0.25 0.25 18560 115.29 168.55
# Algorithm, state_space_size, action_space_size, delay, sequence_length, reward_density, terminal_state_density,
DQN 8 8 0 2 0.25 0.25 19044 117.29 171.48
# Algorithm, state_space_size, action_space_size, delay, sequence_length, reward_density, terminal_state_density,
DQN 8 8 0 2 0.25 0.25 19540 120.34 175.19
# Algorithm, state_space_size, action_space_size, delay, sequence_length, reward_density, terminal_state_density,
DQN 8 8 0 2 0.25 0.25 20036 126.56 183.3
# Algorithm, state_space_size, action_space_size, delay, sequence_length, reward_density, terminal_state_density,
DQN 8 8 1 1 0.25 0.25 932 0.5278969957081545 3.9785407725321886
# Algorithm, state_space_size, action_space_size, delay, sequence_length, reward_density, terminal_state_density,
DQN 8 8 1 1 0.25 0.25 1880 0.6050420168067226 7.873949579831932
# Algorithm, state_space_size, action_space_size, delay, sequence_length, reward_density, terminal_state_density,
DQN 8 8 1 1 0.25 0.25 2352 0.63 11.65
# Algorithm, state_space_size, action_space_size, delay, sequence_length, reward_density, terminal_state_density,
DQN 8 8 1 1 0.25 0.25 2808 0.7 15.54
# Algorithm, state_space_size, action_space_size, delay, sequence_length, reward_density, terminal_state_density,
DQN 8 8 1 1 0.25 0.25 3296 2.57 20.99
# Algorithm, state_space_size, action_space_size, delay, sequence_length, reward_density, terminal_state_density,
DQN 8 8 1 1 0.25 0.25 3772 4.9 25.64
# Algorithm, state_space_size, action_space_size, delay, sequence_length, reward_density, terminal_state_density,
DQN 8 8 1 1 0.25 0.25 4260 6.74 30.31
# Algorithm, state_space_size, action_space_size, delay, sequence_length, reward_density, terminal_state_density,
DQN 8 8 1 1 0.25 0.25 4744 6.74 30.31
# Algorithm, state_space_size, action_space_size, delay, sequence_length, reward_density, terminal_state_density,
DQN 8 8 1 1 0.25 0.25 5228 9.95 38.83
# Algorithm, state_space_size, action_space_size, delay, sequence_length, reward_density, terminal_state_density,
DQN 8 8 1 1 0.25 0.25 5720 9.95 38.83
# Algorithm, state_space_size, action_space_size, delay, sequence_length, reward_density, terminal_state_density,
DQN 8 8 1 1 0.25 0.25 6208 13.14 50.01
# Algorithm, state_space_size, action_space_size, delay, sequence_length, reward_density, terminal_state_density,
DQN 8 8 1 1 0.25 0.25 6704 14.05 54.28
# Algorithm, state_space_size, action_space_size, delay, sequence_length, reward_density, terminal_state_density,
DQN 8 8 1 1 0.25 0.25 7204 14.05 54.28
# Algorithm, state_space_size, action_space_size, delay, sequence_length, reward_density, terminal_state_density,
DQN 8 8 1 1 0.25 0.25 7696 14.05 54.28
# Algorithm, state_space_size, action_space_size, delay, sequence_length, reward_density, terminal_state_density,
DQN 8 8 1 1 0.25 0.25 8184 17.81 69.63
# Algorithm, state_space_size, action_space_size, delay, sequence_length, reward_density, terminal_state_density,
DQN 8 8 1 1 0.25 0.25 8656 18.71 72.46
# Algorithm, state_space_size, action_space_size, delay, sequence_length, reward_density, terminal_state_density,
DQN 8 8 1 1 0.25 0.25 9152 18.9 74.08
# Algorithm, state_space_size, action_space_size, delay, sequence_length, reward_density, terminal_state_density,
DQN 8 8 1 1 0.25 0.25 9628 24.4 82.23
# Algorithm, state_space_size, action_space_size, delay, sequence_length, reward_density, terminal_state_density,
DQN 8 8 1 1 0.25 0.25 10084 24.4 82.23
# Algorithm, state_space_size, action_space_size, delay, sequence_length, reward_density, terminal_state_density,
DQN 8 8 1 1 0.25 0.25 10564 33.87 91.83
# Algorithm, state_space_size, action_space_size, delay, sequence_length, reward_density, terminal_state_density,
DQN 8 8 1 1 0.25 0.25 11048 33.87 91.83
# Algorithm, state_space_size, action_space_size, delay, sequence_length, reward_density, terminal_state_density,
DQN 8 8 1 1 0.25 0.25 11532 42.88 100.73
# Algorithm, state_space_size, action_space_size, delay, sequence_length, reward_density, terminal_state_density,
DQN 8 8 1 1 0.25 0.25 12024 45.27 103.16
# Algorithm, state_space_size, action_space_size, delay, sequence_length, reward_density, terminal_state_density,
DQN 8 8 1 1 0.25 0.25 12504 51.33 109.2
# Algorithm, state_space_size, action_space_size, delay, sequence_length, reward_density, terminal_state_density,
DQN 8 8 1 1 0.25 0.25 13000 57.96 115.74
# Algorithm, state_space_size, action_space_size, delay, sequence_length, reward_density, terminal_state_density,
DQN 8 8 1 1 0.25 0.25 13476 62.96 120.81
# Algorithm, state_space_size, action_space_size, delay, sequence_length, reward_density, terminal_state_density,
DQN 8 8 1 1 0.25 0.25 13960 67.73 125.47
# Algorithm, state_space_size, action_space_size, delay, sequence_length, reward_density, terminal_state_density,
DQN 8 8 1 1 0.25 0.25 14452 69.71 127.32
# Algorithm, state_space_size, action_space_size, delay, sequence_length, reward_density, terminal_state_density,
DQN 8 8 1 1 0.25 0.25 14940 76.83 134.44
# Algorithm, state_space_size, action_space_size, delay, sequence_length, reward_density, terminal_state_density,
DQN 8 8 1 1 0.25 0.25 15388 81.21 138.77
# Algorithm, state_space_size, action_space_size, delay, sequence_length, reward_density, terminal_state_density,
DQN 8 8 1 1 0.25 0.25 15880 83.75 141.3
# Algorithm, state_space_size, action_space_size, delay, sequence_length, reward_density, terminal_state_density,
DQN 8 8 1 1 0.25 0.25 16372 89.04 146.63
# Algorithm, state_space_size, action_space_size, delay, sequence_length, reward_density, terminal_state_density,
DQN 8 8 1 1 0.25 0.25 16796 89.04 146.63
# Algorithm, state_space_size, action_space_size, delay, sequence_length, reward_density, terminal_state_density,
DQN 8 8 1 1 0.25 0.25 17232 99.12 156.61
# Algorithm, state_space_size, action_space_size, delay, sequence_length, reward_density, terminal_state_density,
DQN 8 8 1 1 0.25 0.25 17692 99.12 156.61
# Algorithm, state_space_size, action_space_size, delay, sequence_length, reward_density, terminal_state_density,
DQN 8 8 1 1 0.25 0.25 18124 99.12 156.61
# Algorithm, state_space_size, action_space_size, delay, sequence_length, reward_density, terminal_state_density,
DQN 8 8 1 1 0.25 0.25 18568 99.12 156.61
# Algorithm, state_space_size, action_space_size, delay, sequence_length, reward_density, terminal_state_density,
DQN 8 8 1 1 0.25 0.25 19028 117.59 175.11
# Algorithm, state_space_size, action_space_size, delay, sequence_length, reward_density, terminal_state_density,
DQN 8 8 1 1 0.25 0.25 19504 119.95 177.47
# Algorithm, state_space_size, action_space_size, delay, sequence_length, reward_density, terminal_state_density,
DQN 8 8 1 1 0.25 0.25 19980 119.95 177.47
# Algorithm, state_space_size, action_space_size, delay, sequence_length, reward_density, terminal_state_density,
DQN 8 8 1 1 0.25 0.25 20468 119.95 177.47
# Algorithm, state_space_size, action_space_size, delay, sequence_length, reward_density, terminal_state_density,
DQN 8 8 1 2 0.25 0.25 904 0.42731277533039647 3.9823788546255505
# Algorithm, state_space_size, action_space_size, delay, sequence_length, reward_density, terminal_state_density,
DQN 8 8 1 2 0.25 0.25 1820 0.3135593220338983 3.8559322033898304
# Algorithm, state_space_size, action_space_size, delay, sequence_length, reward_density, terminal_state_density,
DQN 8 8 1 2 0.25 0.25 2344 0.38 7.62
# Algorithm, state_space_size, action_space_size, delay, sequence_length, reward_density, terminal_state_density,
DQN 8 8 1 2 0.25 0.25 2816 0.73 10.27
# Algorithm, state_space_size, action_space_size, delay, sequence_length, reward_density, terminal_state_density,
DQN 8 8 1 2 0.25 0.25 3288 3.0 17.18
# Algorithm, state_space_size, action_space_size, delay, sequence_length, reward_density, terminal_state_density,
DQN 8 8 1 2 0.25 0.25 3748 3.34 18.51
# Algorithm, state_space_size, action_space_size, delay, sequence_length, reward_density, terminal_state_density,
DQN 8 8 1 2 0.25 0.25 4204 4.01 25.38
# Algorithm, state_space_size, action_space_size, delay, sequence_length, reward_density, terminal_state_density,
DQN 8 8 1 2 0.25 0.25 4672 4.01 25.38
# Algorithm, state_space_size, action_space_size, delay, sequence_length, reward_density, terminal_state_density,
DQN 8 8 1 2 0.25 0.25 5144 4.01 25.38
# Algorithm, state_space_size, action_space_size, delay, sequence_length, reward_density, terminal_state_density,
DQN 8 8 1 2 0.25 0.25 5592 5.46 39.71
# Algorithm, state_space_size, action_space_size, delay, sequence_length, reward_density, terminal_state_density,
DQN 8 8 1 2 0.25 0.25 6052 5.48 40.47
# Algorithm, state_space_size, action_space_size, delay, sequence_length, reward_density, terminal_state_density,
DQN 8 8 1 2 0.25 0.25 6528 5.48 40.47
# Algorithm, state_space_size, action_space_size, delay, sequence_length, reward_density, terminal_state_density,
DQN 8 8 1 2 0.25 0.25 7000 5.95 51.63
# Algorithm, state_space_size, action_space_size, delay, sequence_length, reward_density, terminal_state_density,
DQN 8 8 1 2 0.25 0.25 7472 8.12 55.08
# Algorithm, state_space_size, action_space_size, delay, sequence_length, reward_density, terminal_state_density,
DQN 8 8 1 2 0.25 0.25 7948 8.12 55.08
# Algorithm, state_space_size, action_space_size, delay, sequence_length, reward_density, terminal_state_density,
DQN 8 8 1 2 0.25 0.25 8424 19.99 67.67
# Algorithm, state_space_size, action_space_size, delay, sequence_length, reward_density, terminal_state_density,
DQN 8 8 1 2 0.25 0.25 8896 23.9 72.14
# Algorithm, state_space_size, action_space_size, delay, sequence_length, reward_density, terminal_state_density,
DQN 8 8 1 2 0.25 0.25 9368 27.29 76.89
# Algorithm, state_space_size, action_space_size, delay, sequence_length, reward_density, terminal_state_density,
DQN 8 8 1 2 0.25 0.25 9840 29.0 78.63
# Algorithm, state_space_size, action_space_size, delay, sequence_length, reward_density, terminal_state_density,
DQN 8 8 1 2 0.25 0.25 10312 33.72 83.62
# Algorithm, state_space_size, action_space_size, delay, sequence_length, reward_density, terminal_state_density,
DQN 8 8 1 2 0.25 0.25 10780 33.72 83.62
# Algorithm, state_space_size, action_space_size, delay, sequence_length, reward_density, terminal_state_density,
DQN 8 8 1 2 0.25 0.25 11232 40.77 91.73
# Algorithm, state_space_size, action_space_size, delay, sequence_length, reward_density, terminal_state_density,
DQN 8 8 1 2 0.25 0.25 11704 44.05 96.05
# Algorithm, state_space_size, action_space_size, delay, sequence_length, reward_density, terminal_state_density,
DQN 8 8 1 2 0.25 0.25 12172 50.19 103.56
# Algorithm, state_space_size, action_space_size, delay, sequence_length, reward_density, terminal_state_density,
DQN 8 8 1 2 0.25 0.25 12644 50.19 103.56
# Algorithm, state_space_size, action_space_size, delay, sequence_length, reward_density, terminal_state_density,
DQN 8 8 1 2 0.25 0.25 13108 50.19 103.56
# Algorithm, state_space_size, action_space_size, delay, sequence_length, reward_density, terminal_state_density,
DQN 8 8 1 2 0.25 0.25 13584 50.19 103.56
# Algorithm, state_space_size, action_space_size, delay, sequence_length, reward_density, terminal_state_density,
DQN 8 8 1 2 0.25 0.25 14060 50.19 103.56
# Algorithm, state_space_size, action_space_size, delay, sequence_length, reward_density, terminal_state_density,
DQN 8 8 1 2 0.25 0.25 14524 50.19 103.56
# Algorithm, state_space_size, action_space_size, delay, sequence_length, reward_density, terminal_state_density,
DQN 8 8 1 2 0.25 0.25 14996 50.19 103.56
# Algorithm, state_space_size, action_space_size, delay, sequence_length, reward_density, terminal_state_density,
DQN 8 8 1 2 0.25 0.25 15464 50.19 103.56
# Algorithm, state_space_size, action_space_size, delay, sequence_length, reward_density, terminal_state_density,
DQN 8 8 1 2 0.25 0.25 15932 81.2 141.92
# Algorithm, state_space_size, action_space_size, delay, sequence_length, reward_density, terminal_state_density,
DQN 8 8 1 2 0.25 0.25 16392 83.67 145.2
# Algorithm, state_space_size, action_space_size, delay, sequence_length, reward_density, terminal_state_density,
DQN 8 8 1 2 0.25 0.25 16860 83.67 145.2
# Algorithm, state_space_size, action_space_size, delay, sequence_length, reward_density, terminal_state_density,
DQN 8 8 1 2 0.25 0.25 17320 90.9 154.06
# Algorithm, state_space_size, action_space_size, delay, sequence_length, reward_density, terminal_state_density,
DQN 8 8 1 2 0.25 0.25 17780 96.37 160.04
# Algorithm, state_space_size, action_space_size, delay, sequence_length, reward_density, terminal_state_density,
DQN 8 8 1 2 0.25 0.25 18248 99.8 163.66
# Algorithm, state_space_size, action_space_size, delay, sequence_length, reward_density, terminal_state_density,
DQN 8 8 1 2 0.25 0.25 18716 103.95 168.97
# Algorithm, state_space_size, action_space_size, delay, sequence_length, reward_density, terminal_state_density,
DQN 8 8 1 2 0.25 0.25 19176 106.44 171.67
# Algorithm, state_space_size, action_space_size, delay, sequence_length, reward_density, terminal_state_density,
DQN 8 8 1 2 0.25 0.25 19644 106.44 171.67
# Algorithm, state_space_size, action_space_size, delay, sequence_length, reward_density, terminal_state_density,
DQN 8 8 1 2 0.25 0.25 20108 115.77 182.0
# Algorithm, state_space_size, action_space_size, delay, sequence_length, reward_density, terminal_state_density,
DQN 8 8 2 1 0.25 0.25 904 0.36818181818181817 4.090909090909091
# Algorithm, state_space_size, action_space_size, delay, sequence_length, reward_density, terminal_state_density,
DQN 8 8 2 1 0.25 0.25 1832 0.33650793650793653 2.9492063492063494
# Algorithm, state_space_size, action_space_size, delay, sequence_length, reward_density, terminal_state_density,
DQN 8 8 2 1 0.25 0.25 2344 1.94 5.8
# Algorithm, state_space_size, action_space_size, delay, sequence_length, reward_density, terminal_state_density,
DQN 8 8 2 1 0.25 0.25 2820 6.42 10.62
# Algorithm, state_space_size, action_space_size, delay, sequence_length, reward_density, terminal_state_density,
DQN 8 8 2 1 0.25 0.25 3300 6.42 10.62
# Algorithm, state_space_size, action_space_size, delay, sequence_length, reward_density, terminal_state_density,
DQN 8 8 2 1 0.25 0.25 3776 6.42 10.62
# Algorithm, state_space_size, action_space_size, delay, sequence_length, reward_density, terminal_state_density,
DQN 8 8 2 1 0.25 0.25 4252 19.47 23.85
# Algorithm, state_space_size, action_space_size, delay, sequence_length, reward_density, terminal_state_density,
DQN 8 8 2 1 0.25 0.25 4724 25.0 29.49
# Algorithm, state_space_size, action_space_size, delay, sequence_length, reward_density, terminal_state_density,
DQN 8 8 2 1 0.25 0.25 5216 26.39 31.33
# Algorithm, state_space_size, action_space_size, delay, sequence_length, reward_density, terminal_state_density,
DQN 8 8 2 1 0.25 0.25 5700 31.96 38.15
# Algorithm, state_space_size, action_space_size, delay, sequence_length, reward_density, terminal_state_density,
DQN 8 8 2 1 0.25 0.25 6184 31.96 38.15
# Algorithm, state_space_size, action_space_size, delay, sequence_length, reward_density, terminal_state_density,
DQN 8 8 2 1 0.25 0.25 6668 42.85 49.2
# Algorithm, state_space_size, action_space_size, delay, sequence_length, reward_density, terminal_state_density,
DQN 8 8 2 1 0.25 0.25 7160 45.86 52.36
# Algorithm, state_space_size, action_space_size, delay, sequence_length, reward_density, terminal_state_density,
DQN 8 8 2 1 0.25 0.25 7648 49.04 55.54
# Algorithm, state_space_size, action_space_size, delay, sequence_length, reward_density, terminal_state_density,
DQN 8 8 2 1 0.25 0.25 8148 53.14 59.66
# Algorithm, state_space_size, action_space_size, delay, sequence_length, reward_density, terminal_state_density,
DQN 8 8 2 1 0.25 0.25 8624 62.26 68.99
# Algorithm, state_space_size, action_space_size, delay, sequence_length, reward_density, terminal_state_density,
DQN 8 8 2 1 0.25 0.25 9112 64.33 71.19
# Algorithm, state_space_size, action_space_size, delay, sequence_length, reward_density, terminal_state_density,
DQN 8 8 2 1 0.25 0.25 9576 70.82 77.75
# Algorithm, state_space_size, action_space_size, delay, sequence_length, reward_density, terminal_state_density,
DQN 8 8 2 1 0.25 0.25 10044 73.93 80.92
# Algorithm, state_space_size, action_space_size, delay, sequence_length, reward_density, terminal_state_density,
DQN 8 8 2 1 0.25 0.25 10524 80.44 87.58
# Algorithm, state_space_size, action_space_size, delay, sequence_length, reward_density, terminal_state_density,
DQN 8 8 2 1 0.25 0.25 10996 80.44 87.58
# Algorithm, state_space_size, action_space_size, delay, sequence_length, reward_density, terminal_state_density,
DQN 8 8 2 1 0.25 0.25 11460 80.44 87.58
# Algorithm, state_space_size, action_space_size, delay, sequence_length, reward_density, terminal_state_density,
DQN 8 8 2 1 0.25 0.25 11932 90.66 97.95
# Algorithm, state_space_size, action_space_size, delay, sequence_length, reward_density, terminal_state_density,
DQN 8 8 2 1 0.25 0.25 12412 97.89 105.25
# Algorithm, state_space_size, action_space_size, delay, sequence_length, reward_density, terminal_state_density,
DQN 8 8 2 1 0.25 0.25 12884 97.89 105.25
# Algorithm, state_space_size, action_space_size, delay, sequence_length, reward_density, terminal_state_density,
DQN 8 8 2 1 0.25 0.25 13360 97.89 105.25
# Algorithm, state_space_size, action_space_size, delay, sequence_length, reward_density, terminal_state_density,
DQN 8 8 2 1 0.25 0.25 13832 97.89 105.25
# Algorithm, state_space_size, action_space_size, delay, sequence_length, reward_density, terminal_state_density,
DQN 8 8 2 1 0.25 0.25 14316 115.34 122.97
# Algorithm, state_space_size, action_space_size, delay, sequence_length, reward_density, terminal_state_density,
DQN 8 8 2 1 0.25 0.25 14792 118.96 126.67
# Algorithm, state_space_size, action_space_size, delay, sequence_length, reward_density, terminal_state_density,
DQN 8 8 2 1 0.25 0.25 15272 123.87 131.72
# Algorithm, state_space_size, action_space_size, delay, sequence_length, reward_density, terminal_state_density,
DQN 8 8 2 1 0.25 0.25 15744 128.32 136.26
# Algorithm, state_space_size, action_space_size, delay, sequence_length, reward_density, terminal_state_density,
DQN 8 8 2 1 0.25 0.25 16216 135.53 143.42
# Algorithm, state_space_size, action_space_size, delay, sequence_length, reward_density, terminal_state_density,
DQN 8 8 2 1 0.25 0.25 16688 136.58 144.48
# Algorithm, state_space_size, action_space_size, delay, sequence_length, reward_density, terminal_state_density,
DQN 8 8 2 1 0.25 0.25 17160 136.58 144.48
# Algorithm, state_space_size, action_space_size, delay, sequence_length, reward_density, terminal_state_density,
DQN 8 8 2 1 0.25 0.25 17656 150.01 158.07
# Algorithm, state_space_size, action_space_size, delay, sequence_length, reward_density, terminal_state_density,
DQN 8 8 2 1 0.25 0.25 18136 154.28 162.39
# Algorithm, state_space_size, action_space_size, delay, sequence_length, reward_density, terminal_state_density,
DQN 8 8 2 1 0.25 0.25 18616 154.28 162.39
# Algorithm, state_space_size, action_space_size, delay, sequence_length, reward_density, terminal_state_density,
DQN 8 8 2 1 0.25 0.25 19092 154.28 162.39
# Algorithm, state_space_size, action_space_size, delay, sequence_length, reward_density, terminal_state_density,
DQN 8 8 2 1 0.25 0.25 19568 154.28 162.39
# Algorithm, state_space_size, action_space_size, delay, sequence_length, reward_density, terminal_state_density,
DQN 8 8 2 1 0.25 0.25 20052 172.64 181.72
# Algorithm, state_space_size, action_space_size, delay, sequence_length, reward_density, terminal_state_density,
DQN 8 8 2 2 0.25 0.25 936 0.35833333333333334 3.8916666666666666
# Algorithm, state_space_size, action_space_size, delay, sequence_length, reward_density, terminal_state_density,
DQN 8 8 2 2 0.25 0.25 1924 0.5275590551181102 7.692913385826771
# Algorithm, state_space_size, action_space_size, delay, sequence_length, reward_density, terminal_state_density,
DQN 8 8 2 2 0.25 0.25 2424 0.63 11.55
# Algorithm, state_space_size, action_space_size, delay, sequence_length, reward_density, terminal_state_density,
DQN 8 8 2 2 0.25 0.25 2916 0.63 13.96
# Algorithm, state_space_size, action_space_size, delay, sequence_length, reward_density, terminal_state_density,
DQN 8 8 2 2 0.25 0.25 3420 0.83 21.84
# Algorithm, state_space_size, action_space_size, delay, sequence_length, reward_density, terminal_state_density,
DQN 8 8 2 2 0.25 0.25 3904 0.83 21.84
# Algorithm, state_space_size, action_space_size, delay, sequence_length, reward_density, terminal_state_density,
DQN 8 8 2 2 0.25 0.25 4392 6.43 28.66
# Algorithm, state_space_size, action_space_size, delay, sequence_length, reward_density, terminal_state_density,
DQN 8 8 2 2 0.25 0.25 4884 11.25 33.99
# Algorithm, state_space_size, action_space_size, delay, sequence_length, reward_density, terminal_state_density,
DQN 8 8 2 2 0.25 0.25 5372 12.25 36.78
# Algorithm, state_space_size, action_space_size, delay, sequence_length, reward_density, terminal_state_density,
DQN 8 8 2 2 0.25 0.25 5856 12.25 36.78
# Algorithm, state_space_size, action_space_size, delay, sequence_length, reward_density, terminal_state_density,
DQN 8 8 2 2 0.25 0.25 6348 18.47 49.2
# Algorithm, state_space_size, action_space_size, delay, sequence_length, reward_density, terminal_state_density,
DQN 8 8 2 2 0.25 0.25 6852 18.47 49.2
# Algorithm, state_space_size, action_space_size, delay, sequence_length, reward_density, terminal_state_density,
DQN 8 8 2 2 0.25 0.25 7352 18.47 49.2
# Algorithm, state_space_size, action_space_size, delay, sequence_length, reward_density, terminal_state_density,
DQN 8 8 2 2 0.25 0.25 7840 18.47 49.2
# Algorithm, state_space_size, action_space_size, delay, sequence_length, reward_density, terminal_state_density,
DQN 8 8 2 2 0.25 0.25 8328 18.47 49.2
# Algorithm, state_space_size, action_space_size, delay, sequence_length, reward_density, terminal_state_density,
DQN 8 8 2 2 0.25 0.25 8776 30.87 70.67
# Algorithm, state_space_size, action_space_size, delay, sequence_length, reward_density, terminal_state_density,
DQN 8 8 2 2 0.25 0.25 9244 33.49 75.53
# Algorithm, state_space_size, action_space_size, delay, sequence_length, reward_density, terminal_state_density,
DQN 8 8 2 2 0.25 0.25 9724 33.49 75.53
# Algorithm, state_space_size, action_space_size, delay, sequence_length, reward_density, terminal_state_density,
DQN 8 8 2 2 0.25 0.25 10212 39.26 85.69
# Algorithm, state_space_size, action_space_size, delay, sequence_length, reward_density, terminal_state_density,
DQN 8 8 2 2 0.25 0.25 10708 42.5 90.75
# Algorithm, state_space_size, action_space_size, delay, sequence_length, reward_density, terminal_state_density,
DQN 8 8 2 2 0.25 0.25 11200 46.43 98.34
# Algorithm, state_space_size, action_space_size, delay, sequence_length, reward_density, terminal_state_density,
DQN 8 8 2 2 0.25 0.25 11684 46.96 99.32
# Algorithm, state_space_size, action_space_size, delay, sequence_length, reward_density, terminal_state_density,
DQN 8 8 2 2 0.25 0.25 12176 46.96 99.32
# Algorithm, state_space_size, action_space_size, delay, sequence_length, reward_density, terminal_state_density,
DQN 8 8 2 2 0.25 0.25 12668 59.32 112.49
# Algorithm, state_space_size, action_space_size, delay, sequence_length, reward_density, terminal_state_density,
DQN 8 8 2 2 0.25 0.25 13156 63.85 116.92
# Algorithm, state_space_size, action_space_size, delay, sequence_length, reward_density, terminal_state_density,
DQN 8 8 2 2 0.25 0.25 13652 63.85 116.92
# Algorithm, state_space_size, action_space_size, delay, sequence_length, reward_density, terminal_state_density,
DQN 8 8 2 2 0.25 0.25 14140 72.63 125.83
# Algorithm, state_space_size, action_space_size, delay, sequence_length, reward_density, terminal_state_density,
DQN 8 8 2 2 0.25 0.25 14624 78.8 131.94
# Algorithm, state_space_size, action_space_size, delay, sequence_length, reward_density, terminal_state_density,
DQN 8 8 2 2 0.25 0.25 15112 82.87 136.04
# Algorithm, state_space_size, action_space_size, delay, sequence_length, reward_density, terminal_state_density,
DQN 8 8 2 2 0.25 0.25 15600 87.49 140.46
# Algorithm, state_space_size, action_space_size, delay, sequence_length, reward_density, terminal_state_density,
DQN 8 8 2 2 0.25 0.25 16084 92.05 145.01
# Algorithm, state_space_size, action_space_size, delay, sequence_length, reward_density, terminal_state_density,
DQN 8 8 2 2 0.25 0.25 16572 96.28 149.27
# Algorithm, state_space_size, action_space_size, delay, sequence_length, reward_density, terminal_state_density,
DQN 8 8 2 2 0.25 0.25 17060 102.02 155.07
# Algorithm, state_space_size, action_space_size, delay, sequence_length, reward_density, terminal_state_density,
DQN 8 8 2 2 0.25 0.25 17540 106.27 159.34
# Algorithm, state_space_size, action_space_size, delay, sequence_length, reward_density, terminal_state_density,
DQN 8 8 2 2 0.25 0.25 18028 106.27 159.34
# Algorithm, state_space_size, action_space_size, delay, sequence_length, reward_density, terminal_state_density,
DQN 8 8 2 2 0.25 0.25 18528 106.27 159.34
# Algorithm, state_space_size, action_space_size, delay, sequence_length, reward_density, terminal_state_density,
DQN 8 8 2 2 0.25 0.25 19020 106.27 159.34
# Algorithm, state_space_size, action_space_size, delay, sequence_length, reward_density, terminal_state_density,
DQN 8 8 2 2 0.25 0.25 19512 124.78 178.4
# Algorithm, state_space_size, action_space_size, delay, sequence_length, reward_density, terminal_state_density,
DQN 8 8 2 2 0.25 0.25 20004 129.33 184.45
# Algorithm, state_space_size, action_space_size, delay, sequence_length, reward_density, terminal_state_density,
DQN 8 8 4 1 0.25 0.25 880 0.19724770642201836 4.018348623853211
# Algorithm, state_space_size, action_space_size, delay, sequence_length, reward_density, terminal_state_density,
DQN 8 8 4 1 0.25 0.25 1804 0.09486166007905138 3.656126482213439
# Algorithm, state_space_size, action_space_size, delay, sequence_length, reward_density, terminal_state_density,
DQN 8 8 4 1 0.25 0.25 2356 0.44 6.64
# Algorithm, state_space_size, action_space_size, delay, sequence_length, reward_density, terminal_state_density,
DQN 8 8 4 1 0.25 0.25 2844 1.34 8.8
# Algorithm, state_space_size, action_space_size, delay, sequence_length, reward_density, terminal_state_density,
DQN 8 8 4 1 0.25 0.25 3324 1.34 8.8
# Algorithm, state_space_size, action_space_size, delay, sequence_length, reward_density, terminal_state_density,
DQN 8 8 4 1 0.25 0.25 3808 6.61 20.99
# Algorithm, state_space_size, action_space_size, delay, sequence_length, reward_density, terminal_state_density,
DQN 8 8 4 1 0.25 0.25 4276 8.24 25.35
# Algorithm, state_space_size, action_space_size, delay, sequence_length, reward_density, terminal_state_density,
DQN 8 8 4 1 0.25 0.25 4772 8.42 26.69
# Algorithm, state_space_size, action_space_size, delay, sequence_length, reward_density, terminal_state_density,
DQN 8 8 4 1 0.25 0.25 5260 9.81 32.34
# Algorithm, state_space_size, action_space_size, delay, sequence_length, reward_density, terminal_state_density,
DQN 8 8 4 1 0.25 0.25 5748 9.81 32.34
# Algorithm, state_space_size, action_space_size, delay, sequence_length, reward_density, terminal_state_density,
DQN 8 8 4 1 0.25 0.25 6232 13.11 45.13
# Algorithm, state_space_size, action_space_size, delay, sequence_length, reward_density, terminal_state_density,
DQN 8 8 4 1 0.25 0.25 6716 14.05 48.93
# Algorithm, state_space_size, action_space_size, delay, sequence_length, reward_density, terminal_state_density,
DQN 8 8 4 1 0.25 0.25 7200 14.52 50.75
# Algorithm, state_space_size, action_space_size, delay, sequence_length, reward_density, terminal_state_density,
DQN 8 8 4 1 0.25 0.25 7668 16.61 55.73
# Algorithm, state_space_size, action_space_size, delay, sequence_length, reward_density, terminal_state_density,
DQN 8 8 4 1 0.25 0.25 8140 20.11 62.76
# Algorithm, state_space_size, action_space_size, delay, sequence_length, reward_density, terminal_state_density,
DQN 8 8 4 1 0.25 0.25 8624 20.11 62.76
# Algorithm, state_space_size, action_space_size, delay, sequence_length, reward_density, terminal_state_density,
DQN 8 8 4 1 0.25 0.25 9100 20.11 62.76
# Algorithm, state_space_size, action_space_size, delay, sequence_length, reward_density, terminal_state_density,
DQN 8 8 4 1 0.25 0.25 9572 20.11 62.76
# Algorithm, state_space_size, action_space_size, delay, sequence_length, reward_density, terminal_state_density,
DQN 8 8 4 1 0.25 0.25 10056 28.49 80.27
# Algorithm, state_space_size, action_space_size, delay, sequence_length, reward_density, terminal_state_density,
DQN 8 8 4 1 0.25 0.25 10528 30.65 84.56
# Algorithm, state_space_size, action_space_size, delay, sequence_length, reward_density, terminal_state_density,
DQN 8 8 4 1 0.25 0.25 11004 33.09 89.51
# Algorithm, state_space_size, action_space_size, delay, sequence_length, reward_density, terminal_state_density,
DQN 8 8 4 1 0.25 0.25 11484 33.09 89.51
# Algorithm, state_space_size, action_space_size, delay, sequence_length, reward_density, terminal_state_density,
DQN 8 8 4 1 0.25 0.25 11964 38.25 101.86
# Algorithm, state_space_size, action_space_size, delay, sequence_length, reward_density, terminal_state_density,
DQN 8 8 4 1 0.25 0.25 12440 39.85 106.28
# Algorithm, state_space_size, action_space_size, delay, sequence_length, reward_density, terminal_state_density,
DQN 8 8 4 1 0.25 0.25 12920 41.06 109.62
# Algorithm, state_space_size, action_space_size, delay, sequence_length, reward_density, terminal_state_density,
DQN 8 8 4 1 0.25 0.25 13392 43.51 116.21
# Algorithm, state_space_size, action_space_size, delay, sequence_length, reward_density, terminal_state_density,
DQN 8 8 4 1 0.25 0.25 13864 44.18 118.23
# Algorithm, state_space_size, action_space_size, delay, sequence_length, reward_density, terminal_state_density,
DQN 8 8 4 1 0.25 0.25 14340 45.02 122.26
# Algorithm, state_space_size, action_space_size, delay, sequence_length, reward_density, terminal_state_density,
DQN 8 8 4 1 0.25 0.25 14816 46.9 127.97
# Algorithm, state_space_size, action_space_size, delay, sequence_length, reward_density, terminal_state_density,
DQN 8 8 4 1 0.25 0.25 15284 49.23 133.08
# Algorithm, state_space_size, action_space_size, delay, sequence_length, reward_density, terminal_state_density,
DQN 8 8 4 1 0.25 0.25 15752 51.27 136.5
# Algorithm, state_space_size, action_space_size, delay, sequence_length, reward_density, terminal_state_density,
DQN 8 8 4 1 0.25 0.25 16212 55.57 140.9
# Algorithm, state_space_size, action_space_size, delay, sequence_length, reward_density, terminal_state_density,
DQN 8 8 4 1 0.25 0.25 16684 55.57 140.9
# Algorithm, state_space_size, action_space_size, delay, sequence_length, reward_density, terminal_state_density,
DQN 8 8 4 1 0.25 0.25 17156 65.02 150.48
# Algorithm, state_space_size, action_space_size, delay, sequence_length, reward_density, terminal_state_density,
DQN 8 8 4 1 0.25 0.25 17628 65.02 150.48
# Algorithm, state_space_size, action_space_size, delay, sequence_length, reward_density, terminal_state_density,
DQN 8 8 4 1 0.25 0.25 18096 73.99 159.52
# Algorithm, state_space_size, action_space_size, delay, sequence_length, reward_density, terminal_state_density,
DQN 8 8 4 1 0.25 0.25 18568 82.07 167.7
# Algorithm, state_space_size, action_space_size, delay, sequence_length, reward_density, terminal_state_density,
DQN 8 8 4 1 0.25 0.25 19032 86.89 172.59
# Algorithm, state_space_size, action_space_size, delay, sequence_length, reward_density, terminal_state_density,
DQN 8 8 4 1 0.25 0.25 19508 89.14 174.85
# Algorithm, state_space_size, action_space_size, delay, sequence_length, reward_density, terminal_state_density,
DQN 8 8 4 1 0.25 0.25 19992 92.49 178.31
# Algorithm, state_space_size, action_space_size, delay, sequence_length, reward_density, terminal_state_density,
DQN 8 8 4 1 0.25 0.25 20472 92.49 178.31
# Algorithm, state_space_size, action_space_size, delay, sequence_length, reward_density, terminal_state_density,
DQN 8 8 4 2 0.25 0.25 904 0.10572687224669604 3.8898678414096914
# Algorithm, state_space_size, action_space_size, delay, sequence_length, reward_density, terminal_state_density,
DQN 8 8 4 2 0.25 0.25 1832 0.3783783783783784 5.07027027027027
# Algorithm, state_space_size, action_space_size, delay, sequence_length, reward_density, terminal_state_density,
DQN 8 8 4 2 0.25 0.25 2336 2.06 9.29
# Algorithm, state_space_size, action_space_size, delay, sequence_length, reward_density, terminal_state_density,
DQN 8 8 4 2 0.25 0.25 2772 3.61 12.46
# Algorithm, state_space_size, action_space_size, delay, sequence_length, reward_density, terminal_state_density,
DQN 8 8 4 2 0.25 0.25 3176 5.9 17.14
# Algorithm, state_space_size, action_space_size, delay, sequence_length, reward_density, terminal_state_density,
DQN 8 8 4 2 0.25 0.25 3628 5.9 17.14
# Algorithm, state_space_size, action_space_size, delay, sequence_length, reward_density, terminal_state_density,
DQN 8 8 4 2 0.25 0.25 4108 5.9 17.14
# Algorithm, state_space_size, action_space_size, delay, sequence_length, reward_density, terminal_state_density,
DQN 8 8 4 2 0.25 0.25 4572 9.85 30.25
# Algorithm, state_space_size, action_space_size, delay, sequence_length, reward_density, terminal_state_density,
DQN 8 8 4 2 0.25 0.25 5016 9.85 30.25
# Algorithm, state_space_size, action_space_size, delay, sequence_length, reward_density, terminal_state_density,
DQN 8 8 4 2 0.25 0.25 5488 11.49 38.18
# Algorithm, state_space_size, action_space_size, delay, sequence_length, reward_density, terminal_state_density,
DQN 8 8 4 2 0.25 0.25 5936 12.92 42.47
# Algorithm, state_space_size, action_space_size, delay, sequence_length, reward_density, terminal_state_density,
DQN 8 8 4 2 0.25 0.25 6408 15.05 47.13
# Algorithm, state_space_size, action_space_size, delay, sequence_length, reward_density, terminal_state_density,
DQN 8 8 4 2 0.25 0.25 6888 15.05 47.13
# Algorithm, state_space_size, action_space_size, delay, sequence_length, reward_density, terminal_state_density,
DQN 8 8 4 2 0.25 0.25 7376 19.32 57.21
# Algorithm, state_space_size, action_space_size, delay, sequence_length, reward_density, terminal_state_density,
DQN 8 8 4 2 0.25 0.25 7844 19.32 57.21
# Algorithm, state_space_size, action_space_size, delay, sequence_length, reward_density, terminal_state_density,
DQN 8 8 4 2 0.25 0.25 8312 22.94 65.52
# Algorithm, state_space_size, action_space_size, delay, sequence_length, reward_density, terminal_state_density,
DQN 8 8 4 2 0.25 0.25 8784 25.84 71.89
# Algorithm, state_space_size, action_space_size, delay, sequence_length, reward_density, terminal_state_density,
DQN 8 8 4 2 0.25 0.25 9260 27.12 75.65
# Algorithm, state_space_size, action_space_size, delay, sequence_length, reward_density, terminal_state_density,
DQN 8 8 4 2 0.25 0.25 9744 28.13 77.79
# Algorithm, state_space_size, action_space_size, delay, sequence_length, reward_density, terminal_state_density,
DQN 8 8 4 2 0.25 0.25 10224 28.13 77.79
# Algorithm, state_space_size, action_space_size, delay, sequence_length, reward_density, terminal_state_density,
DQN 8 8 4 2 0.25 0.25 10700 33.02 89.61
# Algorithm, state_space_size, action_space_size, delay, sequence_length, reward_density, terminal_state_density,
DQN 8 8 4 2 0.25 0.25 11184 34.5 94.6
# Algorithm, state_space_size, action_space_size, delay, sequence_length, reward_density, terminal_state_density,
DQN 8 8 4 2 0.25 0.25 11660 35.7 99.71
# Algorithm, state_space_size, action_space_size, delay, sequence_length, reward_density, terminal_state_density,
DQN 8 8 4 2 0.25 0.25 12128 36.71 103.41
# Algorithm, state_space_size, action_space_size, delay, sequence_length, reward_density, terminal_state_density,
DQN 8 8 4 2 0.25 0.25 12616 38.37 109.83
# Algorithm, state_space_size, action_space_size, delay, sequence_length, reward_density, terminal_state_density,
DQN 8 8 4 2 0.25 0.25 13092 38.37 109.83
# Algorithm, state_space_size, action_space_size, delay, sequence_length, reward_density, terminal_state_density,
DQN 8 8 4 2 0.25 0.25 13572 40.52 116.17
# Algorithm, state_space_size, action_space_size, delay, sequence_length, reward_density, terminal_state_density,
DQN 8 8 4 2 0.25 0.25 14044 41.17 119.96
# Algorithm, state_space_size, action_space_size, delay, sequence_length, reward_density, terminal_state_density,
DQN 8 8 4 2 0.25 0.25 14512 41.17 119.96
# Algorithm, state_space_size, action_space_size, delay, sequence_length, reward_density, terminal_state_density,
DQN 8 8 4 2 0.25 0.25 14984 45.45 133.54
# Algorithm, state_space_size, action_space_size, delay, sequence_length, reward_density, terminal_state_density,
DQN 8 8 4 2 0.25 0.25 15456 45.63 133.89
# Algorithm, state_space_size, action_space_size, delay, sequence_length, reward_density, terminal_state_density,
DQN 8 8 4 2 0.25 0.25 15932 48.4 141.64
# Algorithm, state_space_size, action_space_size, delay, sequence_length, reward_density, terminal_state_density,
DQN 8 8 4 2 0.25 0.25 16408 48.4 141.64
# Algorithm, state_space_size, action_space_size, delay, sequence_length, reward_density, terminal_state_density,
DQN 8 8 4 2 0.25 0.25 16880 50.65 149.36
# Algorithm, state_space_size, action_space_size, delay, sequence_length, reward_density, terminal_state_density,
DQN 8 8 4 2 0.25 0.25 17352 51.76 154.38
# Algorithm, state_space_size, action_space_size, delay, sequence_length, reward_density, terminal_state_density,
DQN 8 8 4 2 0.25 0.25 17824 53.38 159.04
# Algorithm, state_space_size, action_space_size, delay, sequence_length, reward_density, terminal_state_density,
DQN 8 8 4 2 0.25 0.25 18300 55.33 165.47
# Algorithm, state_space_size, action_space_size, delay, sequence_length, reward_density, terminal_state_density,
DQN 8 8 4 2 0.25 0.25 18760 55.33 165.47
# Algorithm, state_space_size, action_space_size, delay, sequence_length, reward_density, terminal_state_density,
DQN 8 8 4 2 0.25 0.25 19224 57.54 172.66
# Algorithm, state_space_size, action_space_size, delay, sequence_length, reward_density, terminal_state_density,
DQN 8 8 4 2 0.25 0.25 19708 57.54 172.66
# Algorithm, state_space_size, action_space_size, delay, sequence_length, reward_density, terminal_state_density,
DQN 8 8 4 2 0.25 0.25 20184 60.83 180.33
# Algorithm, state_space_size, action_space_size, delay, sequence_length, reward_density, terminal_state_density,
DQN 8 8 8 1 0.25 0.25 920 0.029914529914529916 3.9316239316239314
# Algorithm, state_space_size, action_space_size, delay, sequence_length, reward_density, terminal_state_density,
DQN 8 8 8 1 0.25 0.25 1852 0.006289308176100629 2.9245283018867925
# Algorithm, state_space_size, action_space_size, delay, sequence_length, reward_density, terminal_state_density,
DQN 8 8 8 1 0.25 0.25 2348 0.02 4.51
# Algorithm, state_space_size, action_space_size, delay, sequence_length, reward_density, terminal_state_density,
DQN 8 8 8 1 0.25 0.25 2828 0.02 4.51
# Algorithm, state_space_size, action_space_size, delay, sequence_length, reward_density, terminal_state_density,
DQN 8 8 8 1 0.25 0.25 3292 0.05 12.61
# Algorithm, state_space_size, action_space_size, delay, sequence_length, reward_density, terminal_state_density,
DQN 8 8 8 1 0.25 0.25 3776 0.05 18.72
# Algorithm, state_space_size, action_space_size, delay, sequence_length, reward_density, terminal_state_density,
DQN 8 8 8 1 0.25 0.25 4252 0.05 22.23
# Algorithm, state_space_size, action_space_size, delay, sequence_length, reward_density, terminal_state_density,
DQN 8 8 8 1 0.25 0.25 4724 0.05 22.23
# Algorithm, state_space_size, action_space_size, delay, sequence_length, reward_density, terminal_state_density,
DQN 8 8 8 1 0.25 0.25 5196 0.05 22.23
# Algorithm, state_space_size, action_space_size, delay, sequence_length, reward_density, terminal_state_density,
DQN 8 8 8 1 0.25 0.25 5668 2.77 35.37
# Algorithm, state_space_size, action_space_size, delay, sequence_length, reward_density, terminal_state_density,
DQN 8 8 8 1 0.25 0.25 6144 5.73 42.66
# Algorithm, state_space_size, action_space_size, delay, sequence_length, reward_density, terminal_state_density,
DQN 8 8 8 1 0.25 0.25 6620 5.73 42.66
# Algorithm, state_space_size, action_space_size, delay, sequence_length, reward_density, terminal_state_density,
DQN 8 8 8 1 0.25 0.25 7084 7.42 49.27
# Algorithm, state_space_size, action_space_size, delay, sequence_length, reward_density, terminal_state_density,
DQN 8 8 8 1 0.25 0.25 7552 8.38 52.99
# Algorithm, state_space_size, action_space_size, delay, sequence_length, reward_density, terminal_state_density,
DQN 8 8 8 1 0.25 0.25 8020 11.13 59.95
# Algorithm, state_space_size, action_space_size, delay, sequence_length, reward_density, terminal_state_density,
DQN 8 8 8 1 0.25 0.25 8488 11.13 59.95
# Algorithm, state_space_size, action_space_size, delay, sequence_length, reward_density, terminal_state_density,
DQN 8 8 8 1 0.25 0.25 8944 11.13 59.95
# Algorithm, state_space_size, action_space_size, delay, sequence_length, reward_density, terminal_state_density,
DQN 8 8 8 1 0.25 0.25 9396 18.15 75.19
# Algorithm, state_space_size, action_space_size, delay, sequence_length, reward_density, terminal_state_density,
DQN 8 8 8 1 0.25 0.25 9852 20.09 79.2
# Algorithm, state_space_size, action_space_size, delay, sequence_length, reward_density, terminal_state_density,
DQN 8 8 8 1 0.25 0.25 10260 20.88 80.85
# Algorithm, state_space_size, action_space_size, delay, sequence_length, reward_density, terminal_state_density,
DQN 8 8 8 1 0.25 0.25 10716 24.24 87.75
# Algorithm, state_space_size, action_space_size, delay, sequence_length, reward_density, terminal_state_density,
DQN 8 8 8 1 0.25 0.25 11180 26.49 92.33
# Algorithm, state_space_size, action_space_size, delay, sequence_length, reward_density, terminal_state_density,
DQN 8 8 8 1 0.25 0.25 11596 28.44 96.45
# Algorithm, state_space_size, action_space_size, delay, sequence_length, reward_density, terminal_state_density,
DQN 8 8 8 1 0.25 0.25 11964 28.44 96.45
# Algorithm, state_space_size, action_space_size, delay, sequence_length, reward_density, terminal_state_density,
DQN 8 8 8 1 0.25 0.25 12336 31.4 102.67
# Algorithm, state_space_size, action_space_size, delay, sequence_length, reward_density, terminal_state_density,
DQN 8 8 8 1 0.25 0.25 12692 32.69 105.34
# Algorithm, state_space_size, action_space_size, delay, sequence_length, reward_density, terminal_state_density,
DQN 8 8 8 1 0.25 0.25 13040 35.63 111.49
# Algorithm, state_space_size, action_space_size, delay, sequence_length, reward_density, terminal_state_density,
DQN 8 8 8 1 0.25 0.25 13424 35.63 111.49
# Algorithm, state_space_size, action_space_size, delay, sequence_length, reward_density, terminal_state_density,
DQN 8 8 8 1 0.25 0.25 13772 35.63 111.49
# Algorithm, state_space_size, action_space_size, delay, sequence_length, reward_density, terminal_state_density,
DQN 8 8 8 1 0.25 0.25 14148 39.65 119.77
# Algorithm, state_space_size, action_space_size, delay, sequence_length, reward_density, terminal_state_density,
DQN 8 8 8 1 0.25 0.25 14564 42.34 126.5
# Algorithm, state_space_size, action_space_size, delay, sequence_length, reward_density, terminal_state_density,
DQN 8 8 8 1 0.25 0.25 15016 43.37 128.69
# Algorithm, state_space_size, action_space_size, delay, sequence_length, reward_density, terminal_state_density,
DQN 8 8 8 1 0.25 0.25 15432 43.37 128.69
# Algorithm, state_space_size, action_space_size, delay, sequence_length, reward_density, terminal_state_density,
DQN 8 8 8 1 0.25 0.25 15796 46.89 135.98
# Algorithm, state_space_size, action_space_size, delay, sequence_length, reward_density, terminal_state_density,
DQN 8 8 8 1 0.25 0.25 16252 50.31 143.22
# Algorithm, state_space_size, action_space_size, delay, sequence_length, reward_density, terminal_state_density,
DQN 8 8 8 1 0.25 0.25 16636 50.98 144.64
# Algorithm, state_space_size, action_space_size, delay, sequence_length, reward_density, terminal_state_density,
DQN 8 8 8 1 0.25 0.25 17056 53.67 151.04
# Algorithm, state_space_size, action_space_size, delay, sequence_length, reward_density, terminal_state_density,
DQN 8 8 8 1 0.25 0.25 17424 53.67 151.04
# Algorithm, state_space_size, action_space_size, delay, sequence_length, reward_density, terminal_state_density,
DQN 8 8 8 1 0.25 0.25 17884 57.21 159.32
# Algorithm, state_space_size, action_space_size, delay, sequence_length, reward_density, terminal_state_density,
DQN 8 8 8 1 0.25 0.25 18328 57.21 159.32
# Algorithm, state_space_size, action_space_size, delay, sequence_length, reward_density, terminal_state_density,
DQN 8 8 8 1 0.25 0.25 18700 57.21 159.32
# Algorithm, state_space_size, action_space_size, delay, sequence_length, reward_density, terminal_state_density,
DQN 8 8 8 1 0.25 0.25 19132 57.21 159.32
# Algorithm, state_space_size, action_space_size, delay, sequence_length, reward_density, terminal_state_density,
DQN 8 8 8 1 0.25 0.25 19600 64.28 176.29
# Algorithm, state_space_size, action_space_size, delay, sequence_length, reward_density, terminal_state_density,
DQN 8 8 8 1 0.25 0.25 20068 65.75 180.34
# Algorithm, state_space_size, action_space_size, delay, sequence_length, reward_density, terminal_state_density,
DQN 8 8 8 2 0.25 0.25 828 0.07526881720430108 4.435483870967742
# Algorithm, state_space_size, action_space_size, delay, sequence_length, reward_density, terminal_state_density,
DQN 8 8 8 2 0.25 0.25 1664 0.023715415019762844 3.2885375494071147
# Algorithm, state_space_size, action_space_size, delay, sequence_length, reward_density, terminal_state_density,
DQN 8 8 8 2 0.25 0.25 2216 0.03571428571428571 2.7806122448979593
# Algorithm, state_space_size, action_space_size, delay, sequence_length, reward_density, terminal_state_density,
DQN 8 8 8 2 0.25 0.25 2664 0.07 5.86
# Algorithm, state_space_size, action_space_size, delay, sequence_length, reward_density, terminal_state_density,
DQN 8 8 8 2 0.25 0.25 3116 1.01 10.2
# Algorithm, state_space_size, action_space_size, delay, sequence_length, reward_density, terminal_state_density,
DQN 8 8 8 2 0.25 0.25 3588 2.87 16.38
# Algorithm, state_space_size, action_space_size, delay, sequence_length, reward_density, terminal_state_density,
DQN 8 8 8 2 0.25 0.25 4056 4.0 19.22
# Algorithm, state_space_size, action_space_size, delay, sequence_length, reward_density, terminal_state_density,
DQN 8 8 8 2 0.25 0.25 4528 9.03 24.64
# Algorithm, state_space_size, action_space_size, delay, sequence_length, reward_density, terminal_state_density,
DQN 8 8 8 2 0.25 0.25 5004 11.65 27.67
# Algorithm, state_space_size, action_space_size, delay, sequence_length, reward_density, terminal_state_density,
DQN 8 8 8 2 0.25 0.25 5484 15.92 33.73
# Algorithm, state_space_size, action_space_size, delay, sequence_length, reward_density, terminal_state_density,
DQN 8 8 8 2 0.25 0.25 5944 20.53 39.4
# Algorithm, state_space_size, action_space_size, delay, sequence_length, reward_density, terminal_state_density,
DQN 8 8 8 2 0.25 0.25 6412 20.53 39.4
# Algorithm, state_space_size, action_space_size, delay, sequence_length, reward_density, terminal_state_density,
DQN 8 8 8 2 0.25 0.25 6836 20.53 39.4
# Algorithm, state_space_size, action_space_size, delay, sequence_length, reward_density, terminal_state_density,
DQN 8 8 8 2 0.25 0.25 7276 31.18 53.3
# Algorithm, state_space_size, action_space_size, delay, sequence_length, reward_density, terminal_state_density,
DQN 8 8 8 2 0.25 0.25 7720 31.89 54.35
# Algorithm, state_space_size, action_space_size, delay, sequence_length, reward_density, terminal_state_density,
DQN 8 8 8 2 0.25 0.25 8164 34.75 59.04
# Algorithm, state_space_size, action_space_size, delay, sequence_length, reward_density, terminal_state_density,
DQN 8 8 8 2 0.25 0.25 8608 38.21 65.13
# Algorithm, state_space_size, action_space_size, delay, sequence_length, reward_density, terminal_state_density,
DQN 8 8 8 2 0.25 0.25 9028 38.21 65.13
# Algorithm, state_space_size, action_space_size, delay, sequence_length, reward_density, terminal_state_density,
DQN 8 8 8 2 0.25 0.25 9484 38.21 65.13
# Algorithm, state_space_size, action_space_size, delay, sequence_length, reward_density, terminal_state_density,
DQN 8 8 8 2 0.25 0.25 9880 38.21 65.13
# Algorithm, state_space_size, action_space_size, delay, sequence_length, reward_density, terminal_state_density,
DQN 8 8 8 2 0.25 0.25 10272 46.37 80.11
# Algorithm, state_space_size, action_space_size, delay, sequence_length, reward_density, terminal_state_density,
DQN 8 8 8 2 0.25 0.25 10744 50.93 88.04
# Algorithm, state_space_size, action_space_size, delay, sequence_length, reward_density, terminal_state_density,
DQN 8 8 8 2 0.25 0.25 11212 51.83 89.95
# Algorithm, state_space_size, action_space_size, delay, sequence_length, reward_density, terminal_state_density,
DQN 8 8 8 2 0.25 0.25 11676 51.83 89.95
# Algorithm, state_space_size, action_space_size, delay, sequence_length, reward_density, terminal_state_density,
DQN 8 8 8 2 0.25 0.25 12104 51.83 89.95
# Algorithm, state_space_size, action_space_size, delay, sequence_length, reward_density, terminal_state_density,
DQN 8 8 8 2 0.25 0.25 12480 58.4 102.51
# Algorithm, state_space_size, action_space_size, delay, sequence_length, reward_density, terminal_state_density,
DQN 8 8 8 2 0.25 0.25 12888 58.4 102.51
# Algorithm, state_space_size, action_space_size, delay, sequence_length, reward_density, terminal_state_density,
DQN 8 8 8 2 0.25 0.25 13320 63.73 112.65
# Algorithm, state_space_size, action_space_size, delay, sequence_length, reward_density, terminal_state_density,
DQN 8 8 8 2 0.25 0.25 13764 63.73 112.65
# Algorithm, state_space_size, action_space_size, delay, sequence_length, reward_density, terminal_state_density,
DQN 8 8 8 2 0.25 0.25 14188 66.92 119.08
# Algorithm, state_space_size, action_space_size, delay, sequence_length, reward_density, terminal_state_density,
DQN 8 8 8 2 0.25 0.25 14616 66.92 119.08
# Algorithm, state_space_size, action_space_size, delay, sequence_length, reward_density, terminal_state_density,
DQN 8 8 8 2 0.25 0.25 15080 66.92 119.08
# Algorithm, state_space_size, action_space_size, delay, sequence_length, reward_density, terminal_state_density,
DQN 8 8 8 2 0.25 0.25 15544 76.03 135.31
# Algorithm, state_space_size, action_space_size, delay, sequence_length, reward_density, terminal_state_density,
DQN 8 8 8 2 0.25 0.25 16016 78.53 140.18
# Algorithm, state_space_size, action_space_size, delay, sequence_length, reward_density, terminal_state_density,
DQN 8 8 8 2 0.25 0.25 16484 79.41 142.16
# Algorithm, state_space_size, action_space_size, delay, sequence_length, reward_density, terminal_state_density,
DQN 8 8 8 2 0.25 0.25 16952 83.49 148.55
# Algorithm, state_space_size, action_space_size, delay, sequence_length, reward_density, terminal_state_density,
DQN 8 8 8 2 0.25 0.25 17420 83.49 148.55
# Algorithm, state_space_size, action_space_size, delay, sequence_length, reward_density, terminal_state_density,
DQN 8 8 8 2 0.25 0.25 17884 89.3 158.77
# Algorithm, state_space_size, action_space_size, delay, sequence_length, reward_density, terminal_state_density,
DQN 8 8 8 2 0.25 0.25 18340 92.06 163.21
# Algorithm, state_space_size, action_space_size, delay, sequence_length, reward_density, terminal_state_density,
DQN 8 8 8 2 0.25 0.25 18800 93.35 165.36
# Algorithm, state_space_size, action_space_size, delay, sequence_length, reward_density, terminal_state_density,
DQN 8 8 8 2 0.25 0.25 19272 96.44 170.4
# Algorithm, state_space_size, action_space_size, delay, sequence_length, reward_density, terminal_state_density,
DQN 8 8 8 2 0.25 0.25 19736 96.44 170.4
# Algorithm, state_space_size, action_space_size, delay, sequence_length, reward_density, terminal_state_density,
DQN 8 8 8 2 0.25 0.25 20188 102.31 179.97
