# Algorithm, state_space_size, action_space_size, delay, sequence_length, reward_density, terminal_state_density, num_layers, layer_width,
DQN 8 8 0 1 0.25 0.25 1 8 1004 0.6385542168674698 4.032128514056225
# Algorithm, state_space_size, action_space_size, delay, sequence_length, reward_density, terminal_state_density, num_layers, layer_width,
DQN 8 8 0 1 0.25 0.25 1 8 1584 0.7666666666666667 4.816666666666666
# Algorithm, state_space_size, action_space_size, delay, sequence_length, reward_density, terminal_state_density, num_layers, layer_width,
DQN 8 8 0 1 0.25 0.25 1 8 2144 0.4909090909090909 3.3878787878787877
# Algorithm, state_space_size, action_space_size, delay, sequence_length, reward_density, terminal_state_density, num_layers, layer_width,
DQN 8 8 0 1 0.25 0.25 1 8 2692 0.31954887218045114 2.06390977443609
# Algorithm, state_space_size, action_space_size, delay, sequence_length, reward_density, terminal_state_density, num_layers, layer_width,
DQN 8 8 0 1 0.25 0.25 1 8 3224 0.3447204968944099 1.65527950310559
# Algorithm, state_space_size, action_space_size, delay, sequence_length, reward_density, terminal_state_density, num_layers, layer_width,
DQN 8 8 0 1 0.25 0.25 1 8 3760 0.390625 1.678125
# Algorithm, state_space_size, action_space_size, delay, sequence_length, reward_density, terminal_state_density, num_layers, layer_width,
DQN 8 8 0 1 0.25 0.25 1 8 4288 0.38509316770186336 1.6366459627329193
# Algorithm, state_space_size, action_space_size, delay, sequence_length, reward_density, terminal_state_density, num_layers, layer_width,
DQN 8 8 0 1 0.25 0.25 1 8 4812 0.389937106918239 1.650943396226415
# Algorithm, state_space_size, action_space_size, delay, sequence_length, reward_density, terminal_state_density, num_layers, layer_width,
DQN 8 8 0 1 0.25 0.25 1 8 5332 0.3496932515337423 1.5889570552147239
# Algorithm, state_space_size, action_space_size, delay, sequence_length, reward_density, terminal_state_density, num_layers, layer_width,
DQN 8 8 0 1 0.25 0.25 1 8 5864 0.34591194968553457 1.679245283018868
# Algorithm, state_space_size, action_space_size, delay, sequence_length, reward_density, terminal_state_density, num_layers, layer_width,
DQN 8 8 0 1 0.25 0.25 1 8 6384 0.3291139240506329 1.6455696202531647
# Algorithm, state_space_size, action_space_size, delay, sequence_length, reward_density, terminal_state_density, num_layers, layer_width,
DQN 8 8 0 1 0.25 0.25 1 8 6896 0.378839590443686 1.7474402730375427
# Algorithm, state_space_size, action_space_size, delay, sequence_length, reward_density, terminal_state_density, num_layers, layer_width,
DQN 8 8 0 1 0.25 0.25 1 8 7428 0.3717105263157895 1.75
# Algorithm, state_space_size, action_space_size, delay, sequence_length, reward_density, terminal_state_density, num_layers, layer_width,
DQN 8 8 0 1 0.25 0.25 1 8 7972 0.3993993993993994 1.6276276276276276
# Algorithm, state_space_size, action_space_size, delay, sequence_length, reward_density, terminal_state_density, num_layers, layer_width,
DQN 8 8 0 1 0.25 0.25 1 8 8516 0.30513595166163143 1.649546827794562
# Algorithm, state_space_size, action_space_size, delay, sequence_length, reward_density, terminal_state_density, num_layers, layer_width,
DQN 8 8 0 1 0.25 0.25 1 8 9056 0.3438485804416404 1.7003154574132493
# Algorithm, state_space_size, action_space_size, delay, sequence_length, reward_density, terminal_state_density, num_layers, layer_width,
DQN 8 8 0 1 0.25 0.25 1 8 9604 0.5766423357664233 2.0
# Algorithm, state_space_size, action_space_size, delay, sequence_length, reward_density, terminal_state_density, num_layers, layer_width,
DQN 8 8 0 1 0.25 0.25 1 8 10188 0.83 6.27
# Algorithm, state_space_size, action_space_size, delay, sequence_length, reward_density, terminal_state_density, num_layers, layer_width,
DQN 8 8 0 1 0.25 0.25 1 8 10780 0.85 11.63
# Algorithm, state_space_size, action_space_size, delay, sequence_length, reward_density, terminal_state_density, num_layers, layer_width,
DQN 8 8 0 1 0.25 0.25 1 8 11372 0.9 15.4
# Algorithm, state_space_size, action_space_size, delay, sequence_length, reward_density, terminal_state_density, num_layers, layer_width,
DQN 8 8 0 1 0.25 0.25 1 8 11948 0.92 21.58
# Algorithm, state_space_size, action_space_size, delay, sequence_length, reward_density, terminal_state_density, num_layers, layer_width,
DQN 8 8 0 1 0.25 0.25 1 8 12552 0.93 24.18
# Algorithm, state_space_size, action_space_size, delay, sequence_length, reward_density, terminal_state_density, num_layers, layer_width,
DQN 8 8 0 1 0.25 0.25 1 8 13132 0.95 25.81
# Algorithm, state_space_size, action_space_size, delay, sequence_length, reward_density, terminal_state_density, num_layers, layer_width,
DQN 8 8 0 1 0.25 0.25 1 8 13704 0.96 18.56
# Algorithm, state_space_size, action_space_size, delay, sequence_length, reward_density, terminal_state_density, num_layers, layer_width,
DQN 8 8 0 1 0.25 0.25 1 8 14300 0.96 21.69
# Algorithm, state_space_size, action_space_size, delay, sequence_length, reward_density, terminal_state_density, num_layers, layer_width,
DQN 8 8 0 1 0.25 0.25 1 8 14896 0.96 20.08
# Algorithm, state_space_size, action_space_size, delay, sequence_length, reward_density, terminal_state_density, num_layers, layer_width,
DQN 8 8 0 1 0.25 0.25 1 8 15500 0.94 25.71
# Algorithm, state_space_size, action_space_size, delay, sequence_length, reward_density, terminal_state_density, num_layers, layer_width,
DQN 8 8 0 1 0.25 0.25 1 8 16076 0.94 26.24
# Algorithm, state_space_size, action_space_size, delay, sequence_length, reward_density, terminal_state_density, num_layers, layer_width,
DQN 8 8 0 1 0.25 0.25 1 8 16632 0.95 26.5
# Algorithm, state_space_size, action_space_size, delay, sequence_length, reward_density, terminal_state_density, num_layers, layer_width,
DQN 8 8 0 1 0.25 0.25 1 8 17200 0.96 13.59
# Algorithm, state_space_size, action_space_size, delay, sequence_length, reward_density, terminal_state_density, num_layers, layer_width,
DQN 8 8 0 1 0.25 0.25 1 8 17792 0.95 19.25
# Algorithm, state_space_size, action_space_size, delay, sequence_length, reward_density, terminal_state_density, num_layers, layer_width,
DQN 8 8 0 1 0.25 0.25 1 8 18356 0.95 20.43
# Algorithm, state_space_size, action_space_size, delay, sequence_length, reward_density, terminal_state_density, num_layers, layer_width,
DQN 8 8 0 1 0.25 0.25 1 8 18940 0.96 23.4
# Algorithm, state_space_size, action_space_size, delay, sequence_length, reward_density, terminal_state_density, num_layers, layer_width,
DQN 8 8 0 1 0.25 0.25 1 8 19528 0.97 26.11
# Algorithm, state_space_size, action_space_size, delay, sequence_length, reward_density, terminal_state_density, num_layers, layer_width,
DQN 8 8 0 1 0.25 0.25 1 8 20108 1.0089285714285714 5.419642857142857
# Algorithm, state_space_size, action_space_size, delay, sequence_length, reward_density, terminal_state_density, num_layers, layer_width,
DQN 8 8 0 1 0.25 0.25 1 32 960 0.6394849785407726 4.120171673819742
# Algorithm, state_space_size, action_space_size, delay, sequence_length, reward_density, terminal_state_density, num_layers, layer_width,
DQN 8 8 0 1 0.25 0.25 1 32 1508 0.6181818181818182 3.315151515151515
# Algorithm, state_space_size, action_space_size, delay, sequence_length, reward_density, terminal_state_density, num_layers, layer_width,
DQN 8 8 0 1 0.25 0.25 1 32 2104 1.03 7.91
# Algorithm, state_space_size, action_space_size, delay, sequence_length, reward_density, terminal_state_density, num_layers, layer_width,
DQN 8 8 0 1 0.25 0.25 1 32 2692 1.03 7.91
# Algorithm, state_space_size, action_space_size, delay, sequence_length, reward_density, terminal_state_density, num_layers, layer_width,
DQN 8 8 0 1 0.25 0.25 1 32 3276 1.03 7.91
# Algorithm, state_space_size, action_space_size, delay, sequence_length, reward_density, terminal_state_density, num_layers, layer_width,
DQN 8 8 0 1 0.25 0.25 1 32 3872 4.55 23.81
# Algorithm, state_space_size, action_space_size, delay, sequence_length, reward_density, terminal_state_density, num_layers, layer_width,
DQN 8 8 0 1 0.25 0.25 1 32 4452 4.55 23.81
# Algorithm, state_space_size, action_space_size, delay, sequence_length, reward_density, terminal_state_density, num_layers, layer_width,
DQN 8 8 0 1 0.25 0.25 1 32 5040 8.84 36.76
# Algorithm, state_space_size, action_space_size, delay, sequence_length, reward_density, terminal_state_density, num_layers, layer_width,
DQN 8 8 0 1 0.25 0.25 1 32 5628 8.84 36.76
# Algorithm, state_space_size, action_space_size, delay, sequence_length, reward_density, terminal_state_density, num_layers, layer_width,
DQN 8 8 0 1 0.25 0.25 1 32 6228 11.37 44.38
# Algorithm, state_space_size, action_space_size, delay, sequence_length, reward_density, terminal_state_density, num_layers, layer_width,
DQN 8 8 0 1 0.25 0.25 1 32 6820 14.21 52.92
# Algorithm, state_space_size, action_space_size, delay, sequence_length, reward_density, terminal_state_density, num_layers, layer_width,
DQN 8 8 0 1 0.25 0.25 1 32 7392 16.09 58.52
# Algorithm, state_space_size, action_space_size, delay, sequence_length, reward_density, terminal_state_density, num_layers, layer_width,
DQN 8 8 0 1 0.25 0.25 1 32 7972 18.49 65.7
# Algorithm, state_space_size, action_space_size, delay, sequence_length, reward_density, terminal_state_density, num_layers, layer_width,
DQN 8 8 0 1 0.25 0.25 1 32 8556 18.49 65.7
# Algorithm, state_space_size, action_space_size, delay, sequence_length, reward_density, terminal_state_density, num_layers, layer_width,
DQN 8 8 0 1 0.25 0.25 1 32 9136 22.43 77.51
# Algorithm, state_space_size, action_space_size, delay, sequence_length, reward_density, terminal_state_density, num_layers, layer_width,
DQN 8 8 0 1 0.25 0.25 1 32 9724 24.32 83.24
# Algorithm, state_space_size, action_space_size, delay, sequence_length, reward_density, terminal_state_density, num_layers, layer_width,
DQN 8 8 0 1 0.25 0.25 1 32 10300 26.35 89.3
# Algorithm, state_space_size, action_space_size, delay, sequence_length, reward_density, terminal_state_density, num_layers, layer_width,
DQN 8 8 0 1 0.25 0.25 1 32 10880 27.03 91.37
# Algorithm, state_space_size, action_space_size, delay, sequence_length, reward_density, terminal_state_density, num_layers, layer_width,
DQN 8 8 0 1 0.25 0.25 1 32 11468 29.91 99.95
# Algorithm, state_space_size, action_space_size, delay, sequence_length, reward_density, terminal_state_density, num_layers, layer_width,
DQN 8 8 0 1 0.25 0.25 1 32 12060 32.21 106.88
# Algorithm, state_space_size, action_space_size, delay, sequence_length, reward_density, terminal_state_density, num_layers, layer_width,
DQN 8 8 0 1 0.25 0.25 1 32 12636 32.21 106.88
# Algorithm, state_space_size, action_space_size, delay, sequence_length, reward_density, terminal_state_density, num_layers, layer_width,
DQN 8 8 0 1 0.25 0.25 1 32 13228 32.21 106.88
# Algorithm, state_space_size, action_space_size, delay, sequence_length, reward_density, terminal_state_density, num_layers, layer_width,
DQN 8 8 0 1 0.25 0.25 1 32 13808 36.93 121.01
# Algorithm, state_space_size, action_space_size, delay, sequence_length, reward_density, terminal_state_density, num_layers, layer_width,
DQN 8 8 0 1 0.25 0.25 1 32 14400 38.48 125.66
# Algorithm, state_space_size, action_space_size, delay, sequence_length, reward_density, terminal_state_density, num_layers, layer_width,
DQN 8 8 0 1 0.25 0.25 1 32 14984 41.36 134.34
# Algorithm, state_space_size, action_space_size, delay, sequence_length, reward_density, terminal_state_density, num_layers, layer_width,
DQN 8 8 0 1 0.25 0.25 1 32 15568 43.6 141.06
# Algorithm, state_space_size, action_space_size, delay, sequence_length, reward_density, terminal_state_density, num_layers, layer_width,
DQN 8 8 0 1 0.25 0.25 1 32 16164 45.36 146.37
# Algorithm, state_space_size, action_space_size, delay, sequence_length, reward_density, terminal_state_density, num_layers, layer_width,
DQN 8 8 0 1 0.25 0.25 1 32 16752 47.12 151.63
# Algorithm, state_space_size, action_space_size, delay, sequence_length, reward_density, terminal_state_density, num_layers, layer_width,
DQN 8 8 0 1 0.25 0.25 1 32 17340 48.11 154.57
# Algorithm, state_space_size, action_space_size, delay, sequence_length, reward_density, terminal_state_density, num_layers, layer_width,
DQN 8 8 0 1 0.25 0.25 1 32 17928 48.11 154.57
# Algorithm, state_space_size, action_space_size, delay, sequence_length, reward_density, terminal_state_density, num_layers, layer_width,
DQN 8 8 0 1 0.25 0.25 1 32 18500 53.2 169.82
# Algorithm, state_space_size, action_space_size, delay, sequence_length, reward_density, terminal_state_density, num_layers, layer_width,
DQN 8 8 0 1 0.25 0.25 1 32 19088 54.83 174.64
# Algorithm, state_space_size, action_space_size, delay, sequence_length, reward_density, terminal_state_density, num_layers, layer_width,
DQN 8 8 0 1 0.25 0.25 1 32 19664 57.19 181.8
# Algorithm, state_space_size, action_space_size, delay, sequence_length, reward_density, terminal_state_density, num_layers, layer_width,
DQN 8 8 0 1 0.25 0.25 1 32 20252 57.19 181.8
# Algorithm, state_space_size, action_space_size, delay, sequence_length, reward_density, terminal_state_density, num_layers, layer_width,
DQN 8 8 0 1 0.25 0.25 1 128 1004 0.7813765182186235 4.064777327935222
# Algorithm, state_space_size, action_space_size, delay, sequence_length, reward_density, terminal_state_density, num_layers, layer_width,
DQN 8 8 0 1 0.25 0.25 1 128 1580 0.4064516129032258 3.703225806451613
# Algorithm, state_space_size, action_space_size, delay, sequence_length, reward_density, terminal_state_density, num_layers, layer_width,
DQN 8 8 0 1 0.25 0.25 1 128 2144 1.069767441860465 2.613953488372093
# Algorithm, state_space_size, action_space_size, delay, sequence_length, reward_density, terminal_state_density, num_layers, layer_width,
DQN 8 8 0 1 0.25 0.25 1 128 2696 1.0099667774086378 1.8471760797342194
# Algorithm, state_space_size, action_space_size, delay, sequence_length, reward_density, terminal_state_density, num_layers, layer_width,
DQN 8 8 0 1 0.25 0.25 1 128 3232 1.0033783783783783 1.8108108108108107
# Algorithm, state_space_size, action_space_size, delay, sequence_length, reward_density, terminal_state_density, num_layers, layer_width,
DQN 8 8 0 1 0.25 0.25 1 128 3768 1.0034129692832765 1.8293515358361774
# Algorithm, state_space_size, action_space_size, delay, sequence_length, reward_density, terminal_state_density, num_layers, layer_width,
DQN 8 8 0 1 0.25 0.25 1 128 4344 5.73 6.55
# Algorithm, state_space_size, action_space_size, delay, sequence_length, reward_density, terminal_state_density, num_layers, layer_width,
DQN 8 8 0 1 0.25 0.25 1 128 4936 5.73 6.55
# Algorithm, state_space_size, action_space_size, delay, sequence_length, reward_density, terminal_state_density, num_layers, layer_width,
DQN 8 8 0 1 0.25 0.25 1 128 5524 5.73 6.55
# Algorithm, state_space_size, action_space_size, delay, sequence_length, reward_density, terminal_state_density, num_layers, layer_width,
DQN 8 8 0 1 0.25 0.25 1 128 6108 5.73 6.55
# Algorithm, state_space_size, action_space_size, delay, sequence_length, reward_density, terminal_state_density, num_layers, layer_width,
DQN 8 8 0 1 0.25 0.25 1 128 6684 28.95 29.92
# Algorithm, state_space_size, action_space_size, delay, sequence_length, reward_density, terminal_state_density, num_layers, layer_width,
DQN 8 8 0 1 0.25 0.25 1 128 7292 31.19 32.17
# Algorithm, state_space_size, action_space_size, delay, sequence_length, reward_density, terminal_state_density, num_layers, layer_width,
DQN 8 8 0 1 0.25 0.25 1 128 7904 31.19 32.17
# Algorithm, state_space_size, action_space_size, delay, sequence_length, reward_density, terminal_state_density, num_layers, layer_width,
DQN 8 8 0 1 0.25 0.25 1 128 8496 47.15 48.21
# Algorithm, state_space_size, action_space_size, delay, sequence_length, reward_density, terminal_state_density, num_layers, layer_width,
DQN 8 8 0 1 0.25 0.25 1 128 9072 47.15 48.21
# Algorithm, state_space_size, action_space_size, delay, sequence_length, reward_density, terminal_state_density, num_layers, layer_width,
DQN 8 8 0 1 0.25 0.25 1 128 9660 57.2 58.31
# Algorithm, state_space_size, action_space_size, delay, sequence_length, reward_density, terminal_state_density, num_layers, layer_width,
DQN 8 8 0 1 0.25 0.25 1 128 10240 60.04 61.16
# Algorithm, state_space_size, action_space_size, delay, sequence_length, reward_density, terminal_state_density, num_layers, layer_width,
DQN 8 8 0 1 0.25 0.25 1 128 10832 60.04 61.16
# Algorithm, state_space_size, action_space_size, delay, sequence_length, reward_density, terminal_state_density, num_layers, layer_width,
DQN 8 8 0 1 0.25 0.25 1 128 11424 75.85 77.08
# Algorithm, state_space_size, action_space_size, delay, sequence_length, reward_density, terminal_state_density, num_layers, layer_width,
DQN 8 8 0 1 0.25 0.25 1 128 12016 75.85 77.08
# Algorithm, state_space_size, action_space_size, delay, sequence_length, reward_density, terminal_state_density, num_layers, layer_width,
DQN 8 8 0 1 0.25 0.25 1 128 12608 87.72 89.0
# Algorithm, state_space_size, action_space_size, delay, sequence_length, reward_density, terminal_state_density, num_layers, layer_width,
DQN 8 8 0 1 0.25 0.25 1 128 13208 87.72 89.0
# Algorithm, state_space_size, action_space_size, delay, sequence_length, reward_density, terminal_state_density, num_layers, layer_width,
DQN 8 8 0 1 0.25 0.25 1 128 13816 87.72 89.0
# Algorithm, state_space_size, action_space_size, delay, sequence_length, reward_density, terminal_state_density, num_layers, layer_width,
DQN 8 8 0 1 0.25 0.25 1 128 14420 104.67 106.02
# Algorithm, state_space_size, action_space_size, delay, sequence_length, reward_density, terminal_state_density, num_layers, layer_width,
DQN 8 8 0 1 0.25 0.25 1 128 15012 104.67 106.02
# Algorithm, state_space_size, action_space_size, delay, sequence_length, reward_density, terminal_state_density, num_layers, layer_width,
DQN 8 8 0 1 0.25 0.25 1 128 15604 112.93 116.21
# Algorithm, state_space_size, action_space_size, delay, sequence_length, reward_density, terminal_state_density, num_layers, layer_width,
DQN 8 8 0 1 0.25 0.25 1 128 16196 120.17 125.34
# Algorithm, state_space_size, action_space_size, delay, sequence_length, reward_density, terminal_state_density, num_layers, layer_width,
DQN 8 8 0 1 0.25 0.25 1 128 16788 123.58 129.17
# Algorithm, state_space_size, action_space_size, delay, sequence_length, reward_density, terminal_state_density, num_layers, layer_width,
DQN 8 8 0 1 0.25 0.25 1 128 17392 127.99 136.29
# Algorithm, state_space_size, action_space_size, delay, sequence_length, reward_density, terminal_state_density, num_layers, layer_width,
DQN 8 8 0 1 0.25 0.25 1 128 17992 127.99 136.29
# Algorithm, state_space_size, action_space_size, delay, sequence_length, reward_density, terminal_state_density, num_layers, layer_width,
DQN 8 8 0 1 0.25 0.25 1 128 18584 134.36 146.47
# Algorithm, state_space_size, action_space_size, delay, sequence_length, reward_density, terminal_state_density, num_layers, layer_width,
DQN 8 8 0 1 0.25 0.25 1 128 19188 134.36 146.47
# Algorithm, state_space_size, action_space_size, delay, sequence_length, reward_density, terminal_state_density, num_layers, layer_width,
DQN 8 8 0 1 0.25 0.25 1 128 19792 134.36 146.47
# Algorithm, state_space_size, action_space_size, delay, sequence_length, reward_density, terminal_state_density, num_layers, layer_width,
DQN 8 8 0 1 0.25 0.25 1 128 20380 148.74 161.67
# Algorithm, state_space_size, action_space_size, delay, sequence_length, reward_density, terminal_state_density, num_layers, layer_width,
DQN 8 8 0 1 0.25 0.25 2 8 1004 0.7103174603174603 3.9761904761904763
# Algorithm, state_space_size, action_space_size, delay, sequence_length, reward_density, terminal_state_density, num_layers, layer_width,
DQN 8 8 0 1 0.25 0.25 2 8 1580 0.9272727272727272 5.236363636363636
# Algorithm, state_space_size, action_space_size, delay, sequence_length, reward_density, terminal_state_density, num_layers, layer_width,
DQN 8 8 0 1 0.25 0.25 2 8 2176 0.875 4.983333333333333
# Algorithm, state_space_size, action_space_size, delay, sequence_length, reward_density, terminal_state_density, num_layers, layer_width,
DQN 8 8 0 1 0.25 0.25 2 8 2772 0.94 7.58
# Algorithm, state_space_size, action_space_size, delay, sequence_length, reward_density, terminal_state_density, num_layers, layer_width,
DQN 8 8 0 1 0.25 0.25 2 8 3380 0.94 7.58
# Algorithm, state_space_size, action_space_size, delay, sequence_length, reward_density, terminal_state_density, num_layers, layer_width,
DQN 8 8 0 1 0.25 0.25 2 8 3976 0.97 21.59
# Algorithm, state_space_size, action_space_size, delay, sequence_length, reward_density, terminal_state_density, num_layers, layer_width,
DQN 8 8 0 1 0.25 0.25 2 8 4588 0.98 26.68
# Algorithm, state_space_size, action_space_size, delay, sequence_length, reward_density, terminal_state_density, num_layers, layer_width,
DQN 8 8 0 1 0.25 0.25 2 8 5188 0.98 26.68
# Algorithm, state_space_size, action_space_size, delay, sequence_length, reward_density, terminal_state_density, num_layers, layer_width,
DQN 8 8 0 1 0.25 0.25 2 8 5784 1.02 38.09
# Algorithm, state_space_size, action_space_size, delay, sequence_length, reward_density, terminal_state_density, num_layers, layer_width,
DQN 8 8 0 1 0.25 0.25 2 8 6372 1.06 43.37
# Algorithm, state_space_size, action_space_size, delay, sequence_length, reward_density, terminal_state_density, num_layers, layer_width,
DQN 8 8 0 1 0.25 0.25 2 8 6980 1.08 51.38
# Algorithm, state_space_size, action_space_size, delay, sequence_length, reward_density, terminal_state_density, num_layers, layer_width,
DQN 8 8 0 1 0.25 0.25 2 8 7592 1.09 54.04
# Algorithm, state_space_size, action_space_size, delay, sequence_length, reward_density, terminal_state_density, num_layers, layer_width,
DQN 8 8 0 1 0.25 0.25 2 8 8184 2.24 60.07
# Algorithm, state_space_size, action_space_size, delay, sequence_length, reward_density, terminal_state_density, num_layers, layer_width,
DQN 8 8 0 1 0.25 0.25 2 8 8788 3.63 67.64
# Algorithm, state_space_size, action_space_size, delay, sequence_length, reward_density, terminal_state_density, num_layers, layer_width,
DQN 8 8 0 1 0.25 0.25 2 8 9380 3.63 67.64
# Algorithm, state_space_size, action_space_size, delay, sequence_length, reward_density, terminal_state_density, num_layers, layer_width,
DQN 8 8 0 1 0.25 0.25 2 8 9980 7.91 76.9
# Algorithm, state_space_size, action_space_size, delay, sequence_length, reward_density, terminal_state_density, num_layers, layer_width,
DQN 8 8 0 1 0.25 0.25 2 8 10600 10.46 84.86
# Algorithm, state_space_size, action_space_size, delay, sequence_length, reward_density, terminal_state_density, num_layers, layer_width,
DQN 8 8 0 1 0.25 0.25 2 8 11224 10.46 84.86
# Algorithm, state_space_size, action_space_size, delay, sequence_length, reward_density, terminal_state_density, num_layers, layer_width,
DQN 8 8 0 1 0.25 0.25 2 8 11836 10.46 84.86
# Algorithm, state_space_size, action_space_size, delay, sequence_length, reward_density, terminal_state_density, num_layers, layer_width,
DQN 8 8 0 1 0.25 0.25 2 8 12440 10.46 84.86
# Algorithm, state_space_size, action_space_size, delay, sequence_length, reward_density, terminal_state_density, num_layers, layer_width,
DQN 8 8 0 1 0.25 0.25 2 8 13044 14.4 106.49
# Algorithm, state_space_size, action_space_size, delay, sequence_length, reward_density, terminal_state_density, num_layers, layer_width,
DQN 8 8 0 1 0.25 0.25 2 8 13660 18.32 116.1
# Algorithm, state_space_size, action_space_size, delay, sequence_length, reward_density, terminal_state_density, num_layers, layer_width,
DQN 8 8 0 1 0.25 0.25 2 8 14272 20.33 120.13
# Algorithm, state_space_size, action_space_size, delay, sequence_length, reward_density, terminal_state_density, num_layers, layer_width,
DQN 8 8 0 1 0.25 0.25 2 8 14884 24.97 129.39
# Algorithm, state_space_size, action_space_size, delay, sequence_length, reward_density, terminal_state_density, num_layers, layer_width,
DQN 8 8 0 1 0.25 0.25 2 8 15480 26.03 131.55
# Algorithm, state_space_size, action_space_size, delay, sequence_length, reward_density, terminal_state_density, num_layers, layer_width,
DQN 8 8 0 1 0.25 0.25 2 8 16084 26.03 131.55
# Algorithm, state_space_size, action_space_size, delay, sequence_length, reward_density, terminal_state_density, num_layers, layer_width,
DQN 8 8 0 1 0.25 0.25 2 8 16696 26.03 131.55
# Algorithm, state_space_size, action_space_size, delay, sequence_length, reward_density, terminal_state_density, num_layers, layer_width,
DQN 8 8 0 1 0.25 0.25 2 8 17296 35.79 151.19
# Algorithm, state_space_size, action_space_size, delay, sequence_length, reward_density, terminal_state_density, num_layers, layer_width,
DQN 8 8 0 1 0.25 0.25 2 8 17900 35.79 151.19
# Algorithm, state_space_size, action_space_size, delay, sequence_length, reward_density, terminal_state_density, num_layers, layer_width,
DQN 8 8 0 1 0.25 0.25 2 8 18508 42.6 165.05
# Algorithm, state_space_size, action_space_size, delay, sequence_length, reward_density, terminal_state_density, num_layers, layer_width,
DQN 8 8 0 1 0.25 0.25 2 8 19100 45.91 171.68
# Algorithm, state_space_size, action_space_size, delay, sequence_length, reward_density, terminal_state_density, num_layers, layer_width,
DQN 8 8 0 1 0.25 0.25 2 8 19700 48.7 177.34
# Algorithm, state_space_size, action_space_size, delay, sequence_length, reward_density, terminal_state_density, num_layers, layer_width,
DQN 8 8 0 1 0.25 0.25 2 8 20304 50.59 181.17
# Algorithm, state_space_size, action_space_size, delay, sequence_length, reward_density, terminal_state_density, num_layers, layer_width,
DQN 8 8 0 1 0.25 0.25 2 32 996 0.6903765690376569 4.154811715481172
# Algorithm, state_space_size, action_space_size, delay, sequence_length, reward_density, terminal_state_density, num_layers, layer_width,
DQN 8 8 0 1 0.25 0.25 2 32 1520 0.33121019108280253 3.356687898089172
# Algorithm, state_space_size, action_space_size, delay, sequence_length, reward_density, terminal_state_density, num_layers, layer_width,
DQN 8 8 0 1 0.25 0.25 2 32 2136 1.91 7.87
# Algorithm, state_space_size, action_space_size, delay, sequence_length, reward_density, terminal_state_density, num_layers, layer_width,
DQN 8 8 0 1 0.25 0.25 2 32 2752 3.22 10.79
# Algorithm, state_space_size, action_space_size, delay, sequence_length, reward_density, terminal_state_density, num_layers, layer_width,
DQN 8 8 0 1 0.25 0.25 2 32 3348 5.49 16.8
# Algorithm, state_space_size, action_space_size, delay, sequence_length, reward_density, terminal_state_density, num_layers, layer_width,
DQN 8 8 0 1 0.25 0.25 2 32 3964 5.49 16.8
# Algorithm, state_space_size, action_space_size, delay, sequence_length, reward_density, terminal_state_density, num_layers, layer_width,
DQN 8 8 0 1 0.25 0.25 2 32 4572 7.15 31.1
# Algorithm, state_space_size, action_space_size, delay, sequence_length, reward_density, terminal_state_density, num_layers, layer_width,
DQN 8 8 0 1 0.25 0.25 2 32 5172 8.03 37.83
# Algorithm, state_space_size, action_space_size, delay, sequence_length, reward_density, terminal_state_density, num_layers, layer_width,
DQN 8 8 0 1 0.25 0.25 2 32 5784 8.03 37.83
# Algorithm, state_space_size, action_space_size, delay, sequence_length, reward_density, terminal_state_density, num_layers, layer_width,
DQN 8 8 0 1 0.25 0.25 2 32 6368 11.26 49.68
# Algorithm, state_space_size, action_space_size, delay, sequence_length, reward_density, terminal_state_density, num_layers, layer_width,
DQN 8 8 0 1 0.25 0.25 2 32 6968 11.26 49.68
# Algorithm, state_space_size, action_space_size, delay, sequence_length, reward_density, terminal_state_density, num_layers, layer_width,
DQN 8 8 0 1 0.25 0.25 2 32 7560 11.26 49.68
# Algorithm, state_space_size, action_space_size, delay, sequence_length, reward_density, terminal_state_density, num_layers, layer_width,
DQN 8 8 0 1 0.25 0.25 2 32 8152 15.68 67.42
# Algorithm, state_space_size, action_space_size, delay, sequence_length, reward_density, terminal_state_density, num_layers, layer_width,
DQN 8 8 0 1 0.25 0.25 2 32 8744 18.89 73.9
# Algorithm, state_space_size, action_space_size, delay, sequence_length, reward_density, terminal_state_density, num_layers, layer_width,
DQN 8 8 0 1 0.25 0.25 2 32 9348 21.53 79.1
# Algorithm, state_space_size, action_space_size, delay, sequence_length, reward_density, terminal_state_density, num_layers, layer_width,
DQN 8 8 0 1 0.25 0.25 2 32 9952 24.45 85.03
# Algorithm, state_space_size, action_space_size, delay, sequence_length, reward_density, terminal_state_density, num_layers, layer_width,
DQN 8 8 0 1 0.25 0.25 2 32 10544 26.83 89.75
# Algorithm, state_space_size, action_space_size, delay, sequence_length, reward_density, terminal_state_density, num_layers, layer_width,
DQN 8 8 0 1 0.25 0.25 2 32 11148 26.83 89.75
# Algorithm, state_space_size, action_space_size, delay, sequence_length, reward_density, terminal_state_density, num_layers, layer_width,
DQN 8 8 0 1 0.25 0.25 2 32 11748 26.83 89.75
# Algorithm, state_space_size, action_space_size, delay, sequence_length, reward_density, terminal_state_density, num_layers, layer_width,
DQN 8 8 0 1 0.25 0.25 2 32 12340 34.84 106.04
# Algorithm, state_space_size, action_space_size, delay, sequence_length, reward_density, terminal_state_density, num_layers, layer_width,
DQN 8 8 0 1 0.25 0.25 2 32 12940 34.84 106.04
# Algorithm, state_space_size, action_space_size, delay, sequence_length, reward_density, terminal_state_density, num_layers, layer_width,
DQN 8 8 0 1 0.25 0.25 2 32 13536 42.35 121.33
# Algorithm, state_space_size, action_space_size, delay, sequence_length, reward_density, terminal_state_density, num_layers, layer_width,
DQN 8 8 0 1 0.25 0.25 2 32 14120 44.52 125.85
# Algorithm, state_space_size, action_space_size, delay, sequence_length, reward_density, terminal_state_density, num_layers, layer_width,
DQN 8 8 0 1 0.25 0.25 2 32 14704 46.81 130.43
# Algorithm, state_space_size, action_space_size, delay, sequence_length, reward_density, terminal_state_density, num_layers, layer_width,
DQN 8 8 0 1 0.25 0.25 2 32 15284 50.59 137.87
# Algorithm, state_space_size, action_space_size, delay, sequence_length, reward_density, terminal_state_density, num_layers, layer_width,
DQN 8 8 0 1 0.25 0.25 2 32 15876 53.28 143.25
# Algorithm, state_space_size, action_space_size, delay, sequence_length, reward_density, terminal_state_density, num_layers, layer_width,
DQN 8 8 0 1 0.25 0.25 2 32 16468 54.25 145.19
# Algorithm, state_space_size, action_space_size, delay, sequence_length, reward_density, terminal_state_density, num_layers, layer_width,
DQN 8 8 0 1 0.25 0.25 2 32 17044 58.98 154.68
# Algorithm, state_space_size, action_space_size, delay, sequence_length, reward_density, terminal_state_density, num_layers, layer_width,
DQN 8 8 0 1 0.25 0.25 2 32 17640 62.19 161.09
# Algorithm, state_space_size, action_space_size, delay, sequence_length, reward_density, terminal_state_density, num_layers, layer_width,
DQN 8 8 0 1 0.25 0.25 2 32 18232 64.35 165.43
# Algorithm, state_space_size, action_space_size, delay, sequence_length, reward_density, terminal_state_density, num_layers, layer_width,
DQN 8 8 0 1 0.25 0.25 2 32 18812 67.75 172.07
# Algorithm, state_space_size, action_space_size, delay, sequence_length, reward_density, terminal_state_density, num_layers, layer_width,
DQN 8 8 0 1 0.25 0.25 2 32 19400 71.07 178.69
# Algorithm, state_space_size, action_space_size, delay, sequence_length, reward_density, terminal_state_density, num_layers, layer_width,
DQN 8 8 0 1 0.25 0.25 2 32 19996 72.36 181.26
# Algorithm, state_space_size, action_space_size, delay, sequence_length, reward_density, terminal_state_density, num_layers, layer_width,
DQN 8 8 0 1 0.25 0.25 2 32 20592 75.93 188.36
# Algorithm, state_space_size, action_space_size, delay, sequence_length, reward_density, terminal_state_density, num_layers, layer_width,
DQN 8 8 0 1 0.25 0.25 2 128 1004 0.6138996138996139 3.864864864864865
# Algorithm, state_space_size, action_space_size, delay, sequence_length, reward_density, terminal_state_density, num_layers, layer_width,
DQN 8 8 0 1 0.25 0.25 2 128 1556 0.8671328671328671 3.8811188811188813
# Algorithm, state_space_size, action_space_size, delay, sequence_length, reward_density, terminal_state_density, num_layers, layer_width,
DQN 8 8 0 1 0.25 0.25 2 128 2120 3.46 7.51
# Algorithm, state_space_size, action_space_size, delay, sequence_length, reward_density, terminal_state_density, num_layers, layer_width,
DQN 8 8 0 1 0.25 0.25 2 128 2700 9.14 13.14
# Algorithm, state_space_size, action_space_size, delay, sequence_length, reward_density, terminal_state_density, num_layers, layer_width,
DQN 8 8 0 1 0.25 0.25 2 128 3272 12.95 16.98
# Algorithm, state_space_size, action_space_size, delay, sequence_length, reward_density, terminal_state_density, num_layers, layer_width,
DQN 8 8 0 1 0.25 0.25 2 128 3836 17.96 21.98
# Algorithm, state_space_size, action_space_size, delay, sequence_length, reward_density, terminal_state_density, num_layers, layer_width,
DQN 8 8 0 1 0.25 0.25 2 128 4424 23.24 27.33
# Algorithm, state_space_size, action_space_size, delay, sequence_length, reward_density, terminal_state_density, num_layers, layer_width,
DQN 8 8 0 1 0.25 0.25 2 128 5008 30.82 34.83
# Algorithm, state_space_size, action_space_size, delay, sequence_length, reward_density, terminal_state_density, num_layers, layer_width,
DQN 8 8 0 1 0.25 0.25 2 128 5588 36.82 41.67
# Algorithm, state_space_size, action_space_size, delay, sequence_length, reward_density, terminal_state_density, num_layers, layer_width,
DQN 8 8 0 1 0.25 0.25 2 128 6152 41.38 47.08
# Algorithm, state_space_size, action_space_size, delay, sequence_length, reward_density, terminal_state_density, num_layers, layer_width,
DQN 8 8 0 1 0.25 0.25 2 128 6724 45.56 52.02
# Algorithm, state_space_size, action_space_size, delay, sequence_length, reward_density, terminal_state_density, num_layers, layer_width,
DQN 8 8 0 1 0.25 0.25 2 128 7292 47.97 54.4
# Algorithm, state_space_size, action_space_size, delay, sequence_length, reward_density, terminal_state_density, num_layers, layer_width,
DQN 8 8 0 1 0.25 0.25 2 128 7860 56.02 62.5
# Algorithm, state_space_size, action_space_size, delay, sequence_length, reward_density, terminal_state_density, num_layers, layer_width,
DQN 8 8 0 1 0.25 0.25 2 128 8424 56.02 62.5
# Algorithm, state_space_size, action_space_size, delay, sequence_length, reward_density, terminal_state_density, num_layers, layer_width,
DQN 8 8 0 1 0.25 0.25 2 128 9012 65.77 73.28
# Algorithm, state_space_size, action_space_size, delay, sequence_length, reward_density, terminal_state_density, num_layers, layer_width,
DQN 8 8 0 1 0.25 0.25 2 128 9580 65.77 73.28
# Algorithm, state_space_size, action_space_size, delay, sequence_length, reward_density, terminal_state_density, num_layers, layer_width,
DQN 8 8 0 1 0.25 0.25 2 128 10148 74.65 82.28
# Algorithm, state_space_size, action_space_size, delay, sequence_length, reward_density, terminal_state_density, num_layers, layer_width,
DQN 8 8 0 1 0.25 0.25 2 128 10728 83.73 91.44
# Algorithm, state_space_size, action_space_size, delay, sequence_length, reward_density, terminal_state_density, num_layers, layer_width,
DQN 8 8 0 1 0.25 0.25 2 128 11296 86.03 93.69
# Algorithm, state_space_size, action_space_size, delay, sequence_length, reward_density, terminal_state_density, num_layers, layer_width,
DQN 8 8 0 1 0.25 0.25 2 128 11880 96.37 104.06
# Algorithm, state_space_size, action_space_size, delay, sequence_length, reward_density, terminal_state_density, num_layers, layer_width,
DQN 8 8 0 1 0.25 0.25 2 128 12452 100.87 108.5
# Algorithm, state_space_size, action_space_size, delay, sequence_length, reward_density, terminal_state_density, num_layers, layer_width,
DQN 8 8 0 1 0.25 0.25 2 128 13012 100.87 108.5
# Algorithm, state_space_size, action_space_size, delay, sequence_length, reward_density, terminal_state_density, num_layers, layer_width,
DQN 8 8 0 1 0.25 0.25 2 128 13568 100.87 108.5
# Algorithm, state_space_size, action_space_size, delay, sequence_length, reward_density, terminal_state_density, num_layers, layer_width,
DQN 8 8 0 1 0.25 0.25 2 128 14148 113.25 120.99
# Algorithm, state_space_size, action_space_size, delay, sequence_length, reward_density, terminal_state_density, num_layers, layer_width,
DQN 8 8 0 1 0.25 0.25 2 128 14736 121.06 128.83
# Algorithm, state_space_size, action_space_size, delay, sequence_length, reward_density, terminal_state_density, num_layers, layer_width,
DQN 8 8 0 1 0.25 0.25 2 128 15308 121.06 128.83
# Algorithm, state_space_size, action_space_size, delay, sequence_length, reward_density, terminal_state_density, num_layers, layer_width,
DQN 8 8 0 1 0.25 0.25 2 128 15896 132.83 140.71
# Algorithm, state_space_size, action_space_size, delay, sequence_length, reward_density, terminal_state_density, num_layers, layer_width,
DQN 8 8 0 1 0.25 0.25 2 128 16460 140.62 148.6
# Algorithm, state_space_size, action_space_size, delay, sequence_length, reward_density, terminal_state_density, num_layers, layer_width,
DQN 8 8 0 1 0.25 0.25 2 128 17036 145.76 153.77
# Algorithm, state_space_size, action_space_size, delay, sequence_length, reward_density, terminal_state_density, num_layers, layer_width,
DQN 8 8 0 1 0.25 0.25 2 128 17616 145.76 153.77
# Algorithm, state_space_size, action_space_size, delay, sequence_length, reward_density, terminal_state_density, num_layers, layer_width,
DQN 8 8 0 1 0.25 0.25 2 128 18184 157.92 165.95
# Algorithm, state_space_size, action_space_size, delay, sequence_length, reward_density, terminal_state_density, num_layers, layer_width,
DQN 8 8 0 1 0.25 0.25 2 128 18752 157.92 165.95
# Algorithm, state_space_size, action_space_size, delay, sequence_length, reward_density, terminal_state_density, num_layers, layer_width,
DQN 8 8 0 1 0.25 0.25 2 128 19324 169.24 177.31
# Algorithm, state_space_size, action_space_size, delay, sequence_length, reward_density, terminal_state_density, num_layers, layer_width,
DQN 8 8 0 1 0.25 0.25 2 128 19892 174.21 182.34
# Algorithm, state_space_size, action_space_size, delay, sequence_length, reward_density, terminal_state_density, num_layers, layer_width,
DQN 8 8 0 1 0.25 0.25 2 128 20464 178.8 186.9
# Algorithm, state_space_size, action_space_size, delay, sequence_length, reward_density, terminal_state_density, num_layers, layer_width,
DQN 8 8 0 1 0.25 0.25 3 8 956 0.71900826446281 3.946280991735537
# Algorithm, state_space_size, action_space_size, delay, sequence_length, reward_density, terminal_state_density, num_layers, layer_width,
DQN 8 8 0 1 0.25 0.25 3 8 1492 0.66 6.7
# Algorithm, state_space_size, action_space_size, delay, sequence_length, reward_density, terminal_state_density, num_layers, layer_width,
DQN 8 8 0 1 0.25 0.25 3 8 2076 0.66 10.24
# Algorithm, state_space_size, action_space_size, delay, sequence_length, reward_density, terminal_state_density, num_layers, layer_width,
DQN 8 8 0 1 0.25 0.25 3 8 2676 0.65 14.8
# Algorithm, state_space_size, action_space_size, delay, sequence_length, reward_density, terminal_state_density, num_layers, layer_width,
DQN 8 8 0 1 0.25 0.25 3 8 3272 0.65 21.84
# Algorithm, state_space_size, action_space_size, delay, sequence_length, reward_density, terminal_state_density, num_layers, layer_width,
DQN 8 8 0 1 0.25 0.25 3 8 3860 0.62 26.48
# Algorithm, state_space_size, action_space_size, delay, sequence_length, reward_density, terminal_state_density, num_layers, layer_width,
DQN 8 8 0 1 0.25 0.25 3 8 4444 1.24 32.08
# Algorithm, state_space_size, action_space_size, delay, sequence_length, reward_density, terminal_state_density, num_layers, layer_width,
DQN 8 8 0 1 0.25 0.25 3 8 5028 1.25 34.91
# Algorithm, state_space_size, action_space_size, delay, sequence_length, reward_density, terminal_state_density, num_layers, layer_width,
DQN 8 8 0 1 0.25 0.25 3 8 5604 1.26 40.69
# Algorithm, state_space_size, action_space_size, delay, sequence_length, reward_density, terminal_state_density, num_layers, layer_width,
DQN 8 8 0 1 0.25 0.25 3 8 6176 1.26 48.66
# Algorithm, state_space_size, action_space_size, delay, sequence_length, reward_density, terminal_state_density, num_layers, layer_width,
DQN 8 8 0 1 0.25 0.25 3 8 6756 1.27 49.76
# Algorithm, state_space_size, action_space_size, delay, sequence_length, reward_density, terminal_state_density, num_layers, layer_width,
DQN 8 8 0 1 0.25 0.25 3 8 7328 1.23 60.13
# Algorithm, state_space_size, action_space_size, delay, sequence_length, reward_density, terminal_state_density, num_layers, layer_width,
DQN 8 8 0 1 0.25 0.25 3 8 7916 1.18 65.49
# Algorithm, state_space_size, action_space_size, delay, sequence_length, reward_density, terminal_state_density, num_layers, layer_width,
DQN 8 8 0 1 0.25 0.25 3 8 8492 1.15 70.66
# Algorithm, state_space_size, action_space_size, delay, sequence_length, reward_density, terminal_state_density, num_layers, layer_width,
DQN 8 8 0 1 0.25 0.25 3 8 9080 1.13 75.76
# Algorithm, state_space_size, action_space_size, delay, sequence_length, reward_density, terminal_state_density, num_layers, layer_width,
DQN 8 8 0 1 0.25 0.25 3 8 9656 1.14 77.73
# Algorithm, state_space_size, action_space_size, delay, sequence_length, reward_density, terminal_state_density, num_layers, layer_width,
DQN 8 8 0 1 0.25 0.25 3 8 10240 1.16 87.86
# Algorithm, state_space_size, action_space_size, delay, sequence_length, reward_density, terminal_state_density, num_layers, layer_width,
DQN 8 8 0 1 0.25 0.25 3 8 10828 1.16 90.11
# Algorithm, state_space_size, action_space_size, delay, sequence_length, reward_density, terminal_state_density, num_layers, layer_width,
DQN 8 8 0 1 0.25 0.25 3 8 11400 1.16 90.11
# Algorithm, state_space_size, action_space_size, delay, sequence_length, reward_density, terminal_state_density, num_layers, layer_width,
DQN 8 8 0 1 0.25 0.25 3 8 11984 1.17 105.42
# Algorithm, state_space_size, action_space_size, delay, sequence_length, reward_density, terminal_state_density, num_layers, layer_width,
DQN 8 8 0 1 0.25 0.25 3 8 12564 1.18 110.68
# Algorithm, state_space_size, action_space_size, delay, sequence_length, reward_density, terminal_state_density, num_layers, layer_width,
DQN 8 8 0 1 0.25 0.25 3 8 13136 1.18 112.27
# Algorithm, state_space_size, action_space_size, delay, sequence_length, reward_density, terminal_state_density, num_layers, layer_width,
DQN 8 8 0 1 0.25 0.25 3 8 13724 1.18 112.27
# Algorithm, state_space_size, action_space_size, delay, sequence_length, reward_density, terminal_state_density, num_layers, layer_width,
DQN 8 8 0 1 0.25 0.25 3 8 14304 1.18 112.27
# Algorithm, state_space_size, action_space_size, delay, sequence_length, reward_density, terminal_state_density, num_layers, layer_width,
DQN 8 8 0 1 0.25 0.25 3 8 14880 1.19 133.74
# Algorithm, state_space_size, action_space_size, delay, sequence_length, reward_density, terminal_state_density, num_layers, layer_width,
DQN 8 8 0 1 0.25 0.25 3 8 15448 1.17 139.48
# Algorithm, state_space_size, action_space_size, delay, sequence_length, reward_density, terminal_state_density, num_layers, layer_width,
DQN 8 8 0 1 0.25 0.25 3 8 16036 1.17 146.13
# Algorithm, state_space_size, action_space_size, delay, sequence_length, reward_density, terminal_state_density, num_layers, layer_width,
DQN 8 8 0 1 0.25 0.25 3 8 16620 1.17 150.71
# Algorithm, state_space_size, action_space_size, delay, sequence_length, reward_density, terminal_state_density, num_layers, layer_width,
DQN 8 8 0 1 0.25 0.25 3 8 17208 1.18 151.97
# Algorithm, state_space_size, action_space_size, delay, sequence_length, reward_density, terminal_state_density, num_layers, layer_width,
DQN 8 8 0 1 0.25 0.25 3 8 17780 2.95 160.61
# Algorithm, state_space_size, action_space_size, delay, sequence_length, reward_density, terminal_state_density, num_layers, layer_width,
DQN 8 8 0 1 0.25 0.25 3 8 18360 2.95 160.61
# Algorithm, state_space_size, action_space_size, delay, sequence_length, reward_density, terminal_state_density, num_layers, layer_width,
DQN 8 8 0 1 0.25 0.25 3 8 18932 7.32 173.8
# Algorithm, state_space_size, action_space_size, delay, sequence_length, reward_density, terminal_state_density, num_layers, layer_width,
DQN 8 8 0 1 0.25 0.25 3 8 19508 8.44 179.69
# Algorithm, state_space_size, action_space_size, delay, sequence_length, reward_density, terminal_state_density, num_layers, layer_width,
DQN 8 8 0 1 0.25 0.25 3 8 20084 9.36 184.32
# Algorithm, state_space_size, action_space_size, delay, sequence_length, reward_density, terminal_state_density, num_layers, layer_width,
DQN 8 8 0 1 0.25 0.25 3 32 984 0.6875 3.83203125
# Algorithm, state_space_size, action_space_size, delay, sequence_length, reward_density, terminal_state_density, num_layers, layer_width,
DQN 8 8 0 1 0.25 0.25 3 32 1492 0.63 5.81
# Algorithm, state_space_size, action_space_size, delay, sequence_length, reward_density, terminal_state_density, num_layers, layer_width,
DQN 8 8 0 1 0.25 0.25 3 32 2060 1.79 8.99
# Algorithm, state_space_size, action_space_size, delay, sequence_length, reward_density, terminal_state_density, num_layers, layer_width,
DQN 8 8 0 1 0.25 0.25 3 32 2624 3.35 13.66
# Algorithm, state_space_size, action_space_size, delay, sequence_length, reward_density, terminal_state_density, num_layers, layer_width,
DQN 8 8 0 1 0.25 0.25 3 32 3204 5.3 19.35
# Algorithm, state_space_size, action_space_size, delay, sequence_length, reward_density, terminal_state_density, num_layers, layer_width,
DQN 8 8 0 1 0.25 0.25 3 32 3768 6.24 24.33
# Algorithm, state_space_size, action_space_size, delay, sequence_length, reward_density, terminal_state_density, num_layers, layer_width,
DQN 8 8 0 1 0.25 0.25 3 32 4352 7.91 29.0
# Algorithm, state_space_size, action_space_size, delay, sequence_length, reward_density, terminal_state_density, num_layers, layer_width,
DQN 8 8 0 1 0.25 0.25 3 32 4936 9.08 35.92
# Algorithm, state_space_size, action_space_size, delay, sequence_length, reward_density, terminal_state_density, num_layers, layer_width,
DQN 8 8 0 1 0.25 0.25 3 32 5516 10.45 41.3
# Algorithm, state_space_size, action_space_size, delay, sequence_length, reward_density, terminal_state_density, num_layers, layer_width,
DQN 8 8 0 1 0.25 0.25 3 32 6092 12.27 46.29
# Algorithm, state_space_size, action_space_size, delay, sequence_length, reward_density, terminal_state_density, num_layers, layer_width,
DQN 8 8 0 1 0.25 0.25 3 32 6668 13.38 50.01
# Algorithm, state_space_size, action_space_size, delay, sequence_length, reward_density, terminal_state_density, num_layers, layer_width,
DQN 8 8 0 1 0.25 0.25 3 32 7248 14.92 54.51
# Algorithm, state_space_size, action_space_size, delay, sequence_length, reward_density, terminal_state_density, num_layers, layer_width,
DQN 8 8 0 1 0.25 0.25 3 32 7824 16.89 61.26
# Algorithm, state_space_size, action_space_size, delay, sequence_length, reward_density, terminal_state_density, num_layers, layer_width,
DQN 8 8 0 1 0.25 0.25 3 32 8384 16.89 61.26
# Algorithm, state_space_size, action_space_size, delay, sequence_length, reward_density, terminal_state_density, num_layers, layer_width,
DQN 8 8 0 1 0.25 0.25 3 32 8968 16.89 61.26
# Algorithm, state_space_size, action_space_size, delay, sequence_length, reward_density, terminal_state_density, num_layers, layer_width,
DQN 8 8 0 1 0.25 0.25 3 32 9540 22.69 79.39
# Algorithm, state_space_size, action_space_size, delay, sequence_length, reward_density, terminal_state_density, num_layers, layer_width,
DQN 8 8 0 1 0.25 0.25 3 32 10124 22.69 79.39
# Algorithm, state_space_size, action_space_size, delay, sequence_length, reward_density, terminal_state_density, num_layers, layer_width,
DQN 8 8 0 1 0.25 0.25 3 32 10700 24.93 86.34
# Algorithm, state_space_size, action_space_size, delay, sequence_length, reward_density, terminal_state_density, num_layers, layer_width,
DQN 8 8 0 1 0.25 0.25 3 32 11272 26.27 94.83
# Algorithm, state_space_size, action_space_size, delay, sequence_length, reward_density, terminal_state_density, num_layers, layer_width,
DQN 8 8 0 1 0.25 0.25 3 32 11852 27.7 100.27
# Algorithm, state_space_size, action_space_size, delay, sequence_length, reward_density, terminal_state_density, num_layers, layer_width,
DQN 8 8 0 1 0.25 0.25 3 32 12420 29.55 105.85
# Algorithm, state_space_size, action_space_size, delay, sequence_length, reward_density, terminal_state_density, num_layers, layer_width,
DQN 8 8 0 1 0.25 0.25 3 32 12980 24.55 88.53
# Algorithm, state_space_size, action_space_size, delay, sequence_length, reward_density, terminal_state_density, num_layers, layer_width,
DQN 8 8 0 1 0.25 0.25 3 32 13532 0.2608695652173913 1.8695652173913044
# Algorithm, state_space_size, action_space_size, delay, sequence_length, reward_density, terminal_state_density, num_layers, layer_width,
DQN 8 8 0 1 0.25 0.25 3 32 14116 1.72 6.27
# Algorithm, state_space_size, action_space_size, delay, sequence_length, reward_density, terminal_state_density, num_layers, layer_width,
DQN 8 8 0 1 0.25 0.25 3 32 14692 4.48 14.67
# Algorithm, state_space_size, action_space_size, delay, sequence_length, reward_density, terminal_state_density, num_layers, layer_width,
DQN 8 8 0 1 0.25 0.25 3 32 15268 5.22 16.88
# Algorithm, state_space_size, action_space_size, delay, sequence_length, reward_density, terminal_state_density, num_layers, layer_width,
DQN 8 8 0 1 0.25 0.25 3 32 15836 8.09 25.54
# Algorithm, state_space_size, action_space_size, delay, sequence_length, reward_density, terminal_state_density, num_layers, layer_width,
DQN 8 8 0 1 0.25 0.25 3 32 16412 8.85 27.83
# Algorithm, state_space_size, action_space_size, delay, sequence_length, reward_density, terminal_state_density, num_layers, layer_width,
DQN 8 8 0 1 0.25 0.25 3 32 16972 8.85 27.83
# Algorithm, state_space_size, action_space_size, delay, sequence_length, reward_density, terminal_state_density, num_layers, layer_width,
DQN 8 8 0 1 0.25 0.25 3 32 17548 8.85 27.83
# Algorithm, state_space_size, action_space_size, delay, sequence_length, reward_density, terminal_state_density, num_layers, layer_width,
DQN 8 8 0 1 0.25 0.25 3 32 18116 15.43 47.72
# Algorithm, state_space_size, action_space_size, delay, sequence_length, reward_density, terminal_state_density, num_layers, layer_width,
DQN 8 8 0 1 0.25 0.25 3 32 18684 15.43 47.72
# Algorithm, state_space_size, action_space_size, delay, sequence_length, reward_density, terminal_state_density, num_layers, layer_width,
DQN 8 8 0 1 0.25 0.25 3 32 19256 18.14 55.95
# Algorithm, state_space_size, action_space_size, delay, sequence_length, reward_density, terminal_state_density, num_layers, layer_width,
DQN 8 8 0 1 0.25 0.25 3 32 19836 21.75 66.86
# Algorithm, state_space_size, action_space_size, delay, sequence_length, reward_density, terminal_state_density, num_layers, layer_width,
DQN 8 8 0 1 0.25 0.25 3 32 20424 22.26 68.41
# Algorithm, state_space_size, action_space_size, delay, sequence_length, reward_density, terminal_state_density, num_layers, layer_width,
DQN 8 8 0 1 0.25 0.25 3 128 944 0.7729468599033816 4.555555555555555
# Algorithm, state_space_size, action_space_size, delay, sequence_length, reward_density, terminal_state_density, num_layers, layer_width,
DQN 8 8 0 1 0.25 0.25 3 128 1476 0.43137254901960786 5.147058823529412
# Algorithm, state_space_size, action_space_size, delay, sequence_length, reward_density, terminal_state_density, num_layers, layer_width,
DQN 8 8 0 1 0.25 0.25 3 128 2008 1.2 4.909090909090909
# Algorithm, state_space_size, action_space_size, delay, sequence_length, reward_density, terminal_state_density, num_layers, layer_width,
DQN 8 8 0 1 0.25 0.25 3 128 2560 1.19 4.82
# Algorithm, state_space_size, action_space_size, delay, sequence_length, reward_density, terminal_state_density, num_layers, layer_width,
DQN 8 8 0 1 0.25 0.25 3 128 3108 8.21 15.06
# Algorithm, state_space_size, action_space_size, delay, sequence_length, reward_density, terminal_state_density, num_layers, layer_width,
DQN 8 8 0 1 0.25 0.25 3 128 3668 11.14 18.02
# Algorithm, state_space_size, action_space_size, delay, sequence_length, reward_density, terminal_state_density, num_layers, layer_width,
DQN 8 8 0 1 0.25 0.25 3 128 4236 16.22 23.05
# Algorithm, state_space_size, action_space_size, delay, sequence_length, reward_density, terminal_state_density, num_layers, layer_width,
DQN 8 8 0 1 0.25 0.25 3 128 4792 16.22 23.05
# Algorithm, state_space_size, action_space_size, delay, sequence_length, reward_density, terminal_state_density, num_layers, layer_width,
DQN 8 8 0 1 0.25 0.25 3 128 5344 29.27 36.23
# Algorithm, state_space_size, action_space_size, delay, sequence_length, reward_density, terminal_state_density, num_layers, layer_width,
DQN 8 8 0 1 0.25 0.25 3 128 5896 36.4 43.39
# Algorithm, state_space_size, action_space_size, delay, sequence_length, reward_density, terminal_state_density, num_layers, layer_width,
DQN 8 8 0 1 0.25 0.25 3 128 6456 41.2 47.99
# Algorithm, state_space_size, action_space_size, delay, sequence_length, reward_density, terminal_state_density, num_layers, layer_width,
DQN 8 8 0 1 0.25 0.25 3 128 7032 42.64 49.46
# Algorithm, state_space_size, action_space_size, delay, sequence_length, reward_density, terminal_state_density, num_layers, layer_width,
DQN 8 8 0 1 0.25 0.25 3 128 7584 52.28 58.58
# Algorithm, state_space_size, action_space_size, delay, sequence_length, reward_density, terminal_state_density, num_layers, layer_width,
DQN 8 8 0 1 0.25 0.25 3 128 8152 52.28 58.58
# Algorithm, state_space_size, action_space_size, delay, sequence_length, reward_density, terminal_state_density, num_layers, layer_width,
DQN 8 8 0 1 0.25 0.25 3 128 8704 59.66 65.98
# Algorithm, state_space_size, action_space_size, delay, sequence_length, reward_density, terminal_state_density, num_layers, layer_width,
DQN 8 8 0 1 0.25 0.25 3 128 9268 65.36 71.74
# Algorithm, state_space_size, action_space_size, delay, sequence_length, reward_density, terminal_state_density, num_layers, layer_width,
DQN 8 8 0 1 0.25 0.25 3 128 9832 70.77 77.18
# Algorithm, state_space_size, action_space_size, delay, sequence_length, reward_density, terminal_state_density, num_layers, layer_width,
DQN 8 8 0 1 0.25 0.25 3 128 10380 78.81 85.25
# Algorithm, state_space_size, action_space_size, delay, sequence_length, reward_density, terminal_state_density, num_layers, layer_width,
DQN 8 8 0 1 0.25 0.25 3 128 10928 84.93 91.43
# Algorithm, state_space_size, action_space_size, delay, sequence_length, reward_density, terminal_state_density, num_layers, layer_width,
DQN 8 8 0 1 0.25 0.25 3 128 11488 84.93 91.43
# Algorithm, state_space_size, action_space_size, delay, sequence_length, reward_density, terminal_state_density, num_layers, layer_width,
DQN 8 8 0 1 0.25 0.25 3 128 12036 95.59 102.0
# Algorithm, state_space_size, action_space_size, delay, sequence_length, reward_density, terminal_state_density, num_layers, layer_width,
DQN 8 8 0 1 0.25 0.25 3 128 12592 101.18 107.57
# Algorithm, state_space_size, action_space_size, delay, sequence_length, reward_density, terminal_state_density, num_layers, layer_width,
DQN 8 8 0 1 0.25 0.25 3 128 13140 105.7 112.06
# Algorithm, state_space_size, action_space_size, delay, sequence_length, reward_density, terminal_state_density, num_layers, layer_width,
DQN 8 8 0 1 0.25 0.25 3 128 13700 105.7 112.06
# Algorithm, state_space_size, action_space_size, delay, sequence_length, reward_density, terminal_state_density, num_layers, layer_width,
DQN 8 8 0 1 0.25 0.25 3 128 14248 115.71 122.08
# Algorithm, state_space_size, action_space_size, delay, sequence_length, reward_density, terminal_state_density, num_layers, layer_width,
DQN 8 8 0 1 0.25 0.25 3 128 14796 123.67 130.08
# Algorithm, state_space_size, action_space_size, delay, sequence_length, reward_density, terminal_state_density, num_layers, layer_width,
DQN 8 8 0 1 0.25 0.25 3 128 15352 128.81 135.24
# Algorithm, state_space_size, action_space_size, delay, sequence_length, reward_density, terminal_state_density, num_layers, layer_width,
DQN 8 8 0 1 0.25 0.25 3 128 15920 128.81 135.24
# Algorithm, state_space_size, action_space_size, delay, sequence_length, reward_density, terminal_state_density, num_layers, layer_width,
DQN 8 8 0 1 0.25 0.25 3 128 16476 139.88 146.4
# Algorithm, state_space_size, action_space_size, delay, sequence_length, reward_density, terminal_state_density, num_layers, layer_width,
DQN 8 8 0 1 0.25 0.25 3 128 17012 145.58 152.02
# Algorithm, state_space_size, action_space_size, delay, sequence_length, reward_density, terminal_state_density, num_layers, layer_width,
DQN 8 8 0 1 0.25 0.25 3 128 17572 145.58 152.02
# Algorithm, state_space_size, action_space_size, delay, sequence_length, reward_density, terminal_state_density, num_layers, layer_width,
DQN 8 8 0 1 0.25 0.25 3 128 18116 155.58 162.08
# Algorithm, state_space_size, action_space_size, delay, sequence_length, reward_density, terminal_state_density, num_layers, layer_width,
DQN 8 8 0 1 0.25 0.25 3 128 18672 161.64 168.14
# Algorithm, state_space_size, action_space_size, delay, sequence_length, reward_density, terminal_state_density, num_layers, layer_width,
DQN 8 8 0 1 0.25 0.25 3 128 19228 167.39 173.84
# Algorithm, state_space_size, action_space_size, delay, sequence_length, reward_density, terminal_state_density, num_layers, layer_width,
DQN 8 8 0 1 0.25 0.25 3 128 19780 173.1 179.58
# Algorithm, state_space_size, action_space_size, delay, sequence_length, reward_density, terminal_state_density, num_layers, layer_width,
DQN 8 8 0 1 0.25 0.25 3 128 20336 177.1 183.58
# Algorithm, state_space_size, action_space_size, delay, sequence_length, reward_density, terminal_state_density, num_layers, layer_width,
DQN 8 8 0 1 0.25 0.25 4 8 984 0.6387832699619772 3.741444866920152
# Algorithm, state_space_size, action_space_size, delay, sequence_length, reward_density, terminal_state_density, num_layers, layer_width,
DQN 8 8 0 1 0.25 0.25 4 8 1508 1.29 5.74
# Algorithm, state_space_size, action_space_size, delay, sequence_length, reward_density, terminal_state_density, num_layers, layer_width,
DQN 8 8 0 1 0.25 0.25 4 8 2076 3.06 8.13
# Algorithm, state_space_size, action_space_size, delay, sequence_length, reward_density, terminal_state_density, num_layers, layer_width,
DQN 8 8 0 1 0.25 0.25 4 8 2656 6.75 12.43
# Algorithm, state_space_size, action_space_size, delay, sequence_length, reward_density, terminal_state_density, num_layers, layer_width,
DQN 8 8 0 1 0.25 0.25 4 8 3252 7.98 18.35
# Algorithm, state_space_size, action_space_size, delay, sequence_length, reward_density, terminal_state_density, num_layers, layer_width,
DQN 8 8 0 1 0.25 0.25 4 8 3844 8.04 21.65
# Algorithm, state_space_size, action_space_size, delay, sequence_length, reward_density, terminal_state_density, num_layers, layer_width,
DQN 8 8 0 1 0.25 0.25 4 8 4444 8.04 29.12
# Algorithm, state_space_size, action_space_size, delay, sequence_length, reward_density, terminal_state_density, num_layers, layer_width,
DQN 8 8 0 1 0.25 0.25 4 8 5028 11.63 36.52
# Algorithm, state_space_size, action_space_size, delay, sequence_length, reward_density, terminal_state_density, num_layers, layer_width,
DQN 8 8 0 1 0.25 0.25 4 8 5612 12.58 40.26
# Algorithm, state_space_size, action_space_size, delay, sequence_length, reward_density, terminal_state_density, num_layers, layer_width,
DQN 8 8 0 1 0.25 0.25 4 8 6188 15.87 46.9
# Algorithm, state_space_size, action_space_size, delay, sequence_length, reward_density, terminal_state_density, num_layers, layer_width,
DQN 8 8 0 1 0.25 0.25 4 8 6760 17.42 50.75
# Algorithm, state_space_size, action_space_size, delay, sequence_length, reward_density, terminal_state_density, num_layers, layer_width,
DQN 8 8 0 1 0.25 0.25 4 8 7348 21.96 58.39
# Algorithm, state_space_size, action_space_size, delay, sequence_length, reward_density, terminal_state_density, num_layers, layer_width,
DQN 8 8 0 1 0.25 0.25 4 8 7916 21.95 61.38
# Algorithm, state_space_size, action_space_size, delay, sequence_length, reward_density, terminal_state_density, num_layers, layer_width,
DQN 8 8 0 1 0.25 0.25 4 8 8488 23.37 67.04
# Algorithm, state_space_size, action_space_size, delay, sequence_length, reward_density, terminal_state_density, num_layers, layer_width,
DQN 8 8 0 1 0.25 0.25 4 8 9100 27.3 74.52
# Algorithm, state_space_size, action_space_size, delay, sequence_length, reward_density, terminal_state_density, num_layers, layer_width,
DQN 8 8 0 1 0.25 0.25 4 8 9692 27.11 79.82
# Algorithm, state_space_size, action_space_size, delay, sequence_length, reward_density, terminal_state_density, num_layers, layer_width,
DQN 8 8 0 1 0.25 0.25 4 8 10256 27.07 83.83
# Algorithm, state_space_size, action_space_size, delay, sequence_length, reward_density, terminal_state_density, num_layers, layer_width,
DQN 8 8 0 1 0.25 0.25 4 8 10852 27.84 90.74
# Algorithm, state_space_size, action_space_size, delay, sequence_length, reward_density, terminal_state_density, num_layers, layer_width,
DQN 8 8 0 1 0.25 0.25 4 8 11436 28.94 92.27
# Algorithm, state_space_size, action_space_size, delay, sequence_length, reward_density, terminal_state_density, num_layers, layer_width,
DQN 8 8 0 1 0.25 0.25 4 8 12012 28.94 92.27
# Algorithm, state_space_size, action_space_size, delay, sequence_length, reward_density, terminal_state_density, num_layers, layer_width,
DQN 8 8 0 1 0.25 0.25 4 8 12596 39.87 107.81
# Algorithm, state_space_size, action_space_size, delay, sequence_length, reward_density, terminal_state_density, num_layers, layer_width,
DQN 8 8 0 1 0.25 0.25 4 8 13168 39.87 107.81
# Algorithm, state_space_size, action_space_size, delay, sequence_length, reward_density, terminal_state_density, num_layers, layer_width,
DQN 8 8 0 1 0.25 0.25 4 8 13756 48.63 119.49
# Algorithm, state_space_size, action_space_size, delay, sequence_length, reward_density, terminal_state_density, num_layers, layer_width,
DQN 8 8 0 1 0.25 0.25 4 8 14328 48.63 122.32
# Algorithm, state_space_size, action_space_size, delay, sequence_length, reward_density, terminal_state_density, num_layers, layer_width,
DQN 8 8 0 1 0.25 0.25 4 8 14900 53.23 130.52
# Algorithm, state_space_size, action_space_size, delay, sequence_length, reward_density, terminal_state_density, num_layers, layer_width,
DQN 8 8 0 1 0.25 0.25 4 8 15484 55.54 133.01
# Algorithm, state_space_size, action_space_size, delay, sequence_length, reward_density, terminal_state_density, num_layers, layer_width,
DQN 8 8 0 1 0.25 0.25 4 8 16064 58.36 140.35
# Algorithm, state_space_size, action_space_size, delay, sequence_length, reward_density, terminal_state_density, num_layers, layer_width,
DQN 8 8 0 1 0.25 0.25 4 8 16644 58.46 147.26
# Algorithm, state_space_size, action_space_size, delay, sequence_length, reward_density, terminal_state_density, num_layers, layer_width,
DQN 8 8 0 1 0.25 0.25 4 8 17204 59.97 152.55
# Algorithm, state_space_size, action_space_size, delay, sequence_length, reward_density, terminal_state_density, num_layers, layer_width,
DQN 8 8 0 1 0.25 0.25 4 8 17796 63.42 157.77
# Algorithm, state_space_size, action_space_size, delay, sequence_length, reward_density, terminal_state_density, num_layers, layer_width,
DQN 8 8 0 1 0.25 0.25 4 8 18372 64.17 163.81
# Algorithm, state_space_size, action_space_size, delay, sequence_length, reward_density, terminal_state_density, num_layers, layer_width,
DQN 8 8 0 1 0.25 0.25 4 8 18944 64.06 165.4
# Algorithm, state_space_size, action_space_size, delay, sequence_length, reward_density, terminal_state_density, num_layers, layer_width,
DQN 8 8 0 1 0.25 0.25 4 8 19524 65.93 171.95
# Algorithm, state_space_size, action_space_size, delay, sequence_length, reward_density, terminal_state_density, num_layers, layer_width,
DQN 8 8 0 1 0.25 0.25 4 8 20100 72.44 180.4
# Algorithm, state_space_size, action_space_size, delay, sequence_length, reward_density, terminal_state_density, num_layers, layer_width,
DQN 8 8 0 1 0.25 0.25 4 32 952 0.6693227091633466 3.7808764940239046
# Algorithm, state_space_size, action_space_size, delay, sequence_length, reward_density, terminal_state_density, num_layers, layer_width,
DQN 8 8 0 1 0.25 0.25 4 32 1488 1.13 5.61
# Algorithm, state_space_size, action_space_size, delay, sequence_length, reward_density, terminal_state_density, num_layers, layer_width,
DQN 8 8 0 1 0.25 0.25 4 32 2056 0.6 6.28
# Algorithm, state_space_size, action_space_size, delay, sequence_length, reward_density, terminal_state_density, num_layers, layer_width,
DQN 8 8 0 1 0.25 0.25 4 32 2648 0.52 11.09
# Algorithm, state_space_size, action_space_size, delay, sequence_length, reward_density, terminal_state_density, num_layers, layer_width,
DQN 8 8 0 1 0.25 0.25 4 32 3220 0.59 14.16
# Algorithm, state_space_size, action_space_size, delay, sequence_length, reward_density, terminal_state_density, num_layers, layer_width,
DQN 8 8 0 1 0.25 0.25 4 32 3780 0.8125 6.026785714285714
# Algorithm, state_space_size, action_space_size, delay, sequence_length, reward_density, terminal_state_density, num_layers, layer_width,
DQN 8 8 0 1 0.25 0.25 4 32 4352 1.97 4.96
# Algorithm, state_space_size, action_space_size, delay, sequence_length, reward_density, terminal_state_density, num_layers, layer_width,
DQN 8 8 0 1 0.25 0.25 4 32 4940 5.46 10.93
# Algorithm, state_space_size, action_space_size, delay, sequence_length, reward_density, terminal_state_density, num_layers, layer_width,
DQN 8 8 0 1 0.25 0.25 4 32 5524 5.46 10.93
# Algorithm, state_space_size, action_space_size, delay, sequence_length, reward_density, terminal_state_density, num_layers, layer_width,
DQN 8 8 0 1 0.25 0.25 4 32 6108 10.47 22.41
# Algorithm, state_space_size, action_space_size, delay, sequence_length, reward_density, terminal_state_density, num_layers, layer_width,
DQN 8 8 0 1 0.25 0.25 4 32 6680 11.24 30.67
# Algorithm, state_space_size, action_space_size, delay, sequence_length, reward_density, terminal_state_density, num_layers, layer_width,
DQN 8 8 0 1 0.25 0.25 4 32 7264 12.94 32.37
# Algorithm, state_space_size, action_space_size, delay, sequence_length, reward_density, terminal_state_density, num_layers, layer_width,
DQN 8 8 0 1 0.25 0.25 4 32 7848 20.34 40.85
# Algorithm, state_space_size, action_space_size, delay, sequence_length, reward_density, terminal_state_density, num_layers, layer_width,
DQN 8 8 0 1 0.25 0.25 4 32 8448 25.01 45.84
# Algorithm, state_space_size, action_space_size, delay, sequence_length, reward_density, terminal_state_density, num_layers, layer_width,
DQN 8 8 0 1 0.25 0.25 4 32 9028 25.01 45.84
# Algorithm, state_space_size, action_space_size, delay, sequence_length, reward_density, terminal_state_density, num_layers, layer_width,
DQN 8 8 0 1 0.25 0.25 4 32 9612 32.63 59.62
# Algorithm, state_space_size, action_space_size, delay, sequence_length, reward_density, terminal_state_density, num_layers, layer_width,
DQN 8 8 0 1 0.25 0.25 4 32 10196 32.63 59.62
# Algorithm, state_space_size, action_space_size, delay, sequence_length, reward_density, terminal_state_density, num_layers, layer_width,
DQN 8 8 0 1 0.25 0.25 4 32 10792 38.1 67.59
# Algorithm, state_space_size, action_space_size, delay, sequence_length, reward_density, terminal_state_density, num_layers, layer_width,
DQN 8 8 0 1 0.25 0.25 4 32 11376 43.4 75.33
# Algorithm, state_space_size, action_space_size, delay, sequence_length, reward_density, terminal_state_density, num_layers, layer_width,
DQN 8 8 0 1 0.25 0.25 4 32 11936 44.89 82.64
# Algorithm, state_space_size, action_space_size, delay, sequence_length, reward_density, terminal_state_density, num_layers, layer_width,
DQN 8 8 0 1 0.25 0.25 4 32 12512 45.05 87.62
# Algorithm, state_space_size, action_space_size, delay, sequence_length, reward_density, terminal_state_density, num_layers, layer_width,
DQN 8 8 0 1 0.25 0.25 4 32 13100 50.11 92.95
# Algorithm, state_space_size, action_space_size, delay, sequence_length, reward_density, terminal_state_density, num_layers, layer_width,
DQN 8 8 0 1 0.25 0.25 4 32 13688 50.11 92.95
# Algorithm, state_space_size, action_space_size, delay, sequence_length, reward_density, terminal_state_density, num_layers, layer_width,
DQN 8 8 0 1 0.25 0.25 4 32 14268 54.2 104.04
# Algorithm, state_space_size, action_space_size, delay, sequence_length, reward_density, terminal_state_density, num_layers, layer_width,
DQN 8 8 0 1 0.25 0.25 4 32 14860 57.44 107.86
# Algorithm, state_space_size, action_space_size, delay, sequence_length, reward_density, terminal_state_density, num_layers, layer_width,
DQN 8 8 0 1 0.25 0.25 4 32 15448 64.49 117.53
# Algorithm, state_space_size, action_space_size, delay, sequence_length, reward_density, terminal_state_density, num_layers, layer_width,
DQN 8 8 0 1 0.25 0.25 4 32 16048 69.35 122.35
# Algorithm, state_space_size, action_space_size, delay, sequence_length, reward_density, terminal_state_density, num_layers, layer_width,
DQN 8 8 0 1 0.25 0.25 4 32 16620 69.35 122.35
# Algorithm, state_space_size, action_space_size, delay, sequence_length, reward_density, terminal_state_density, num_layers, layer_width,
DQN 8 8 0 1 0.25 0.25 4 32 17180 77.71 134.56
# Algorithm, state_space_size, action_space_size, delay, sequence_length, reward_density, terminal_state_density, num_layers, layer_width,
DQN 8 8 0 1 0.25 0.25 4 32 17756 80.47 139.51
# Algorithm, state_space_size, action_space_size, delay, sequence_length, reward_density, terminal_state_density, num_layers, layer_width,
DQN 8 8 0 1 0.25 0.25 4 32 18344 81.79 142.51
# Algorithm, state_space_size, action_space_size, delay, sequence_length, reward_density, terminal_state_density, num_layers, layer_width,
DQN 8 8 0 1 0.25 0.25 4 32 18912 85.35 151.55
# Algorithm, state_space_size, action_space_size, delay, sequence_length, reward_density, terminal_state_density, num_layers, layer_width,
DQN 8 8 0 1 0.25 0.25 4 32 19492 87.3 153.84
# Algorithm, state_space_size, action_space_size, delay, sequence_length, reward_density, terminal_state_density, num_layers, layer_width,
DQN 8 8 0 1 0.25 0.25 4 32 20060 87.3 153.84
# Algorithm, state_space_size, action_space_size, delay, sequence_length, reward_density, terminal_state_density, num_layers, layer_width,
DQN 8 8 0 1 0.25 0.25 4 128 968 0.5816733067729084 3.7888446215139444
# Algorithm, state_space_size, action_space_size, delay, sequence_length, reward_density, terminal_state_density, num_layers, layer_width,
DQN 8 8 0 1 0.25 0.25 4 128 1452 0.8359375 3.8984375
# Algorithm, state_space_size, action_space_size, delay, sequence_length, reward_density, terminal_state_density, num_layers, layer_width,
DQN 8 8 0 1 0.25 0.25 4 128 1948 0.5611814345991561 2.1012658227848102
# Algorithm, state_space_size, action_space_size, delay, sequence_length, reward_density, terminal_state_density, num_layers, layer_width,
DQN 8 8 0 1 0.25 0.25 4 128 2468 1.2912621359223302 2.325242718446602
# Algorithm, state_space_size, action_space_size, delay, sequence_length, reward_density, terminal_state_density, num_layers, layer_width,
DQN 8 8 0 1 0.25 0.25 4 128 3016 1.68 2.65
# Algorithm, state_space_size, action_space_size, delay, sequence_length, reward_density, terminal_state_density, num_layers, layer_width,
DQN 8 8 0 1 0.25 0.25 4 128 3536 8.6 9.64
# Algorithm, state_space_size, action_space_size, delay, sequence_length, reward_density, terminal_state_density, num_layers, layer_width,
DQN 8 8 0 1 0.25 0.25 4 128 4068 8.6 9.64
# Algorithm, state_space_size, action_space_size, delay, sequence_length, reward_density, terminal_state_density, num_layers, layer_width,
DQN 8 8 0 1 0.25 0.25 4 128 4616 8.6 9.64
# Algorithm, state_space_size, action_space_size, delay, sequence_length, reward_density, terminal_state_density, num_layers, layer_width,
DQN 8 8 0 1 0.25 0.25 4 128 5144 24.18 26.65
# Algorithm, state_space_size, action_space_size, delay, sequence_length, reward_density, terminal_state_density, num_layers, layer_width,
DQN 8 8 0 1 0.25 0.25 4 128 5672 28.17 30.67
# Algorithm, state_space_size, action_space_size, delay, sequence_length, reward_density, terminal_state_density, num_layers, layer_width,
DQN 8 8 0 1 0.25 0.25 4 128 6204 28.17 30.67
# Algorithm, state_space_size, action_space_size, delay, sequence_length, reward_density, terminal_state_density, num_layers, layer_width,
DQN 8 8 0 1 0.25 0.25 4 128 6732 42.35 44.91
# Algorithm, state_space_size, action_space_size, delay, sequence_length, reward_density, terminal_state_density, num_layers, layer_width,
DQN 8 8 0 1 0.25 0.25 4 128 7264 46.71 49.26
# Algorithm, state_space_size, action_space_size, delay, sequence_length, reward_density, terminal_state_density, num_layers, layer_width,
DQN 8 8 0 1 0.25 0.25 4 128 7788 53.04 55.64
# Algorithm, state_space_size, action_space_size, delay, sequence_length, reward_density, terminal_state_density, num_layers, layer_width,
DQN 8 8 0 1 0.25 0.25 4 128 8320 53.58 56.18
# Algorithm, state_space_size, action_space_size, delay, sequence_length, reward_density, terminal_state_density, num_layers, layer_width,
DQN 8 8 0 1 0.25 0.25 4 128 8856 59.32 61.97
# Algorithm, state_space_size, action_space_size, delay, sequence_length, reward_density, terminal_state_density, num_layers, layer_width,
DQN 8 8 0 1 0.25 0.25 4 128 9376 68.89 71.6
# Algorithm, state_space_size, action_space_size, delay, sequence_length, reward_density, terminal_state_density, num_layers, layer_width,
DQN 8 8 0 1 0.25 0.25 4 128 9888 73.96 76.72
# Algorithm, state_space_size, action_space_size, delay, sequence_length, reward_density, terminal_state_density, num_layers, layer_width,
DQN 8 8 0 1 0.25 0.25 4 128 10392 78.93 81.72
# Algorithm, state_space_size, action_space_size, delay, sequence_length, reward_density, terminal_state_density, num_layers, layer_width,
DQN 8 8 0 1 0.25 0.25 4 128 10924 81.18 83.98
# Algorithm, state_space_size, action_space_size, delay, sequence_length, reward_density, terminal_state_density, num_layers, layer_width,
DQN 8 8 0 1 0.25 0.25 4 128 11408 88.5 91.36
# Algorithm, state_space_size, action_space_size, delay, sequence_length, reward_density, terminal_state_density, num_layers, layer_width,
DQN 8 8 0 1 0.25 0.25 4 128 11932 93.52 96.38
# Algorithm, state_space_size, action_space_size, delay, sequence_length, reward_density, terminal_state_density, num_layers, layer_width,
DQN 8 8 0 1 0.25 0.25 4 128 12456 97.74 101.21
# Algorithm, state_space_size, action_space_size, delay, sequence_length, reward_density, terminal_state_density, num_layers, layer_width,
DQN 8 8 0 1 0.25 0.25 4 128 12988 103.9 107.39
# Algorithm, state_space_size, action_space_size, delay, sequence_length, reward_density, terminal_state_density, num_layers, layer_width,
DQN 8 8 0 1 0.25 0.25 4 128 13516 108.16 112.33
# Algorithm, state_space_size, action_space_size, delay, sequence_length, reward_density, terminal_state_density, num_layers, layer_width,
DQN 8 8 0 1 0.25 0.25 4 128 14056 108.16 112.33
# Algorithm, state_space_size, action_space_size, delay, sequence_length, reward_density, terminal_state_density, num_layers, layer_width,
DQN 8 8 0 1 0.25 0.25 4 128 14592 118.46 122.68
# Algorithm, state_space_size, action_space_size, delay, sequence_length, reward_density, terminal_state_density, num_layers, layer_width,
DQN 8 8 0 1 0.25 0.25 4 128 15136 118.46 122.68
# Algorithm, state_space_size, action_space_size, delay, sequence_length, reward_density, terminal_state_density, num_layers, layer_width,
DQN 8 8 0 1 0.25 0.25 4 128 15676 129.53 133.83
# Algorithm, state_space_size, action_space_size, delay, sequence_length, reward_density, terminal_state_density, num_layers, layer_width,
DQN 8 8 0 1 0.25 0.25 4 128 16208 133.54 137.92
# Algorithm, state_space_size, action_space_size, delay, sequence_length, reward_density, terminal_state_density, num_layers, layer_width,
DQN 8 8 0 1 0.25 0.25 4 128 16728 136.95 141.39
# Algorithm, state_space_size, action_space_size, delay, sequence_length, reward_density, terminal_state_density, num_layers, layer_width,
DQN 8 8 0 1 0.25 0.25 4 128 17244 140.18 144.62
# Algorithm, state_space_size, action_space_size, delay, sequence_length, reward_density, terminal_state_density, num_layers, layer_width,
DQN 8 8 0 1 0.25 0.25 4 128 17716 147.66 152.13
# Algorithm, state_space_size, action_space_size, delay, sequence_length, reward_density, terminal_state_density, num_layers, layer_width,
DQN 8 8 0 1 0.25 0.25 4 128 18168 154.23 158.74
# Algorithm, state_space_size, action_space_size, delay, sequence_length, reward_density, terminal_state_density, num_layers, layer_width,
DQN 8 8 0 1 0.25 0.25 4 128 18700 159.51 164.1
# Algorithm, state_space_size, action_space_size, delay, sequence_length, reward_density, terminal_state_density, num_layers, layer_width,
DQN 8 8 0 1 0.25 0.25 4 128 19232 159.51 164.1
# Algorithm, state_space_size, action_space_size, delay, sequence_length, reward_density, terminal_state_density, num_layers, layer_width,
DQN 8 8 0 1 0.25 0.25 4 128 19768 169.76 174.45
# Algorithm, state_space_size, action_space_size, delay, sequence_length, reward_density, terminal_state_density, num_layers, layer_width,
DQN 8 8 0 1 0.25 0.25 4 128 20304 172.97 177.7
