# Algorithm, state_space_size, action_space_size, delay, sequence_length, reward_density, terminal_state_density, num_layers, layer_width,
DQN 8 8 0 1 0.25 0.25 1 128 1004 0.69140625 3.921875
# Algorithm, state_space_size, action_space_size, delay, sequence_length, reward_density, terminal_state_density, num_layers, layer_width,
DQN 8 8 0 1 0.25 0.25 1 128 1572 0.8596491228070176 4.9298245614035086
# Algorithm, state_space_size, action_space_size, delay, sequence_length, reward_density, terminal_state_density, num_layers, layer_width,
DQN 8 8 0 1 0.25 0.25 1 128 2172 3.01 9.01
# Algorithm, state_space_size, action_space_size, delay, sequence_length, reward_density, terminal_state_density, num_layers, layer_width,
DQN 8 8 0 1 0.25 0.25 1 128 2780 5.38 13.72
# Algorithm, state_space_size, action_space_size, delay, sequence_length, reward_density, terminal_state_density, num_layers, layer_width,
DQN 8 8 0 1 0.25 0.25 1 128 3376 7.79 18.45
# Algorithm, state_space_size, action_space_size, delay, sequence_length, reward_density, terminal_state_density, num_layers, layer_width,
DQN 8 8 0 1 0.25 0.25 1 128 3972 11.31 25.52
# Algorithm, state_space_size, action_space_size, delay, sequence_length, reward_density, terminal_state_density, num_layers, layer_width,
DQN 8 8 0 1 0.25 0.25 1 128 4568 14.61 32.06
# Algorithm, state_space_size, action_space_size, delay, sequence_length, reward_density, terminal_state_density, num_layers, layer_width,
DQN 8 8 0 1 0.25 0.25 1 128 5160 17.36 37.52
# Algorithm, state_space_size, action_space_size, delay, sequence_length, reward_density, terminal_state_density, num_layers, layer_width,
DQN 8 8 0 1 0.25 0.25 1 128 5752 17.36 37.52
# Algorithm, state_space_size, action_space_size, delay, sequence_length, reward_density, terminal_state_density, num_layers, layer_width,
DQN 8 8 0 1 0.25 0.25 1 128 6364 22.57 47.95
# Algorithm, state_space_size, action_space_size, delay, sequence_length, reward_density, terminal_state_density, num_layers, layer_width,
DQN 8 8 0 1 0.25 0.25 1 128 6956 22.57 47.95
# Algorithm, state_space_size, action_space_size, delay, sequence_length, reward_density, terminal_state_density, num_layers, layer_width,
DQN 8 8 0 1 0.25 0.25 1 128 7548 27.35 57.5
# Algorithm, state_space_size, action_space_size, delay, sequence_length, reward_density, terminal_state_density, num_layers, layer_width,
DQN 8 8 0 1 0.25 0.25 1 128 8164 31.9 66.61
# Algorithm, state_space_size, action_space_size, delay, sequence_length, reward_density, terminal_state_density, num_layers, layer_width,
DQN 8 8 0 1 0.25 0.25 1 128 8768 32.96 68.75
# Algorithm, state_space_size, action_space_size, delay, sequence_length, reward_density, terminal_state_density, num_layers, layer_width,
DQN 8 8 0 1 0.25 0.25 1 128 9360 38.65 80.13
# Algorithm, state_space_size, action_space_size, delay, sequence_length, reward_density, terminal_state_density, num_layers, layer_width,
DQN 8 8 0 1 0.25 0.25 1 128 9956 39.43 81.59
# Algorithm, state_space_size, action_space_size, delay, sequence_length, reward_density, terminal_state_density, num_layers, layer_width,
DQN 8 8 0 1 0.25 0.25 1 128 10552 43.95 90.65
# Algorithm, state_space_size, action_space_size, delay, sequence_length, reward_density, terminal_state_density, num_layers, layer_width,
DQN 8 8 0 1 0.25 0.25 1 128 11148 45.9 94.5
# Algorithm, state_space_size, action_space_size, delay, sequence_length, reward_density, terminal_state_density, num_layers, layer_width,
DQN 8 8 0 1 0.25 0.25 1 128 11748 49.94 102.48
# Algorithm, state_space_size, action_space_size, delay, sequence_length, reward_density, terminal_state_density, num_layers, layer_width,
DQN 8 8 0 1 0.25 0.25 1 128 12336 52.91 108.43
# Algorithm, state_space_size, action_space_size, delay, sequence_length, reward_density, terminal_state_density, num_layers, layer_width,
DQN 8 8 0 1 0.25 0.25 1 128 12920 56.1 114.74
# Algorithm, state_space_size, action_space_size, delay, sequence_length, reward_density, terminal_state_density, num_layers, layer_width,
DQN 8 8 0 1 0.25 0.25 1 128 13508 58.72 119.97
# Algorithm, state_space_size, action_space_size, delay, sequence_length, reward_density, terminal_state_density, num_layers, layer_width,
DQN 8 8 0 1 0.25 0.25 1 128 14108 60.88 124.27
# Algorithm, state_space_size, action_space_size, delay, sequence_length, reward_density, terminal_state_density, num_layers, layer_width,
DQN 8 8 0 1 0.25 0.25 1 128 14704 60.88 124.27
# Algorithm, state_space_size, action_space_size, delay, sequence_length, reward_density, terminal_state_density, num_layers, layer_width,
DQN 8 8 0 1 0.25 0.25 1 128 15284 66.53 135.62
# Algorithm, state_space_size, action_space_size, delay, sequence_length, reward_density, terminal_state_density, num_layers, layer_width,
DQN 8 8 0 1 0.25 0.25 1 128 15892 70.95 144.47
# Algorithm, state_space_size, action_space_size, delay, sequence_length, reward_density, terminal_state_density, num_layers, layer_width,
DQN 8 8 0 1 0.25 0.25 1 128 16492 72.67 147.94
# Algorithm, state_space_size, action_space_size, delay, sequence_length, reward_density, terminal_state_density, num_layers, layer_width,
DQN 8 8 0 1 0.25 0.25 1 128 17084 75.53 153.73
# Algorithm, state_space_size, action_space_size, delay, sequence_length, reward_density, terminal_state_density, num_layers, layer_width,
DQN 8 8 0 1 0.25 0.25 1 128 17684 77.76 158.22
# Algorithm, state_space_size, action_space_size, delay, sequence_length, reward_density, terminal_state_density, num_layers, layer_width,
DQN 8 8 0 1 0.25 0.25 1 128 18292 82.81 168.36
# Algorithm, state_space_size, action_space_size, delay, sequence_length, reward_density, terminal_state_density, num_layers, layer_width,
DQN 8 8 0 1 0.25 0.25 1 128 18884 84.48 171.64
# Algorithm, state_space_size, action_space_size, delay, sequence_length, reward_density, terminal_state_density, num_layers, layer_width,
DQN 8 8 0 1 0.25 0.25 1 128 19488 87.25 177.23
# Algorithm, state_space_size, action_space_size, delay, sequence_length, reward_density, terminal_state_density, num_layers, layer_width,
DQN 8 8 0 1 0.25 0.25 1 128 20080 91.39 185.55
# Algorithm, state_space_size, action_space_size, delay, sequence_length, reward_density, terminal_state_density, num_layers, layer_width,
DQN 8 8 0 1 0.25 0.25 1 256 988 0.6639676113360324 3.9919028340080973
# Algorithm, state_space_size, action_space_size, delay, sequence_length, reward_density, terminal_state_density, num_layers, layer_width,
DQN 8 8 0 1 0.25 0.25 1 256 1524 0.6356589147286822 4.155038759689923
# Algorithm, state_space_size, action_space_size, delay, sequence_length, reward_density, terminal_state_density, num_layers, layer_width,
DQN 8 8 0 1 0.25 0.25 1 256 2088 2.32 6.97
# Algorithm, state_space_size, action_space_size, delay, sequence_length, reward_density, terminal_state_density, num_layers, layer_width,
DQN 8 8 0 1 0.25 0.25 1 256 2660 2.32 6.97
# Algorithm, state_space_size, action_space_size, delay, sequence_length, reward_density, terminal_state_density, num_layers, layer_width,
DQN 8 8 0 1 0.25 0.25 1 256 3256 7.93 18.24
# Algorithm, state_space_size, action_space_size, delay, sequence_length, reward_density, terminal_state_density, num_layers, layer_width,
DQN 8 8 0 1 0.25 0.25 1 256 3844 11.07 24.52
# Algorithm, state_space_size, action_space_size, delay, sequence_length, reward_density, terminal_state_density, num_layers, layer_width,
DQN 8 8 0 1 0.25 0.25 1 256 4444 14.05 30.41
# Algorithm, state_space_size, action_space_size, delay, sequence_length, reward_density, terminal_state_density, num_layers, layer_width,
DQN 8 8 0 1 0.25 0.25 1 256 5036 14.05 30.41
# Algorithm, state_space_size, action_space_size, delay, sequence_length, reward_density, terminal_state_density, num_layers, layer_width,
DQN 8 8 0 1 0.25 0.25 1 256 5640 18.2 38.68
# Algorithm, state_space_size, action_space_size, delay, sequence_length, reward_density, terminal_state_density, num_layers, layer_width,
DQN 8 8 0 1 0.25 0.25 1 256 6232 23.26 47.37
# Algorithm, state_space_size, action_space_size, delay, sequence_length, reward_density, terminal_state_density, num_layers, layer_width,
DQN 8 8 0 1 0.25 0.25 1 256 6840 26.77 50.9
# Algorithm, state_space_size, action_space_size, delay, sequence_length, reward_density, terminal_state_density, num_layers, layer_width,
DQN 8 8 0 1 0.25 0.25 1 256 7436 32.74 56.91
# Algorithm, state_space_size, action_space_size, delay, sequence_length, reward_density, terminal_state_density, num_layers, layer_width,
DQN 8 8 0 1 0.25 0.25 1 256 8024 40.93 65.18
# Algorithm, state_space_size, action_space_size, delay, sequence_length, reward_density, terminal_state_density, num_layers, layer_width,
DQN 8 8 0 1 0.25 0.25 1 256 8608 40.93 65.18
# Algorithm, state_space_size, action_space_size, delay, sequence_length, reward_density, terminal_state_density, num_layers, layer_width,
DQN 8 8 0 1 0.25 0.25 1 256 9192 51.84 75.99
# Algorithm, state_space_size, action_space_size, delay, sequence_length, reward_density, terminal_state_density, num_layers, layer_width,
DQN 8 8 0 1 0.25 0.25 1 256 9772 51.84 75.99
# Algorithm, state_space_size, action_space_size, delay, sequence_length, reward_density, terminal_state_density, num_layers, layer_width,
DQN 8 8 0 1 0.25 0.25 1 256 10348 63.51 87.77
# Algorithm, state_space_size, action_space_size, delay, sequence_length, reward_density, terminal_state_density, num_layers, layer_width,
DQN 8 8 0 1 0.25 0.25 1 256 10944 69.81 94.11
# Algorithm, state_space_size, action_space_size, delay, sequence_length, reward_density, terminal_state_density, num_layers, layer_width,
DQN 8 8 0 1 0.25 0.25 1 256 11516 69.81 94.11
# Algorithm, state_space_size, action_space_size, delay, sequence_length, reward_density, terminal_state_density, num_layers, layer_width,
DQN 8 8 0 1 0.25 0.25 1 256 12092 69.81 94.11
# Algorithm, state_space_size, action_space_size, delay, sequence_length, reward_density, terminal_state_density, num_layers, layer_width,
DQN 8 8 0 1 0.25 0.25 1 256 12676 86.14 110.49
# Algorithm, state_space_size, action_space_size, delay, sequence_length, reward_density, terminal_state_density, num_layers, layer_width,
DQN 8 8 0 1 0.25 0.25 1 256 13268 88.37 112.74
# Algorithm, state_space_size, action_space_size, delay, sequence_length, reward_density, terminal_state_density, num_layers, layer_width,
DQN 8 8 0 1 0.25 0.25 1 256 13848 99.27 123.63
# Algorithm, state_space_size, action_space_size, delay, sequence_length, reward_density, terminal_state_density, num_layers, layer_width,
DQN 8 8 0 1 0.25 0.25 1 256 14440 104.2 128.58
# Algorithm, state_space_size, action_space_size, delay, sequence_length, reward_density, terminal_state_density, num_layers, layer_width,
DQN 8 8 0 1 0.25 0.25 1 256 15024 110.35 134.81
# Algorithm, state_space_size, action_space_size, delay, sequence_length, reward_density, terminal_state_density, num_layers, layer_width,
DQN 8 8 0 1 0.25 0.25 1 256 15612 116.38 140.69
# Algorithm, state_space_size, action_space_size, delay, sequence_length, reward_density, terminal_state_density, num_layers, layer_width,
DQN 8 8 0 1 0.25 0.25 1 256 16204 119.85 144.12
# Algorithm, state_space_size, action_space_size, delay, sequence_length, reward_density, terminal_state_density, num_layers, layer_width,
DQN 8 8 0 1 0.25 0.25 1 256 16804 123.73 148.01
# Algorithm, state_space_size, action_space_size, delay, sequence_length, reward_density, terminal_state_density, num_layers, layer_width,
DQN 8 8 0 1 0.25 0.25 1 256 17392 131.58 155.86
# Algorithm, state_space_size, action_space_size, delay, sequence_length, reward_density, terminal_state_density, num_layers, layer_width,
DQN 8 8 0 1 0.25 0.25 1 256 17972 138.25 162.55
# Algorithm, state_space_size, action_space_size, delay, sequence_length, reward_density, terminal_state_density, num_layers, layer_width,
DQN 8 8 0 1 0.25 0.25 1 256 18576 140.75 165.07
# Algorithm, state_space_size, action_space_size, delay, sequence_length, reward_density, terminal_state_density, num_layers, layer_width,
DQN 8 8 0 1 0.25 0.25 1 256 19164 150.43 174.83
# Algorithm, state_space_size, action_space_size, delay, sequence_length, reward_density, terminal_state_density, num_layers, layer_width,
DQN 8 8 0 1 0.25 0.25 1 256 19764 156.61 181.08
# Algorithm, state_space_size, action_space_size, delay, sequence_length, reward_density, terminal_state_density, num_layers, layer_width,
DQN 8 8 0 1 0.25 0.25 1 256 20356 159.11 183.59
# Algorithm, state_space_size, action_space_size, delay, sequence_length, reward_density, terminal_state_density, num_layers, layer_width,
DQN 8 8 0 1 0.25 0.25 1 512 964 0.72 3.84
# Algorithm, state_space_size, action_space_size, delay, sequence_length, reward_density, terminal_state_density, num_layers, layer_width,
DQN 8 8 0 1 0.25 0.25 1 512 1512 0.55 5.59
# Algorithm, state_space_size, action_space_size, delay, sequence_length, reward_density, terminal_state_density, num_layers, layer_width,
DQN 8 8 0 1 0.25 0.25 1 512 2088 3.45 10.09
# Algorithm, state_space_size, action_space_size, delay, sequence_length, reward_density, terminal_state_density, num_layers, layer_width,
DQN 8 8 0 1 0.25 0.25 1 512 2668 9.1 15.81
# Algorithm, state_space_size, action_space_size, delay, sequence_length, reward_density, terminal_state_density, num_layers, layer_width,
DQN 8 8 0 1 0.25 0.25 1 512 3256 9.1 15.81
# Algorithm, state_space_size, action_space_size, delay, sequence_length, reward_density, terminal_state_density, num_layers, layer_width,
DQN 8 8 0 1 0.25 0.25 1 512 3824 9.1 15.81
# Algorithm, state_space_size, action_space_size, delay, sequence_length, reward_density, terminal_state_density, num_layers, layer_width,
DQN 8 8 0 1 0.25 0.25 1 512 4404 26.08 32.84
# Algorithm, state_space_size, action_space_size, delay, sequence_length, reward_density, terminal_state_density, num_layers, layer_width,
DQN 8 8 0 1 0.25 0.25 1 512 4964 29.34 36.11
# Algorithm, state_space_size, action_space_size, delay, sequence_length, reward_density, terminal_state_density, num_layers, layer_width,
DQN 8 8 0 1 0.25 0.25 1 512 5556 36.09 42.9
# Algorithm, state_space_size, action_space_size, delay, sequence_length, reward_density, terminal_state_density, num_layers, layer_width,
DQN 8 8 0 1 0.25 0.25 1 512 6144 42.32 49.12
# Algorithm, state_space_size, action_space_size, delay, sequence_length, reward_density, terminal_state_density, num_layers, layer_width,
DQN 8 8 0 1 0.25 0.25 1 512 6712 45.74 52.56
# Algorithm, state_space_size, action_space_size, delay, sequence_length, reward_density, terminal_state_density, num_layers, layer_width,
DQN 8 8 0 1 0.25 0.25 1 512 7280 50.55 57.15
# Algorithm, state_space_size, action_space_size, delay, sequence_length, reward_density, terminal_state_density, num_layers, layer_width,
DQN 8 8 0 1 0.25 0.25 1 512 7856 50.55 57.15
# Algorithm, state_space_size, action_space_size, delay, sequence_length, reward_density, terminal_state_density, num_layers, layer_width,
DQN 8 8 0 1 0.25 0.25 1 512 8428 62.85 69.15
# Algorithm, state_space_size, action_space_size, delay, sequence_length, reward_density, terminal_state_density, num_layers, layer_width,
DQN 8 8 0 1 0.25 0.25 1 512 9004 62.85 69.15
# Algorithm, state_space_size, action_space_size, delay, sequence_length, reward_density, terminal_state_density, num_layers, layer_width,
DQN 8 8 0 1 0.25 0.25 1 512 9596 62.85 69.15
# Algorithm, state_space_size, action_space_size, delay, sequence_length, reward_density, terminal_state_density, num_layers, layer_width,
DQN 8 8 0 1 0.25 0.25 1 512 10160 62.85 69.15
# Algorithm, state_space_size, action_space_size, delay, sequence_length, reward_density, terminal_state_density, num_layers, layer_width,
DQN 8 8 0 1 0.25 0.25 1 512 10732 62.85 69.15
# Algorithm, state_space_size, action_space_size, delay, sequence_length, reward_density, terminal_state_density, num_layers, layer_width,
DQN 8 8 0 1 0.25 0.25 1 512 11312 91.99 98.34
# Algorithm, state_space_size, action_space_size, delay, sequence_length, reward_density, terminal_state_density, num_layers, layer_width,
DQN 8 8 0 1 0.25 0.25 1 512 11888 91.99 98.34
# Algorithm, state_space_size, action_space_size, delay, sequence_length, reward_density, terminal_state_density, num_layers, layer_width,
DQN 8 8 0 1 0.25 0.25 1 512 12472 91.99 98.34
# Algorithm, state_space_size, action_space_size, delay, sequence_length, reward_density, terminal_state_density, num_layers, layer_width,
DQN 8 8 0 1 0.25 0.25 1 512 13036 109.55 115.96
# Algorithm, state_space_size, action_space_size, delay, sequence_length, reward_density, terminal_state_density, num_layers, layer_width,
DQN 8 8 0 1 0.25 0.25 1 512 13616 117.22 123.49
# Algorithm, state_space_size, action_space_size, delay, sequence_length, reward_density, terminal_state_density, num_layers, layer_width,
DQN 8 8 0 1 0.25 0.25 1 512 14196 122.9 128.9
# Algorithm, state_space_size, action_space_size, delay, sequence_length, reward_density, terminal_state_density, num_layers, layer_width,
DQN 8 8 0 1 0.25 0.25 1 512 14768 127.58 133.44
# Algorithm, state_space_size, action_space_size, delay, sequence_length, reward_density, terminal_state_density, num_layers, layer_width,
DQN 8 8 0 1 0.25 0.25 1 512 15352 133.95 139.91
# Algorithm, state_space_size, action_space_size, delay, sequence_length, reward_density, terminal_state_density, num_layers, layer_width,
DQN 8 8 0 1 0.25 0.25 1 512 15928 133.95 139.91
# Algorithm, state_space_size, action_space_size, delay, sequence_length, reward_density, terminal_state_density, num_layers, layer_width,
DQN 8 8 0 1 0.25 0.25 1 512 16504 141.81 147.87
# Algorithm, state_space_size, action_space_size, delay, sequence_length, reward_density, terminal_state_density, num_layers, layer_width,
DQN 8 8 0 1 0.25 0.25 1 512 17096 151.33 157.3
# Algorithm, state_space_size, action_space_size, delay, sequence_length, reward_density, terminal_state_density, num_layers, layer_width,
DQN 8 8 0 1 0.25 0.25 1 512 17660 151.33 157.3
# Algorithm, state_space_size, action_space_size, delay, sequence_length, reward_density, terminal_state_density, num_layers, layer_width,
DQN 8 8 0 1 0.25 0.25 1 512 18232 162.42 168.21
# Algorithm, state_space_size, action_space_size, delay, sequence_length, reward_density, terminal_state_density, num_layers, layer_width,
DQN 8 8 0 1 0.25 0.25 1 512 18784 165.45 171.26
# Algorithm, state_space_size, action_space_size, delay, sequence_length, reward_density, terminal_state_density, num_layers, layer_width,
DQN 8 8 0 1 0.25 0.25 1 512 19312 173.06 178.85
# Algorithm, state_space_size, action_space_size, delay, sequence_length, reward_density, terminal_state_density, num_layers, layer_width,
DQN 8 8 0 1 0.25 0.25 1 512 19884 178.59 184.19
# Algorithm, state_space_size, action_space_size, delay, sequence_length, reward_density, terminal_state_density, num_layers, layer_width,
DQN 8 8 0 1 0.25 0.25 1 512 20456 180.58 186.17
# Algorithm, state_space_size, action_space_size, delay, sequence_length, reward_density, terminal_state_density, num_layers, layer_width,
DQN 8 8 0 1 0.25 0.25 2 128 1004 0.623015873015873 3.984126984126984
# Algorithm, state_space_size, action_space_size, delay, sequence_length, reward_density, terminal_state_density, num_layers, layer_width,
DQN 8 8 0 1 0.25 0.25 2 128 1548 0.6941176470588235 3.2
# Algorithm, state_space_size, action_space_size, delay, sequence_length, reward_density, terminal_state_density, num_layers, layer_width,
DQN 8 8 0 1 0.25 0.25 2 128 2108 2.09 5.81
# Algorithm, state_space_size, action_space_size, delay, sequence_length, reward_density, terminal_state_density, num_layers, layer_width,
DQN 8 8 0 1 0.25 0.25 2 128 2676 2.09 5.81
# Algorithm, state_space_size, action_space_size, delay, sequence_length, reward_density, terminal_state_density, num_layers, layer_width,
DQN 8 8 0 1 0.25 0.25 2 128 3248 6.58 13.66
# Algorithm, state_space_size, action_space_size, delay, sequence_length, reward_density, terminal_state_density, num_layers, layer_width,
DQN 8 8 0 1 0.25 0.25 2 128 3824 14.58 21.64
# Algorithm, state_space_size, action_space_size, delay, sequence_length, reward_density, terminal_state_density, num_layers, layer_width,
DQN 8 8 0 1 0.25 0.25 2 128 4400 20.11 27.17
# Algorithm, state_space_size, action_space_size, delay, sequence_length, reward_density, terminal_state_density, num_layers, layer_width,
DQN 8 8 0 1 0.25 0.25 2 128 4980 23.34 30.41
# Algorithm, state_space_size, action_space_size, delay, sequence_length, reward_density, terminal_state_density, num_layers, layer_width,
DQN 8 8 0 1 0.25 0.25 2 128 5568 31.72 38.88
# Algorithm, state_space_size, action_space_size, delay, sequence_length, reward_density, terminal_state_density, num_layers, layer_width,
DQN 8 8 0 1 0.25 0.25 2 128 6136 31.72 38.88
# Algorithm, state_space_size, action_space_size, delay, sequence_length, reward_density, terminal_state_density, num_layers, layer_width,
DQN 8 8 0 1 0.25 0.25 2 128 6708 41.32 50.06
# Algorithm, state_space_size, action_space_size, delay, sequence_length, reward_density, terminal_state_density, num_layers, layer_width,
DQN 8 8 0 1 0.25 0.25 2 128 7296 41.32 50.06
# Algorithm, state_space_size, action_space_size, delay, sequence_length, reward_density, terminal_state_density, num_layers, layer_width,
DQN 8 8 0 1 0.25 0.25 2 128 7872 53.2 61.9
# Algorithm, state_space_size, action_space_size, delay, sequence_length, reward_density, terminal_state_density, num_layers, layer_width,
DQN 8 8 0 1 0.25 0.25 2 128 8464 58.5 67.22
# Algorithm, state_space_size, action_space_size, delay, sequence_length, reward_density, terminal_state_density, num_layers, layer_width,
DQN 8 8 0 1 0.25 0.25 2 128 9040 58.5 67.22
# Algorithm, state_space_size, action_space_size, delay, sequence_length, reward_density, terminal_state_density, num_layers, layer_width,
DQN 8 8 0 1 0.25 0.25 2 128 9616 68.99 77.75
# Algorithm, state_space_size, action_space_size, delay, sequence_length, reward_density, terminal_state_density, num_layers, layer_width,
DQN 8 8 0 1 0.25 0.25 2 128 10192 76.61 85.38
# Algorithm, state_space_size, action_space_size, delay, sequence_length, reward_density, terminal_state_density, num_layers, layer_width,
DQN 8 8 0 1 0.25 0.25 2 128 10764 82.82 91.65
# Algorithm, state_space_size, action_space_size, delay, sequence_length, reward_density, terminal_state_density, num_layers, layer_width,
DQN 8 8 0 1 0.25 0.25 2 128 11348 85.33 94.15
# Algorithm, state_space_size, action_space_size, delay, sequence_length, reward_density, terminal_state_density, num_layers, layer_width,
DQN 8 8 0 1 0.25 0.25 2 128 11932 93.32 102.13
# Algorithm, state_space_size, action_space_size, delay, sequence_length, reward_density, terminal_state_density, num_layers, layer_width,
DQN 8 8 0 1 0.25 0.25 2 128 12512 93.32 102.13
# Algorithm, state_space_size, action_space_size, delay, sequence_length, reward_density, terminal_state_density, num_layers, layer_width,
DQN 8 8 0 1 0.25 0.25 2 128 13104 105.98 114.88
# Algorithm, state_space_size, action_space_size, delay, sequence_length, reward_density, terminal_state_density, num_layers, layer_width,
DQN 8 8 0 1 0.25 0.25 2 128 13680 105.98 114.88
# Algorithm, state_space_size, action_space_size, delay, sequence_length, reward_density, terminal_state_density, num_layers, layer_width,
DQN 8 8 0 1 0.25 0.25 2 128 14244 114.86 123.85
# Algorithm, state_space_size, action_space_size, delay, sequence_length, reward_density, terminal_state_density, num_layers, layer_width,
DQN 8 8 0 1 0.25 0.25 2 128 14724 119.18 128.17
# Algorithm, state_space_size, action_space_size, delay, sequence_length, reward_density, terminal_state_density, num_layers, layer_width,
DQN 8 8 0 1 0.25 0.25 2 128 15252 125.01 133.89
# Algorithm, state_space_size, action_space_size, delay, sequence_length, reward_density, terminal_state_density, num_layers, layer_width,
DQN 8 8 0 1 0.25 0.25 2 128 15828 131.77 140.67
# Algorithm, state_space_size, action_space_size, delay, sequence_length, reward_density, terminal_state_density, num_layers, layer_width,
DQN 8 8 0 1 0.25 0.25 2 128 16396 136.37 145.29
# Algorithm, state_space_size, action_space_size, delay, sequence_length, reward_density, terminal_state_density, num_layers, layer_width,
DQN 8 8 0 1 0.25 0.25 2 128 16980 143.59 152.53
# Algorithm, state_space_size, action_space_size, delay, sequence_length, reward_density, terminal_state_density, num_layers, layer_width,
DQN 8 8 0 1 0.25 0.25 2 128 17512 148.59 157.57
# Algorithm, state_space_size, action_space_size, delay, sequence_length, reward_density, terminal_state_density, num_layers, layer_width,
DQN 8 8 0 1 0.25 0.25 2 128 18084 148.59 157.57
# Algorithm, state_space_size, action_space_size, delay, sequence_length, reward_density, terminal_state_density, num_layers, layer_width,
DQN 8 8 0 1 0.25 0.25 2 128 18660 160.34 169.45
# Algorithm, state_space_size, action_space_size, delay, sequence_length, reward_density, terminal_state_density, num_layers, layer_width,
DQN 8 8 0 1 0.25 0.25 2 128 19240 165.57 175.04
# Algorithm, state_space_size, action_space_size, delay, sequence_length, reward_density, terminal_state_density, num_layers, layer_width,
DQN 8 8 0 1 0.25 0.25 2 128 19804 170.76 180.22
# Algorithm, state_space_size, action_space_size, delay, sequence_length, reward_density, terminal_state_density, num_layers, layer_width,
DQN 8 8 0 1 0.25 0.25 2 128 20368 177.14 186.63
# Algorithm, state_space_size, action_space_size, delay, sequence_length, reward_density, terminal_state_density, num_layers, layer_width,
DQN 8 8 0 1 0.25 0.25 2 256 976 0.6293436293436293 3.7142857142857144
# Algorithm, state_space_size, action_space_size, delay, sequence_length, reward_density, terminal_state_density, num_layers, layer_width,
DQN 8 8 0 1 0.25 0.25 2 256 1444 0.5343511450381679 3.6564885496183206
# Algorithm, state_space_size, action_space_size, delay, sequence_length, reward_density, terminal_state_density, num_layers, layer_width,
DQN 8 8 0 1 0.25 0.25 2 256 1928 0.8764044943820225 2.735955056179775
# Algorithm, state_space_size, action_space_size, delay, sequence_length, reward_density, terminal_state_density, num_layers, layer_width,
DQN 8 8 0 1 0.25 0.25 2 256 2420 1.7123287671232876 2.6301369863013697
# Algorithm, state_space_size, action_space_size, delay, sequence_length, reward_density, terminal_state_density, num_layers, layer_width,
DQN 8 8 0 1 0.25 0.25 2 256 2940 8.22 9.18
# Algorithm, state_space_size, action_space_size, delay, sequence_length, reward_density, terminal_state_density, num_layers, layer_width,
DQN 8 8 0 1 0.25 0.25 2 256 3460 8.22 9.18
# Algorithm, state_space_size, action_space_size, delay, sequence_length, reward_density, terminal_state_density, num_layers, layer_width,
DQN 8 8 0 1 0.25 0.25 2 256 3980 8.22 9.18
# Algorithm, state_space_size, action_space_size, delay, sequence_length, reward_density, terminal_state_density, num_layers, layer_width,
DQN 8 8 0 1 0.25 0.25 2 256 4496 8.22 9.18
# Algorithm, state_space_size, action_space_size, delay, sequence_length, reward_density, terminal_state_density, num_layers, layer_width,
DQN 8 8 0 1 0.25 0.25 2 256 5008 8.22 9.18
# Algorithm, state_space_size, action_space_size, delay, sequence_length, reward_density, terminal_state_density, num_layers, layer_width,
DQN 8 8 0 1 0.25 0.25 2 256 5520 31.05 32.15
# Algorithm, state_space_size, action_space_size, delay, sequence_length, reward_density, terminal_state_density, num_layers, layer_width,
DQN 8 8 0 1 0.25 0.25 2 256 6032 36.19 37.3
# Algorithm, state_space_size, action_space_size, delay, sequence_length, reward_density, terminal_state_density, num_layers, layer_width,
DQN 8 8 0 1 0.25 0.25 2 256 6528 40.03 41.16
# Algorithm, state_space_size, action_space_size, delay, sequence_length, reward_density, terminal_state_density, num_layers, layer_width,
DQN 8 8 0 1 0.25 0.25 2 256 7028 47.04 48.24
# Algorithm, state_space_size, action_space_size, delay, sequence_length, reward_density, terminal_state_density, num_layers, layer_width,
DQN 8 8 0 1 0.25 0.25 2 256 7524 49.41 50.62
# Algorithm, state_space_size, action_space_size, delay, sequence_length, reward_density, terminal_state_density, num_layers, layer_width,
DQN 8 8 0 1 0.25 0.25 2 256 8028 58.32 59.61
# Algorithm, state_space_size, action_space_size, delay, sequence_length, reward_density, terminal_state_density, num_layers, layer_width,
DQN 8 8 0 1 0.25 0.25 2 256 8544 63.27 64.6
# Algorithm, state_space_size, action_space_size, delay, sequence_length, reward_density, terminal_state_density, num_layers, layer_width,
DQN 8 8 0 1 0.25 0.25 2 256 9052 65.44 66.76
# Algorithm, state_space_size, action_space_size, delay, sequence_length, reward_density, terminal_state_density, num_layers, layer_width,
DQN 8 8 0 1 0.25 0.25 2 256 9560 71.32 72.69
# Algorithm, state_space_size, action_space_size, delay, sequence_length, reward_density, terminal_state_density, num_layers, layer_width,
DQN 8 8 0 1 0.25 0.25 2 256 10080 71.32 72.69
# Algorithm, state_space_size, action_space_size, delay, sequence_length, reward_density, terminal_state_density, num_layers, layer_width,
DQN 8 8 0 1 0.25 0.25 2 256 10592 71.32 72.69
# Algorithm, state_space_size, action_space_size, delay, sequence_length, reward_density, terminal_state_density, num_layers, layer_width,
DQN 8 8 0 1 0.25 0.25 2 256 11124 85.54 87.09
# Algorithm, state_space_size, action_space_size, delay, sequence_length, reward_density, terminal_state_density, num_layers, layer_width,
DQN 8 8 0 1 0.25 0.25 2 256 11640 90.49 92.07
# Algorithm, state_space_size, action_space_size, delay, sequence_length, reward_density, terminal_state_density, num_layers, layer_width,
DQN 8 8 0 1 0.25 0.25 2 256 12164 90.49 92.07
# Algorithm, state_space_size, action_space_size, delay, sequence_length, reward_density, terminal_state_density, num_layers, layer_width,
DQN 8 8 0 1 0.25 0.25 2 256 12668 101.82 103.49
# Algorithm, state_space_size, action_space_size, delay, sequence_length, reward_density, terminal_state_density, num_layers, layer_width,
DQN 8 8 0 1 0.25 0.25 2 256 13188 106.86 108.59
# Algorithm, state_space_size, action_space_size, delay, sequence_length, reward_density, terminal_state_density, num_layers, layer_width,
DQN 8 8 0 1 0.25 0.25 2 256 13700 110.84 112.56
# Algorithm, state_space_size, action_space_size, delay, sequence_length, reward_density, terminal_state_density, num_layers, layer_width,
DQN 8 8 0 1 0.25 0.25 2 256 14220 110.84 112.56
# Algorithm, state_space_size, action_space_size, delay, sequence_length, reward_density, terminal_state_density, num_layers, layer_width,
DQN 8 8 0 1 0.25 0.25 2 256 14740 110.84 112.56
# Algorithm, state_space_size, action_space_size, delay, sequence_length, reward_density, terminal_state_density, num_layers, layer_width,
DQN 8 8 0 1 0.25 0.25 2 256 15264 110.84 112.56
# Algorithm, state_space_size, action_space_size, delay, sequence_length, reward_density, terminal_state_density, num_layers, layer_width,
DQN 8 8 0 1 0.25 0.25 2 256 15780 133.98 135.93
# Algorithm, state_space_size, action_space_size, delay, sequence_length, reward_density, terminal_state_density, num_layers, layer_width,
DQN 8 8 0 1 0.25 0.25 2 256 16292 138.53 140.51
# Algorithm, state_space_size, action_space_size, delay, sequence_length, reward_density, terminal_state_density, num_layers, layer_width,
DQN 8 8 0 1 0.25 0.25 2 256 16804 144.73 146.77
# Algorithm, state_space_size, action_space_size, delay, sequence_length, reward_density, terminal_state_density, num_layers, layer_width,
DQN 8 8 0 1 0.25 0.25 2 256 17332 145.67 147.72
# Algorithm, state_space_size, action_space_size, delay, sequence_length, reward_density, terminal_state_density, num_layers, layer_width,
DQN 8 8 0 1 0.25 0.25 2 256 17848 145.67 147.72
# Algorithm, state_space_size, action_space_size, delay, sequence_length, reward_density, terminal_state_density, num_layers, layer_width,
DQN 8 8 0 1 0.25 0.25 2 256 18352 159.25 161.39
# Algorithm, state_space_size, action_space_size, delay, sequence_length, reward_density, terminal_state_density, num_layers, layer_width,
DQN 8 8 0 1 0.25 0.25 2 256 18848 162.76 164.94
# Algorithm, state_space_size, action_space_size, delay, sequence_length, reward_density, terminal_state_density, num_layers, layer_width,
DQN 8 8 0 1 0.25 0.25 2 256 19364 168.12 170.34
# Algorithm, state_space_size, action_space_size, delay, sequence_length, reward_density, terminal_state_density, num_layers, layer_width,
DQN 8 8 0 1 0.25 0.25 2 256 19872 174.55 176.79
# Algorithm, state_space_size, action_space_size, delay, sequence_length, reward_density, terminal_state_density, num_layers, layer_width,
DQN 8 8 0 1 0.25 0.25 2 256 20360 177.2 179.45
# Algorithm, state_space_size, action_space_size, delay, sequence_length, reward_density, terminal_state_density, num_layers, layer_width,
DQN 8 8 0 1 0.25 0.25 2 512 888 0.5975103734439834 3.659751037344398
# Algorithm, state_space_size, action_space_size, delay, sequence_length, reward_density, terminal_state_density, num_layers, layer_width,
DQN 8 8 0 1 0.25 0.25 2 512 1344 0.8 4.98
# Algorithm, state_space_size, action_space_size, delay, sequence_length, reward_density, terminal_state_density, num_layers, layer_width,
DQN 8 8 0 1 0.25 0.25 2 512 1760 0.97 5.19
# Algorithm, state_space_size, action_space_size, delay, sequence_length, reward_density, terminal_state_density, num_layers, layer_width,
DQN 8 8 0 1 0.25 0.25 2 512 2184 4.64 8.53
# Algorithm, state_space_size, action_space_size, delay, sequence_length, reward_density, terminal_state_density, num_layers, layer_width,
DQN 8 8 0 1 0.25 0.25 2 512 2636 7.72 11.67
# Algorithm, state_space_size, action_space_size, delay, sequence_length, reward_density, terminal_state_density, num_layers, layer_width,
DQN 8 8 0 1 0.25 0.25 2 512 3080 12.97 16.93
# Algorithm, state_space_size, action_space_size, delay, sequence_length, reward_density, terminal_state_density, num_layers, layer_width,
DQN 8 8 0 1 0.25 0.25 2 512 3532 12.97 16.93
# Algorithm, state_space_size, action_space_size, delay, sequence_length, reward_density, terminal_state_density, num_layers, layer_width,
DQN 8 8 0 1 0.25 0.25 2 512 3976 22.37 26.33
# Algorithm, state_space_size, action_space_size, delay, sequence_length, reward_density, terminal_state_density, num_layers, layer_width,
DQN 8 8 0 1 0.25 0.25 2 512 4428 23.62 27.44
# Algorithm, state_space_size, action_space_size, delay, sequence_length, reward_density, terminal_state_density, num_layers, layer_width,
DQN 8 8 0 1 0.25 0.25 2 512 4876 29.48 33.29
# Algorithm, state_space_size, action_space_size, delay, sequence_length, reward_density, terminal_state_density, num_layers, layer_width,
DQN 8 8 0 1 0.25 0.25 2 512 5328 32.98 36.79
# Algorithm, state_space_size, action_space_size, delay, sequence_length, reward_density, terminal_state_density, num_layers, layer_width,
DQN 8 8 0 1 0.25 0.25 2 512 5768 37.45 41.25
# Algorithm, state_space_size, action_space_size, delay, sequence_length, reward_density, terminal_state_density, num_layers, layer_width,
DQN 8 8 0 1 0.25 0.25 2 512 6208 43.5 47.31
# Algorithm, state_space_size, action_space_size, delay, sequence_length, reward_density, terminal_state_density, num_layers, layer_width,
DQN 8 8 0 1 0.25 0.25 2 512 6656 43.5 47.31
# Algorithm, state_space_size, action_space_size, delay, sequence_length, reward_density, terminal_state_density, num_layers, layer_width,
DQN 8 8 0 1 0.25 0.25 2 512 7108 50.9 54.5
# Algorithm, state_space_size, action_space_size, delay, sequence_length, reward_density, terminal_state_density, num_layers, layer_width,
DQN 8 8 0 1 0.25 0.25 2 512 7560 57.21 60.54
# Algorithm, state_space_size, action_space_size, delay, sequence_length, reward_density, terminal_state_density, num_layers, layer_width,
DQN 8 8 0 1 0.25 0.25 2 512 8008 61.15 64.33
# Algorithm, state_space_size, action_space_size, delay, sequence_length, reward_density, terminal_state_density, num_layers, layer_width,
DQN 8 8 0 1 0.25 0.25 2 512 8460 66.78 69.96
# Algorithm, state_space_size, action_space_size, delay, sequence_length, reward_density, terminal_state_density, num_layers, layer_width,
DQN 8 8 0 1 0.25 0.25 2 512 8908 67.38 70.51
# Algorithm, state_space_size, action_space_size, delay, sequence_length, reward_density, terminal_state_density, num_layers, layer_width,
DQN 8 8 0 1 0.25 0.25 2 512 9360 67.38 70.51
# Algorithm, state_space_size, action_space_size, delay, sequence_length, reward_density, terminal_state_density, num_layers, layer_width,
DQN 8 8 0 1 0.25 0.25 2 512 9808 67.38 70.51
# Algorithm, state_space_size, action_space_size, delay, sequence_length, reward_density, terminal_state_density, num_layers, layer_width,
DQN 8 8 0 1 0.25 0.25 2 512 10256 67.38 70.51
# Algorithm, state_space_size, action_space_size, delay, sequence_length, reward_density, terminal_state_density, num_layers, layer_width,
DQN 8 8 0 1 0.25 0.25 2 512 10704 67.38 70.51
# Algorithm, state_space_size, action_space_size, delay, sequence_length, reward_density, terminal_state_density, num_layers, layer_width,
DQN 8 8 0 1 0.25 0.25 2 512 11152 67.38 70.51
# Algorithm, state_space_size, action_space_size, delay, sequence_length, reward_density, terminal_state_density, num_layers, layer_width,
DQN 8 8 0 1 0.25 0.25 2 512 11600 97.15 100.49
# Algorithm, state_space_size, action_space_size, delay, sequence_length, reward_density, terminal_state_density, num_layers, layer_width,
DQN 8 8 0 1 0.25 0.25 2 512 12040 99.71 103.04
# Algorithm, state_space_size, action_space_size, delay, sequence_length, reward_density, terminal_state_density, num_layers, layer_width,
DQN 8 8 0 1 0.25 0.25 2 512 12476 99.71 103.04
# Algorithm, state_space_size, action_space_size, delay, sequence_length, reward_density, terminal_state_density, num_layers, layer_width,
DQN 8 8 0 1 0.25 0.25 2 512 12916 110.25 113.6
# Algorithm, state_space_size, action_space_size, delay, sequence_length, reward_density, terminal_state_density, num_layers, layer_width,
DQN 8 8 0 1 0.25 0.25 2 512 13364 115.56 118.96
# Algorithm, state_space_size, action_space_size, delay, sequence_length, reward_density, terminal_state_density, num_layers, layer_width,
DQN 8 8 0 1 0.25 0.25 2 512 13800 116.82 120.15
# Algorithm, state_space_size, action_space_size, delay, sequence_length, reward_density, terminal_state_density, num_layers, layer_width,
DQN 8 8 0 1 0.25 0.25 2 512 14240 123.83 126.98
# Algorithm, state_space_size, action_space_size, delay, sequence_length, reward_density, terminal_state_density, num_layers, layer_width,
DQN 8 8 0 1 0.25 0.25 2 512 14684 127.77 130.79
# Algorithm, state_space_size, action_space_size, delay, sequence_length, reward_density, terminal_state_density, num_layers, layer_width,
DQN 8 8 0 1 0.25 0.25 2 512 15128 132.16 134.88
# Algorithm, state_space_size, action_space_size, delay, sequence_length, reward_density, terminal_state_density, num_layers, layer_width,
DQN 8 8 0 1 0.25 0.25 2 512 15572 135.5 138.21
# Algorithm, state_space_size, action_space_size, delay, sequence_length, reward_density, terminal_state_density, num_layers, layer_width,
DQN 8 8 0 1 0.25 0.25 2 512 16016 141.37 144.13
# Algorithm, state_space_size, action_space_size, delay, sequence_length, reward_density, terminal_state_density, num_layers, layer_width,
DQN 8 8 0 1 0.25 0.25 2 512 16464 144.67 147.31
# Algorithm, state_space_size, action_space_size, delay, sequence_length, reward_density, terminal_state_density, num_layers, layer_width,
DQN 8 8 0 1 0.25 0.25 2 512 16912 148.07 150.64
# Algorithm, state_space_size, action_space_size, delay, sequence_length, reward_density, terminal_state_density, num_layers, layer_width,
DQN 8 8 0 1 0.25 0.25 2 512 17356 153.33 155.86
# Algorithm, state_space_size, action_space_size, delay, sequence_length, reward_density, terminal_state_density, num_layers, layer_width,
DQN 8 8 0 1 0.25 0.25 2 512 17804 158.33 160.89
# Algorithm, state_space_size, action_space_size, delay, sequence_length, reward_density, terminal_state_density, num_layers, layer_width,
DQN 8 8 0 1 0.25 0.25 2 512 18252 160.09 162.69
# Algorithm, state_space_size, action_space_size, delay, sequence_length, reward_density, terminal_state_density, num_layers, layer_width,
DQN 8 8 0 1 0.25 0.25 2 512 18696 160.09 162.69
# Algorithm, state_space_size, action_space_size, delay, sequence_length, reward_density, terminal_state_density, num_layers, layer_width,
DQN 8 8 0 1 0.25 0.25 2 512 19140 160.09 162.69
# Algorithm, state_space_size, action_space_size, delay, sequence_length, reward_density, terminal_state_density, num_layers, layer_width,
DQN 8 8 0 1 0.25 0.25 2 512 19584 160.09 162.69
# Algorithm, state_space_size, action_space_size, delay, sequence_length, reward_density, terminal_state_density, num_layers, layer_width,
DQN 8 8 0 1 0.25 0.25 2 512 20024 178.87 181.56
# Algorithm, state_space_size, action_space_size, delay, sequence_length, reward_density, terminal_state_density, num_layers, layer_width,
DQN 8 8 0 1 0.25 0.25 3 128 940 0.6829268292682927 3.813008130081301
# Algorithm, state_space_size, action_space_size, delay, sequence_length, reward_density, terminal_state_density, num_layers, layer_width,
DQN 8 8 0 1 0.25 0.25 3 128 1448 0.632 4.064
# Algorithm, state_space_size, action_space_size, delay, sequence_length, reward_density, terminal_state_density, num_layers, layer_width,
DQN 8 8 0 1 0.25 0.25 3 128 1996 1.6 7.84
# Algorithm, state_space_size, action_space_size, delay, sequence_length, reward_density, terminal_state_density, num_layers, layer_width,
DQN 8 8 0 1 0.25 0.25 3 128 2548 3.57 11.78
# Algorithm, state_space_size, action_space_size, delay, sequence_length, reward_density, terminal_state_density, num_layers, layer_width,
DQN 8 8 0 1 0.25 0.25 3 128 3096 7.73 18.28
# Algorithm, state_space_size, action_space_size, delay, sequence_length, reward_density, terminal_state_density, num_layers, layer_width,
DQN 8 8 0 1 0.25 0.25 3 128 3664 11.09 21.73
# Algorithm, state_space_size, action_space_size, delay, sequence_length, reward_density, terminal_state_density, num_layers, layer_width,
DQN 8 8 0 1 0.25 0.25 3 128 4224 11.09 21.73
# Algorithm, state_space_size, action_space_size, delay, sequence_length, reward_density, terminal_state_density, num_layers, layer_width,
DQN 8 8 0 1 0.25 0.25 3 128 4788 24.79 35.33
# Algorithm, state_space_size, action_space_size, delay, sequence_length, reward_density, terminal_state_density, num_layers, layer_width,
DQN 8 8 0 1 0.25 0.25 3 128 5348 24.79 35.33
# Algorithm, state_space_size, action_space_size, delay, sequence_length, reward_density, terminal_state_density, num_layers, layer_width,
DQN 8 8 0 1 0.25 0.25 3 128 5892 24.79 35.33
# Algorithm, state_space_size, action_space_size, delay, sequence_length, reward_density, terminal_state_density, num_layers, layer_width,
DQN 8 8 0 1 0.25 0.25 3 128 6436 39.51 50.11
# Algorithm, state_space_size, action_space_size, delay, sequence_length, reward_density, terminal_state_density, num_layers, layer_width,
DQN 8 8 0 1 0.25 0.25 3 128 6992 43.61 55.5
# Algorithm, state_space_size, action_space_size, delay, sequence_length, reward_density, terminal_state_density, num_layers, layer_width,
DQN 8 8 0 1 0.25 0.25 3 128 7556 49.99 61.92
# Algorithm, state_space_size, action_space_size, delay, sequence_length, reward_density, terminal_state_density, num_layers, layer_width,
DQN 8 8 0 1 0.25 0.25 3 128 8108 49.99 61.92
# Algorithm, state_space_size, action_space_size, delay, sequence_length, reward_density, terminal_state_density, num_layers, layer_width,
DQN 8 8 0 1 0.25 0.25 3 128 8668 58.83 70.76
# Algorithm, state_space_size, action_space_size, delay, sequence_length, reward_density, terminal_state_density, num_layers, layer_width,
DQN 8 8 0 1 0.25 0.25 3 128 9232 65.59 77.54
# Algorithm, state_space_size, action_space_size, delay, sequence_length, reward_density, terminal_state_density, num_layers, layer_width,
DQN 8 8 0 1 0.25 0.25 3 128 9788 67.65 79.61
# Algorithm, state_space_size, action_space_size, delay, sequence_length, reward_density, terminal_state_density, num_layers, layer_width,
DQN 8 8 0 1 0.25 0.25 3 128 10364 78.31 90.3
# Algorithm, state_space_size, action_space_size, delay, sequence_length, reward_density, terminal_state_density, num_layers, layer_width,
DQN 8 8 0 1 0.25 0.25 3 128 10916 82.96 94.8
# Algorithm, state_space_size, action_space_size, delay, sequence_length, reward_density, terminal_state_density, num_layers, layer_width,
DQN 8 8 0 1 0.25 0.25 3 128 11456 89.17 100.88
# Algorithm, state_space_size, action_space_size, delay, sequence_length, reward_density, terminal_state_density, num_layers, layer_width,
DQN 8 8 0 1 0.25 0.25 3 128 12008 93.5 105.23
# Algorithm, state_space_size, action_space_size, delay, sequence_length, reward_density, terminal_state_density, num_layers, layer_width,
DQN 8 8 0 1 0.25 0.25 3 128 12560 97.54 109.31
# Algorithm, state_space_size, action_space_size, delay, sequence_length, reward_density, terminal_state_density, num_layers, layer_width,
DQN 8 8 0 1 0.25 0.25 3 128 13108 101.3 113.12
# Algorithm, state_space_size, action_space_size, delay, sequence_length, reward_density, terminal_state_density, num_layers, layer_width,
DQN 8 8 0 1 0.25 0.25 3 128 13656 101.3 113.12
# Algorithm, state_space_size, action_space_size, delay, sequence_length, reward_density, terminal_state_density, num_layers, layer_width,
DQN 8 8 0 1 0.25 0.25 3 128 14204 112.26 124.12
# Algorithm, state_space_size, action_space_size, delay, sequence_length, reward_density, terminal_state_density, num_layers, layer_width,
DQN 8 8 0 1 0.25 0.25 3 128 14764 112.26 124.12
# Algorithm, state_space_size, action_space_size, delay, sequence_length, reward_density, terminal_state_density, num_layers, layer_width,
DQN 8 8 0 1 0.25 0.25 3 128 15316 127.14 139.1
# Algorithm, state_space_size, action_space_size, delay, sequence_length, reward_density, terminal_state_density, num_layers, layer_width,
DQN 8 8 0 1 0.25 0.25 3 128 15872 129.28 141.3
# Algorithm, state_space_size, action_space_size, delay, sequence_length, reward_density, terminal_state_density, num_layers, layer_width,
DQN 8 8 0 1 0.25 0.25 3 128 16424 135.77 147.71
# Algorithm, state_space_size, action_space_size, delay, sequence_length, reward_density, terminal_state_density, num_layers, layer_width,
DQN 8 8 0 1 0.25 0.25 3 128 16988 141.65 153.59
# Algorithm, state_space_size, action_space_size, delay, sequence_length, reward_density, terminal_state_density, num_layers, layer_width,
DQN 8 8 0 1 0.25 0.25 3 128 17528 144.91 156.88
# Algorithm, state_space_size, action_space_size, delay, sequence_length, reward_density, terminal_state_density, num_layers, layer_width,
DQN 8 8 0 1 0.25 0.25 3 128 18088 154.24 166.2
# Algorithm, state_space_size, action_space_size, delay, sequence_length, reward_density, terminal_state_density, num_layers, layer_width,
DQN 8 8 0 1 0.25 0.25 3 128 18640 155.77 167.74
# Algorithm, state_space_size, action_space_size, delay, sequence_length, reward_density, terminal_state_density, num_layers, layer_width,
DQN 8 8 0 1 0.25 0.25 3 128 19192 165.47 177.54
# Algorithm, state_space_size, action_space_size, delay, sequence_length, reward_density, terminal_state_density, num_layers, layer_width,
DQN 8 8 0 1 0.25 0.25 3 128 19752 167.7 179.78
# Algorithm, state_space_size, action_space_size, delay, sequence_length, reward_density, terminal_state_density, num_layers, layer_width,
DQN 8 8 0 1 0.25 0.25 3 128 20296 167.7 179.78
# Algorithm, state_space_size, action_space_size, delay, sequence_length, reward_density, terminal_state_density, num_layers, layer_width,
DQN 8 8 0 1 0.25 0.25 3 256 932 0.6739130434782609 4.043478260869565
# Algorithm, state_space_size, action_space_size, delay, sequence_length, reward_density, terminal_state_density, num_layers, layer_width,
DQN 8 8 0 1 0.25 0.25 3 256 1376 0.8 4.045454545454546
# Algorithm, state_space_size, action_space_size, delay, sequence_length, reward_density, terminal_state_density, num_layers, layer_width,
DQN 8 8 0 1 0.25 0.25 3 256 1832 0.7819148936170213 2.351063829787234
# Algorithm, state_space_size, action_space_size, delay, sequence_length, reward_density, terminal_state_density, num_layers, layer_width,
DQN 8 8 0 1 0.25 0.25 3 256 2312 5.01 6.54
# Algorithm, state_space_size, action_space_size, delay, sequence_length, reward_density, terminal_state_density, num_layers, layer_width,
DQN 8 8 0 1 0.25 0.25 3 256 2800 5.01 6.54
# Algorithm, state_space_size, action_space_size, delay, sequence_length, reward_density, terminal_state_density, num_layers, layer_width,
DQN 8 8 0 1 0.25 0.25 3 256 3284 14.11 15.72
# Algorithm, state_space_size, action_space_size, delay, sequence_length, reward_density, terminal_state_density, num_layers, layer_width,
DQN 8 8 0 1 0.25 0.25 3 256 3764 19.09 20.7
# Algorithm, state_space_size, action_space_size, delay, sequence_length, reward_density, terminal_state_density, num_layers, layer_width,
DQN 8 8 0 1 0.25 0.25 3 256 4244 24.01 25.64
# Algorithm, state_space_size, action_space_size, delay, sequence_length, reward_density, terminal_state_density, num_layers, layer_width,
DQN 8 8 0 1 0.25 0.25 3 256 4732 27.34 28.97
# Algorithm, state_space_size, action_space_size, delay, sequence_length, reward_density, terminal_state_density, num_layers, layer_width,
DQN 8 8 0 1 0.25 0.25 3 256 5200 31.51 33.16
# Algorithm, state_space_size, action_space_size, delay, sequence_length, reward_density, terminal_state_density, num_layers, layer_width,
DQN 8 8 0 1 0.25 0.25 3 256 5688 36.2 37.92
# Algorithm, state_space_size, action_space_size, delay, sequence_length, reward_density, terminal_state_density, num_layers, layer_width,
DQN 8 8 0 1 0.25 0.25 3 256 6160 36.2 37.92
# Algorithm, state_space_size, action_space_size, delay, sequence_length, reward_density, terminal_state_density, num_layers, layer_width,
DQN 8 8 0 1 0.25 0.25 3 256 6640 47.46 49.25
# Algorithm, state_space_size, action_space_size, delay, sequence_length, reward_density, terminal_state_density, num_layers, layer_width,
DQN 8 8 0 1 0.25 0.25 3 256 7124 47.46 49.25
# Algorithm, state_space_size, action_space_size, delay, sequence_length, reward_density, terminal_state_density, num_layers, layer_width,
DQN 8 8 0 1 0.25 0.25 3 256 7604 47.46 49.25
# Algorithm, state_space_size, action_space_size, delay, sequence_length, reward_density, terminal_state_density, num_layers, layer_width,
DQN 8 8 0 1 0.25 0.25 3 256 8080 59.25 61.14
# Algorithm, state_space_size, action_space_size, delay, sequence_length, reward_density, terminal_state_density, num_layers, layer_width,
DQN 8 8 0 1 0.25 0.25 3 256 8560 59.25 61.14
# Algorithm, state_space_size, action_space_size, delay, sequence_length, reward_density, terminal_state_density, num_layers, layer_width,
DQN 8 8 0 1 0.25 0.25 3 256 9040 59.25 61.14
# Algorithm, state_space_size, action_space_size, delay, sequence_length, reward_density, terminal_state_density, num_layers, layer_width,
DQN 8 8 0 1 0.25 0.25 3 256 9516 73.85 75.83
# Algorithm, state_space_size, action_space_size, delay, sequence_length, reward_density, terminal_state_density, num_layers, layer_width,
DQN 8 8 0 1 0.25 0.25 3 256 9988 79.39 81.4
# Algorithm, state_space_size, action_space_size, delay, sequence_length, reward_density, terminal_state_density, num_layers, layer_width,
DQN 8 8 0 1 0.25 0.25 3 256 10460 79.39 81.4
# Algorithm, state_space_size, action_space_size, delay, sequence_length, reward_density, terminal_state_density, num_layers, layer_width,
DQN 8 8 0 1 0.25 0.25 3 256 10936 87.39 89.46
# Algorithm, state_space_size, action_space_size, delay, sequence_length, reward_density, terminal_state_density, num_layers, layer_width,
DQN 8 8 0 1 0.25 0.25 3 256 11420 87.39 89.46
# Algorithm, state_space_size, action_space_size, delay, sequence_length, reward_density, terminal_state_density, num_layers, layer_width,
DQN 8 8 0 1 0.25 0.25 3 256 11888 97.18 99.35
# Algorithm, state_space_size, action_space_size, delay, sequence_length, reward_density, terminal_state_density, num_layers, layer_width,
DQN 8 8 0 1 0.25 0.25 3 256 12368 97.18 99.35
# Algorithm, state_space_size, action_space_size, delay, sequence_length, reward_density, terminal_state_density, num_layers, layer_width,
DQN 8 8 0 1 0.25 0.25 3 256 12852 108.45 110.66
# Algorithm, state_space_size, action_space_size, delay, sequence_length, reward_density, terminal_state_density, num_layers, layer_width,
DQN 8 8 0 1 0.25 0.25 3 256 13328 112.91 115.15
# Algorithm, state_space_size, action_space_size, delay, sequence_length, reward_density, terminal_state_density, num_layers, layer_width,
DQN 8 8 0 1 0.25 0.25 3 256 13804 112.91 115.15
# Algorithm, state_space_size, action_space_size, delay, sequence_length, reward_density, terminal_state_density, num_layers, layer_width,
DQN 8 8 0 1 0.25 0.25 3 256 14288 112.91 115.15
# Algorithm, state_space_size, action_space_size, delay, sequence_length, reward_density, terminal_state_density, num_layers, layer_width,
DQN 8 8 0 1 0.25 0.25 3 256 14764 124.85 127.16
# Algorithm, state_space_size, action_space_size, delay, sequence_length, reward_density, terminal_state_density, num_layers, layer_width,
DQN 8 8 0 1 0.25 0.25 3 256 15244 124.85 127.16
# Algorithm, state_space_size, action_space_size, delay, sequence_length, reward_density, terminal_state_density, num_layers, layer_width,
DQN 8 8 0 1 0.25 0.25 3 256 15712 136.03 138.42
# Algorithm, state_space_size, action_space_size, delay, sequence_length, reward_density, terminal_state_density, num_layers, layer_width,
DQN 8 8 0 1 0.25 0.25 3 256 16188 138.11 140.52
# Algorithm, state_space_size, action_space_size, delay, sequence_length, reward_density, terminal_state_density, num_layers, layer_width,
DQN 8 8 0 1 0.25 0.25 3 256 16668 146.02 148.47
# Algorithm, state_space_size, action_space_size, delay, sequence_length, reward_density, terminal_state_density, num_layers, layer_width,
DQN 8 8 0 1 0.25 0.25 3 256 17136 150.19 152.65
# Algorithm, state_space_size, action_space_size, delay, sequence_length, reward_density, terminal_state_density, num_layers, layer_width,
DQN 8 8 0 1 0.25 0.25 3 256 17616 150.19 152.65
# Algorithm, state_space_size, action_space_size, delay, sequence_length, reward_density, terminal_state_density, num_layers, layer_width,
DQN 8 8 0 1 0.25 0.25 3 256 18088 159.5 161.99
# Algorithm, state_space_size, action_space_size, delay, sequence_length, reward_density, terminal_state_density, num_layers, layer_width,
DQN 8 8 0 1 0.25 0.25 3 256 18560 161.72 164.21
# Algorithm, state_space_size, action_space_size, delay, sequence_length, reward_density, terminal_state_density, num_layers, layer_width,
DQN 8 8 0 1 0.25 0.25 3 256 19036 169.86 172.37
# Algorithm, state_space_size, action_space_size, delay, sequence_length, reward_density, terminal_state_density, num_layers, layer_width,
DQN 8 8 0 1 0.25 0.25 3 256 19512 172.83 175.38
# Algorithm, state_space_size, action_space_size, delay, sequence_length, reward_density, terminal_state_density, num_layers, layer_width,
DQN 8 8 0 1 0.25 0.25 3 256 19992 179.7 182.32
# Algorithm, state_space_size, action_space_size, delay, sequence_length, reward_density, terminal_state_density, num_layers, layer_width,
DQN 8 8 0 1 0.25 0.25 3 256 20468 179.7 182.32
# Algorithm, state_space_size, action_space_size, delay, sequence_length, reward_density, terminal_state_density, num_layers, layer_width,
DQN 8 8 0 1 0.25 0.25 3 512 804 0.7461928934010152 4.0761421319796955
# Algorithm, state_space_size, action_space_size, delay, sequence_length, reward_density, terminal_state_density, num_layers, layer_width,
DQN 8 8 0 1 0.25 0.25 3 512 1236 0.97 4.33
# Algorithm, state_space_size, action_space_size, delay, sequence_length, reward_density, terminal_state_density, num_layers, layer_width,
DQN 8 8 0 1 0.25 0.25 3 512 1576 0.59 3.51
# Algorithm, state_space_size, action_space_size, delay, sequence_length, reward_density, terminal_state_density, num_layers, layer_width,
DQN 8 8 0 1 0.25 0.25 3 512 1932 2.7 5.39
# Algorithm, state_space_size, action_space_size, delay, sequence_length, reward_density, terminal_state_density, num_layers, layer_width,
DQN 8 8 0 1 0.25 0.25 3 512 2296 4.12 6.75
# Algorithm, state_space_size, action_space_size, delay, sequence_length, reward_density, terminal_state_density, num_layers, layer_width,
DQN 8 8 0 1 0.25 0.25 3 512 2660 4.12 6.75
# Algorithm, state_space_size, action_space_size, delay, sequence_length, reward_density, terminal_state_density, num_layers, layer_width,
DQN 8 8 0 1 0.25 0.25 3 512 3028 13.36 16.08
# Algorithm, state_space_size, action_space_size, delay, sequence_length, reward_density, terminal_state_density, num_layers, layer_width,
DQN 8 8 0 1 0.25 0.25 3 512 3396 13.36 16.08
# Algorithm, state_space_size, action_space_size, delay, sequence_length, reward_density, terminal_state_density, num_layers, layer_width,
DQN 8 8 0 1 0.25 0.25 3 512 3764 17.87 20.54
# Algorithm, state_space_size, action_space_size, delay, sequence_length, reward_density, terminal_state_density, num_layers, layer_width,
DQN 8 8 0 1 0.25 0.25 3 512 4132 23.21 25.97
# Algorithm, state_space_size, action_space_size, delay, sequence_length, reward_density, terminal_state_density, num_layers, layer_width,
DQN 8 8 0 1 0.25 0.25 3 512 4496 25.46 28.17
# Algorithm, state_space_size, action_space_size, delay, sequence_length, reward_density, terminal_state_density, num_layers, layer_width,
DQN 8 8 0 1 0.25 0.25 3 512 4864 28.49 31.19
# Algorithm, state_space_size, action_space_size, delay, sequence_length, reward_density, terminal_state_density, num_layers, layer_width,
DQN 8 8 0 1 0.25 0.25 3 512 5224 34.75 37.49
# Algorithm, state_space_size, action_space_size, delay, sequence_length, reward_density, terminal_state_density, num_layers, layer_width,
DQN 8 8 0 1 0.25 0.25 3 512 5596 38.43 41.2
# Algorithm, state_space_size, action_space_size, delay, sequence_length, reward_density, terminal_state_density, num_layers, layer_width,
DQN 8 8 0 1 0.25 0.25 3 512 5960 41.19 43.99
# Algorithm, state_space_size, action_space_size, delay, sequence_length, reward_density, terminal_state_density, num_layers, layer_width,
DQN 8 8 0 1 0.25 0.25 3 512 6324 45.77 48.57
# Algorithm, state_space_size, action_space_size, delay, sequence_length, reward_density, terminal_state_density, num_layers, layer_width,
DQN 8 8 0 1 0.25 0.25 3 512 6684 45.77 48.57
# Algorithm, state_space_size, action_space_size, delay, sequence_length, reward_density, terminal_state_density, num_layers, layer_width,
DQN 8 8 0 1 0.25 0.25 3 512 7048 51.69 54.55
# Algorithm, state_space_size, action_space_size, delay, sequence_length, reward_density, terminal_state_density, num_layers, layer_width,
DQN 8 8 0 1 0.25 0.25 3 512 7416 55.21 58.1
# Algorithm, state_space_size, action_space_size, delay, sequence_length, reward_density, terminal_state_density, num_layers, layer_width,
DQN 8 8 0 1 0.25 0.25 3 512 7784 60.27 63.17
# Algorithm, state_space_size, action_space_size, delay, sequence_length, reward_density, terminal_state_density, num_layers, layer_width,
DQN 8 8 0 1 0.25 0.25 3 512 8148 61.42 64.33
# Algorithm, state_space_size, action_space_size, delay, sequence_length, reward_density, terminal_state_density, num_layers, layer_width,
DQN 8 8 0 1 0.25 0.25 3 512 8496 61.42 64.33
# Algorithm, state_space_size, action_space_size, delay, sequence_length, reward_density, terminal_state_density, num_layers, layer_width,
DQN 8 8 0 1 0.25 0.25 3 512 8856 61.42 64.33
# Algorithm, state_space_size, action_space_size, delay, sequence_length, reward_density, terminal_state_density, num_layers, layer_width,
DQN 8 8 0 1 0.25 0.25 3 512 9208 72.11 75.06
# Algorithm, state_space_size, action_space_size, delay, sequence_length, reward_density, terminal_state_density, num_layers, layer_width,
DQN 8 8 0 1 0.25 0.25 3 512 9568 77.82 80.79
# Algorithm, state_space_size, action_space_size, delay, sequence_length, reward_density, terminal_state_density, num_layers, layer_width,
DQN 8 8 0 1 0.25 0.25 3 512 9932 81.22 84.16
# Algorithm, state_space_size, action_space_size, delay, sequence_length, reward_density, terminal_state_density, num_layers, layer_width,
DQN 8 8 0 1 0.25 0.25 3 512 10300 81.22 84.16
# Algorithm, state_space_size, action_space_size, delay, sequence_length, reward_density, terminal_state_density, num_layers, layer_width,
DQN 8 8 0 1 0.25 0.25 3 512 10664 88.69 91.73
# Algorithm, state_space_size, action_space_size, delay, sequence_length, reward_density, terminal_state_density, num_layers, layer_width,
DQN 8 8 0 1 0.25 0.25 3 512 11032 88.69 91.73
# Algorithm, state_space_size, action_space_size, delay, sequence_length, reward_density, terminal_state_density, num_layers, layer_width,
DQN 8 8 0 1 0.25 0.25 3 512 11404 88.69 91.73
# Algorithm, state_space_size, action_space_size, delay, sequence_length, reward_density, terminal_state_density, num_layers, layer_width,
DQN 8 8 0 1 0.25 0.25 3 512 11764 99.33 102.42
# Algorithm, state_space_size, action_space_size, delay, sequence_length, reward_density, terminal_state_density, num_layers, layer_width,
DQN 8 8 0 1 0.25 0.25 3 512 12132 101.45 104.56
# Algorithm, state_space_size, action_space_size, delay, sequence_length, reward_density, terminal_state_density, num_layers, layer_width,
DQN 8 8 0 1 0.25 0.25 3 512 12500 103.54 106.66
# Algorithm, state_space_size, action_space_size, delay, sequence_length, reward_density, terminal_state_density, num_layers, layer_width,
DQN 8 8 0 1 0.25 0.25 3 512 12864 103.54 106.66
# Algorithm, state_space_size, action_space_size, delay, sequence_length, reward_density, terminal_state_density, num_layers, layer_width,
DQN 8 8 0 1 0.25 0.25 3 512 13220 113.69 116.83
# Algorithm, state_space_size, action_space_size, delay, sequence_length, reward_density, terminal_state_density, num_layers, layer_width,
DQN 8 8 0 1 0.25 0.25 3 512 13584 115.18 118.32
# Algorithm, state_space_size, action_space_size, delay, sequence_length, reward_density, terminal_state_density, num_layers, layer_width,
DQN 8 8 0 1 0.25 0.25 3 512 13936 115.18 118.32
# Algorithm, state_space_size, action_space_size, delay, sequence_length, reward_density, terminal_state_density, num_layers, layer_width,
DQN 8 8 0 1 0.25 0.25 3 512 14280 122.68 125.87
# Algorithm, state_space_size, action_space_size, delay, sequence_length, reward_density, terminal_state_density, num_layers, layer_width,
DQN 8 8 0 1 0.25 0.25 3 512 14616 126.53 129.76
# Algorithm, state_space_size, action_space_size, delay, sequence_length, reward_density, terminal_state_density, num_layers, layer_width,
DQN 8 8 0 1 0.25 0.25 3 512 14960 130.84 134.12
# Algorithm, state_space_size, action_space_size, delay, sequence_length, reward_density, terminal_state_density, num_layers, layer_width,
DQN 8 8 0 1 0.25 0.25 3 512 15332 133.92 137.21
# Algorithm, state_space_size, action_space_size, delay, sequence_length, reward_density, terminal_state_density, num_layers, layer_width,
DQN 8 8 0 1 0.25 0.25 3 512 15708 133.92 137.21
# Algorithm, state_space_size, action_space_size, delay, sequence_length, reward_density, terminal_state_density, num_layers, layer_width,
DQN 8 8 0 1 0.25 0.25 3 512 16072 142.14 145.47
# Algorithm, state_space_size, action_space_size, delay, sequence_length, reward_density, terminal_state_density, num_layers, layer_width,
DQN 8 8 0 1 0.25 0.25 3 512 16436 142.14 145.47
# Algorithm, state_space_size, action_space_size, delay, sequence_length, reward_density, terminal_state_density, num_layers, layer_width,
DQN 8 8 0 1 0.25 0.25 3 512 16804 142.14 145.47
# Algorithm, state_space_size, action_space_size, delay, sequence_length, reward_density, terminal_state_density, num_layers, layer_width,
DQN 8 8 0 1 0.25 0.25 3 512 17172 142.14 145.47
# Algorithm, state_space_size, action_space_size, delay, sequence_length, reward_density, terminal_state_density, num_layers, layer_width,
DQN 8 8 0 1 0.25 0.25 3 512 17528 155.03 158.53
# Algorithm, state_space_size, action_space_size, delay, sequence_length, reward_density, terminal_state_density, num_layers, layer_width,
DQN 8 8 0 1 0.25 0.25 3 512 17896 155.03 158.53
# Algorithm, state_space_size, action_space_size, delay, sequence_length, reward_density, terminal_state_density, num_layers, layer_width,
DQN 8 8 0 1 0.25 0.25 3 512 18264 155.03 158.53
# Algorithm, state_space_size, action_space_size, delay, sequence_length, reward_density, terminal_state_density, num_layers, layer_width,
DQN 8 8 0 1 0.25 0.25 3 512 18632 166.01 169.56
# Algorithm, state_space_size, action_space_size, delay, sequence_length, reward_density, terminal_state_density, num_layers, layer_width,
DQN 8 8 0 1 0.25 0.25 3 512 18996 168.17 171.64
# Algorithm, state_space_size, action_space_size, delay, sequence_length, reward_density, terminal_state_density, num_layers, layer_width,
DQN 8 8 0 1 0.25 0.25 3 512 19352 168.17 171.64
# Algorithm, state_space_size, action_space_size, delay, sequence_length, reward_density, terminal_state_density, num_layers, layer_width,
DQN 8 8 0 1 0.25 0.25 3 512 19708 177.01 180.55
# Algorithm, state_space_size, action_space_size, delay, sequence_length, reward_density, terminal_state_density, num_layers, layer_width,
DQN 8 8 0 1 0.25 0.25 3 512 20064 179.01 182.57
# Algorithm, state_space_size, action_space_size, delay, sequence_length, reward_density, terminal_state_density, num_layers, layer_width,
DQN 8 8 0 1 0.25 0.25 4 128 952 0.8055555555555556 4.407407407407407
# Algorithm, state_space_size, action_space_size, delay, sequence_length, reward_density, terminal_state_density, num_layers, layer_width,
DQN 8 8 0 1 0.25 0.25 4 128 1428 1.18 5.7
# Algorithm, state_space_size, action_space_size, delay, sequence_length, reward_density, terminal_state_density, num_layers, layer_width,
DQN 8 8 0 1 0.25 0.25 4 128 1956 2.19 7.97
# Algorithm, state_space_size, action_space_size, delay, sequence_length, reward_density, terminal_state_density, num_layers, layer_width,
DQN 8 8 0 1 0.25 0.25 4 128 2472 4.99 12.23
# Algorithm, state_space_size, action_space_size, delay, sequence_length, reward_density, terminal_state_density, num_layers, layer_width,
DQN 8 8 0 1 0.25 0.25 4 128 2980 8.76 16.0
# Algorithm, state_space_size, action_space_size, delay, sequence_length, reward_density, terminal_state_density, num_layers, layer_width,
DQN 8 8 0 1 0.25 0.25 4 128 3524 15.22 22.32
# Algorithm, state_space_size, action_space_size, delay, sequence_length, reward_density, terminal_state_density, num_layers, layer_width,
DQN 8 8 0 1 0.25 0.25 4 128 4064 21.2 28.3
# Algorithm, state_space_size, action_space_size, delay, sequence_length, reward_density, terminal_state_density, num_layers, layer_width,
DQN 8 8 0 1 0.25 0.25 4 128 4604 24.75 31.87
# Algorithm, state_space_size, action_space_size, delay, sequence_length, reward_density, terminal_state_density, num_layers, layer_width,
DQN 8 8 0 1 0.25 0.25 4 128 5144 31.91 38.98
# Algorithm, state_space_size, action_space_size, delay, sequence_length, reward_density, terminal_state_density, num_layers, layer_width,
DQN 8 8 0 1 0.25 0.25 4 128 5696 34.95 42.06
# Algorithm, state_space_size, action_space_size, delay, sequence_length, reward_density, terminal_state_density, num_layers, layer_width,
DQN 8 8 0 1 0.25 0.25 4 128 6228 39.14 46.19
# Algorithm, state_space_size, action_space_size, delay, sequence_length, reward_density, terminal_state_density, num_layers, layer_width,
DQN 8 8 0 1 0.25 0.25 4 128 6768 43.37 50.4
# Algorithm, state_space_size, action_space_size, delay, sequence_length, reward_density, terminal_state_density, num_layers, layer_width,
DQN 8 8 0 1 0.25 0.25 4 128 7312 49.49 56.55
# Algorithm, state_space_size, action_space_size, delay, sequence_length, reward_density, terminal_state_density, num_layers, layer_width,
DQN 8 8 0 1 0.25 0.25 4 128 7816 49.49 56.55
# Algorithm, state_space_size, action_space_size, delay, sequence_length, reward_density, terminal_state_density, num_layers, layer_width,
DQN 8 8 0 1 0.25 0.25 4 128 8268 62.48 69.52
# Algorithm, state_space_size, action_space_size, delay, sequence_length, reward_density, terminal_state_density, num_layers, layer_width,
DQN 8 8 0 1 0.25 0.25 4 128 8768 62.48 69.52
# Algorithm, state_space_size, action_space_size, delay, sequence_length, reward_density, terminal_state_density, num_layers, layer_width,
DQN 8 8 0 1 0.25 0.25 4 128 9264 70.92 77.86
# Algorithm, state_space_size, action_space_size, delay, sequence_length, reward_density, terminal_state_density, num_layers, layer_width,
DQN 8 8 0 1 0.25 0.25 4 128 9748 74.39 81.19
# Algorithm, state_space_size, action_space_size, delay, sequence_length, reward_density, terminal_state_density, num_layers, layer_width,
DQN 8 8 0 1 0.25 0.25 4 128 10288 81.97 88.77
# Algorithm, state_space_size, action_space_size, delay, sequence_length, reward_density, terminal_state_density, num_layers, layer_width,
DQN 8 8 0 1 0.25 0.25 4 128 10812 86.52 93.15
# Algorithm, state_space_size, action_space_size, delay, sequence_length, reward_density, terminal_state_density, num_layers, layer_width,
DQN 8 8 0 1 0.25 0.25 4 128 11340 91.87 97.76
# Algorithm, state_space_size, action_space_size, delay, sequence_length, reward_density, terminal_state_density, num_layers, layer_width,
DQN 8 8 0 1 0.25 0.25 4 128 11856 96.2 102.05
# Algorithm, state_space_size, action_space_size, delay, sequence_length, reward_density, terminal_state_density, num_layers, layer_width,
DQN 8 8 0 1 0.25 0.25 4 128 12384 102.52 108.45
# Algorithm, state_space_size, action_space_size, delay, sequence_length, reward_density, terminal_state_density, num_layers, layer_width,
DQN 8 8 0 1 0.25 0.25 4 128 12916 102.52 108.45
# Algorithm, state_space_size, action_space_size, delay, sequence_length, reward_density, terminal_state_density, num_layers, layer_width,
DQN 8 8 0 1 0.25 0.25 4 128 13440 111.84 118.47
# Algorithm, state_space_size, action_space_size, delay, sequence_length, reward_density, terminal_state_density, num_layers, layer_width,
DQN 8 8 0 1 0.25 0.25 4 128 13988 112.62 119.13
# Algorithm, state_space_size, action_space_size, delay, sequence_length, reward_density, terminal_state_density, num_layers, layer_width,
DQN 8 8 0 1 0.25 0.25 4 128 14520 112.62 119.13
# Algorithm, state_space_size, action_space_size, delay, sequence_length, reward_density, terminal_state_density, num_layers, layer_width,
DQN 8 8 0 1 0.25 0.25 4 128 15060 126.84 133.44
# Algorithm, state_space_size, action_space_size, delay, sequence_length, reward_density, terminal_state_density, num_layers, layer_width,
DQN 8 8 0 1 0.25 0.25 4 128 15604 133.91 140.51
# Algorithm, state_space_size, action_space_size, delay, sequence_length, reward_density, terminal_state_density, num_layers, layer_width,
DQN 8 8 0 1 0.25 0.25 4 128 16144 139.06 145.67
# Algorithm, state_space_size, action_space_size, delay, sequence_length, reward_density, terminal_state_density, num_layers, layer_width,
DQN 8 8 0 1 0.25 0.25 4 128 16688 140.42 147.01
# Algorithm, state_space_size, action_space_size, delay, sequence_length, reward_density, terminal_state_density, num_layers, layer_width,
DQN 8 8 0 1 0.25 0.25 4 128 17200 140.42 147.01
# Algorithm, state_space_size, action_space_size, delay, sequence_length, reward_density, terminal_state_density, num_layers, layer_width,
DQN 8 8 0 1 0.25 0.25 4 128 17752 155.24 161.78
# Algorithm, state_space_size, action_space_size, delay, sequence_length, reward_density, terminal_state_density, num_layers, layer_width,
DQN 8 8 0 1 0.25 0.25 4 128 18292 157.77 164.7
# Algorithm, state_space_size, action_space_size, delay, sequence_length, reward_density, terminal_state_density, num_layers, layer_width,
DQN 8 8 0 1 0.25 0.25 4 128 18836 164.32 171.21
# Algorithm, state_space_size, action_space_size, delay, sequence_length, reward_density, terminal_state_density, num_layers, layer_width,
DQN 8 8 0 1 0.25 0.25 4 128 19376 168.99 177.54
# Algorithm, state_space_size, action_space_size, delay, sequence_length, reward_density, terminal_state_density, num_layers, layer_width,
DQN 8 8 0 1 0.25 0.25 4 128 19932 173.17 181.74
# Algorithm, state_space_size, action_space_size, delay, sequence_length, reward_density, terminal_state_density, num_layers, layer_width,
DQN 8 8 0 1 0.25 0.25 4 128 20468 173.17 181.74
# Algorithm, state_space_size, action_space_size, delay, sequence_length, reward_density, terminal_state_density, num_layers, layer_width,
DQN 8 8 0 1 0.25 0.25 4 256 892 0.5967078189300411 3.6378600823045266
# Algorithm, state_space_size, action_space_size, delay, sequence_length, reward_density, terminal_state_density, num_layers, layer_width,
DQN 8 8 0 1 0.25 0.25 4 256 1336 0.46 4.49
# Algorithm, state_space_size, action_space_size, delay, sequence_length, reward_density, terminal_state_density, num_layers, layer_width,
DQN 8 8 0 1 0.25 0.25 4 256 1772 0.88 6.47
# Algorithm, state_space_size, action_space_size, delay, sequence_length, reward_density, terminal_state_density, num_layers, layer_width,
DQN 8 8 0 1 0.25 0.25 4 256 2212 3.88 10.14
# Algorithm, state_space_size, action_space_size, delay, sequence_length, reward_density, terminal_state_density, num_layers, layer_width,
DQN 8 8 0 1 0.25 0.25 4 256 2656 3.88 10.14
# Algorithm, state_space_size, action_space_size, delay, sequence_length, reward_density, terminal_state_density, num_layers, layer_width,
DQN 8 8 0 1 0.25 0.25 4 256 3096 12.06 18.43
# Algorithm, state_space_size, action_space_size, delay, sequence_length, reward_density, terminal_state_density, num_layers, layer_width,
DQN 8 8 0 1 0.25 0.25 4 256 3536 12.06 18.43
# Algorithm, state_space_size, action_space_size, delay, sequence_length, reward_density, terminal_state_density, num_layers, layer_width,
DQN 8 8 0 1 0.25 0.25 4 256 3996 12.06 18.43
# Algorithm, state_space_size, action_space_size, delay, sequence_length, reward_density, terminal_state_density, num_layers, layer_width,
DQN 8 8 0 1 0.25 0.25 4 256 4448 12.06 18.43
# Algorithm, state_space_size, action_space_size, delay, sequence_length, reward_density, terminal_state_density, num_layers, layer_width,
DQN 8 8 0 1 0.25 0.25 4 256 4900 12.06 18.43
# Algorithm, state_space_size, action_space_size, delay, sequence_length, reward_density, terminal_state_density, num_layers, layer_width,
DQN 8 8 0 1 0.25 0.25 4 256 5336 32.19 38.48
# Algorithm, state_space_size, action_space_size, delay, sequence_length, reward_density, terminal_state_density, num_layers, layer_width,
DQN 8 8 0 1 0.25 0.25 4 256 5772 35.73 42.03
# Algorithm, state_space_size, action_space_size, delay, sequence_length, reward_density, terminal_state_density, num_layers, layer_width,
DQN 8 8 0 1 0.25 0.25 4 256 6204 39.95 46.25
# Algorithm, state_space_size, action_space_size, delay, sequence_length, reward_density, terminal_state_density, num_layers, layer_width,
DQN 8 8 0 1 0.25 0.25 4 256 6620 44.84 51.17
# Algorithm, state_space_size, action_space_size, delay, sequence_length, reward_density, terminal_state_density, num_layers, layer_width,
DQN 8 8 0 1 0.25 0.25 4 256 7080 50.95 57.27
# Algorithm, state_space_size, action_space_size, delay, sequence_length, reward_density, terminal_state_density, num_layers, layer_width,
DQN 8 8 0 1 0.25 0.25 4 256 7528 53.82 60.14
# Algorithm, state_space_size, action_space_size, delay, sequence_length, reward_density, terminal_state_density, num_layers, layer_width,
DQN 8 8 0 1 0.25 0.25 4 256 7976 57.38 63.69
# Algorithm, state_space_size, action_space_size, delay, sequence_length, reward_density, terminal_state_density, num_layers, layer_width,
DQN 8 8 0 1 0.25 0.25 4 256 8424 61.79 68.15
# Algorithm, state_space_size, action_space_size, delay, sequence_length, reward_density, terminal_state_density, num_layers, layer_width,
DQN 8 8 0 1 0.25 0.25 4 256 8860 70.25 76.39
# Algorithm, state_space_size, action_space_size, delay, sequence_length, reward_density, terminal_state_density, num_layers, layer_width,
DQN 8 8 0 1 0.25 0.25 4 256 9308 71.56 77.57
# Algorithm, state_space_size, action_space_size, delay, sequence_length, reward_density, terminal_state_density, num_layers, layer_width,
DQN 8 8 0 1 0.25 0.25 4 256 9756 77.0 83.0
# Algorithm, state_space_size, action_space_size, delay, sequence_length, reward_density, terminal_state_density, num_layers, layer_width,
DQN 8 8 0 1 0.25 0.25 4 256 10196 77.0 83.0
# Algorithm, state_space_size, action_space_size, delay, sequence_length, reward_density, terminal_state_density, num_layers, layer_width,
DQN 8 8 0 1 0.25 0.25 4 256 10640 87.71 93.67
# Algorithm, state_space_size, action_space_size, delay, sequence_length, reward_density, terminal_state_density, num_layers, layer_width,
DQN 8 8 0 1 0.25 0.25 4 256 11084 87.71 93.67
# Algorithm, state_space_size, action_space_size, delay, sequence_length, reward_density, terminal_state_density, num_layers, layer_width,
DQN 8 8 0 1 0.25 0.25 4 256 11524 94.26 100.16
# Algorithm, state_space_size, action_space_size, delay, sequence_length, reward_density, terminal_state_density, num_layers, layer_width,
DQN 8 8 0 1 0.25 0.25 4 256 11976 98.73 104.59
# Algorithm, state_space_size, action_space_size, delay, sequence_length, reward_density, terminal_state_density, num_layers, layer_width,
DQN 8 8 0 1 0.25 0.25 4 256 12420 104.21 110.0
# Algorithm, state_space_size, action_space_size, delay, sequence_length, reward_density, terminal_state_density, num_layers, layer_width,
DQN 8 8 0 1 0.25 0.25 4 256 12888 108.51 114.23
# Algorithm, state_space_size, action_space_size, delay, sequence_length, reward_density, terminal_state_density, num_layers, layer_width,
DQN 8 8 0 1 0.25 0.25 4 256 13340 111.87 117.61
# Algorithm, state_space_size, action_space_size, delay, sequence_length, reward_density, terminal_state_density, num_layers, layer_width,
DQN 8 8 0 1 0.25 0.25 4 256 13800 111.87 117.61
# Algorithm, state_space_size, action_space_size, delay, sequence_length, reward_density, terminal_state_density, num_layers, layer_width,
DQN 8 8 0 1 0.25 0.25 4 256 14224 121.22 126.93
# Algorithm, state_space_size, action_space_size, delay, sequence_length, reward_density, terminal_state_density, num_layers, layer_width,
DQN 8 8 0 1 0.25 0.25 4 256 14688 123.89 129.61
# Algorithm, state_space_size, action_space_size, delay, sequence_length, reward_density, terminal_state_density, num_layers, layer_width,
DQN 8 8 0 1 0.25 0.25 4 256 15140 128.96 134.69
# Algorithm, state_space_size, action_space_size, delay, sequence_length, reward_density, terminal_state_density, num_layers, layer_width,
DQN 8 8 0 1 0.25 0.25 4 256 15596 136.11 141.78
# Algorithm, state_space_size, action_space_size, delay, sequence_length, reward_density, terminal_state_density, num_layers, layer_width,
DQN 8 8 0 1 0.25 0.25 4 256 16044 141.15 146.78
# Algorithm, state_space_size, action_space_size, delay, sequence_length, reward_density, terminal_state_density, num_layers, layer_width,
DQN 8 8 0 1 0.25 0.25 4 256 16496 141.15 146.78
# Algorithm, state_space_size, action_space_size, delay, sequence_length, reward_density, terminal_state_density, num_layers, layer_width,
DQN 8 8 0 1 0.25 0.25 4 256 16952 146.0 151.65
# Algorithm, state_space_size, action_space_size, delay, sequence_length, reward_density, terminal_state_density, num_layers, layer_width,
DQN 8 8 0 1 0.25 0.25 4 256 17412 154.76 160.44
# Algorithm, state_space_size, action_space_size, delay, sequence_length, reward_density, terminal_state_density, num_layers, layer_width,
DQN 8 8 0 1 0.25 0.25 4 256 17868 154.76 160.44
# Algorithm, state_space_size, action_space_size, delay, sequence_length, reward_density, terminal_state_density, num_layers, layer_width,
DQN 8 8 0 1 0.25 0.25 4 256 18324 159.61 165.3
# Algorithm, state_space_size, action_space_size, delay, sequence_length, reward_density, terminal_state_density, num_layers, layer_width,
DQN 8 8 0 1 0.25 0.25 4 256 18772 165.97 171.71
# Algorithm, state_space_size, action_space_size, delay, sequence_length, reward_density, terminal_state_density, num_layers, layer_width,
DQN 8 8 0 1 0.25 0.25 4 256 19228 165.97 171.71
# Algorithm, state_space_size, action_space_size, delay, sequence_length, reward_density, terminal_state_density, num_layers, layer_width,
DQN 8 8 0 1 0.25 0.25 4 256 19680 175.34 181.21
# Algorithm, state_space_size, action_space_size, delay, sequence_length, reward_density, terminal_state_density, num_layers, layer_width,
DQN 8 8 0 1 0.25 0.25 4 256 20144 178.94 184.78
# Algorithm, state_space_size, action_space_size, delay, sequence_length, reward_density, terminal_state_density, num_layers, layer_width,
DQN 8 8 0 1 0.25 0.25 4 512 700 0.7125748502994012 4.173652694610778
# Algorithm, state_space_size, action_space_size, delay, sequence_length, reward_density, terminal_state_density, num_layers, layer_width,
DQN 8 8 0 1 0.25 0.25 4 512 1116 1.22 5.25
# Algorithm, state_space_size, action_space_size, delay, sequence_length, reward_density, terminal_state_density, num_layers, layer_width,
DQN 8 8 0 1 0.25 0.25 4 512 1392 1.48 6.49
# Algorithm, state_space_size, action_space_size, delay, sequence_length, reward_density, terminal_state_density, num_layers, layer_width,
DQN 8 8 0 1 0.25 0.25 4 512 1672 1.62 7.71
# Algorithm, state_space_size, action_space_size, delay, sequence_length, reward_density, terminal_state_density, num_layers, layer_width,
DQN 8 8 0 1 0.25 0.25 4 512 1956 3.55 9.41
# Algorithm, state_space_size, action_space_size, delay, sequence_length, reward_density, terminal_state_density, num_layers, layer_width,
DQN 8 8 0 1 0.25 0.25 4 512 2240 5.54 11.51
# Algorithm, state_space_size, action_space_size, delay, sequence_length, reward_density, terminal_state_density, num_layers, layer_width,
DQN 8 8 0 1 0.25 0.25 4 512 2528 7.73 13.65
# Algorithm, state_space_size, action_space_size, delay, sequence_length, reward_density, terminal_state_density, num_layers, layer_width,
DQN 8 8 0 1 0.25 0.25 4 512 2812 11.29 17.17
# Algorithm, state_space_size, action_space_size, delay, sequence_length, reward_density, terminal_state_density, num_layers, layer_width,
DQN 8 8 0 1 0.25 0.25 4 512 3088 11.29 17.17
# Algorithm, state_space_size, action_space_size, delay, sequence_length, reward_density, terminal_state_density, num_layers, layer_width,
DQN 8 8 0 1 0.25 0.25 4 512 3376 11.29 17.17
# Algorithm, state_space_size, action_space_size, delay, sequence_length, reward_density, terminal_state_density, num_layers, layer_width,
DQN 8 8 0 1 0.25 0.25 4 512 3664 20.3 26.17
# Algorithm, state_space_size, action_space_size, delay, sequence_length, reward_density, terminal_state_density, num_layers, layer_width,
DQN 8 8 0 1 0.25 0.25 4 512 3928 20.3 26.17
# Algorithm, state_space_size, action_space_size, delay, sequence_length, reward_density, terminal_state_density, num_layers, layer_width,
DQN 8 8 0 1 0.25 0.25 4 512 4204 24.49 30.32
# Algorithm, state_space_size, action_space_size, delay, sequence_length, reward_density, terminal_state_density, num_layers, layer_width,
DQN 8 8 0 1 0.25 0.25 4 512 4444 27.89 33.7
# Algorithm, state_space_size, action_space_size, delay, sequence_length, reward_density, terminal_state_density, num_layers, layer_width,
DQN 8 8 0 1 0.25 0.25 4 512 4720 30.74 36.57
# Algorithm, state_space_size, action_space_size, delay, sequence_length, reward_density, terminal_state_density, num_layers, layer_width,
DQN 8 8 0 1 0.25 0.25 4 512 5004 30.74 36.57
# Algorithm, state_space_size, action_space_size, delay, sequence_length, reward_density, terminal_state_density, num_layers, layer_width,
DQN 8 8 0 1 0.25 0.25 4 512 5288 30.74 36.57
# Algorithm, state_space_size, action_space_size, delay, sequence_length, reward_density, terminal_state_density, num_layers, layer_width,
DQN 8 8 0 1 0.25 0.25 4 512 5568 38.06 43.85
# Algorithm, state_space_size, action_space_size, delay, sequence_length, reward_density, terminal_state_density, num_layers, layer_width,
DQN 8 8 0 1 0.25 0.25 4 512 5856 38.06 43.85
# Algorithm, state_space_size, action_space_size, delay, sequence_length, reward_density, terminal_state_density, num_layers, layer_width,
DQN 8 8 0 1 0.25 0.25 4 512 6144 38.06 43.85
# Algorithm, state_space_size, action_space_size, delay, sequence_length, reward_density, terminal_state_density, num_layers, layer_width,
DQN 8 8 0 1 0.25 0.25 4 512 6428 38.06 43.85
# Algorithm, state_space_size, action_space_size, delay, sequence_length, reward_density, terminal_state_density, num_layers, layer_width,
DQN 8 8 0 1 0.25 0.25 4 512 6716 38.06 43.85
# Algorithm, state_space_size, action_space_size, delay, sequence_length, reward_density, terminal_state_density, num_layers, layer_width,
DQN 8 8 0 1 0.25 0.25 4 512 7004 38.06 43.85
# Algorithm, state_space_size, action_space_size, delay, sequence_length, reward_density, terminal_state_density, num_layers, layer_width,
DQN 8 8 0 1 0.25 0.25 4 512 7280 55.96 61.82
# Algorithm, state_space_size, action_space_size, delay, sequence_length, reward_density, terminal_state_density, num_layers, layer_width,
DQN 8 8 0 1 0.25 0.25 4 512 7560 55.96 61.82
# Algorithm, state_space_size, action_space_size, delay, sequence_length, reward_density, terminal_state_density, num_layers, layer_width,
DQN 8 8 0 1 0.25 0.25 4 512 7844 55.96 61.82
# Algorithm, state_space_size, action_space_size, delay, sequence_length, reward_density, terminal_state_density, num_layers, layer_width,
DQN 8 8 0 1 0.25 0.25 4 512 8124 55.96 61.82
# Algorithm, state_space_size, action_space_size, delay, sequence_length, reward_density, terminal_state_density, num_layers, layer_width,
DQN 8 8 0 1 0.25 0.25 4 512 8400 67.55 73.34
# Algorithm, state_space_size, action_space_size, delay, sequence_length, reward_density, terminal_state_density, num_layers, layer_width,
DQN 8 8 0 1 0.25 0.25 4 512 8676 69.27 74.91
# Algorithm, state_space_size, action_space_size, delay, sequence_length, reward_density, terminal_state_density, num_layers, layer_width,
DQN 8 8 0 1 0.25 0.25 4 512 8964 69.27 74.91
# Algorithm, state_space_size, action_space_size, delay, sequence_length, reward_density, terminal_state_density, num_layers, layer_width,
DQN 8 8 0 1 0.25 0.25 4 512 9252 69.27 74.91
# Algorithm, state_space_size, action_space_size, delay, sequence_length, reward_density, terminal_state_density, num_layers, layer_width,
DQN 8 8 0 1 0.25 0.25 4 512 9540 69.27 74.91
# Algorithm, state_space_size, action_space_size, delay, sequence_length, reward_density, terminal_state_density, num_layers, layer_width,
DQN 8 8 0 1 0.25 0.25 4 512 9824 81.35 87.03
# Algorithm, state_space_size, action_space_size, delay, sequence_length, reward_density, terminal_state_density, num_layers, layer_width,
DQN 8 8 0 1 0.25 0.25 4 512 10116 81.35 87.03
# Algorithm, state_space_size, action_space_size, delay, sequence_length, reward_density, terminal_state_density, num_layers, layer_width,
DQN 8 8 0 1 0.25 0.25 4 512 10404 85.58 91.25
# Algorithm, state_space_size, action_space_size, delay, sequence_length, reward_density, terminal_state_density, num_layers, layer_width,
DQN 8 8 0 1 0.25 0.25 4 512 10688 85.58 91.25
# Algorithm, state_space_size, action_space_size, delay, sequence_length, reward_density, terminal_state_density, num_layers, layer_width,
DQN 8 8 0 1 0.25 0.25 4 512 10976 85.58 91.25
# Algorithm, state_space_size, action_space_size, delay, sequence_length, reward_density, terminal_state_density, num_layers, layer_width,
DQN 8 8 0 1 0.25 0.25 4 512 11236 85.58 91.25
# Algorithm, state_space_size, action_space_size, delay, sequence_length, reward_density, terminal_state_density, num_layers, layer_width,
DQN 8 8 0 1 0.25 0.25 4 512 11520 97.46 103.17
# Algorithm, state_space_size, action_space_size, delay, sequence_length, reward_density, terminal_state_density, num_layers, layer_width,
DQN 8 8 0 1 0.25 0.25 4 512 11804 97.46 103.17
# Algorithm, state_space_size, action_space_size, delay, sequence_length, reward_density, terminal_state_density, num_layers, layer_width,
DQN 8 8 0 1 0.25 0.25 4 512 12080 103.57 109.28
# Algorithm, state_space_size, action_space_size, delay, sequence_length, reward_density, terminal_state_density, num_layers, layer_width,
DQN 8 8 0 1 0.25 0.25 4 512 12360 103.57 109.28
# Algorithm, state_space_size, action_space_size, delay, sequence_length, reward_density, terminal_state_density, num_layers, layer_width,
DQN 8 8 0 1 0.25 0.25 4 512 12648 107.56 113.19
# Algorithm, state_space_size, action_space_size, delay, sequence_length, reward_density, terminal_state_density, num_layers, layer_width,
DQN 8 8 0 1 0.25 0.25 4 512 12936 111.88 117.5
# Algorithm, state_space_size, action_space_size, delay, sequence_length, reward_density, terminal_state_density, num_layers, layer_width,
DQN 8 8 0 1 0.25 0.25 4 512 13216 111.88 117.5
# Algorithm, state_space_size, action_space_size, delay, sequence_length, reward_density, terminal_state_density, num_layers, layer_width,
DQN 8 8 0 1 0.25 0.25 4 512 13504 111.88 117.5
# Algorithm, state_space_size, action_space_size, delay, sequence_length, reward_density, terminal_state_density, num_layers, layer_width,
DQN 8 8 0 1 0.25 0.25 4 512 13780 119.09 124.75
# Algorithm, state_space_size, action_space_size, delay, sequence_length, reward_density, terminal_state_density, num_layers, layer_width,
DQN 8 8 0 1 0.25 0.25 4 512 14048 119.09 124.75
# Algorithm, state_space_size, action_space_size, delay, sequence_length, reward_density, terminal_state_density, num_layers, layer_width,
DQN 8 8 0 1 0.25 0.25 4 512 14332 119.09 124.75
# Algorithm, state_space_size, action_space_size, delay, sequence_length, reward_density, terminal_state_density, num_layers, layer_width,
DQN 8 8 0 1 0.25 0.25 4 512 14616 128.65 134.22
# Algorithm, state_space_size, action_space_size, delay, sequence_length, reward_density, terminal_state_density, num_layers, layer_width,
DQN 8 8 0 1 0.25 0.25 4 512 14900 128.65 134.22
# Algorithm, state_space_size, action_space_size, delay, sequence_length, reward_density, terminal_state_density, num_layers, layer_width,
DQN 8 8 0 1 0.25 0.25 4 512 15184 133.73 139.33
# Algorithm, state_space_size, action_space_size, delay, sequence_length, reward_density, terminal_state_density, num_layers, layer_width,
DQN 8 8 0 1 0.25 0.25 4 512 15468 137.26 142.84
# Algorithm, state_space_size, action_space_size, delay, sequence_length, reward_density, terminal_state_density, num_layers, layer_width,
DQN 8 8 0 1 0.25 0.25 4 512 15740 139.34 144.85
# Algorithm, state_space_size, action_space_size, delay, sequence_length, reward_density, terminal_state_density, num_layers, layer_width,
DQN 8 8 0 1 0.25 0.25 4 512 15992 140.46 145.65
# Algorithm, state_space_size, action_space_size, delay, sequence_length, reward_density, terminal_state_density, num_layers, layer_width,
DQN 8 8 0 1 0.25 0.25 4 512 16260 144.04 149.24
# Algorithm, state_space_size, action_space_size, delay, sequence_length, reward_density, terminal_state_density, num_layers, layer_width,
DQN 8 8 0 1 0.25 0.25 4 512 16544 147.77 152.8
# Algorithm, state_space_size, action_space_size, delay, sequence_length, reward_density, terminal_state_density, num_layers, layer_width,
DQN 8 8 0 1 0.25 0.25 4 512 16832 149.63 154.54
# Algorithm, state_space_size, action_space_size, delay, sequence_length, reward_density, terminal_state_density, num_layers, layer_width,
DQN 8 8 0 1 0.25 0.25 4 512 17120 153.35 158.1
# Algorithm, state_space_size, action_space_size, delay, sequence_length, reward_density, terminal_state_density, num_layers, layer_width,
DQN 8 8 0 1 0.25 0.25 4 512 17404 154.6 159.32
# Algorithm, state_space_size, action_space_size, delay, sequence_length, reward_density, terminal_state_density, num_layers, layer_width,
DQN 8 8 0 1 0.25 0.25 4 512 17692 154.6 159.32
# Algorithm, state_space_size, action_space_size, delay, sequence_length, reward_density, terminal_state_density, num_layers, layer_width,
DQN 8 8 0 1 0.25 0.25 4 512 17956 160.79 165.41
# Algorithm, state_space_size, action_space_size, delay, sequence_length, reward_density, terminal_state_density, num_layers, layer_width,
DQN 8 8 0 1 0.25 0.25 4 512 18244 160.79 165.41
# Algorithm, state_space_size, action_space_size, delay, sequence_length, reward_density, terminal_state_density, num_layers, layer_width,
DQN 8 8 0 1 0.25 0.25 4 512 18524 160.79 165.41
# Algorithm, state_space_size, action_space_size, delay, sequence_length, reward_density, terminal_state_density, num_layers, layer_width,
DQN 8 8 0 1 0.25 0.25 4 512 18808 160.79 165.41
# Algorithm, state_space_size, action_space_size, delay, sequence_length, reward_density, terminal_state_density, num_layers, layer_width,
DQN 8 8 0 1 0.25 0.25 4 512 19092 172.69 177.32
# Algorithm, state_space_size, action_space_size, delay, sequence_length, reward_density, terminal_state_density, num_layers, layer_width,
DQN 8 8 0 1 0.25 0.25 4 512 19372 172.69 177.32
# Algorithm, state_space_size, action_space_size, delay, sequence_length, reward_density, terminal_state_density, num_layers, layer_width,
DQN 8 8 0 1 0.25 0.25 4 512 19644 172.69 177.32
# Algorithm, state_space_size, action_space_size, delay, sequence_length, reward_density, terminal_state_density, num_layers, layer_width,
DQN 8 8 0 1 0.25 0.25 4 512 19908 179.32 183.97
# Algorithm, state_space_size, action_space_size, delay, sequence_length, reward_density, terminal_state_density, num_layers, layer_width,
DQN 8 8 0 1 0.25 0.25 4 512 20160 183.19 187.82
