# Algorithm, state_space_size, action_space_size, delay, sequence_length, reward_density, terminal_state_density,
DQN 8 8 0 1 0.25 0.25 924 0.5936254980079682 3.6772908366533863
# Algorithm, state_space_size, action_space_size, delay, sequence_length, reward_density, terminal_state_density,
DQN 8 8 0 1 0.25 0.25 1420 0.4491525423728814 4.169491525423729
# Algorithm, state_space_size, action_space_size, delay, sequence_length, reward_density, terminal_state_density,
DQN 8 8 0 1 0.25 0.25 1912 1.0185185185185186 3.067901234567901
# Algorithm, state_space_size, action_space_size, delay, sequence_length, reward_density, terminal_state_density,
DQN 8 8 0 1 0.25 0.25 2420 4.58 5.65
# Algorithm, state_space_size, action_space_size, delay, sequence_length, reward_density, terminal_state_density,
DQN 8 8 0 1 0.25 0.25 2940 7.26 8.34
# Algorithm, state_space_size, action_space_size, delay, sequence_length, reward_density, terminal_state_density,
DQN 8 8 0 1 0.25 0.25 3448 13.27 14.38
# Algorithm, state_space_size, action_space_size, delay, sequence_length, reward_density, terminal_state_density,
DQN 8 8 0 1 0.25 0.25 3968 19.32 20.47
# Algorithm, state_space_size, action_space_size, delay, sequence_length, reward_density, terminal_state_density,
DQN 8 8 0 1 0.25 0.25 4472 24.24 25.4
# Algorithm, state_space_size, action_space_size, delay, sequence_length, reward_density, terminal_state_density,
DQN 8 8 0 1 0.25 0.25 4996 27.35 28.54
# Algorithm, state_space_size, action_space_size, delay, sequence_length, reward_density, terminal_state_density,
DQN 8 8 0 1 0.25 0.25 5512 35.11 36.34
# Algorithm, state_space_size, action_space_size, delay, sequence_length, reward_density, terminal_state_density,
DQN 8 8 0 1 0.25 0.25 6032 39.16 40.4
# Algorithm, state_space_size, action_space_size, delay, sequence_length, reward_density, terminal_state_density,
DQN 8 8 0 1 0.25 0.25 6556 45.07 46.31
# Algorithm, state_space_size, action_space_size, delay, sequence_length, reward_density, terminal_state_density,
DQN 8 8 0 1 0.25 0.25 7080 48.28 49.5
# Algorithm, state_space_size, action_space_size, delay, sequence_length, reward_density, terminal_state_density,
DQN 8 8 0 1 0.25 0.25 7608 55.11 56.34
# Algorithm, state_space_size, action_space_size, delay, sequence_length, reward_density, terminal_state_density,
DQN 8 8 0 1 0.25 0.25 8128 57.07 58.34
# Algorithm, state_space_size, action_space_size, delay, sequence_length, reward_density, terminal_state_density,
DQN 8 8 0 1 0.25 0.25 8644 65.63 66.95
# Algorithm, state_space_size, action_space_size, delay, sequence_length, reward_density, terminal_state_density,
DQN 8 8 0 1 0.25 0.25 9152 65.63 66.95
# Algorithm, state_space_size, action_space_size, delay, sequence_length, reward_density, terminal_state_density,
DQN 8 8 0 1 0.25 0.25 9672 65.63 66.95
# Algorithm, state_space_size, action_space_size, delay, sequence_length, reward_density, terminal_state_density,
DQN 8 8 0 1 0.25 0.25 10184 65.63 66.95
# Algorithm, state_space_size, action_space_size, delay, sequence_length, reward_density, terminal_state_density,
DQN 8 8 0 1 0.25 0.25 10708 83.36 84.83
# Algorithm, state_space_size, action_space_size, delay, sequence_length, reward_density, terminal_state_density,
DQN 8 8 0 1 0.25 0.25 11208 89.62 91.16
# Algorithm, state_space_size, action_space_size, delay, sequence_length, reward_density, terminal_state_density,
DQN 8 8 0 1 0.25 0.25 11740 93.2 94.76
# Algorithm, state_space_size, action_space_size, delay, sequence_length, reward_density, terminal_state_density,
DQN 8 8 0 1 0.25 0.25 12252 99.12 100.73
# Algorithm, state_space_size, action_space_size, delay, sequence_length, reward_density, terminal_state_density,
DQN 8 8 0 1 0.25 0.25 12768 102.45 104.08
# Algorithm, state_space_size, action_space_size, delay, sequence_length, reward_density, terminal_state_density,
DQN 8 8 0 1 0.25 0.25 13284 111.63 113.35
# Algorithm, state_space_size, action_space_size, delay, sequence_length, reward_density, terminal_state_density,
DQN 8 8 0 1 0.25 0.25 13804 114.39 116.12
# Algorithm, state_space_size, action_space_size, delay, sequence_length, reward_density, terminal_state_density,
DQN 8 8 0 1 0.25 0.25 14328 117.13 118.9
# Algorithm, state_space_size, action_space_size, delay, sequence_length, reward_density, terminal_state_density,
DQN 8 8 0 1 0.25 0.25 14844 117.13 118.9
# Algorithm, state_space_size, action_space_size, delay, sequence_length, reward_density, terminal_state_density,
DQN 8 8 0 1 0.25 0.25 15372 127.67 129.47
# Algorithm, state_space_size, action_space_size, delay, sequence_length, reward_density, terminal_state_density,
DQN 8 8 0 1 0.25 0.25 15892 135.22 137.07
# Algorithm, state_space_size, action_space_size, delay, sequence_length, reward_density, terminal_state_density,
DQN 8 8 0 1 0.25 0.25 16412 142.36 144.24
# Algorithm, state_space_size, action_space_size, delay, sequence_length, reward_density, terminal_state_density,
DQN 8 8 0 1 0.25 0.25 16932 144.91 146.82
# Algorithm, state_space_size, action_space_size, delay, sequence_length, reward_density, terminal_state_density,
DQN 8 8 0 1 0.25 0.25 17448 151.25 153.23
# Algorithm, state_space_size, action_space_size, delay, sequence_length, reward_density, terminal_state_density,
DQN 8 8 0 1 0.25 0.25 17972 156.76 158.79
# Algorithm, state_space_size, action_space_size, delay, sequence_length, reward_density, terminal_state_density,
DQN 8 8 0 1 0.25 0.25 18488 161.91 163.99
# Algorithm, state_space_size, action_space_size, delay, sequence_length, reward_density, terminal_state_density,
DQN 8 8 0 1 0.25 0.25 19000 168.25 170.38
# Algorithm, state_space_size, action_space_size, delay, sequence_length, reward_density, terminal_state_density,
DQN 8 8 0 1 0.25 0.25 19508 169.07 171.22
# Algorithm, state_space_size, action_space_size, delay, sequence_length, reward_density, terminal_state_density,
DQN 8 8 0 1 0.25 0.25 19972 169.07 171.22
# Algorithm, state_space_size, action_space_size, delay, sequence_length, reward_density, terminal_state_density,
DQN 8 8 0 1 0.25 0.25 20464 179.65 181.95
# Algorithm, state_space_size, action_space_size, delay, sequence_length, reward_density, terminal_state_density,
DQN 8 8 0 2 0.25 0.25 960 0.45384615384615384 3.669230769230769
# Algorithm, state_space_size, action_space_size, delay, sequence_length, reward_density, terminal_state_density,
DQN 8 8 0 2 0.25 0.25 1440 0.6851851851851852 4.5
# Algorithm, state_space_size, action_space_size, delay, sequence_length, reward_density, terminal_state_density,
DQN 8 8 0 2 0.25 0.25 1972 1.22 8.52
# Algorithm, state_space_size, action_space_size, delay, sequence_length, reward_density, terminal_state_density,
DQN 8 8 0 2 0.25 0.25 2492 1.23 10.91
# Algorithm, state_space_size, action_space_size, delay, sequence_length, reward_density, terminal_state_density,
DQN 8 8 0 2 0.25 0.25 3004 2.4 18.3
# Algorithm, state_space_size, action_space_size, delay, sequence_length, reward_density, terminal_state_density,
DQN 8 8 0 2 0.25 0.25 3484 2.4 18.3
# Algorithm, state_space_size, action_space_size, delay, sequence_length, reward_density, terminal_state_density,
DQN 8 8 0 2 0.25 0.25 3964 2.43 27.33
# Algorithm, state_space_size, action_space_size, delay, sequence_length, reward_density, terminal_state_density,
DQN 8 8 0 2 0.25 0.25 4484 2.58 32.25
# Algorithm, state_space_size, action_space_size, delay, sequence_length, reward_density, terminal_state_density,
DQN 8 8 0 2 0.25 0.25 5012 2.84 35.38
# Algorithm, state_space_size, action_space_size, delay, sequence_length, reward_density, terminal_state_density,
DQN 8 8 0 2 0.25 0.25 5536 2.84 35.38
# Algorithm, state_space_size, action_space_size, delay, sequence_length, reward_density, terminal_state_density,
DQN 8 8 0 2 0.25 0.25 6052 2.9 44.52
# Algorithm, state_space_size, action_space_size, delay, sequence_length, reward_density, terminal_state_density,
DQN 8 8 0 2 0.25 0.25 6560 5.8 53.03
# Algorithm, state_space_size, action_space_size, delay, sequence_length, reward_density, terminal_state_density,
DQN 8 8 0 2 0.25 0.25 7060 9.0 56.25
# Algorithm, state_space_size, action_space_size, delay, sequence_length, reward_density, terminal_state_density,
DQN 8 8 0 2 0.25 0.25 7576 9.0 56.25
# Algorithm, state_space_size, action_space_size, delay, sequence_length, reward_density, terminal_state_density,
DQN 8 8 0 2 0.25 0.25 8096 21.13 68.28
# Algorithm, state_space_size, action_space_size, delay, sequence_length, reward_density, terminal_state_density,
DQN 8 8 0 2 0.25 0.25 8628 26.24 73.39
# Algorithm, state_space_size, action_space_size, delay, sequence_length, reward_density, terminal_state_density,
DQN 8 8 0 2 0.25 0.25 9156 26.24 73.39
# Algorithm, state_space_size, action_space_size, delay, sequence_length, reward_density, terminal_state_density,
DQN 8 8 0 2 0.25 0.25 9688 36.44 83.66
# Algorithm, state_space_size, action_space_size, delay, sequence_length, reward_density, terminal_state_density,
DQN 8 8 0 2 0.25 0.25 10224 39.62 86.77
# Algorithm, state_space_size, action_space_size, delay, sequence_length, reward_density, terminal_state_density,
DQN 8 8 0 2 0.25 0.25 10752 46.98 94.19
# Algorithm, state_space_size, action_space_size, delay, sequence_length, reward_density, terminal_state_density,
DQN 8 8 0 2 0.25 0.25 11268 50.17 97.42
# Algorithm, state_space_size, action_space_size, delay, sequence_length, reward_density, terminal_state_density,
DQN 8 8 0 2 0.25 0.25 11784 50.17 97.42
# Algorithm, state_space_size, action_space_size, delay, sequence_length, reward_density, terminal_state_density,
DQN 8 8 0 2 0.25 0.25 12292 62.59 109.94
# Algorithm, state_space_size, action_space_size, delay, sequence_length, reward_density, terminal_state_density,
DQN 8 8 0 2 0.25 0.25 12820 62.97 110.32
# Algorithm, state_space_size, action_space_size, delay, sequence_length, reward_density, terminal_state_density,
DQN 8 8 0 2 0.25 0.25 13340 72.87 120.25
# Algorithm, state_space_size, action_space_size, delay, sequence_length, reward_density, terminal_state_density,
DQN 8 8 0 2 0.25 0.25 13856 76.1 123.35
# Algorithm, state_space_size, action_space_size, delay, sequence_length, reward_density, terminal_state_density,
DQN 8 8 0 2 0.25 0.25 14376 76.1 123.35
# Algorithm, state_space_size, action_space_size, delay, sequence_length, reward_density, terminal_state_density,
DQN 8 8 0 2 0.25 0.25 14900 76.1 123.35
# Algorithm, state_space_size, action_space_size, delay, sequence_length, reward_density, terminal_state_density,
DQN 8 8 0 2 0.25 0.25 15388 93.04 140.35
# Algorithm, state_space_size, action_space_size, delay, sequence_length, reward_density, terminal_state_density,
DQN 8 8 0 2 0.25 0.25 15876 95.59 142.97
# Algorithm, state_space_size, action_space_size, delay, sequence_length, reward_density, terminal_state_density,
DQN 8 8 0 2 0.25 0.25 16384 95.59 142.97
# Algorithm, state_space_size, action_space_size, delay, sequence_length, reward_density, terminal_state_density,
DQN 8 8 0 2 0.25 0.25 16896 105.27 152.59
# Algorithm, state_space_size, action_space_size, delay, sequence_length, reward_density, terminal_state_density,
DQN 8 8 0 2 0.25 0.25 17412 111.03 158.43
# Algorithm, state_space_size, action_space_size, delay, sequence_length, reward_density, terminal_state_density,
DQN 8 8 0 2 0.25 0.25 17936 115.12 162.46
# Algorithm, state_space_size, action_space_size, delay, sequence_length, reward_density, terminal_state_density,
DQN 8 8 0 2 0.25 0.25 18452 123.12 170.29
# Algorithm, state_space_size, action_space_size, delay, sequence_length, reward_density, terminal_state_density,
DQN 8 8 0 2 0.25 0.25 18976 127.91 175.1
# Algorithm, state_space_size, action_space_size, delay, sequence_length, reward_density, terminal_state_density,
DQN 8 8 0 2 0.25 0.25 19492 128.48 175.63
# Algorithm, state_space_size, action_space_size, delay, sequence_length, reward_density, terminal_state_density,
DQN 8 8 0 2 0.25 0.25 19996 137.54 184.78
# Algorithm, state_space_size, action_space_size, delay, sequence_length, reward_density, terminal_state_density,
DQN 8 8 0 2 0.25 0.25 20500 139.72 187.08
# Algorithm, state_space_size, action_space_size, delay, sequence_length, reward_density, terminal_state_density,
DQN 8 8 1 1 0.25 0.25 996 0.44280442804428044 3.6752767527675276
# Algorithm, state_space_size, action_space_size, delay, sequence_length, reward_density, terminal_state_density,
DQN 8 8 1 1 0.25 0.25 1472 0.5948275862068966 4.077586206896552
# Algorithm, state_space_size, action_space_size, delay, sequence_length, reward_density, terminal_state_density,
DQN 8 8 1 1 0.25 0.25 1988 0.2787878787878788 3.1454545454545455
# Algorithm, state_space_size, action_space_size, delay, sequence_length, reward_density, terminal_state_density,
DQN 8 8 1 1 0.25 0.25 2496 0.1917808219178082 2.0547945205479454
# Algorithm, state_space_size, action_space_size, delay, sequence_length, reward_density, terminal_state_density,
DQN 8 8 1 1 0.25 0.25 3032 0.26 9.09
# Algorithm, state_space_size, action_space_size, delay, sequence_length, reward_density, terminal_state_density,
DQN 8 8 1 1 0.25 0.25 3572 0.27 12.03
# Algorithm, state_space_size, action_space_size, delay, sequence_length, reward_density, terminal_state_density,
DQN 8 8 1 1 0.25 0.25 4108 2.09 18.13
# Algorithm, state_space_size, action_space_size, delay, sequence_length, reward_density, terminal_state_density,
DQN 8 8 1 1 0.25 0.25 4648 7.01 23.07
# Algorithm, state_space_size, action_space_size, delay, sequence_length, reward_density, terminal_state_density,
DQN 8 8 1 1 0.25 0.25 5136 10.08 26.22
# Algorithm, state_space_size, action_space_size, delay, sequence_length, reward_density, terminal_state_density,
DQN 8 8 1 1 0.25 0.25 5672 18.46 34.71
# Algorithm, state_space_size, action_space_size, delay, sequence_length, reward_density, terminal_state_density,
DQN 8 8 1 1 0.25 0.25 6204 24.14 40.42
# Algorithm, state_space_size, action_space_size, delay, sequence_length, reward_density, terminal_state_density,
DQN 8 8 1 1 0.25 0.25 6728 29.35 45.65
# Algorithm, state_space_size, action_space_size, delay, sequence_length, reward_density, terminal_state_density,
DQN 8 8 1 1 0.25 0.25 7244 30.9 47.21
# Algorithm, state_space_size, action_space_size, delay, sequence_length, reward_density, terminal_state_density,
DQN 8 8 1 1 0.25 0.25 7784 39.64 56.05
# Algorithm, state_space_size, action_space_size, delay, sequence_length, reward_density, terminal_state_density,
DQN 8 8 1 1 0.25 0.25 8296 39.64 56.05
# Algorithm, state_space_size, action_space_size, delay, sequence_length, reward_density, terminal_state_density,
DQN 8 8 1 1 0.25 0.25 8804 48.16 64.68
# Algorithm, state_space_size, action_space_size, delay, sequence_length, reward_density, terminal_state_density,
DQN 8 8 1 1 0.25 0.25 9328 48.16 64.68
# Algorithm, state_space_size, action_space_size, delay, sequence_length, reward_density, terminal_state_density,
DQN 8 8 1 1 0.25 0.25 9764 48.16 64.68
# Algorithm, state_space_size, action_space_size, delay, sequence_length, reward_density, terminal_state_density,
DQN 8 8 1 1 0.25 0.25 10176 48.16 64.68
# Algorithm, state_space_size, action_space_size, delay, sequence_length, reward_density, terminal_state_density,
DQN 8 8 1 1 0.25 0.25 10688 65.8 82.57
# Algorithm, state_space_size, action_space_size, delay, sequence_length, reward_density, terminal_state_density,
DQN 8 8 1 1 0.25 0.25 11200 72.06 88.91
# Algorithm, state_space_size, action_space_size, delay, sequence_length, reward_density, terminal_state_density,
DQN 8 8 1 1 0.25 0.25 11736 75.59 92.49
# Algorithm, state_space_size, action_space_size, delay, sequence_length, reward_density, terminal_state_density,
DQN 8 8 1 1 0.25 0.25 12268 81.5 98.46
# Algorithm, state_space_size, action_space_size, delay, sequence_length, reward_density, terminal_state_density,
DQN 8 8 1 1 0.25 0.25 12756 84.81 101.82
# Algorithm, state_space_size, action_space_size, delay, sequence_length, reward_density, terminal_state_density,
DQN 8 8 1 1 0.25 0.25 13280 93.96 111.1
# Algorithm, state_space_size, action_space_size, delay, sequence_length, reward_density, terminal_state_density,
DQN 8 8 1 1 0.25 0.25 13820 99.4 116.61
# Algorithm, state_space_size, action_space_size, delay, sequence_length, reward_density, terminal_state_density,
DQN 8 8 1 1 0.25 0.25 14352 99.4 116.61
# Algorithm, state_space_size, action_space_size, delay, sequence_length, reward_density, terminal_state_density,
DQN 8 8 1 1 0.25 0.25 14892 109.93 127.17
# Algorithm, state_space_size, action_space_size, delay, sequence_length, reward_density, terminal_state_density,
DQN 8 8 1 1 0.25 0.25 15412 114.91 132.16
# Algorithm, state_space_size, action_space_size, delay, sequence_length, reward_density, terminal_state_density,
DQN 8 8 1 1 0.25 0.25 15944 117.48 134.77
# Algorithm, state_space_size, action_space_size, delay, sequence_length, reward_density, terminal_state_density,
DQN 8 8 1 1 0.25 0.25 16472 124.61 141.94
# Algorithm, state_space_size, action_space_size, delay, sequence_length, reward_density, terminal_state_density,
DQN 8 8 1 1 0.25 0.25 17012 127.15 144.51
# Algorithm, state_space_size, action_space_size, delay, sequence_length, reward_density, terminal_state_density,
DQN 8 8 1 1 0.25 0.25 17544 133.46 150.92
# Algorithm, state_space_size, action_space_size, delay, sequence_length, reward_density, terminal_state_density,
DQN 8 8 1 1 0.25 0.25 18076 138.94 156.48
# Algorithm, state_space_size, action_space_size, delay, sequence_length, reward_density, terminal_state_density,
DQN 8 8 1 1 0.25 0.25 18600 144.09 161.68
# Algorithm, state_space_size, action_space_size, delay, sequence_length, reward_density, terminal_state_density,
DQN 8 8 1 1 0.25 0.25 19124 151.2 168.9
# Algorithm, state_space_size, action_space_size, delay, sequence_length, reward_density, terminal_state_density,
DQN 8 8 1 1 0.25 0.25 19664 151.2 168.9
# Algorithm, state_space_size, action_space_size, delay, sequence_length, reward_density, terminal_state_density,
DQN 8 8 1 1 0.25 0.25 20208 161.78 179.66
# Algorithm, state_space_size, action_space_size, delay, sequence_length, reward_density, terminal_state_density,
DQN 8 8 1 2 0.25 0.25 960 0.3269230769230769 3.669230769230769
# Algorithm, state_space_size, action_space_size, delay, sequence_length, reward_density, terminal_state_density,
DQN 8 8 1 2 0.25 0.25 1456 0.3951612903225806 4.048387096774194
# Algorithm, state_space_size, action_space_size, delay, sequence_length, reward_density, terminal_state_density,
DQN 8 8 1 2 0.25 0.25 1968 0.304 3.976
# Algorithm, state_space_size, action_space_size, delay, sequence_length, reward_density, terminal_state_density,
DQN 8 8 1 2 0.25 0.25 2500 0.29 6.8
# Algorithm, state_space_size, action_space_size, delay, sequence_length, reward_density, terminal_state_density,
DQN 8 8 1 2 0.25 0.25 3016 0.3 10.76
# Algorithm, state_space_size, action_space_size, delay, sequence_length, reward_density, terminal_state_density,
DQN 8 8 1 2 0.25 0.25 3548 2.95 16.83
# Algorithm, state_space_size, action_space_size, delay, sequence_length, reward_density, terminal_state_density,
DQN 8 8 1 2 0.25 0.25 4072 5.3 21.55
# Algorithm, state_space_size, action_space_size, delay, sequence_length, reward_density, terminal_state_density,
DQN 8 8 1 2 0.25 0.25 4608 5.3 21.55
# Algorithm, state_space_size, action_space_size, delay, sequence_length, reward_density, terminal_state_density,
DQN 8 8 1 2 0.25 0.25 5144 10.05 31.02
# Algorithm, state_space_size, action_space_size, delay, sequence_length, reward_density, terminal_state_density,
DQN 8 8 1 2 0.25 0.25 5668 10.05 31.02
# Algorithm, state_space_size, action_space_size, delay, sequence_length, reward_density, terminal_state_density,
DQN 8 8 1 2 0.25 0.25 6200 15.95 42.92
# Algorithm, state_space_size, action_space_size, delay, sequence_length, reward_density, terminal_state_density,
DQN 8 8 1 2 0.25 0.25 6736 19.73 50.5
# Algorithm, state_space_size, action_space_size, delay, sequence_length, reward_density, terminal_state_density,
DQN 8 8 1 2 0.25 0.25 7268 19.73 50.5
# Algorithm, state_space_size, action_space_size, delay, sequence_length, reward_density, terminal_state_density,
DQN 8 8 1 2 0.25 0.25 7788 24.42 59.88
# Algorithm, state_space_size, action_space_size, delay, sequence_length, reward_density, terminal_state_density,
DQN 8 8 1 2 0.25 0.25 8316 26.81 64.69
# Algorithm, state_space_size, action_space_size, delay, sequence_length, reward_density, terminal_state_density,
DQN 8 8 1 2 0.25 0.25 8848 29.84 70.75
# Algorithm, state_space_size, action_space_size, delay, sequence_length, reward_density, terminal_state_density,
DQN 8 8 1 2 0.25 0.25 9372 29.84 70.75
# Algorithm, state_space_size, action_space_size, delay, sequence_length, reward_density, terminal_state_density,
DQN 8 8 1 2 0.25 0.25 9900 34.28 79.74
# Algorithm, state_space_size, action_space_size, delay, sequence_length, reward_density, terminal_state_density,
DQN 8 8 1 2 0.25 0.25 10440 38.0 87.27
# Algorithm, state_space_size, action_space_size, delay, sequence_length, reward_density, terminal_state_density,
DQN 8 8 1 2 0.25 0.25 10956 40.16 91.65
# Algorithm, state_space_size, action_space_size, delay, sequence_length, reward_density, terminal_state_density,
DQN 8 8 1 2 0.25 0.25 11476 42.25 95.85
# Algorithm, state_space_size, action_space_size, delay, sequence_length, reward_density, terminal_state_density,
DQN 8 8 1 2 0.25 0.25 11992 45.86 103.15
# Algorithm, state_space_size, action_space_size, delay, sequence_length, reward_density, terminal_state_density,
DQN 8 8 1 2 0.25 0.25 12524 46.93 105.21
# Algorithm, state_space_size, action_space_size, delay, sequence_length, reward_density, terminal_state_density,
DQN 8 8 1 2 0.25 0.25 13056 50.97 113.42
# Algorithm, state_space_size, action_space_size, delay, sequence_length, reward_density, terminal_state_density,
DQN 8 8 1 2 0.25 0.25 13568 52.88 117.32
# Algorithm, state_space_size, action_space_size, delay, sequence_length, reward_density, terminal_state_density,
DQN 8 8 1 2 0.25 0.25 14104 54.83 121.15
# Algorithm, state_space_size, action_space_size, delay, sequence_length, reward_density, terminal_state_density,
DQN 8 8 1 2 0.25 0.25 14632 58.46 128.39
# Algorithm, state_space_size, action_space_size, delay, sequence_length, reward_density, terminal_state_density,
DQN 8 8 1 2 0.25 0.25 15156 60.09 131.67
# Algorithm, state_space_size, action_space_size, delay, sequence_length, reward_density, terminal_state_density,
DQN 8 8 1 2 0.25 0.25 15680 63.13 137.64
# Algorithm, state_space_size, action_space_size, delay, sequence_length, reward_density, terminal_state_density,
DQN 8 8 1 2 0.25 0.25 16212 63.13 137.64
# Algorithm, state_space_size, action_space_size, delay, sequence_length, reward_density, terminal_state_density,
DQN 8 8 1 2 0.25 0.25 16744 68.62 148.63
# Algorithm, state_space_size, action_space_size, delay, sequence_length, reward_density, terminal_state_density,
DQN 8 8 1 2 0.25 0.25 17276 71.9 155.27
# Algorithm, state_space_size, action_space_size, delay, sequence_length, reward_density, terminal_state_density,
DQN 8 8 1 2 0.25 0.25 17792 73.66 158.81
# Algorithm, state_space_size, action_space_size, delay, sequence_length, reward_density, terminal_state_density,
DQN 8 8 1 2 0.25 0.25 18312 76.72 164.67
# Algorithm, state_space_size, action_space_size, delay, sequence_length, reward_density, terminal_state_density,
DQN 8 8 1 2 0.25 0.25 18832 76.72 164.67
# Algorithm, state_space_size, action_space_size, delay, sequence_length, reward_density, terminal_state_density,
DQN 8 8 1 2 0.25 0.25 19360 76.72 164.67
# Algorithm, state_space_size, action_space_size, delay, sequence_length, reward_density, terminal_state_density,
DQN 8 8 1 2 0.25 0.25 19888 84.81 180.94
# Algorithm, state_space_size, action_space_size, delay, sequence_length, reward_density, terminal_state_density,
DQN 8 8 1 2 0.25 0.25 20416 86.08 183.53
# Algorithm, state_space_size, action_space_size, delay, sequence_length, reward_density, terminal_state_density,
DQN 8 8 2 1 0.25 0.25 904 0.3333333333333333 3.6265060240963853
# Algorithm, state_space_size, action_space_size, delay, sequence_length, reward_density, terminal_state_density,
DQN 8 8 2 1 0.25 0.25 1388 0.3113207547169811 4.556603773584905
# Algorithm, state_space_size, action_space_size, delay, sequence_length, reward_density, terminal_state_density,
DQN 8 8 2 1 0.25 0.25 1900 0.38 6.49
# Algorithm, state_space_size, action_space_size, delay, sequence_length, reward_density, terminal_state_density,
DQN 8 8 2 1 0.25 0.25 2428 0.4 11.17
# Algorithm, state_space_size, action_space_size, delay, sequence_length, reward_density, terminal_state_density,
DQN 8 8 2 1 0.25 0.25 2968 0.39 13.95
# Algorithm, state_space_size, action_space_size, delay, sequence_length, reward_density, terminal_state_density,
DQN 8 8 2 1 0.25 0.25 3492 0.4 16.67
# Algorithm, state_space_size, action_space_size, delay, sequence_length, reward_density, terminal_state_density,
DQN 8 8 2 1 0.25 0.25 4036 1.88 25.76
# Algorithm, state_space_size, action_space_size, delay, sequence_length, reward_density, terminal_state_density,
DQN 8 8 2 1 0.25 0.25 4568 3.44 30.68
# Algorithm, state_space_size, action_space_size, delay, sequence_length, reward_density, terminal_state_density,
DQN 8 8 2 1 0.25 0.25 5108 4.3 32.42
# Algorithm, state_space_size, action_space_size, delay, sequence_length, reward_density, terminal_state_density,
DQN 8 8 2 1 0.25 0.25 5644 9.19 42.12
# Algorithm, state_space_size, action_space_size, delay, sequence_length, reward_density, terminal_state_density,
DQN 8 8 2 1 0.25 0.25 6168 12.02 47.65
# Algorithm, state_space_size, action_space_size, delay, sequence_length, reward_density, terminal_state_density,
DQN 8 8 2 1 0.25 0.25 6696 12.02 47.65
# Algorithm, state_space_size, action_space_size, delay, sequence_length, reward_density, terminal_state_density,
DQN 8 8 2 1 0.25 0.25 7232 16.41 56.35
# Algorithm, state_space_size, action_space_size, delay, sequence_length, reward_density, terminal_state_density,
DQN 8 8 2 1 0.25 0.25 7756 19.79 63.13
# Algorithm, state_space_size, action_space_size, delay, sequence_length, reward_density, terminal_state_density,
DQN 8 8 2 1 0.25 0.25 8276 19.79 63.13
# Algorithm, state_space_size, action_space_size, delay, sequence_length, reward_density, terminal_state_density,
DQN 8 8 2 1 0.25 0.25 8792 24.08 71.76
# Algorithm, state_space_size, action_space_size, delay, sequence_length, reward_density, terminal_state_density,
DQN 8 8 2 1 0.25 0.25 9316 24.08 71.76
# Algorithm, state_space_size, action_space_size, delay, sequence_length, reward_density, terminal_state_density,
DQN 8 8 2 1 0.25 0.25 9844 24.08 71.76
# Algorithm, state_space_size, action_space_size, delay, sequence_length, reward_density, terminal_state_density,
DQN 8 8 2 1 0.25 0.25 10364 32.78 89.15
# Algorithm, state_space_size, action_space_size, delay, sequence_length, reward_density, terminal_state_density,
DQN 8 8 2 1 0.25 0.25 10904 32.95 89.48
# Algorithm, state_space_size, action_space_size, delay, sequence_length, reward_density, terminal_state_density,
DQN 8 8 2 1 0.25 0.25 11420 37.91 99.43
# Algorithm, state_space_size, action_space_size, delay, sequence_length, reward_density, terminal_state_density,
DQN 8 8 2 1 0.25 0.25 11948 37.91 99.43
# Algorithm, state_space_size, action_space_size, delay, sequence_length, reward_density, terminal_state_density,
DQN 8 8 2 1 0.25 0.25 12484 42.52 108.74
# Algorithm, state_space_size, action_space_size, delay, sequence_length, reward_density, terminal_state_density,
DQN 8 8 2 1 0.25 0.25 13008 42.52 108.74
# Algorithm, state_space_size, action_space_size, delay, sequence_length, reward_density, terminal_state_density,
DQN 8 8 2 1 0.25 0.25 13528 47.55 118.81
# Algorithm, state_space_size, action_space_size, delay, sequence_length, reward_density, terminal_state_density,
DQN 8 8 2 1 0.25 0.25 14068 49.93 123.51
# Algorithm, state_space_size, action_space_size, delay, sequence_length, reward_density, terminal_state_density,
DQN 8 8 2 1 0.25 0.25 14596 49.93 123.51
# Algorithm, state_space_size, action_space_size, delay, sequence_length, reward_density, terminal_state_density,
DQN 8 8 2 1 0.25 0.25 15116 55.18 133.98
# Algorithm, state_space_size, action_space_size, delay, sequence_length, reward_density, terminal_state_density,
DQN 8 8 2 1 0.25 0.25 15644 58.96 141.52
# Algorithm, state_space_size, action_space_size, delay, sequence_length, reward_density, terminal_state_density,
DQN 8 8 2 1 0.25 0.25 16172 59.72 143.06
# Algorithm, state_space_size, action_space_size, delay, sequence_length, reward_density, terminal_state_density,
DQN 8 8 2 1 0.25 0.25 16700 63.77 151.01
# Algorithm, state_space_size, action_space_size, delay, sequence_length, reward_density, terminal_state_density,
DQN 8 8 2 1 0.25 0.25 17228 66.2 156.12
# Algorithm, state_space_size, action_space_size, delay, sequence_length, reward_density, terminal_state_density,
DQN 8 8 2 1 0.25 0.25 17764 66.84 157.43
# Algorithm, state_space_size, action_space_size, delay, sequence_length, reward_density, terminal_state_density,
DQN 8 8 2 1 0.25 0.25 18292 69.61 163.0
# Algorithm, state_space_size, action_space_size, delay, sequence_length, reward_density, terminal_state_density,
DQN 8 8 2 1 0.25 0.25 18808 73.06 169.9
# Algorithm, state_space_size, action_space_size, delay, sequence_length, reward_density, terminal_state_density,
DQN 8 8 2 1 0.25 0.25 19340 75.76 175.28
# Algorithm, state_space_size, action_space_size, delay, sequence_length, reward_density, terminal_state_density,
DQN 8 8 2 1 0.25 0.25 19876 75.76 175.28
# Algorithm, state_space_size, action_space_size, delay, sequence_length, reward_density, terminal_state_density,
DQN 8 8 2 1 0.25 0.25 20396 79.89 184.79
# Algorithm, state_space_size, action_space_size, delay, sequence_length, reward_density, terminal_state_density,
DQN 8 8 2 2 0.25 0.25 952 0.23255813953488372 3.6627906976744184
# Algorithm, state_space_size, action_space_size, delay, sequence_length, reward_density, terminal_state_density,
DQN 8 8 2 2 0.25 0.25 1340 0.39 4.7
# Algorithm, state_space_size, action_space_size, delay, sequence_length, reward_density, terminal_state_density,
DQN 8 8 2 2 0.25 0.25 1804 0.6 6.94
# Algorithm, state_space_size, action_space_size, delay, sequence_length, reward_density, terminal_state_density,
DQN 8 8 2 2 0.25 0.25 2276 1.1 10.0
# Algorithm, state_space_size, action_space_size, delay, sequence_length, reward_density, terminal_state_density,
DQN 8 8 2 2 0.25 0.25 2796 2.53 14.34
# Algorithm, state_space_size, action_space_size, delay, sequence_length, reward_density, terminal_state_density,
DQN 8 8 2 2 0.25 0.25 3320 3.54 17.4
# Algorithm, state_space_size, action_space_size, delay, sequence_length, reward_density, terminal_state_density,
DQN 8 8 2 2 0.25 0.25 3836 5.79 24.56
# Algorithm, state_space_size, action_space_size, delay, sequence_length, reward_density, terminal_state_density,
DQN 8 8 2 2 0.25 0.25 4372 7.78 30.13
# Algorithm, state_space_size, action_space_size, delay, sequence_length, reward_density, terminal_state_density,
DQN 8 8 2 2 0.25 0.25 4900 9.01 32.62
# Algorithm, state_space_size, action_space_size, delay, sequence_length, reward_density, terminal_state_density,
DQN 8 8 2 2 0.25 0.25 5400 9.01 32.62
# Algorithm, state_space_size, action_space_size, delay, sequence_length, reward_density, terminal_state_density,
DQN 8 8 2 2 0.25 0.25 5920 15.78 46.17
# Algorithm, state_space_size, action_space_size, delay, sequence_length, reward_density, terminal_state_density,
DQN 8 8 2 2 0.25 0.25 6404 16.94 48.51
# Algorithm, state_space_size, action_space_size, delay, sequence_length, reward_density, terminal_state_density,
DQN 8 8 2 2 0.25 0.25 6928 19.54 53.73
# Algorithm, state_space_size, action_space_size, delay, sequence_length, reward_density, terminal_state_density,
DQN 8 8 2 2 0.25 0.25 7396 19.54 53.73
# Algorithm, state_space_size, action_space_size, delay, sequence_length, reward_density, terminal_state_density,
DQN 8 8 2 2 0.25 0.25 7944 24.57 63.69
# Algorithm, state_space_size, action_space_size, delay, sequence_length, reward_density, terminal_state_density,
DQN 8 8 2 2 0.25 0.25 8448 27.35 69.27
# Algorithm, state_space_size, action_space_size, delay, sequence_length, reward_density, terminal_state_density,
DQN 8 8 2 2 0.25 0.25 8984 29.35 73.16
# Algorithm, state_space_size, action_space_size, delay, sequence_length, reward_density, terminal_state_density,
DQN 8 8 2 2 0.25 0.25 9520 29.35 73.16
# Algorithm, state_space_size, action_space_size, delay, sequence_length, reward_density, terminal_state_density,
DQN 8 8 2 2 0.25 0.25 10028 29.35 73.16
# Algorithm, state_space_size, action_space_size, delay, sequence_length, reward_density, terminal_state_density,
DQN 8 8 2 2 0.25 0.25 10544 37.46 89.69
# Algorithm, state_space_size, action_space_size, delay, sequence_length, reward_density, terminal_state_density,
DQN 8 8 2 2 0.25 0.25 11076 40.56 96.02
# Algorithm, state_space_size, action_space_size, delay, sequence_length, reward_density, terminal_state_density,
DQN 8 8 2 2 0.25 0.25 11568 42.28 99.45
# Algorithm, state_space_size, action_space_size, delay, sequence_length, reward_density, terminal_state_density,
DQN 8 8 2 2 0.25 0.25 12096 45.22 105.39
# Algorithm, state_space_size, action_space_size, delay, sequence_length, reward_density, terminal_state_density,
DQN 8 8 2 2 0.25 0.25 12620 45.22 105.39
# Algorithm, state_space_size, action_space_size, delay, sequence_length, reward_density, terminal_state_density,
DQN 8 8 2 2 0.25 0.25 13128 50.82 116.73
# Algorithm, state_space_size, action_space_size, delay, sequence_length, reward_density, terminal_state_density,
DQN 8 8 2 2 0.25 0.25 13624 51.84 118.62
# Algorithm, state_space_size, action_space_size, delay, sequence_length, reward_density, terminal_state_density,
DQN 8 8 2 2 0.25 0.25 14112 54.17 123.21
# Algorithm, state_space_size, action_space_size, delay, sequence_length, reward_density, terminal_state_density,
DQN 8 8 2 2 0.25 0.25 14592 54.17 123.21
# Algorithm, state_space_size, action_space_size, delay, sequence_length, reward_density, terminal_state_density,
DQN 8 8 2 2 0.25 0.25 15080 59.4 133.73
# Algorithm, state_space_size, action_space_size, delay, sequence_length, reward_density, terminal_state_density,
DQN 8 8 2 2 0.25 0.25 15564 59.4 133.73
# Algorithm, state_space_size, action_space_size, delay, sequence_length, reward_density, terminal_state_density,
DQN 8 8 2 2 0.25 0.25 16076 59.4 133.73
# Algorithm, state_space_size, action_space_size, delay, sequence_length, reward_density, terminal_state_density,
DQN 8 8 2 2 0.25 0.25 16596 66.7 148.42
# Algorithm, state_space_size, action_space_size, delay, sequence_length, reward_density, terminal_state_density,
DQN 8 8 2 2 0.25 0.25 17112 67.96 150.91
# Algorithm, state_space_size, action_space_size, delay, sequence_length, reward_density, terminal_state_density,
DQN 8 8 2 2 0.25 0.25 17624 71.09 157.34
# Algorithm, state_space_size, action_space_size, delay, sequence_length, reward_density, terminal_state_density,
DQN 8 8 2 2 0.25 0.25 18148 73.82 162.69
# Algorithm, state_space_size, action_space_size, delay, sequence_length, reward_density, terminal_state_density,
DQN 8 8 2 2 0.25 0.25 18676 77.42 169.98
# Algorithm, state_space_size, action_space_size, delay, sequence_length, reward_density, terminal_state_density,
DQN 8 8 2 2 0.25 0.25 19204 79.88 175.05
# Algorithm, state_space_size, action_space_size, delay, sequence_length, reward_density, terminal_state_density,
DQN 8 8 2 2 0.25 0.25 19732 79.88 175.05
# Algorithm, state_space_size, action_space_size, delay, sequence_length, reward_density, terminal_state_density,
DQN 8 8 2 2 0.25 0.25 20236 84.57 184.62
# Algorithm, state_space_size, action_space_size, delay, sequence_length, reward_density, terminal_state_density,
DQN 8 8 4 1 0.25 0.25 916 0.196 3.628
# Algorithm, state_space_size, action_space_size, delay, sequence_length, reward_density, terminal_state_density,
DQN 8 8 4 1 0.25 0.25 1404 0.11811023622047244 3.905511811023622
# Algorithm, state_space_size, action_space_size, delay, sequence_length, reward_density, terminal_state_density,
DQN 8 8 4 1 0.25 0.25 1864 0.05263157894736842 3.4210526315789473
# Algorithm, state_space_size, action_space_size, delay, sequence_length, reward_density, terminal_state_density,
DQN 8 8 4 1 0.25 0.25 2364 1.46 7.55
# Algorithm, state_space_size, action_space_size, delay, sequence_length, reward_density, terminal_state_density,
DQN 8 8 4 1 0.25 0.25 2856 4.84 11.63
# Algorithm, state_space_size, action_space_size, delay, sequence_length, reward_density, terminal_state_density,
DQN 8 8 4 1 0.25 0.25 3372 8.84 17.3
# Algorithm, state_space_size, action_space_size, delay, sequence_length, reward_density, terminal_state_density,
DQN 8 8 4 1 0.25 0.25 3900 12.97 21.44
# Algorithm, state_space_size, action_space_size, delay, sequence_length, reward_density, terminal_state_density,
DQN 8 8 4 1 0.25 0.25 4428 19.7 28.28
# Algorithm, state_space_size, action_space_size, delay, sequence_length, reward_density, terminal_state_density,
DQN 8 8 4 1 0.25 0.25 4956 22.78 31.42
# Algorithm, state_space_size, action_space_size, delay, sequence_length, reward_density, terminal_state_density,
DQN 8 8 4 1 0.25 0.25 5452 22.78 31.42
# Algorithm, state_space_size, action_space_size, delay, sequence_length, reward_density, terminal_state_density,
DQN 8 8 4 1 0.25 0.25 5932 34.49 43.28
# Algorithm, state_space_size, action_space_size, delay, sequence_length, reward_density, terminal_state_density,
DQN 8 8 4 1 0.25 0.25 6416 36.8 45.62
# Algorithm, state_space_size, action_space_size, delay, sequence_length, reward_density, terminal_state_density,
DQN 8 8 4 1 0.25 0.25 6916 43.51 52.41
# Algorithm, state_space_size, action_space_size, delay, sequence_length, reward_density, terminal_state_density,
DQN 8 8 4 1 0.25 0.25 7428 43.51 52.41
# Algorithm, state_space_size, action_space_size, delay, sequence_length, reward_density, terminal_state_density,
DQN 8 8 4 1 0.25 0.25 7940 52.24 61.25
# Algorithm, state_space_size, action_space_size, delay, sequence_length, reward_density, terminal_state_density,
DQN 8 8 4 1 0.25 0.25 8448 52.24 61.25
# Algorithm, state_space_size, action_space_size, delay, sequence_length, reward_density, terminal_state_density,
DQN 8 8 4 1 0.25 0.25 8960 60.77 69.88
# Algorithm, state_space_size, action_space_size, delay, sequence_length, reward_density, terminal_state_density,
DQN 8 8 4 1 0.25 0.25 9460 60.77 69.88
# Algorithm, state_space_size, action_space_size, delay, sequence_length, reward_density, terminal_state_density,
DQN 8 8 4 1 0.25 0.25 9952 60.77 69.88
# Algorithm, state_space_size, action_space_size, delay, sequence_length, reward_density, terminal_state_density,
DQN 8 8 4 1 0.25 0.25 10452 78.47 87.77
# Algorithm, state_space_size, action_space_size, delay, sequence_length, reward_density, terminal_state_density,
DQN 8 8 4 1 0.25 0.25 10940 78.47 87.77
# Algorithm, state_space_size, action_space_size, delay, sequence_length, reward_density, terminal_state_density,
DQN 8 8 4 1 0.25 0.25 11384 88.23 97.67
# Algorithm, state_space_size, action_space_size, delay, sequence_length, reward_density, terminal_state_density,
DQN 8 8 4 1 0.25 0.25 11904 92.46 101.95
# Algorithm, state_space_size, action_space_size, delay, sequence_length, reward_density, terminal_state_density,
DQN 8 8 4 1 0.25 0.25 12416 97.34 106.93
# Algorithm, state_space_size, action_space_size, delay, sequence_length, reward_density, terminal_state_density,
DQN 8 8 4 1 0.25 0.25 12928 97.34 106.93
# Algorithm, state_space_size, action_space_size, delay, sequence_length, reward_density, terminal_state_density,
DQN 8 8 4 1 0.25 0.25 13436 107.15 116.92
# Algorithm, state_space_size, action_space_size, delay, sequence_length, reward_density, terminal_state_density,
DQN 8 8 4 1 0.25 0.25 13964 111.83 121.69
# Algorithm, state_space_size, action_space_size, delay, sequence_length, reward_density, terminal_state_density,
DQN 8 8 4 1 0.25 0.25 14480 111.83 121.69
# Algorithm, state_space_size, action_space_size, delay, sequence_length, reward_density, terminal_state_density,
DQN 8 8 4 1 0.25 0.25 15008 122.35 132.22
# Algorithm, state_space_size, action_space_size, delay, sequence_length, reward_density, terminal_state_density,
DQN 8 8 4 1 0.25 0.25 15504 127.3 137.2
# Algorithm, state_space_size, action_space_size, delay, sequence_length, reward_density, terminal_state_density,
DQN 8 8 4 1 0.25 0.25 16020 129.87 139.73
# Algorithm, state_space_size, action_space_size, delay, sequence_length, reward_density, terminal_state_density,
DQN 8 8 4 1 0.25 0.25 16532 136.95 146.9
# Algorithm, state_space_size, action_space_size, delay, sequence_length, reward_density, terminal_state_density,
DQN 8 8 4 1 0.25 0.25 17036 139.47 149.49
# Algorithm, state_space_size, action_space_size, delay, sequence_length, reward_density, terminal_state_density,
DQN 8 8 4 1 0.25 0.25 17556 145.74 155.85
# Algorithm, state_space_size, action_space_size, delay, sequence_length, reward_density, terminal_state_density,
DQN 8 8 4 1 0.25 0.25 18012 151.22 161.4
# Algorithm, state_space_size, action_space_size, delay, sequence_length, reward_density, terminal_state_density,
DQN 8 8 4 1 0.25 0.25 18492 156.34 166.54
# Algorithm, state_space_size, action_space_size, delay, sequence_length, reward_density, terminal_state_density,
DQN 8 8 4 1 0.25 0.25 18972 162.04 172.34
# Algorithm, state_space_size, action_space_size, delay, sequence_length, reward_density, terminal_state_density,
DQN 8 8 4 1 0.25 0.25 19468 163.39 173.72
# Algorithm, state_space_size, action_space_size, delay, sequence_length, reward_density, terminal_state_density,
DQN 8 8 4 1 0.25 0.25 19968 163.39 173.72
# Algorithm, state_space_size, action_space_size, delay, sequence_length, reward_density, terminal_state_density,
DQN 8 8 4 1 0.25 0.25 20432 173.94 184.37
# Algorithm, state_space_size, action_space_size, delay, sequence_length, reward_density, terminal_state_density,
DQN 8 8 4 2 0.25 0.25 956 0.13076923076923078 3.669230769230769
# Algorithm, state_space_size, action_space_size, delay, sequence_length, reward_density, terminal_state_density,
DQN 8 8 4 2 0.25 0.25 1432 0.49 5.6
# Algorithm, state_space_size, action_space_size, delay, sequence_length, reward_density, terminal_state_density,
DQN 8 8 4 2 0.25 0.25 1944 0.79 9.38
# Algorithm, state_space_size, action_space_size, delay, sequence_length, reward_density, terminal_state_density,
DQN 8 8 4 2 0.25 0.25 2452 1.47 13.76
# Algorithm, state_space_size, action_space_size, delay, sequence_length, reward_density, terminal_state_density,
DQN 8 8 4 2 0.25 0.25 2948 2.3 16.73
# Algorithm, state_space_size, action_space_size, delay, sequence_length, reward_density, terminal_state_density,
DQN 8 8 4 2 0.25 0.25 3476 2.4 22.78
# Algorithm, state_space_size, action_space_size, delay, sequence_length, reward_density, terminal_state_density,
DQN 8 8 4 2 0.25 0.25 4012 2.45 28.88
# Algorithm, state_space_size, action_space_size, delay, sequence_length, reward_density, terminal_state_density,
DQN 8 8 4 2 0.25 0.25 4544 2.45 28.88
# Algorithm, state_space_size, action_space_size, delay, sequence_length, reward_density, terminal_state_density,
DQN 8 8 4 2 0.25 0.25 5072 2.93 36.98
# Algorithm, state_space_size, action_space_size, delay, sequence_length, reward_density, terminal_state_density,
DQN 8 8 4 2 0.25 0.25 5604 2.96 45.48
# Algorithm, state_space_size, action_space_size, delay, sequence_length, reward_density, terminal_state_density,
DQN 8 8 4 2 0.25 0.25 6128 2.96 48.67
# Algorithm, state_space_size, action_space_size, delay, sequence_length, reward_density, terminal_state_density,
DQN 8 8 4 2 0.25 0.25 6644 2.96 50.99
# Algorithm, state_space_size, action_space_size, delay, sequence_length, reward_density, terminal_state_density,
DQN 8 8 4 2 0.25 0.25 7144 2.94 57.61
# Algorithm, state_space_size, action_space_size, delay, sequence_length, reward_density, terminal_state_density,
DQN 8 8 4 2 0.25 0.25 7672 2.94 57.61
# Algorithm, state_space_size, action_space_size, delay, sequence_length, reward_density, terminal_state_density,
DQN 8 8 4 2 0.25 0.25 8192 2.94 57.61
# Algorithm, state_space_size, action_space_size, delay, sequence_length, reward_density, terminal_state_density,
DQN 8 8 4 2 0.25 0.25 8720 2.94 57.61
# Algorithm, state_space_size, action_space_size, delay, sequence_length, reward_density, terminal_state_density,
DQN 8 8 4 2 0.25 0.25 9232 6.26 78.4
# Algorithm, state_space_size, action_space_size, delay, sequence_length, reward_density, terminal_state_density,
DQN 8 8 4 2 0.25 0.25 9748 6.26 78.4
# Algorithm, state_space_size, action_space_size, delay, sequence_length, reward_density, terminal_state_density,
DQN 8 8 4 2 0.25 0.25 10264 6.26 78.4
# Algorithm, state_space_size, action_space_size, delay, sequence_length, reward_density, terminal_state_density,
DQN 8 8 4 2 0.25 0.25 10772 13.28 92.65
# Algorithm, state_space_size, action_space_size, delay, sequence_length, reward_density, terminal_state_density,
DQN 8 8 4 2 0.25 0.25 11284 16.56 99.3
# Algorithm, state_space_size, action_space_size, delay, sequence_length, reward_density, terminal_state_density,
DQN 8 8 4 2 0.25 0.25 11792 18.32 102.77
# Algorithm, state_space_size, action_space_size, delay, sequence_length, reward_density, terminal_state_density,
DQN 8 8 4 2 0.25 0.25 12312 22.6 111.37
# Algorithm, state_space_size, action_space_size, delay, sequence_length, reward_density, terminal_state_density,
DQN 8 8 4 2 0.25 0.25 12840 22.6 111.37
# Algorithm, state_space_size, action_space_size, delay, sequence_length, reward_density, terminal_state_density,
DQN 8 8 4 2 0.25 0.25 13356 26.7 119.7
# Algorithm, state_space_size, action_space_size, delay, sequence_length, reward_density, terminal_state_density,
DQN 8 8 4 2 0.25 0.25 13888 28.63 123.65
# Algorithm, state_space_size, action_space_size, delay, sequence_length, reward_density, terminal_state_density,
DQN 8 8 4 2 0.25 0.25 14416 28.63 123.65
# Algorithm, state_space_size, action_space_size, delay, sequence_length, reward_density, terminal_state_density,
DQN 8 8 4 2 0.25 0.25 14940 34.87 136.24
# Algorithm, state_space_size, action_space_size, delay, sequence_length, reward_density, terminal_state_density,
DQN 8 8 4 2 0.25 0.25 15472 34.87 136.24
# Algorithm, state_space_size, action_space_size, delay, sequence_length, reward_density, terminal_state_density,
DQN 8 8 4 2 0.25 0.25 16000 38.84 144.12
# Algorithm, state_space_size, action_space_size, delay, sequence_length, reward_density, terminal_state_density,
DQN 8 8 4 2 0.25 0.25 16508 42.73 151.93
# Algorithm, state_space_size, action_space_size, delay, sequence_length, reward_density, terminal_state_density,
DQN 8 8 4 2 0.25 0.25 17012 43.62 153.76
# Algorithm, state_space_size, action_space_size, delay, sequence_length, reward_density, terminal_state_density,
DQN 8 8 4 2 0.25 0.25 17476 46.06 158.82
# Algorithm, state_space_size, action_space_size, delay, sequence_length, reward_density, terminal_state_density,
DQN 8 8 4 2 0.25 0.25 17988 50.05 166.93
# Algorithm, state_space_size, action_space_size, delay, sequence_length, reward_density, terminal_state_density,
DQN 8 8 4 2 0.25 0.25 18516 52.37 171.67
# Algorithm, state_space_size, action_space_size, delay, sequence_length, reward_density, terminal_state_density,
DQN 8 8 4 2 0.25 0.25 19016 52.37 171.67
# Algorithm, state_space_size, action_space_size, delay, sequence_length, reward_density, terminal_state_density,
DQN 8 8 4 2 0.25 0.25 19544 55.94 179.0
# Algorithm, state_space_size, action_space_size, delay, sequence_length, reward_density, terminal_state_density,
DQN 8 8 4 2 0.25 0.25 20080 59.38 185.93
# Algorithm, state_space_size, action_space_size, delay, sequence_length, reward_density, terminal_state_density,
DQN 8 8 8 1 0.25 0.25 964 0.07662835249042145 3.681992337164751
# Algorithm, state_space_size, action_space_size, delay, sequence_length, reward_density, terminal_state_density,
DQN 8 8 8 1 0.25 0.25 1456 0.0873015873015873 3.9047619047619047
# Algorithm, state_space_size, action_space_size, delay, sequence_length, reward_density, terminal_state_density,
DQN 8 8 8 1 0.25 0.25 1976 0.37 7.25
# Algorithm, state_space_size, action_space_size, delay, sequence_length, reward_density, terminal_state_density,
DQN 8 8 8 1 0.25 0.25 2512 1.45 10.01
# Algorithm, state_space_size, action_space_size, delay, sequence_length, reward_density, terminal_state_density,
DQN 8 8 8 1 0.25 0.25 3052 3.32 17.44
# Algorithm, state_space_size, action_space_size, delay, sequence_length, reward_density, terminal_state_density,
DQN 8 8 8 1 0.25 0.25 3564 4.77 20.36
# Algorithm, state_space_size, action_space_size, delay, sequence_length, reward_density, terminal_state_density,
DQN 8 8 8 1 0.25 0.25 4092 7.74 26.35
# Algorithm, state_space_size, action_space_size, delay, sequence_length, reward_density, terminal_state_density,
DQN 8 8 8 1 0.25 0.25 4636 11.05 33.08
# Algorithm, state_space_size, action_space_size, delay, sequence_length, reward_density, terminal_state_density,
DQN 8 8 8 1 0.25 0.25 5172 11.71 34.44
# Algorithm, state_space_size, action_space_size, delay, sequence_length, reward_density, terminal_state_density,
DQN 8 8 8 1 0.25 0.25 5716 15.88 42.78
# Algorithm, state_space_size, action_space_size, delay, sequence_length, reward_density, terminal_state_density,
DQN 8 8 8 1 0.25 0.25 6224 17.53 46.15
# Algorithm, state_space_size, action_space_size, delay, sequence_length, reward_density, terminal_state_density,
DQN 8 8 8 1 0.25 0.25 6728 21.25 53.69
# Algorithm, state_space_size, action_space_size, delay, sequence_length, reward_density, terminal_state_density,
DQN 8 8 8 1 0.25 0.25 7260 22.98 57.21
# Algorithm, state_space_size, action_space_size, delay, sequence_length, reward_density, terminal_state_density,
DQN 8 8 8 1 0.25 0.25 7776 26.33 63.94
# Algorithm, state_space_size, action_space_size, delay, sequence_length, reward_density, terminal_state_density,
DQN 8 8 8 1 0.25 0.25 8236 26.33 63.94
# Algorithm, state_space_size, action_space_size, delay, sequence_length, reward_density, terminal_state_density,
DQN 8 8 8 1 0.25 0.25 8776 30.59 72.48
# Algorithm, state_space_size, action_space_size, delay, sequence_length, reward_density, terminal_state_density,
DQN 8 8 8 1 0.25 0.25 9240 30.59 72.48
# Algorithm, state_space_size, action_space_size, delay, sequence_length, reward_density, terminal_state_density,
DQN 8 8 8 1 0.25 0.25 9760 30.59 72.48
# Algorithm, state_space_size, action_space_size, delay, sequence_length, reward_density, terminal_state_density,
DQN 8 8 8 1 0.25 0.25 10256 30.59 72.48
# Algorithm, state_space_size, action_space_size, delay, sequence_length, reward_density, terminal_state_density,
DQN 8 8 8 1 0.25 0.25 10704 39.42 90.32
# Algorithm, state_space_size, action_space_size, delay, sequence_length, reward_density, terminal_state_density,
DQN 8 8 8 1 0.25 0.25 11208 42.56 96.68
# Algorithm, state_space_size, action_space_size, delay, sequence_length, reward_density, terminal_state_density,
DQN 8 8 8 1 0.25 0.25 11700 42.56 96.68
# Algorithm, state_space_size, action_space_size, delay, sequence_length, reward_density, terminal_state_density,
DQN 8 8 8 1 0.25 0.25 12136 47.28 106.21
# Algorithm, state_space_size, action_space_size, delay, sequence_length, reward_density, terminal_state_density,
DQN 8 8 8 1 0.25 0.25 12532 48.87 109.52
# Algorithm, state_space_size, action_space_size, delay, sequence_length, reward_density, terminal_state_density,
DQN 8 8 8 1 0.25 0.25 12988 48.87 109.52
# Algorithm, state_space_size, action_space_size, delay, sequence_length, reward_density, terminal_state_density,
DQN 8 8 8 1 0.25 0.25 13496 53.82 119.61
# Algorithm, state_space_size, action_space_size, delay, sequence_length, reward_density, terminal_state_density,
DQN 8 8 8 1 0.25 0.25 14016 54.79 121.61
# Algorithm, state_space_size, action_space_size, delay, sequence_length, reward_density, terminal_state_density,
DQN 8 8 8 1 0.25 0.25 14532 54.79 121.61
# Algorithm, state_space_size, action_space_size, delay, sequence_length, reward_density, terminal_state_density,
DQN 8 8 8 1 0.25 0.25 15080 54.79 121.61
# Algorithm, state_space_size, action_space_size, delay, sequence_length, reward_density, terminal_state_density,
DQN 8 8 8 1 0.25 0.25 15620 63.92 139.92
# Algorithm, state_space_size, action_space_size, delay, sequence_length, reward_density, terminal_state_density,
DQN 8 8 8 1 0.25 0.25 16108 65.92 143.86
# Algorithm, state_space_size, action_space_size, delay, sequence_length, reward_density, terminal_state_density,
DQN 8 8 8 1 0.25 0.25 16608 68.96 150.17
# Algorithm, state_space_size, action_space_size, delay, sequence_length, reward_density, terminal_state_density,
DQN 8 8 8 1 0.25 0.25 17132 71.73 155.87
# Algorithm, state_space_size, action_space_size, delay, sequence_length, reward_density, terminal_state_density,
DQN 8 8 8 1 0.25 0.25 17660 72.68 157.84
# Algorithm, state_space_size, action_space_size, delay, sequence_length, reward_density, terminal_state_density,
DQN 8 8 8 1 0.25 0.25 18192 72.68 157.84
# Algorithm, state_space_size, action_space_size, delay, sequence_length, reward_density, terminal_state_density,
DQN 8 8 8 1 0.25 0.25 18708 79.14 170.89
# Algorithm, state_space_size, action_space_size, delay, sequence_length, reward_density, terminal_state_density,
DQN 8 8 8 1 0.25 0.25 19204 81.37 175.5
# Algorithm, state_space_size, action_space_size, delay, sequence_length, reward_density, terminal_state_density,
DQN 8 8 8 1 0.25 0.25 19708 81.37 175.5
# Algorithm, state_space_size, action_space_size, delay, sequence_length, reward_density, terminal_state_density,
DQN 8 8 8 1 0.25 0.25 20220 87.1 187.06
# Algorithm, state_space_size, action_space_size, delay, sequence_length, reward_density, terminal_state_density,
DQN 8 8 8 2 0.25 0.25 944 0.058365758754863814 3.6731517509727625
# Algorithm, state_space_size, action_space_size, delay, sequence_length, reward_density, terminal_state_density,
DQN 8 8 8 2 0.25 0.25 1416 0.26 5.34
# Algorithm, state_space_size, action_space_size, delay, sequence_length, reward_density, terminal_state_density,
DQN 8 8 8 2 0.25 0.25 1888 0.5 8.51
# Algorithm, state_space_size, action_space_size, delay, sequence_length, reward_density, terminal_state_density,
DQN 8 8 8 2 0.25 0.25 2356 1.66 12.64
# Algorithm, state_space_size, action_space_size, delay, sequence_length, reward_density, terminal_state_density,
DQN 8 8 8 2 0.25 0.25 2884 3.34 16.07
# Algorithm, state_space_size, action_space_size, delay, sequence_length, reward_density, terminal_state_density,
DQN 8 8 8 2 0.25 0.25 3400 5.92 22.44
# Algorithm, state_space_size, action_space_size, delay, sequence_length, reward_density, terminal_state_density,
DQN 8 8 8 2 0.25 0.25 3924 8.72 27.99
# Algorithm, state_space_size, action_space_size, delay, sequence_length, reward_density, terminal_state_density,
DQN 8 8 8 2 0.25 0.25 4432 10.25 31.13
# Algorithm, state_space_size, action_space_size, delay, sequence_length, reward_density, terminal_state_density,
DQN 8 8 8 2 0.25 0.25 4956 12.64 36.1
# Algorithm, state_space_size, action_space_size, delay, sequence_length, reward_density, terminal_state_density,
DQN 8 8 8 2 0.25 0.25 5476 12.64 36.1
# Algorithm, state_space_size, action_space_size, delay, sequence_length, reward_density, terminal_state_density,
DQN 8 8 8 2 0.25 0.25 5988 18.5 47.9
# Algorithm, state_space_size, action_space_size, delay, sequence_length, reward_density, terminal_state_density,
DQN 8 8 8 2 0.25 0.25 6484 18.5 47.9
# Algorithm, state_space_size, action_space_size, delay, sequence_length, reward_density, terminal_state_density,
DQN 8 8 8 2 0.25 0.25 6944 22.98 56.85
# Algorithm, state_space_size, action_space_size, delay, sequence_length, reward_density, terminal_state_density,
DQN 8 8 8 2 0.25 0.25 7472 25.08 61.16
# Algorithm, state_space_size, action_space_size, delay, sequence_length, reward_density, terminal_state_density,
DQN 8 8 8 2 0.25 0.25 7968 26.27 63.59
# Algorithm, state_space_size, action_space_size, delay, sequence_length, reward_density, terminal_state_density,
DQN 8 8 8 2 0.25 0.25 8468 26.27 63.59
# Algorithm, state_space_size, action_space_size, delay, sequence_length, reward_density, terminal_state_density,
DQN 8 8 8 2 0.25 0.25 8992 32.1 75.54
# Algorithm, state_space_size, action_space_size, delay, sequence_length, reward_density, terminal_state_density,
DQN 8 8 8 2 0.25 0.25 9512 34.99 81.36
# Algorithm, state_space_size, action_space_size, delay, sequence_length, reward_density, terminal_state_density,
DQN 8 8 8 2 0.25 0.25 10036 36.49 84.45
# Algorithm, state_space_size, action_space_size, delay, sequence_length, reward_density, terminal_state_density,
DQN 8 8 8 2 0.25 0.25 10564 40.01 91.65
# Algorithm, state_space_size, action_space_size, delay, sequence_length, reward_density, terminal_state_density,
DQN 8 8 8 2 0.25 0.25 11088 43.19 98.32
# Algorithm, state_space_size, action_space_size, delay, sequence_length, reward_density, terminal_state_density,
DQN 8 8 8 2 0.25 0.25 11620 44.89 101.77
# Algorithm, state_space_size, action_space_size, delay, sequence_length, reward_density, terminal_state_density,
DQN 8 8 8 2 0.25 0.25 12140 44.89 101.77
# Algorithm, state_space_size, action_space_size, delay, sequence_length, reward_density, terminal_state_density,
DQN 8 8 8 2 0.25 0.25 12656 49.36 110.97
# Algorithm, state_space_size, action_space_size, delay, sequence_length, reward_density, terminal_state_density,
DQN 8 8 8 2 0.25 0.25 13168 53.24 119.06
# Algorithm, state_space_size, action_space_size, delay, sequence_length, reward_density, terminal_state_density,
DQN 8 8 8 2 0.25 0.25 13640 54.06 120.82
# Algorithm, state_space_size, action_space_size, delay, sequence_length, reward_density, terminal_state_density,
DQN 8 8 8 2 0.25 0.25 14128 54.06 120.82
# Algorithm, state_space_size, action_space_size, delay, sequence_length, reward_density, terminal_state_density,
DQN 8 8 8 2 0.25 0.25 14624 60.0 132.89
# Algorithm, state_space_size, action_space_size, delay, sequence_length, reward_density, terminal_state_density,
DQN 8 8 8 2 0.25 0.25 15076 61.27 135.35
# Algorithm, state_space_size, action_space_size, delay, sequence_length, reward_density, terminal_state_density,
DQN 8 8 8 2 0.25 0.25 15592 64.93 142.86
# Algorithm, state_space_size, action_space_size, delay, sequence_length, reward_density, terminal_state_density,
DQN 8 8 8 2 0.25 0.25 16112 64.93 142.86
# Algorithm, state_space_size, action_space_size, delay, sequence_length, reward_density, terminal_state_density,
DQN 8 8 8 2 0.25 0.25 16636 69.91 152.95
# Algorithm, state_space_size, action_space_size, delay, sequence_length, reward_density, terminal_state_density,
DQN 8 8 8 2 0.25 0.25 17168 70.35 153.88
# Algorithm, state_space_size, action_space_size, delay, sequence_length, reward_density, terminal_state_density,
DQN 8 8 8 2 0.25 0.25 17660 74.74 163.04
# Algorithm, state_space_size, action_space_size, delay, sequence_length, reward_density, terminal_state_density,
DQN 8 8 8 2 0.25 0.25 18172 77.14 167.91
# Algorithm, state_space_size, action_space_size, delay, sequence_length, reward_density, terminal_state_density,
DQN 8 8 8 2 0.25 0.25 18700 77.14 167.91
# Algorithm, state_space_size, action_space_size, delay, sequence_length, reward_density, terminal_state_density,
DQN 8 8 8 2 0.25 0.25 19208 82.13 177.99
# Algorithm, state_space_size, action_space_size, delay, sequence_length, reward_density, terminal_state_density,
DQN 8 8 8 2 0.25 0.25 19664 82.13 177.99
# Algorithm, state_space_size, action_space_size, delay, sequence_length, reward_density, terminal_state_density,
DQN 8 8 8 2 0.25 0.25 20172 86.22 186.22
