# Algorithm, state_space_size, action_space_size, delay, sequence_length, reward_density, terminal_state_density,
DQN 8 4 0 1 0.25 0.25 960 1.565217391304348 8.321739130434782
# Algorithm, state_space_size, action_space_size, delay, sequence_length, reward_density, terminal_state_density,
DQN 8 4 0 1 0.25 0.25 1972 2.57 14.19
# Algorithm, state_space_size, action_space_size, delay, sequence_length, reward_density, terminal_state_density,
DQN 8 4 0 1 0.25 0.25 2428 2.57 14.19
# Algorithm, state_space_size, action_space_size, delay, sequence_length, reward_density, terminal_state_density,
DQN 8 4 0 1 0.25 0.25 2900 2.57 14.19
# Algorithm, state_space_size, action_space_size, delay, sequence_length, reward_density, terminal_state_density,
DQN 8 4 0 1 0.25 0.25 3400 7.07 24.08
# Algorithm, state_space_size, action_space_size, delay, sequence_length, reward_density, terminal_state_density,
DQN 8 4 0 1 0.25 0.25 3904 7.07 24.08
# Algorithm, state_space_size, action_space_size, delay, sequence_length, reward_density, terminal_state_density,
DQN 8 4 0 1 0.25 0.25 4384 12.94 36.37
# Algorithm, state_space_size, action_space_size, delay, sequence_length, reward_density, terminal_state_density,
DQN 8 4 0 1 0.25 0.25 4880 15.31 41.87
# Algorithm, state_space_size, action_space_size, delay, sequence_length, reward_density, terminal_state_density,
DQN 8 4 0 1 0.25 0.25 5364 16.69 44.92
# Algorithm, state_space_size, action_space_size, delay, sequence_length, reward_density, terminal_state_density,
DQN 8 4 0 1 0.25 0.25 5864 16.69 44.92
# Algorithm, state_space_size, action_space_size, delay, sequence_length, reward_density, terminal_state_density,
DQN 8 4 0 1 0.25 0.25 6372 22.11 57.32
# Algorithm, state_space_size, action_space_size, delay, sequence_length, reward_density, terminal_state_density,
DQN 8 4 0 1 0.25 0.25 6872 22.11 57.32
# Algorithm, state_space_size, action_space_size, delay, sequence_length, reward_density, terminal_state_density,
DQN 8 4 0 1 0.25 0.25 7356 25.83 66.45
# Algorithm, state_space_size, action_space_size, delay, sequence_length, reward_density, terminal_state_density,
DQN 8 4 0 1 0.25 0.25 7856 27.52 70.65
# Algorithm, state_space_size, action_space_size, delay, sequence_length, reward_density, terminal_state_density,
DQN 8 4 0 1 0.25 0.25 8340 27.52 70.65
# Algorithm, state_space_size, action_space_size, delay, sequence_length, reward_density, terminal_state_density,
DQN 8 4 0 1 0.25 0.25 8828 31.2 79.84
# Algorithm, state_space_size, action_space_size, delay, sequence_length, reward_density, terminal_state_density,
DQN 8 4 0 1 0.25 0.25 9328 31.2 79.84
# Algorithm, state_space_size, action_space_size, delay, sequence_length, reward_density, terminal_state_density,
DQN 8 4 0 1 0.25 0.25 9824 34.29 88.06
# Algorithm, state_space_size, action_space_size, delay, sequence_length, reward_density, terminal_state_density,
DQN 8 4 0 1 0.25 0.25 10316 37.31 94.94
# Algorithm, state_space_size, action_space_size, delay, sequence_length, reward_density, terminal_state_density,
DQN 8 4 0 1 0.25 0.25 10808 38.68 97.69
# Algorithm, state_space_size, action_space_size, delay, sequence_length, reward_density, terminal_state_density,
DQN 8 4 0 1 0.25 0.25 11308 40.35 101.17
# Algorithm, state_space_size, action_space_size, delay, sequence_length, reward_density, terminal_state_density,
DQN 8 4 0 1 0.25 0.25 11800 43.02 108.66
# Algorithm, state_space_size, action_space_size, delay, sequence_length, reward_density, terminal_state_density,
DQN 8 4 0 1 0.25 0.25 12296 45.75 114.37
# Algorithm, state_space_size, action_space_size, delay, sequence_length, reward_density, terminal_state_density,
DQN 8 4 0 1 0.25 0.25 12792 47.85 119.43
# Algorithm, state_space_size, action_space_size, delay, sequence_length, reward_density, terminal_state_density,
DQN 8 4 0 1 0.25 0.25 13288 49.54 123.94
# Algorithm, state_space_size, action_space_size, delay, sequence_length, reward_density, terminal_state_density,
DQN 8 4 0 1 0.25 0.25 13788 49.54 123.94
# Algorithm, state_space_size, action_space_size, delay, sequence_length, reward_density, terminal_state_density,
DQN 8 4 0 1 0.25 0.25 14284 53.48 133.34
# Algorithm, state_space_size, action_space_size, delay, sequence_length, reward_density, terminal_state_density,
DQN 8 4 0 1 0.25 0.25 14772 54.8 136.48
# Algorithm, state_space_size, action_space_size, delay, sequence_length, reward_density, terminal_state_density,
DQN 8 4 0 1 0.25 0.25 15268 54.8 136.48
# Algorithm, state_space_size, action_space_size, delay, sequence_length, reward_density, terminal_state_density,
DQN 8 4 0 1 0.25 0.25 15756 58.98 146.52
# Algorithm, state_space_size, action_space_size, delay, sequence_length, reward_density, terminal_state_density,
DQN 8 4 0 1 0.25 0.25 16252 60.24 149.98
# Algorithm, state_space_size, action_space_size, delay, sequence_length, reward_density, terminal_state_density,
DQN 8 4 0 1 0.25 0.25 16752 63.08 157.33
# Algorithm, state_space_size, action_space_size, delay, sequence_length, reward_density, terminal_state_density,
DQN 8 4 0 1 0.25 0.25 17248 63.08 157.33
# Algorithm, state_space_size, action_space_size, delay, sequence_length, reward_density, terminal_state_density,
DQN 8 4 0 1 0.25 0.25 17748 67.36 167.68
# Algorithm, state_space_size, action_space_size, delay, sequence_length, reward_density, terminal_state_density,
DQN 8 4 0 1 0.25 0.25 18240 67.36 167.68
# Algorithm, state_space_size, action_space_size, delay, sequence_length, reward_density, terminal_state_density,
DQN 8 4 0 1 0.25 0.25 18732 72.48 177.89
# Algorithm, state_space_size, action_space_size, delay, sequence_length, reward_density, terminal_state_density,
DQN 8 4 0 1 0.25 0.25 19224 74.62 182.15
# Algorithm, state_space_size, action_space_size, delay, sequence_length, reward_density, terminal_state_density,
DQN 8 4 0 1 0.25 0.25 19720 77.5 187.83
# Algorithm, state_space_size, action_space_size, delay, sequence_length, reward_density, terminal_state_density,
DQN 8 4 0 1 0.25 0.25 20172 79.24 191.13
# Algorithm, state_space_size, action_space_size, delay, sequence_length, reward_density, terminal_state_density,
DQN 8 4 0 2 0.25 0.25 944 1.9344262295081966 7.532786885245901
# Algorithm, state_space_size, action_space_size, delay, sequence_length, reward_density, terminal_state_density,
DQN 8 4 0 2 0.25 0.25 1964 3.03 14.39
# Algorithm, state_space_size, action_space_size, delay, sequence_length, reward_density, terminal_state_density,
DQN 8 4 0 2 0.25 0.25 2432 3.34 15.88
# Algorithm, state_space_size, action_space_size, delay, sequence_length, reward_density, terminal_state_density,
DQN 8 4 0 2 0.25 0.25 2876 3.34 15.88
# Algorithm, state_space_size, action_space_size, delay, sequence_length, reward_density, terminal_state_density,
DQN 8 4 0 2 0.25 0.25 3356 3.34 15.88
# Algorithm, state_space_size, action_space_size, delay, sequence_length, reward_density, terminal_state_density,
DQN 8 4 0 2 0.25 0.25 3828 3.34 15.88
# Algorithm, state_space_size, action_space_size, delay, sequence_length, reward_density, terminal_state_density,
DQN 8 4 0 2 0.25 0.25 4316 3.34 15.88
# Algorithm, state_space_size, action_space_size, delay, sequence_length, reward_density, terminal_state_density,
DQN 8 4 0 2 0.25 0.25 4792 3.34 15.88
# Algorithm, state_space_size, action_space_size, delay, sequence_length, reward_density, terminal_state_density,
DQN 8 4 0 2 0.25 0.25 5264 3.34 15.88
# Algorithm, state_space_size, action_space_size, delay, sequence_length, reward_density, terminal_state_density,
DQN 8 4 0 2 0.25 0.25 5732 16.31 50.71
# Algorithm, state_space_size, action_space_size, delay, sequence_length, reward_density, terminal_state_density,
DQN 8 4 0 2 0.25 0.25 6208 18.65 56.12
# Algorithm, state_space_size, action_space_size, delay, sequence_length, reward_density, terminal_state_density,
DQN 8 4 0 2 0.25 0.25 6672 20.28 60.69
# Algorithm, state_space_size, action_space_size, delay, sequence_length, reward_density, terminal_state_density,
DQN 8 4 0 2 0.25 0.25 7128 20.28 60.69
# Algorithm, state_space_size, action_space_size, delay, sequence_length, reward_density, terminal_state_density,
DQN 8 4 0 2 0.25 0.25 7600 20.28 60.69
# Algorithm, state_space_size, action_space_size, delay, sequence_length, reward_density, terminal_state_density,
DQN 8 4 0 2 0.25 0.25 8084 20.28 60.69
# Algorithm, state_space_size, action_space_size, delay, sequence_length, reward_density, terminal_state_density,
DQN 8 4 0 2 0.25 0.25 8564 24.59 77.17
# Algorithm, state_space_size, action_space_size, delay, sequence_length, reward_density, terminal_state_density,
DQN 8 4 0 2 0.25 0.25 9036 24.59 77.17
# Algorithm, state_space_size, action_space_size, delay, sequence_length, reward_density, terminal_state_density,
DQN 8 4 0 2 0.25 0.25 9524 24.59 77.17
# Algorithm, state_space_size, action_space_size, delay, sequence_length, reward_density, terminal_state_density,
DQN 8 4 0 2 0.25 0.25 10008 24.59 77.17
# Algorithm, state_space_size, action_space_size, delay, sequence_length, reward_density, terminal_state_density,
DQN 8 4 0 2 0.25 0.25 10492 24.59 77.17
# Algorithm, state_space_size, action_space_size, delay, sequence_length, reward_density, terminal_state_density,
DQN 8 4 0 2 0.25 0.25 10980 24.59 77.17
# Algorithm, state_space_size, action_space_size, delay, sequence_length, reward_density, terminal_state_density,
DQN 8 4 0 2 0.25 0.25 11464 24.59 77.17
# Algorithm, state_space_size, action_space_size, delay, sequence_length, reward_density, terminal_state_density,
DQN 8 4 0 2 0.25 0.25 11932 24.59 77.17
# Algorithm, state_space_size, action_space_size, delay, sequence_length, reward_density, terminal_state_density,
DQN 8 4 0 2 0.25 0.25 12408 24.59 77.17
# Algorithm, state_space_size, action_space_size, delay, sequence_length, reward_density, terminal_state_density,
DQN 8 4 0 2 0.25 0.25 12892 24.59 77.17
# Algorithm, state_space_size, action_space_size, delay, sequence_length, reward_density, terminal_state_density,
DQN 8 4 0 2 0.25 0.25 13380 24.59 77.17
# Algorithm, state_space_size, action_space_size, delay, sequence_length, reward_density, terminal_state_density,
DQN 8 4 0 2 0.25 0.25 13860 24.59 77.17
# Algorithm, state_space_size, action_space_size, delay, sequence_length, reward_density, terminal_state_density,
DQN 8 4 0 2 0.25 0.25 14340 38.88 137.65
# Algorithm, state_space_size, action_space_size, delay, sequence_length, reward_density, terminal_state_density,
DQN 8 4 0 2 0.25 0.25 14816 38.88 137.65
# Algorithm, state_space_size, action_space_size, delay, sequence_length, reward_density, terminal_state_density,
DQN 8 4 0 2 0.25 0.25 15300 38.88 137.65
# Algorithm, state_space_size, action_space_size, delay, sequence_length, reward_density, terminal_state_density,
DQN 8 4 0 2 0.25 0.25 15780 42.96 150.68
# Algorithm, state_space_size, action_space_size, delay, sequence_length, reward_density, terminal_state_density,
DQN 8 4 0 2 0.25 0.25 16260 44.55 154.51
# Algorithm, state_space_size, action_space_size, delay, sequence_length, reward_density, terminal_state_density,
DQN 8 4 0 2 0.25 0.25 16736 46.8 160.43
# Algorithm, state_space_size, action_space_size, delay, sequence_length, reward_density, terminal_state_density,
DQN 8 4 0 2 0.25 0.25 17220 47.31 161.85
# Algorithm, state_space_size, action_space_size, delay, sequence_length, reward_density, terminal_state_density,
DQN 8 4 0 2 0.25 0.25 17704 47.31 161.85
# Algorithm, state_space_size, action_space_size, delay, sequence_length, reward_density, terminal_state_density,
DQN 8 4 0 2 0.25 0.25 18192 50.0 171.87
# Algorithm, state_space_size, action_space_size, delay, sequence_length, reward_density, terminal_state_density,
DQN 8 4 0 2 0.25 0.25 18668 52.65 180.02
# Algorithm, state_space_size, action_space_size, delay, sequence_length, reward_density, terminal_state_density,
DQN 8 4 0 2 0.25 0.25 19156 53.74 183.82
# Algorithm, state_space_size, action_space_size, delay, sequence_length, reward_density, terminal_state_density,
DQN 8 4 0 2 0.25 0.25 19636 55.32 188.85
# Algorithm, state_space_size, action_space_size, delay, sequence_length, reward_density, terminal_state_density,
DQN 8 4 0 2 0.25 0.25 20120 55.32 188.85
# Algorithm, state_space_size, action_space_size, delay, sequence_length, reward_density, terminal_state_density,
DQN 8 4 1 1 0.25 0.25 924 0.6666666666666666 7.317460317460317
# Algorithm, state_space_size, action_space_size, delay, sequence_length, reward_density, terminal_state_density,
DQN 8 4 1 1 0.25 0.25 1900 1.46 14.53
# Algorithm, state_space_size, action_space_size, delay, sequence_length, reward_density, terminal_state_density,
DQN 8 4 1 1 0.25 0.25 2408 1.46 14.53
# Algorithm, state_space_size, action_space_size, delay, sequence_length, reward_density, terminal_state_density,
DQN 8 4 1 1 0.25 0.25 2900 1.46 14.53
# Algorithm, state_space_size, action_space_size, delay, sequence_length, reward_density, terminal_state_density,
DQN 8 4 1 1 0.25 0.25 3388 1.46 14.53
# Algorithm, state_space_size, action_space_size, delay, sequence_length, reward_density, terminal_state_density,
DQN 8 4 1 1 0.25 0.25 3872 5.85 29.78
# Algorithm, state_space_size, action_space_size, delay, sequence_length, reward_density, terminal_state_density,
DQN 8 4 1 1 0.25 0.25 4368 8.81 37.89
# Algorithm, state_space_size, action_space_size, delay, sequence_length, reward_density, terminal_state_density,
DQN 8 4 1 1 0.25 0.25 4860 8.81 37.89
# Algorithm, state_space_size, action_space_size, delay, sequence_length, reward_density, terminal_state_density,
DQN 8 4 1 1 0.25 0.25 5344 10.91 44.96
# Algorithm, state_space_size, action_space_size, delay, sequence_length, reward_density, terminal_state_density,
DQN 8 4 1 1 0.25 0.25 5840 10.91 44.96
# Algorithm, state_space_size, action_space_size, delay, sequence_length, reward_density, terminal_state_density,
DQN 8 4 1 1 0.25 0.25 6328 15.14 57.12
# Algorithm, state_space_size, action_space_size, delay, sequence_length, reward_density, terminal_state_density,
DQN 8 4 1 1 0.25 0.25 6808 15.75 59.4
# Algorithm, state_space_size, action_space_size, delay, sequence_length, reward_density, terminal_state_density,
DQN 8 4 1 1 0.25 0.25 7300 15.75 59.4
# Algorithm, state_space_size, action_space_size, delay, sequence_length, reward_density, terminal_state_density,
DQN 8 4 1 1 0.25 0.25 7784 17.95 69.69
# Algorithm, state_space_size, action_space_size, delay, sequence_length, reward_density, terminal_state_density,
DQN 8 4 1 1 0.25 0.25 8260 19.33 73.95
# Algorithm, state_space_size, action_space_size, delay, sequence_length, reward_density, terminal_state_density,
DQN 8 4 1 1 0.25 0.25 8732 21.48 80.43
# Algorithm, state_space_size, action_space_size, delay, sequence_length, reward_density, terminal_state_density,
DQN 8 4 1 1 0.25 0.25 9224 22.76 84.11
# Algorithm, state_space_size, action_space_size, delay, sequence_length, reward_density, terminal_state_density,
DQN 8 4 1 1 0.25 0.25 9712 25.17 90.42
# Algorithm, state_space_size, action_space_size, delay, sequence_length, reward_density, terminal_state_density,
DQN 8 4 1 1 0.25 0.25 10204 26.75 95.16
# Algorithm, state_space_size, action_space_size, delay, sequence_length, reward_density, terminal_state_density,
DQN 8 4 1 1 0.25 0.25 10692 28.05 99.12
# Algorithm, state_space_size, action_space_size, delay, sequence_length, reward_density, terminal_state_density,
DQN 8 4 1 1 0.25 0.25 11180 28.05 99.12
# Algorithm, state_space_size, action_space_size, delay, sequence_length, reward_density, terminal_state_density,
DQN 8 4 1 1 0.25 0.25 11664 30.94 107.52
# Algorithm, state_space_size, action_space_size, delay, sequence_length, reward_density, terminal_state_density,
DQN 8 4 1 1 0.25 0.25 12144 33.55 113.8
# Algorithm, state_space_size, action_space_size, delay, sequence_length, reward_density, terminal_state_density,
DQN 8 4 1 1 0.25 0.25 12632 33.55 113.8
# Algorithm, state_space_size, action_space_size, delay, sequence_length, reward_density, terminal_state_density,
DQN 8 4 1 1 0.25 0.25 13112 37.51 122.73
# Algorithm, state_space_size, action_space_size, delay, sequence_length, reward_density, terminal_state_density,
DQN 8 4 1 1 0.25 0.25 13600 37.51 122.73
# Algorithm, state_space_size, action_space_size, delay, sequence_length, reward_density, terminal_state_density,
DQN 8 4 1 1 0.25 0.25 14084 41.44 131.75
# Algorithm, state_space_size, action_space_size, delay, sequence_length, reward_density, terminal_state_density,
DQN 8 4 1 1 0.25 0.25 14572 43.71 136.91
# Algorithm, state_space_size, action_space_size, delay, sequence_length, reward_density, terminal_state_density,
DQN 8 4 1 1 0.25 0.25 15068 46.14 142.79
# Algorithm, state_space_size, action_space_size, delay, sequence_length, reward_density, terminal_state_density,
DQN 8 4 1 1 0.25 0.25 15552 48.34 147.62
# Algorithm, state_space_size, action_space_size, delay, sequence_length, reward_density, terminal_state_density,
DQN 8 4 1 1 0.25 0.25 16036 48.34 147.62
# Algorithm, state_space_size, action_space_size, delay, sequence_length, reward_density, terminal_state_density,
DQN 8 4 1 1 0.25 0.25 16516 51.55 154.98
# Algorithm, state_space_size, action_space_size, delay, sequence_length, reward_density, terminal_state_density,
DQN 8 4 1 1 0.25 0.25 17000 51.55 154.98
# Algorithm, state_space_size, action_space_size, delay, sequence_length, reward_density, terminal_state_density,
DQN 8 4 1 1 0.25 0.25 17488 51.55 154.98
# Algorithm, state_space_size, action_space_size, delay, sequence_length, reward_density, terminal_state_density,
DQN 8 4 1 1 0.25 0.25 17976 59.81 172.67
# Algorithm, state_space_size, action_space_size, delay, sequence_length, reward_density, terminal_state_density,
DQN 8 4 1 1 0.25 0.25 18464 60.18 173.4
# Algorithm, state_space_size, action_space_size, delay, sequence_length, reward_density, terminal_state_density,
DQN 8 4 1 1 0.25 0.25 18948 60.18 173.4
# Algorithm, state_space_size, action_space_size, delay, sequence_length, reward_density, terminal_state_density,
DQN 8 4 1 1 0.25 0.25 19440 66.42 187.2
# Algorithm, state_space_size, action_space_size, delay, sequence_length, reward_density, terminal_state_density,
DQN 8 4 1 1 0.25 0.25 19920 67.93 190.2
# Algorithm, state_space_size, action_space_size, delay, sequence_length, reward_density, terminal_state_density,
DQN 8 4 1 1 0.25 0.25 20408 69.83 194.39
# Algorithm, state_space_size, action_space_size, delay, sequence_length, reward_density, terminal_state_density,
DQN 8 4 1 2 0.25 0.25 916 1.5504587155963303 8.284403669724771
# Algorithm, state_space_size, action_space_size, delay, sequence_length, reward_density, terminal_state_density,
DQN 8 4 1 2 0.25 0.25 1888 3.12 12.53
# Algorithm, state_space_size, action_space_size, delay, sequence_length, reward_density, terminal_state_density,
DQN 8 4 1 2 0.25 0.25 2396 5.04 17.42
# Algorithm, state_space_size, action_space_size, delay, sequence_length, reward_density, terminal_state_density,
DQN 8 4 1 2 0.25 0.25 2880 5.04 17.42
# Algorithm, state_space_size, action_space_size, delay, sequence_length, reward_density, terminal_state_density,
DQN 8 4 1 2 0.25 0.25 3360 5.04 17.42
# Algorithm, state_space_size, action_space_size, delay, sequence_length, reward_density, terminal_state_density,
DQN 8 4 1 2 0.25 0.25 3852 5.04 17.42
# Algorithm, state_space_size, action_space_size, delay, sequence_length, reward_density, terminal_state_density,
DQN 8 4 1 2 0.25 0.25 4340 5.04 17.42
# Algorithm, state_space_size, action_space_size, delay, sequence_length, reward_density, terminal_state_density,
DQN 8 4 1 2 0.25 0.25 4828 5.04 17.42
# Algorithm, state_space_size, action_space_size, delay, sequence_length, reward_density, terminal_state_density,
DQN 8 4 1 2 0.25 0.25 5308 5.04 17.42
# Algorithm, state_space_size, action_space_size, delay, sequence_length, reward_density, terminal_state_density,
DQN 8 4 1 2 0.25 0.25 5792 5.04 17.42
# Algorithm, state_space_size, action_space_size, delay, sequence_length, reward_density, terminal_state_density,
DQN 8 4 1 2 0.25 0.25 6276 5.04 17.42
# Algorithm, state_space_size, action_space_size, delay, sequence_length, reward_density, terminal_state_density,
DQN 8 4 1 2 0.25 0.25 6772 5.04 17.42
# Algorithm, state_space_size, action_space_size, delay, sequence_length, reward_density, terminal_state_density,
DQN 8 4 1 2 0.25 0.25 7264 5.04 17.42
# Algorithm, state_space_size, action_space_size, delay, sequence_length, reward_density, terminal_state_density,
DQN 8 4 1 2 0.25 0.25 7752 5.04 17.42
# Algorithm, state_space_size, action_space_size, delay, sequence_length, reward_density, terminal_state_density,
DQN 8 4 1 2 0.25 0.25 8228 5.04 17.42
# Algorithm, state_space_size, action_space_size, delay, sequence_length, reward_density, terminal_state_density,
DQN 8 4 1 2 0.25 0.25 8712 5.04 17.42
# Algorithm, state_space_size, action_space_size, delay, sequence_length, reward_density, terminal_state_density,
DQN 8 4 1 2 0.25 0.25 9196 5.04 17.42
# Algorithm, state_space_size, action_space_size, delay, sequence_length, reward_density, terminal_state_density,
DQN 8 4 1 2 0.25 0.25 9688 5.04 17.42
# Algorithm, state_space_size, action_space_size, delay, sequence_length, reward_density, terminal_state_density,
DQN 8 4 1 2 0.25 0.25 10176 27.88 92.89
# Algorithm, state_space_size, action_space_size, delay, sequence_length, reward_density, terminal_state_density,
DQN 8 4 1 2 0.25 0.25 10680 29.79 98.43
# Algorithm, state_space_size, action_space_size, delay, sequence_length, reward_density, terminal_state_density,
DQN 8 4 1 2 0.25 0.25 11164 32.23 103.6
# Algorithm, state_space_size, action_space_size, delay, sequence_length, reward_density, terminal_state_density,
DQN 8 4 1 2 0.25 0.25 11656 34.95 109.16
# Algorithm, state_space_size, action_space_size, delay, sequence_length, reward_density, terminal_state_density,
DQN 8 4 1 2 0.25 0.25 12136 36.85 114.03
# Algorithm, state_space_size, action_space_size, delay, sequence_length, reward_density, terminal_state_density,
DQN 8 4 1 2 0.25 0.25 12620 37.53 115.34
# Algorithm, state_space_size, action_space_size, delay, sequence_length, reward_density, terminal_state_density,
DQN 8 4 1 2 0.25 0.25 13104 40.0 121.38
# Algorithm, state_space_size, action_space_size, delay, sequence_length, reward_density, terminal_state_density,
DQN 8 4 1 2 0.25 0.25 13584 41.72 124.85
# Algorithm, state_space_size, action_space_size, delay, sequence_length, reward_density, terminal_state_density,
DQN 8 4 1 2 0.25 0.25 14072 44.99 132.01
# Algorithm, state_space_size, action_space_size, delay, sequence_length, reward_density, terminal_state_density,
DQN 8 4 1 2 0.25 0.25 14556 44.99 132.01
# Algorithm, state_space_size, action_space_size, delay, sequence_length, reward_density, terminal_state_density,
DQN 8 4 1 2 0.25 0.25 15032 48.98 140.36
# Algorithm, state_space_size, action_space_size, delay, sequence_length, reward_density, terminal_state_density,
DQN 8 4 1 2 0.25 0.25 15516 51.46 145.85
# Algorithm, state_space_size, action_space_size, delay, sequence_length, reward_density, terminal_state_density,
DQN 8 4 1 2 0.25 0.25 16000 53.29 149.8
# Algorithm, state_space_size, action_space_size, delay, sequence_length, reward_density, terminal_state_density,
DQN 8 4 1 2 0.25 0.25 16488 55.46 154.95
# Algorithm, state_space_size, action_space_size, delay, sequence_length, reward_density, terminal_state_density,
DQN 8 4 1 2 0.25 0.25 16964 55.46 154.95
# Algorithm, state_space_size, action_space_size, delay, sequence_length, reward_density, terminal_state_density,
DQN 8 4 1 2 0.25 0.25 17452 59.71 163.37
# Algorithm, state_space_size, action_space_size, delay, sequence_length, reward_density, terminal_state_density,
DQN 8 4 1 2 0.25 0.25 17948 59.71 163.37
# Algorithm, state_space_size, action_space_size, delay, sequence_length, reward_density, terminal_state_density,
DQN 8 4 1 2 0.25 0.25 18440 59.71 163.37
# Algorithm, state_space_size, action_space_size, delay, sequence_length, reward_density, terminal_state_density,
DQN 8 4 1 2 0.25 0.25 18932 67.66 179.73
# Algorithm, state_space_size, action_space_size, delay, sequence_length, reward_density, terminal_state_density,
DQN 8 4 1 2 0.25 0.25 19416 67.66 179.73
# Algorithm, state_space_size, action_space_size, delay, sequence_length, reward_density, terminal_state_density,
DQN 8 4 1 2 0.25 0.25 19908 72.95 190.74
# Algorithm, state_space_size, action_space_size, delay, sequence_length, reward_density, terminal_state_density,
DQN 8 4 1 2 0.25 0.25 20396 72.95 190.74
# Algorithm, state_space_size, action_space_size, delay, sequence_length, reward_density, terminal_state_density,
DQN 8 4 2 1 0.25 0.25 940 0.7627118644067796 7.771186440677966
# Algorithm, state_space_size, action_space_size, delay, sequence_length, reward_density, terminal_state_density,
DQN 8 4 2 1 0.25 0.25 1920 1.09 13.77
# Algorithm, state_space_size, action_space_size, delay, sequence_length, reward_density, terminal_state_density,
DQN 8 4 2 1 0.25 0.25 2396 1.09 13.77
# Algorithm, state_space_size, action_space_size, delay, sequence_length, reward_density, terminal_state_density,
DQN 8 4 2 1 0.25 0.25 2864 1.09 13.77
# Algorithm, state_space_size, action_space_size, delay, sequence_length, reward_density, terminal_state_density,
DQN 8 4 2 1 0.25 0.25 3336 1.09 13.77
# Algorithm, state_space_size, action_space_size, delay, sequence_length, reward_density, terminal_state_density,
DQN 8 4 2 1 0.25 0.25 3808 1.09 13.77
# Algorithm, state_space_size, action_space_size, delay, sequence_length, reward_density, terminal_state_density,
DQN 8 4 2 1 0.25 0.25 4272 1.09 13.77
# Algorithm, state_space_size, action_space_size, delay, sequence_length, reward_density, terminal_state_density,
DQN 8 4 2 1 0.25 0.25 4744 1.09 13.77
# Algorithm, state_space_size, action_space_size, delay, sequence_length, reward_density, terminal_state_density,
DQN 8 4 2 1 0.25 0.25 5208 1.09 13.77
# Algorithm, state_space_size, action_space_size, delay, sequence_length, reward_density, terminal_state_density,
DQN 8 4 2 1 0.25 0.25 5680 1.09 13.77
# Algorithm, state_space_size, action_space_size, delay, sequence_length, reward_density, terminal_state_density,
DQN 8 4 2 1 0.25 0.25 6152 1.09 13.77
# Algorithm, state_space_size, action_space_size, delay, sequence_length, reward_density, terminal_state_density,
DQN 8 4 2 1 0.25 0.25 6632 9.72 57.84
# Algorithm, state_space_size, action_space_size, delay, sequence_length, reward_density, terminal_state_density,
DQN 8 4 2 1 0.25 0.25 7100 9.72 57.84
# Algorithm, state_space_size, action_space_size, delay, sequence_length, reward_density, terminal_state_density,
DQN 8 4 2 1 0.25 0.25 7548 13.37 69.35
# Algorithm, state_space_size, action_space_size, delay, sequence_length, reward_density, terminal_state_density,
DQN 8 4 2 1 0.25 0.25 8008 14.18 73.02
# Algorithm, state_space_size, action_space_size, delay, sequence_length, reward_density, terminal_state_density,
DQN 8 4 2 1 0.25 0.25 8480 14.18 73.02
# Algorithm, state_space_size, action_space_size, delay, sequence_length, reward_density, terminal_state_density,
DQN 8 4 2 1 0.25 0.25 8940 16.79 83.29
# Algorithm, state_space_size, action_space_size, delay, sequence_length, reward_density, terminal_state_density,
DQN 8 4 2 1 0.25 0.25 9412 16.79 83.29
# Algorithm, state_space_size, action_space_size, delay, sequence_length, reward_density, terminal_state_density,
DQN 8 4 2 1 0.25 0.25 9892 16.79 83.29
# Algorithm, state_space_size, action_space_size, delay, sequence_length, reward_density, terminal_state_density,
DQN 8 4 2 1 0.25 0.25 10368 16.79 83.29
# Algorithm, state_space_size, action_space_size, delay, sequence_length, reward_density, terminal_state_density,
DQN 8 4 2 1 0.25 0.25 10840 16.79 83.29
# Algorithm, state_space_size, action_space_size, delay, sequence_length, reward_density, terminal_state_density,
DQN 8 4 2 1 0.25 0.25 11292 16.79 83.29
# Algorithm, state_space_size, action_space_size, delay, sequence_length, reward_density, terminal_state_density,
DQN 8 4 2 1 0.25 0.25 11760 16.79 83.29
# Algorithm, state_space_size, action_space_size, delay, sequence_length, reward_density, terminal_state_density,
DQN 8 4 2 1 0.25 0.25 12232 16.79 83.29
# Algorithm, state_space_size, action_space_size, delay, sequence_length, reward_density, terminal_state_density,
DQN 8 4 2 1 0.25 0.25 12692 26.86 118.15
# Algorithm, state_space_size, action_space_size, delay, sequence_length, reward_density, terminal_state_density,
DQN 8 4 2 1 0.25 0.25 13160 26.86 118.15
# Algorithm, state_space_size, action_space_size, delay, sequence_length, reward_density, terminal_state_density,
DQN 8 4 2 1 0.25 0.25 13644 26.86 118.15
# Algorithm, state_space_size, action_space_size, delay, sequence_length, reward_density, terminal_state_density,
DQN 8 4 2 1 0.25 0.25 14128 26.86 118.15
# Algorithm, state_space_size, action_space_size, delay, sequence_length, reward_density, terminal_state_density,
DQN 8 4 2 1 0.25 0.25 14588 33.72 139.44
# Algorithm, state_space_size, action_space_size, delay, sequence_length, reward_density, terminal_state_density,
DQN 8 4 2 1 0.25 0.25 15052 33.99 140.29
# Algorithm, state_space_size, action_space_size, delay, sequence_length, reward_density, terminal_state_density,
DQN 8 4 2 1 0.25 0.25 15516 35.86 146.33
# Algorithm, state_space_size, action_space_size, delay, sequence_length, reward_density, terminal_state_density,
DQN 8 4 2 1 0.25 0.25 15984 35.86 146.33
# Algorithm, state_space_size, action_space_size, delay, sequence_length, reward_density, terminal_state_density,
DQN 8 4 2 1 0.25 0.25 16452 35.86 146.33
# Algorithm, state_space_size, action_space_size, delay, sequence_length, reward_density, terminal_state_density,
DQN 8 4 2 1 0.25 0.25 16916 40.5 160.64
# Algorithm, state_space_size, action_space_size, delay, sequence_length, reward_density, terminal_state_density,
DQN 8 4 2 1 0.25 0.25 17384 41.89 164.81
# Algorithm, state_space_size, action_space_size, delay, sequence_length, reward_density, terminal_state_density,
DQN 8 4 2 1 0.25 0.25 17856 44.34 172.19
# Algorithm, state_space_size, action_space_size, delay, sequence_length, reward_density, terminal_state_density,
DQN 8 4 2 1 0.25 0.25 18316 45.86 176.78
# Algorithm, state_space_size, action_space_size, delay, sequence_length, reward_density, terminal_state_density,
DQN 8 4 2 1 0.25 0.25 18788 45.86 176.78
# Algorithm, state_space_size, action_space_size, delay, sequence_length, reward_density, terminal_state_density,
DQN 8 4 2 1 0.25 0.25 19240 48.03 183.18
# Algorithm, state_space_size, action_space_size, delay, sequence_length, reward_density, terminal_state_density,
DQN 8 4 2 1 0.25 0.25 19712 48.03 183.18
# Algorithm, state_space_size, action_space_size, delay, sequence_length, reward_density, terminal_state_density,
DQN 8 4 2 1 0.25 0.25 20168 51.18 192.68
# Algorithm, state_space_size, action_space_size, delay, sequence_length, reward_density, terminal_state_density,
DQN 8 4 2 2 0.25 0.25 936 1.1153846153846154 7.130769230769231
# Algorithm, state_space_size, action_space_size, delay, sequence_length, reward_density, terminal_state_density,
DQN 8 4 2 2 0.25 0.25 1880 0.3674698795180723 5.716867469879518
# Algorithm, state_space_size, action_space_size, delay, sequence_length, reward_density, terminal_state_density,
DQN 8 4 2 2 0.25 0.25 2376 0.31 6.4
# Algorithm, state_space_size, action_space_size, delay, sequence_length, reward_density, terminal_state_density,
DQN 8 4 2 2 0.25 0.25 2868 0.31 6.4
# Algorithm, state_space_size, action_space_size, delay, sequence_length, reward_density, terminal_state_density,
DQN 8 4 2 2 0.25 0.25 3348 0.31 6.4
# Algorithm, state_space_size, action_space_size, delay, sequence_length, reward_density, terminal_state_density,
DQN 8 4 2 2 0.25 0.25 3828 0.31 6.4
# Algorithm, state_space_size, action_space_size, delay, sequence_length, reward_density, terminal_state_density,
DQN 8 4 2 2 0.25 0.25 4312 3.89 24.74
# Algorithm, state_space_size, action_space_size, delay, sequence_length, reward_density, terminal_state_density,
DQN 8 4 2 2 0.25 0.25 4788 6.66 32.42
# Algorithm, state_space_size, action_space_size, delay, sequence_length, reward_density, terminal_state_density,
DQN 8 4 2 2 0.25 0.25 5272 10.15 37.86
# Algorithm, state_space_size, action_space_size, delay, sequence_length, reward_density, terminal_state_density,
DQN 8 4 2 2 0.25 0.25 5752 10.15 37.86
# Algorithm, state_space_size, action_space_size, delay, sequence_length, reward_density, terminal_state_density,
DQN 8 4 2 2 0.25 0.25 6236 10.15 37.86
# Algorithm, state_space_size, action_space_size, delay, sequence_length, reward_density, terminal_state_density,
DQN 8 4 2 2 0.25 0.25 6716 10.15 37.86
# Algorithm, state_space_size, action_space_size, delay, sequence_length, reward_density, terminal_state_density,
DQN 8 4 2 2 0.25 0.25 7204 16.99 53.15
# Algorithm, state_space_size, action_space_size, delay, sequence_length, reward_density, terminal_state_density,
DQN 8 4 2 2 0.25 0.25 7688 20.5 60.84
# Algorithm, state_space_size, action_space_size, delay, sequence_length, reward_density, terminal_state_density,
DQN 8 4 2 2 0.25 0.25 8168 20.81 61.87
# Algorithm, state_space_size, action_space_size, delay, sequence_length, reward_density, terminal_state_density,
DQN 8 4 2 2 0.25 0.25 8632 20.81 61.87
# Algorithm, state_space_size, action_space_size, delay, sequence_length, reward_density, terminal_state_density,
DQN 8 4 2 2 0.25 0.25 9112 20.81 61.87
# Algorithm, state_space_size, action_space_size, delay, sequence_length, reward_density, terminal_state_density,
DQN 8 4 2 2 0.25 0.25 9600 20.81 61.87
# Algorithm, state_space_size, action_space_size, delay, sequence_length, reward_density, terminal_state_density,
DQN 8 4 2 2 0.25 0.25 10084 30.83 83.3
# Algorithm, state_space_size, action_space_size, delay, sequence_length, reward_density, terminal_state_density,
DQN 8 4 2 2 0.25 0.25 10528 34.08 89.81
# Algorithm, state_space_size, action_space_size, delay, sequence_length, reward_density, terminal_state_density,
DQN 8 4 2 2 0.25 0.25 10996 36.26 94.06
# Algorithm, state_space_size, action_space_size, delay, sequence_length, reward_density, terminal_state_density,
DQN 8 4 2 2 0.25 0.25 11436 38.03 97.54
# Algorithm, state_space_size, action_space_size, delay, sequence_length, reward_density, terminal_state_density,
DQN 8 4 2 2 0.25 0.25 11920 38.03 97.54
# Algorithm, state_space_size, action_space_size, delay, sequence_length, reward_density, terminal_state_density,
DQN 8 4 2 2 0.25 0.25 12396 42.8 107.1
# Algorithm, state_space_size, action_space_size, delay, sequence_length, reward_density, terminal_state_density,
DQN 8 4 2 2 0.25 0.25 12884 42.8 107.1
# Algorithm, state_space_size, action_space_size, delay, sequence_length, reward_density, terminal_state_density,
DQN 8 4 2 2 0.25 0.25 13368 48.03 117.36
# Algorithm, state_space_size, action_space_size, delay, sequence_length, reward_density, terminal_state_density,
DQN 8 4 2 2 0.25 0.25 13860 48.03 117.36
# Algorithm, state_space_size, action_space_size, delay, sequence_length, reward_density, terminal_state_density,
DQN 8 4 2 2 0.25 0.25 14360 48.03 117.36
# Algorithm, state_space_size, action_space_size, delay, sequence_length, reward_density, terminal_state_density,
DQN 8 4 2 2 0.25 0.25 14848 54.38 129.9
# Algorithm, state_space_size, action_space_size, delay, sequence_length, reward_density, terminal_state_density,
DQN 8 4 2 2 0.25 0.25 15340 57.76 136.68
# Algorithm, state_space_size, action_space_size, delay, sequence_length, reward_density, terminal_state_density,
DQN 8 4 2 2 0.25 0.25 15832 60.07 141.26
# Algorithm, state_space_size, action_space_size, delay, sequence_length, reward_density, terminal_state_density,
DQN 8 4 2 2 0.25 0.25 16324 61.81 144.75
# Algorithm, state_space_size, action_space_size, delay, sequence_length, reward_density, terminal_state_density,
DQN 8 4 2 2 0.25 0.25 16808 65.26 151.68
# Algorithm, state_space_size, action_space_size, delay, sequence_length, reward_density, terminal_state_density,
DQN 8 4 2 2 0.25 0.25 17292 65.26 151.68
# Algorithm, state_space_size, action_space_size, delay, sequence_length, reward_density, terminal_state_density,
DQN 8 4 2 2 0.25 0.25 17784 68.39 157.91
# Algorithm, state_space_size, action_space_size, delay, sequence_length, reward_density, terminal_state_density,
DQN 8 4 2 2 0.25 0.25 18272 68.39 157.91
# Algorithm, state_space_size, action_space_size, delay, sequence_length, reward_density, terminal_state_density,
DQN 8 4 2 2 0.25 0.25 18772 74.02 169.1
# Algorithm, state_space_size, action_space_size, delay, sequence_length, reward_density, terminal_state_density,
DQN 8 4 2 2 0.25 0.25 19252 76.13 173.34
# Algorithm, state_space_size, action_space_size, delay, sequence_length, reward_density, terminal_state_density,
DQN 8 4 2 2 0.25 0.25 19736 76.13 173.34
# Algorithm, state_space_size, action_space_size, delay, sequence_length, reward_density, terminal_state_density,
DQN 8 4 2 2 0.25 0.25 20224 81.24 183.54
# Algorithm, state_space_size, action_space_size, delay, sequence_length, reward_density, terminal_state_density,
DQN 8 4 4 1 0.25 0.25 940 0.4552238805970149 6.940298507462686
# Algorithm, state_space_size, action_space_size, delay, sequence_length, reward_density, terminal_state_density,
DQN 8 4 4 1 0.25 0.25 1952 1.59 11.97
# Algorithm, state_space_size, action_space_size, delay, sequence_length, reward_density, terminal_state_density,
DQN 8 4 4 1 0.25 0.25 2428 2.32 15.69
# Algorithm, state_space_size, action_space_size, delay, sequence_length, reward_density, terminal_state_density,
DQN 8 4 4 1 0.25 0.25 2920 3.45 18.82
# Algorithm, state_space_size, action_space_size, delay, sequence_length, reward_density, terminal_state_density,
DQN 8 4 4 1 0.25 0.25 3416 4.41 25.13
# Algorithm, state_space_size, action_space_size, delay, sequence_length, reward_density, terminal_state_density,
DQN 8 4 4 1 0.25 0.25 3904 4.41 25.13
# Algorithm, state_space_size, action_space_size, delay, sequence_length, reward_density, terminal_state_density,
DQN 8 4 4 1 0.25 0.25 4396 4.41 25.13
# Algorithm, state_space_size, action_space_size, delay, sequence_length, reward_density, terminal_state_density,
DQN 8 4 4 1 0.25 0.25 4892 4.41 25.13
# Algorithm, state_space_size, action_space_size, delay, sequence_length, reward_density, terminal_state_density,
DQN 8 4 4 1 0.25 0.25 5388 4.41 25.13
# Algorithm, state_space_size, action_space_size, delay, sequence_length, reward_density, terminal_state_density,
DQN 8 4 4 1 0.25 0.25 5888 4.41 25.13
# Algorithm, state_space_size, action_space_size, delay, sequence_length, reward_density, terminal_state_density,
DQN 8 4 4 1 0.25 0.25 6380 4.41 25.13
# Algorithm, state_space_size, action_space_size, delay, sequence_length, reward_density, terminal_state_density,
DQN 8 4 4 1 0.25 0.25 6872 4.41 25.13
# Algorithm, state_space_size, action_space_size, delay, sequence_length, reward_density, terminal_state_density,
DQN 8 4 4 1 0.25 0.25 7364 4.41 25.13
# Algorithm, state_space_size, action_space_size, delay, sequence_length, reward_density, terminal_state_density,
DQN 8 4 4 1 0.25 0.25 7864 4.41 25.13
# Algorithm, state_space_size, action_space_size, delay, sequence_length, reward_density, terminal_state_density,
DQN 8 4 4 1 0.25 0.25 8360 8.86 75.14
# Algorithm, state_space_size, action_space_size, delay, sequence_length, reward_density, terminal_state_density,
DQN 8 4 4 1 0.25 0.25 8868 9.45 76.32
# Algorithm, state_space_size, action_space_size, delay, sequence_length, reward_density, terminal_state_density,
DQN 8 4 4 1 0.25 0.25 9356 11.85 83.46
# Algorithm, state_space_size, action_space_size, delay, sequence_length, reward_density, terminal_state_density,
DQN 8 4 4 1 0.25 0.25 9852 12.48 85.03
# Algorithm, state_space_size, action_space_size, delay, sequence_length, reward_density, terminal_state_density,
DQN 8 4 4 1 0.25 0.25 10348 12.48 85.03
# Algorithm, state_space_size, action_space_size, delay, sequence_length, reward_density, terminal_state_density,
DQN 8 4 4 1 0.25 0.25 10836 16.09 95.27
# Algorithm, state_space_size, action_space_size, delay, sequence_length, reward_density, terminal_state_density,
DQN 8 4 4 1 0.25 0.25 11332 16.09 95.27
# Algorithm, state_space_size, action_space_size, delay, sequence_length, reward_density, terminal_state_density,
DQN 8 4 4 1 0.25 0.25 11824 19.9 107.82
# Algorithm, state_space_size, action_space_size, delay, sequence_length, reward_density, terminal_state_density,
DQN 8 4 4 1 0.25 0.25 12320 20.42 109.81
# Algorithm, state_space_size, action_space_size, delay, sequence_length, reward_density, terminal_state_density,
DQN 8 4 4 1 0.25 0.25 12824 22.01 115.35
# Algorithm, state_space_size, action_space_size, delay, sequence_length, reward_density, terminal_state_density,
DQN 8 4 4 1 0.25 0.25 13316 23.18 119.79
# Algorithm, state_space_size, action_space_size, delay, sequence_length, reward_density, terminal_state_density,
DQN 8 4 4 1 0.25 0.25 13808 23.18 119.79
# Algorithm, state_space_size, action_space_size, delay, sequence_length, reward_density, terminal_state_density,
DQN 8 4 4 1 0.25 0.25 14296 26.54 130.85
# Algorithm, state_space_size, action_space_size, delay, sequence_length, reward_density, terminal_state_density,
DQN 8 4 4 1 0.25 0.25 14792 26.54 130.85
# Algorithm, state_space_size, action_space_size, delay, sequence_length, reward_density, terminal_state_density,
DQN 8 4 4 1 0.25 0.25 15284 26.54 130.85
# Algorithm, state_space_size, action_space_size, delay, sequence_length, reward_density, terminal_state_density,
DQN 8 4 4 1 0.25 0.25 15776 31.02 145.19
# Algorithm, state_space_size, action_space_size, delay, sequence_length, reward_density, terminal_state_density,
DQN 8 4 4 1 0.25 0.25 16264 31.02 145.19
# Algorithm, state_space_size, action_space_size, delay, sequence_length, reward_density, terminal_state_density,
DQN 8 4 4 1 0.25 0.25 16724 31.02 145.19
# Algorithm, state_space_size, action_space_size, delay, sequence_length, reward_density, terminal_state_density,
DQN 8 4 4 1 0.25 0.25 17212 31.02 145.19
# Algorithm, state_space_size, action_space_size, delay, sequence_length, reward_density, terminal_state_density,
DQN 8 4 4 1 0.25 0.25 17684 31.02 145.19
# Algorithm, state_space_size, action_space_size, delay, sequence_length, reward_density, terminal_state_density,
DQN 8 4 4 1 0.25 0.25 18172 31.02 145.19
# Algorithm, state_space_size, action_space_size, delay, sequence_length, reward_density, terminal_state_density,
DQN 8 4 4 1 0.25 0.25 18664 31.02 145.19
# Algorithm, state_space_size, action_space_size, delay, sequence_length, reward_density, terminal_state_density,
DQN 8 4 4 1 0.25 0.25 19120 40.52 177.48
# Algorithm, state_space_size, action_space_size, delay, sequence_length, reward_density, terminal_state_density,
DQN 8 4 4 1 0.25 0.25 19596 40.52 177.48
# Algorithm, state_space_size, action_space_size, delay, sequence_length, reward_density, terminal_state_density,
DQN 8 4 4 1 0.25 0.25 20068 43.32 186.48
# Algorithm, state_space_size, action_space_size, delay, sequence_length, reward_density, terminal_state_density,
DQN 8 4 4 2 0.25 0.25 932 1.146788990825688 8.541284403669724
# Algorithm, state_space_size, action_space_size, delay, sequence_length, reward_density, terminal_state_density,
DQN 8 4 4 2 0.25 0.25 1852 0.30412371134020616 4.716494845360825
# Algorithm, state_space_size, action_space_size, delay, sequence_length, reward_density, terminal_state_density,
DQN 8 4 4 2 0.25 0.25 2352 0.23 5.15
# Algorithm, state_space_size, action_space_size, delay, sequence_length, reward_density, terminal_state_density,
DQN 8 4 4 2 0.25 0.25 2824 1.4 9.24
# Algorithm, state_space_size, action_space_size, delay, sequence_length, reward_density, terminal_state_density,
DQN 8 4 4 2 0.25 0.25 3288 4.9 16.34
# Algorithm, state_space_size, action_space_size, delay, sequence_length, reward_density, terminal_state_density,
DQN 8 4 4 2 0.25 0.25 3744 4.9 16.34
# Algorithm, state_space_size, action_space_size, delay, sequence_length, reward_density, terminal_state_density,
DQN 8 4 4 2 0.25 0.25 4204 8.59 25.6
# Algorithm, state_space_size, action_space_size, delay, sequence_length, reward_density, terminal_state_density,
DQN 8 4 4 2 0.25 0.25 4668 9.42 27.84
# Algorithm, state_space_size, action_space_size, delay, sequence_length, reward_density, terminal_state_density,
DQN 8 4 4 2 0.25 0.25 5128 11.41 34.65
# Algorithm, state_space_size, action_space_size, delay, sequence_length, reward_density, terminal_state_density,
DQN 8 4 4 2 0.25 0.25 5596 11.97 36.61
# Algorithm, state_space_size, action_space_size, delay, sequence_length, reward_density, terminal_state_density,
DQN 8 4 4 2 0.25 0.25 6060 11.97 36.61
# Algorithm, state_space_size, action_space_size, delay, sequence_length, reward_density, terminal_state_density,
DQN 8 4 4 2 0.25 0.25 6512 11.97 36.61
# Algorithm, state_space_size, action_space_size, delay, sequence_length, reward_density, terminal_state_density,
DQN 8 4 4 2 0.25 0.25 6968 16.2 52.92
# Algorithm, state_space_size, action_space_size, delay, sequence_length, reward_density, terminal_state_density,
DQN 8 4 4 2 0.25 0.25 7428 16.81 55.9
# Algorithm, state_space_size, action_space_size, delay, sequence_length, reward_density, terminal_state_density,
DQN 8 4 4 2 0.25 0.25 7888 18.0 61.25
# Algorithm, state_space_size, action_space_size, delay, sequence_length, reward_density, terminal_state_density,
DQN 8 4 4 2 0.25 0.25 8364 18.0 61.25
# Algorithm, state_space_size, action_space_size, delay, sequence_length, reward_density, terminal_state_density,
DQN 8 4 4 2 0.25 0.25 8824 18.0 61.25
# Algorithm, state_space_size, action_space_size, delay, sequence_length, reward_density, terminal_state_density,
DQN 8 4 4 2 0.25 0.25 9296 18.0 61.25
# Algorithm, state_space_size, action_space_size, delay, sequence_length, reward_density, terminal_state_density,
DQN 8 4 4 2 0.25 0.25 9752 18.0 61.25
# Algorithm, state_space_size, action_space_size, delay, sequence_length, reward_density, terminal_state_density,
DQN 8 4 4 2 0.25 0.25 10204 18.0 61.25
# Algorithm, state_space_size, action_space_size, delay, sequence_length, reward_density, terminal_state_density,
DQN 8 4 4 2 0.25 0.25 10672 24.59 87.84
# Algorithm, state_space_size, action_space_size, delay, sequence_length, reward_density, terminal_state_density,
DQN 8 4 4 2 0.25 0.25 11120 25.91 92.98
# Algorithm, state_space_size, action_space_size, delay, sequence_length, reward_density, terminal_state_density,
DQN 8 4 4 2 0.25 0.25 11580 25.91 92.98
# Algorithm, state_space_size, action_space_size, delay, sequence_length, reward_density, terminal_state_density,
DQN 8 4 4 2 0.25 0.25 12048 25.91 92.98
# Algorithm, state_space_size, action_space_size, delay, sequence_length, reward_density, terminal_state_density,
DQN 8 4 4 2 0.25 0.25 12512 25.91 92.98
# Algorithm, state_space_size, action_space_size, delay, sequence_length, reward_density, terminal_state_density,
DQN 8 4 4 2 0.25 0.25 12972 25.91 92.98
# Algorithm, state_space_size, action_space_size, delay, sequence_length, reward_density, terminal_state_density,
DQN 8 4 4 2 0.25 0.25 13436 25.91 92.98
# Algorithm, state_space_size, action_space_size, delay, sequence_length, reward_density, terminal_state_density,
DQN 8 4 4 2 0.25 0.25 13832 25.91 92.98
# Algorithm, state_space_size, action_space_size, delay, sequence_length, reward_density, terminal_state_density,
DQN 8 4 4 2 0.25 0.25 14252 25.91 92.98
# Algorithm, state_space_size, action_space_size, delay, sequence_length, reward_density, terminal_state_density,
DQN 8 4 4 2 0.25 0.25 14704 25.91 92.98
# Algorithm, state_space_size, action_space_size, delay, sequence_length, reward_density, terminal_state_density,
DQN 8 4 4 2 0.25 0.25 15164 35.26 131.34
# Algorithm, state_space_size, action_space_size, delay, sequence_length, reward_density, terminal_state_density,
DQN 8 4 4 2 0.25 0.25 15620 36.6 136.38
# Algorithm, state_space_size, action_space_size, delay, sequence_length, reward_density, terminal_state_density,
DQN 8 4 4 2 0.25 0.25 16056 37.62 139.95
# Algorithm, state_space_size, action_space_size, delay, sequence_length, reward_density, terminal_state_density,
DQN 8 4 4 2 0.25 0.25 16520 37.62 139.95
# Algorithm, state_space_size, action_space_size, delay, sequence_length, reward_density, terminal_state_density,
DQN 8 4 4 2 0.25 0.25 16996 40.83 153.31
# Algorithm, state_space_size, action_space_size, delay, sequence_length, reward_density, terminal_state_density,
DQN 8 4 4 2 0.25 0.25 17460 40.83 153.31
# Algorithm, state_space_size, action_space_size, delay, sequence_length, reward_density, terminal_state_density,
DQN 8 4 4 2 0.25 0.25 17940 40.83 153.31
# Algorithm, state_space_size, action_space_size, delay, sequence_length, reward_density, terminal_state_density,
DQN 8 4 4 2 0.25 0.25 18412 40.83 153.31
# Algorithm, state_space_size, action_space_size, delay, sequence_length, reward_density, terminal_state_density,
DQN 8 4 4 2 0.25 0.25 18880 45.37 171.76
# Algorithm, state_space_size, action_space_size, delay, sequence_length, reward_density, terminal_state_density,
DQN 8 4 4 2 0.25 0.25 19352 45.37 171.76
# Algorithm, state_space_size, action_space_size, delay, sequence_length, reward_density, terminal_state_density,
DQN 8 4 4 2 0.25 0.25 19816 45.37 171.76
# Algorithm, state_space_size, action_space_size, delay, sequence_length, reward_density, terminal_state_density,
DQN 8 4 4 2 0.25 0.25 20288 49.06 185.26
# Algorithm, state_space_size, action_space_size, delay, sequence_length, reward_density, terminal_state_density,
DQN 8 4 8 1 0.25 0.25 952 0.2074074074074074 6.962962962962963
# Algorithm, state_space_size, action_space_size, delay, sequence_length, reward_density, terminal_state_density,
DQN 8 4 8 1 0.25 0.25 1828 0.0784313725490196 8.696078431372548
# Algorithm, state_space_size, action_space_size, delay, sequence_length, reward_density, terminal_state_density,
DQN 8 4 8 1 0.25 0.25 2340 1.15 12.69
# Algorithm, state_space_size, action_space_size, delay, sequence_length, reward_density, terminal_state_density,
DQN 8 4 8 1 0.25 0.25 2804 2.04 14.58
# Algorithm, state_space_size, action_space_size, delay, sequence_length, reward_density, terminal_state_density,
DQN 8 4 8 1 0.25 0.25 3268 5.07 20.74
# Algorithm, state_space_size, action_space_size, delay, sequence_length, reward_density, terminal_state_density,
DQN 8 4 8 1 0.25 0.25 3736 6.05 23.1
# Algorithm, state_space_size, action_space_size, delay, sequence_length, reward_density, terminal_state_density,
DQN 8 4 8 1 0.25 0.25 4204 8.81 29.8
# Algorithm, state_space_size, action_space_size, delay, sequence_length, reward_density, terminal_state_density,
DQN 8 4 8 1 0.25 0.25 4664 8.81 29.8
# Algorithm, state_space_size, action_space_size, delay, sequence_length, reward_density, terminal_state_density,
DQN 8 4 8 1 0.25 0.25 5136 8.81 29.8
# Algorithm, state_space_size, action_space_size, delay, sequence_length, reward_density, terminal_state_density,
DQN 8 4 8 1 0.25 0.25 5604 13.57 43.57
# Algorithm, state_space_size, action_space_size, delay, sequence_length, reward_density, terminal_state_density,
DQN 8 4 8 1 0.25 0.25 6068 15.11 48.3
# Algorithm, state_space_size, action_space_size, delay, sequence_length, reward_density, terminal_state_density,
DQN 8 4 8 1 0.25 0.25 6528 15.11 48.3
# Algorithm, state_space_size, action_space_size, delay, sequence_length, reward_density, terminal_state_density,
DQN 8 4 8 1 0.25 0.25 6984 15.11 48.3
# Algorithm, state_space_size, action_space_size, delay, sequence_length, reward_density, terminal_state_density,
DQN 8 4 8 1 0.25 0.25 7448 15.11 48.3
# Algorithm, state_space_size, action_space_size, delay, sequence_length, reward_density, terminal_state_density,
DQN 8 4 8 1 0.25 0.25 7916 20.3 64.23
# Algorithm, state_space_size, action_space_size, delay, sequence_length, reward_density, terminal_state_density,
DQN 8 4 8 1 0.25 0.25 8384 22.77 71.77
# Algorithm, state_space_size, action_space_size, delay, sequence_length, reward_density, terminal_state_density,
DQN 8 4 8 1 0.25 0.25 8868 22.77 71.77
# Algorithm, state_space_size, action_space_size, delay, sequence_length, reward_density, terminal_state_density,
DQN 8 4 8 1 0.25 0.25 9332 22.77 71.77
# Algorithm, state_space_size, action_space_size, delay, sequence_length, reward_density, terminal_state_density,
DQN 8 4 8 1 0.25 0.25 9808 22.77 71.77
# Algorithm, state_space_size, action_space_size, delay, sequence_length, reward_density, terminal_state_density,
DQN 8 4 8 1 0.25 0.25 10284 28.84 90.77
# Algorithm, state_space_size, action_space_size, delay, sequence_length, reward_density, terminal_state_density,
DQN 8 4 8 1 0.25 0.25 10748 28.84 90.77
# Algorithm, state_space_size, action_space_size, delay, sequence_length, reward_density, terminal_state_density,
DQN 8 4 8 1 0.25 0.25 11220 30.79 96.5
# Algorithm, state_space_size, action_space_size, delay, sequence_length, reward_density, terminal_state_density,
DQN 8 4 8 1 0.25 0.25 11676 30.79 96.5
# Algorithm, state_space_size, action_space_size, delay, sequence_length, reward_density, terminal_state_density,
DQN 8 4 8 1 0.25 0.25 12116 30.79 96.5
# Algorithm, state_space_size, action_space_size, delay, sequence_length, reward_density, terminal_state_density,
DQN 8 4 8 1 0.25 0.25 12580 36.31 112.93
# Algorithm, state_space_size, action_space_size, delay, sequence_length, reward_density, terminal_state_density,
DQN 8 4 8 1 0.25 0.25 13052 37.49 116.48
# Algorithm, state_space_size, action_space_size, delay, sequence_length, reward_density, terminal_state_density,
DQN 8 4 8 1 0.25 0.25 13512 38.36 118.9
# Algorithm, state_space_size, action_space_size, delay, sequence_length, reward_density, terminal_state_density,
DQN 8 4 8 1 0.25 0.25 13940 40.37 124.9
# Algorithm, state_space_size, action_space_size, delay, sequence_length, reward_density, terminal_state_density,
DQN 8 4 8 1 0.25 0.25 14412 40.37 124.9
# Algorithm, state_space_size, action_space_size, delay, sequence_length, reward_density, terminal_state_density,
DQN 8 4 8 1 0.25 0.25 14864 43.54 134.45
# Algorithm, state_space_size, action_space_size, delay, sequence_length, reward_density, terminal_state_density,
DQN 8 4 8 1 0.25 0.25 15304 43.54 134.45
# Algorithm, state_space_size, action_space_size, delay, sequence_length, reward_density, terminal_state_density,
DQN 8 4 8 1 0.25 0.25 15696 43.54 134.45
# Algorithm, state_space_size, action_space_size, delay, sequence_length, reward_density, terminal_state_density,
DQN 8 4 8 1 0.25 0.25 16108 47.45 146.38
# Algorithm, state_space_size, action_space_size, delay, sequence_length, reward_density, terminal_state_density,
DQN 8 4 8 1 0.25 0.25 16512 47.45 146.38
# Algorithm, state_space_size, action_space_size, delay, sequence_length, reward_density, terminal_state_density,
DQN 8 4 8 1 0.25 0.25 16976 50.65 156.07
# Algorithm, state_space_size, action_space_size, delay, sequence_length, reward_density, terminal_state_density,
DQN 8 4 8 1 0.25 0.25 17448 51.27 158.0
# Algorithm, state_space_size, action_space_size, delay, sequence_length, reward_density, terminal_state_density,
DQN 8 4 8 1 0.25 0.25 17916 51.27 158.0
# Algorithm, state_space_size, action_space_size, delay, sequence_length, reward_density, terminal_state_density,
DQN 8 4 8 1 0.25 0.25 18344 51.27 158.0
# Algorithm, state_space_size, action_space_size, delay, sequence_length, reward_density, terminal_state_density,
DQN 8 4 8 1 0.25 0.25 18788 55.65 171.39
# Algorithm, state_space_size, action_space_size, delay, sequence_length, reward_density, terminal_state_density,
DQN 8 4 8 1 0.25 0.25 19208 55.65 171.39
# Algorithm, state_space_size, action_space_size, delay, sequence_length, reward_density, terminal_state_density,
DQN 8 4 8 1 0.25 0.25 19636 55.65 171.39
# Algorithm, state_space_size, action_space_size, delay, sequence_length, reward_density, terminal_state_density,
DQN 8 4 8 1 0.25 0.25 20104 55.65 171.39
# Algorithm, state_space_size, action_space_size, delay, sequence_length, reward_density, terminal_state_density,
DQN 8 4 8 2 0.25 0.25 820 0.71 8.18
# Algorithm, state_space_size, action_space_size, delay, sequence_length, reward_density, terminal_state_density,
DQN 8 4 8 2 0.25 0.25 1712 0.35185185185185186 5.512345679012346
# Algorithm, state_space_size, action_space_size, delay, sequence_length, reward_density, terminal_state_density,
DQN 8 4 8 2 0.25 0.25 2276 1.18 6.91
# Algorithm, state_space_size, action_space_size, delay, sequence_length, reward_density, terminal_state_density,
DQN 8 4 8 2 0.25 0.25 2744 1.18 6.91
# Algorithm, state_space_size, action_space_size, delay, sequence_length, reward_density, terminal_state_density,
DQN 8 4 8 2 0.25 0.25 3188 1.18 6.91
# Algorithm, state_space_size, action_space_size, delay, sequence_length, reward_density, terminal_state_density,
DQN 8 4 8 2 0.25 0.25 3680 1.18 6.91
# Algorithm, state_space_size, action_space_size, delay, sequence_length, reward_density, terminal_state_density,
DQN 8 4 8 2 0.25 0.25 4160 1.18 6.91
# Algorithm, state_space_size, action_space_size, delay, sequence_length, reward_density, terminal_state_density,
DQN 8 4 8 2 0.25 0.25 4628 1.18 6.91
# Algorithm, state_space_size, action_space_size, delay, sequence_length, reward_density, terminal_state_density,
DQN 8 4 8 2 0.25 0.25 5040 1.18 6.91
# Algorithm, state_space_size, action_space_size, delay, sequence_length, reward_density, terminal_state_density,
DQN 8 4 8 2 0.25 0.25 5484 12.4 39.91
# Algorithm, state_space_size, action_space_size, delay, sequence_length, reward_density, terminal_state_density,
DQN 8 4 8 2 0.25 0.25 5952 12.4 39.91
# Algorithm, state_space_size, action_space_size, delay, sequence_length, reward_density, terminal_state_density,
DQN 8 4 8 2 0.25 0.25 6376 12.4 39.91
# Algorithm, state_space_size, action_space_size, delay, sequence_length, reward_density, terminal_state_density,
DQN 8 4 8 2 0.25 0.25 6868 20.4 53.34
# Algorithm, state_space_size, action_space_size, delay, sequence_length, reward_density, terminal_state_density,
DQN 8 4 8 2 0.25 0.25 7348 20.4 53.34
# Algorithm, state_space_size, action_space_size, delay, sequence_length, reward_density, terminal_state_density,
DQN 8 4 8 2 0.25 0.25 7836 24.8 62.79
# Algorithm, state_space_size, action_space_size, delay, sequence_length, reward_density, terminal_state_density,
DQN 8 4 8 2 0.25 0.25 8236 26.33 66.09
# Algorithm, state_space_size, action_space_size, delay, sequence_length, reward_density, terminal_state_density,
DQN 8 4 8 2 0.25 0.25 8632 26.33 66.09
# Algorithm, state_space_size, action_space_size, delay, sequence_length, reward_density, terminal_state_density,
DQN 8 4 8 2 0.25 0.25 9012 26.33 66.09
# Algorithm, state_space_size, action_space_size, delay, sequence_length, reward_density, terminal_state_density,
DQN 8 4 8 2 0.25 0.25 9456 26.33 66.09
# Algorithm, state_space_size, action_space_size, delay, sequence_length, reward_density, terminal_state_density,
DQN 8 4 8 2 0.25 0.25 9916 26.33 66.09
# Algorithm, state_space_size, action_space_size, delay, sequence_length, reward_density, terminal_state_density,
DQN 8 4 8 2 0.25 0.25 10348 36.52 85.09
# Algorithm, state_space_size, action_space_size, delay, sequence_length, reward_density, terminal_state_density,
DQN 8 4 8 2 0.25 0.25 10832 38.25 88.7
# Algorithm, state_space_size, action_space_size, delay, sequence_length, reward_density, terminal_state_density,
DQN 8 4 8 2 0.25 0.25 11276 38.25 88.7
# Algorithm, state_space_size, action_space_size, delay, sequence_length, reward_density, terminal_state_density,
DQN 8 4 8 2 0.25 0.25 11748 44.57 100.64
# Algorithm, state_space_size, action_space_size, delay, sequence_length, reward_density, terminal_state_density,
DQN 8 4 8 2 0.25 0.25 12200 44.57 100.64
# Algorithm, state_space_size, action_space_size, delay, sequence_length, reward_density, terminal_state_density,
DQN 8 4 8 2 0.25 0.25 12596 48.12 107.7
# Algorithm, state_space_size, action_space_size, delay, sequence_length, reward_density, terminal_state_density,
DQN 8 4 8 2 0.25 0.25 13012 48.12 107.7
# Algorithm, state_space_size, action_space_size, delay, sequence_length, reward_density, terminal_state_density,
DQN 8 4 8 2 0.25 0.25 13396 48.12 107.7
# Algorithm, state_space_size, action_space_size, delay, sequence_length, reward_density, terminal_state_density,
DQN 8 4 8 2 0.25 0.25 13868 54.92 121.24
# Algorithm, state_space_size, action_space_size, delay, sequence_length, reward_density, terminal_state_density,
DQN 8 4 8 2 0.25 0.25 14360 58.08 127.6
# Algorithm, state_space_size, action_space_size, delay, sequence_length, reward_density, terminal_state_density,
DQN 8 4 8 2 0.25 0.25 14812 59.35 130.14
# Algorithm, state_space_size, action_space_size, delay, sequence_length, reward_density, terminal_state_density,
DQN 8 4 8 2 0.25 0.25 15232 62.4 135.89
# Algorithm, state_space_size, action_space_size, delay, sequence_length, reward_density, terminal_state_density,
DQN 8 4 8 2 0.25 0.25 15724 62.4 135.89
# Algorithm, state_space_size, action_space_size, delay, sequence_length, reward_density, terminal_state_density,
DQN 8 4 8 2 0.25 0.25 16188 66.4 144.02
# Algorithm, state_space_size, action_space_size, delay, sequence_length, reward_density, terminal_state_density,
DQN 8 4 8 2 0.25 0.25 16672 66.4 144.02
# Algorithm, state_space_size, action_space_size, delay, sequence_length, reward_density, terminal_state_density,
DQN 8 4 8 2 0.25 0.25 17172 66.4 144.02
# Algorithm, state_space_size, action_space_size, delay, sequence_length, reward_density, terminal_state_density,
DQN 8 4 8 2 0.25 0.25 17672 74.68 160.08
# Algorithm, state_space_size, action_space_size, delay, sequence_length, reward_density, terminal_state_density,
DQN 8 4 8 2 0.25 0.25 18164 75.41 161.42
# Algorithm, state_space_size, action_space_size, delay, sequence_length, reward_density, terminal_state_density,
DQN 8 4 8 2 0.25 0.25 18616 77.86 166.44
# Algorithm, state_space_size, action_space_size, delay, sequence_length, reward_density, terminal_state_density,
DQN 8 4 8 2 0.25 0.25 19112 81.7 173.86
# Algorithm, state_space_size, action_space_size, delay, sequence_length, reward_density, terminal_state_density,
DQN 8 4 8 2 0.25 0.25 19572 82.04 174.62
# Algorithm, state_space_size, action_space_size, delay, sequence_length, reward_density, terminal_state_density,
DQN 8 4 8 2 0.25 0.25 20012 86.21 182.69
