# Algorithm, state_space_size, action_space_size, delay, sequence_length, reward_density, terminal_state_density,
DQN 8 4 0 1 0.25 0.25 972 1.4140625 7.3828125
# Algorithm, state_space_size, action_space_size, delay, sequence_length, reward_density, terminal_state_density,
DQN 8 4 0 1 0.25 0.25 2000 2.26 14.24
# Algorithm, state_space_size, action_space_size, delay, sequence_length, reward_density, terminal_state_density,
DQN 8 4 0 1 0.25 0.25 2444 3.58 17.92
# Algorithm, state_space_size, action_space_size, delay, sequence_length, reward_density, terminal_state_density,
DQN 8 4 0 1 0.25 0.25 2936 5.75 22.22
# Algorithm, state_space_size, action_space_size, delay, sequence_length, reward_density, terminal_state_density,
DQN 8 4 0 1 0.25 0.25 3432 8.52 27.67
# Algorithm, state_space_size, action_space_size, delay, sequence_length, reward_density, terminal_state_density,
DQN 8 4 0 1 0.25 0.25 3920 10.9 32.64
# Algorithm, state_space_size, action_space_size, delay, sequence_length, reward_density, terminal_state_density,
DQN 8 4 0 1 0.25 0.25 4412 12.8 36.84
# Algorithm, state_space_size, action_space_size, delay, sequence_length, reward_density, terminal_state_density,
DQN 8 4 0 1 0.25 0.25 4900 12.8 36.84
# Algorithm, state_space_size, action_space_size, delay, sequence_length, reward_density, terminal_state_density,
DQN 8 4 0 1 0.25 0.25 5388 15.82 43.53
# Algorithm, state_space_size, action_space_size, delay, sequence_length, reward_density, terminal_state_density,
DQN 8 4 0 1 0.25 0.25 5876 18.95 50.34
# Algorithm, state_space_size, action_space_size, delay, sequence_length, reward_density, terminal_state_density,
DQN 8 4 0 1 0.25 0.25 6368 18.95 50.34
# Algorithm, state_space_size, action_space_size, delay, sequence_length, reward_density, terminal_state_density,
DQN 8 4 0 1 0.25 0.25 6856 23.39 61.04
# Algorithm, state_space_size, action_space_size, delay, sequence_length, reward_density, terminal_state_density,
DQN 8 4 0 1 0.25 0.25 7332 23.39 61.04
# Algorithm, state_space_size, action_space_size, delay, sequence_length, reward_density, terminal_state_density,
DQN 8 4 0 1 0.25 0.25 7824 27.41 69.75
# Algorithm, state_space_size, action_space_size, delay, sequence_length, reward_density, terminal_state_density,
DQN 8 4 0 1 0.25 0.25 8316 29.85 75.2
# Algorithm, state_space_size, action_space_size, delay, sequence_length, reward_density, terminal_state_density,
DQN 8 4 0 1 0.25 0.25 8808 30.28 76.09
# Algorithm, state_space_size, action_space_size, delay, sequence_length, reward_density, terminal_state_density,
DQN 8 4 0 1 0.25 0.25 9272 33.86 83.7
# Algorithm, state_space_size, action_space_size, delay, sequence_length, reward_density, terminal_state_density,
DQN 8 4 0 1 0.25 0.25 9760 35.82 88.09
# Algorithm, state_space_size, action_space_size, delay, sequence_length, reward_density, terminal_state_density,
DQN 8 4 0 1 0.25 0.25 10236 37.52 91.71
# Algorithm, state_space_size, action_space_size, delay, sequence_length, reward_density, terminal_state_density,
DQN 8 4 0 1 0.25 0.25 10720 39.25 95.24
# Algorithm, state_space_size, action_space_size, delay, sequence_length, reward_density, terminal_state_density,
DQN 8 4 0 1 0.25 0.25 11216 41.76 100.58
# Algorithm, state_space_size, action_space_size, delay, sequence_length, reward_density, terminal_state_density,
DQN 8 4 0 1 0.25 0.25 11708 43.87 104.9
# Algorithm, state_space_size, action_space_size, delay, sequence_length, reward_density, terminal_state_density,
DQN 8 4 0 1 0.25 0.25 12196 47.16 112.31
# Algorithm, state_space_size, action_space_size, delay, sequence_length, reward_density, terminal_state_density,
DQN 8 4 0 1 0.25 0.25 12664 47.16 112.31
# Algorithm, state_space_size, action_space_size, delay, sequence_length, reward_density, terminal_state_density,
DQN 8 4 0 1 0.25 0.25 13136 47.16 112.31
# Algorithm, state_space_size, action_space_size, delay, sequence_length, reward_density, terminal_state_density,
DQN 8 4 0 1 0.25 0.25 13608 52.73 124.45
# Algorithm, state_space_size, action_space_size, delay, sequence_length, reward_density, terminal_state_density,
DQN 8 4 0 1 0.25 0.25 14088 52.73 124.45
# Algorithm, state_space_size, action_space_size, delay, sequence_length, reward_density, terminal_state_density,
DQN 8 4 0 1 0.25 0.25 14572 57.42 134.67
# Algorithm, state_space_size, action_space_size, delay, sequence_length, reward_density, terminal_state_density,
DQN 8 4 0 1 0.25 0.25 15060 57.42 134.67
# Algorithm, state_space_size, action_space_size, delay, sequence_length, reward_density, terminal_state_density,
DQN 8 4 0 1 0.25 0.25 15552 63.11 147.11
# Algorithm, state_space_size, action_space_size, delay, sequence_length, reward_density, terminal_state_density,
DQN 8 4 0 1 0.25 0.25 16032 63.11 147.11
# Algorithm, state_space_size, action_space_size, delay, sequence_length, reward_density, terminal_state_density,
DQN 8 4 0 1 0.25 0.25 16516 66.8 154.93
# Algorithm, state_space_size, action_space_size, delay, sequence_length, reward_density, terminal_state_density,
DQN 8 4 0 1 0.25 0.25 16992 69.41 160.49
# Algorithm, state_space_size, action_space_size, delay, sequence_length, reward_density, terminal_state_density,
DQN 8 4 0 1 0.25 0.25 17476 71.24 164.24
# Algorithm, state_space_size, action_space_size, delay, sequence_length, reward_density, terminal_state_density,
DQN 8 4 0 1 0.25 0.25 17964 72.45 166.86
# Algorithm, state_space_size, action_space_size, delay, sequence_length, reward_density, terminal_state_density,
DQN 8 4 0 1 0.25 0.25 18448 72.45 166.86
# Algorithm, state_space_size, action_space_size, delay, sequence_length, reward_density, terminal_state_density,
DQN 8 4 0 1 0.25 0.25 18932 78.52 179.97
# Algorithm, state_space_size, action_space_size, delay, sequence_length, reward_density, terminal_state_density,
DQN 8 4 0 1 0.25 0.25 19416 79.9 182.6
# Algorithm, state_space_size, action_space_size, delay, sequence_length, reward_density, terminal_state_density,
DQN 8 4 0 1 0.25 0.25 19892 79.9 182.6
# Algorithm, state_space_size, action_space_size, delay, sequence_length, reward_density, terminal_state_density,
DQN 8 4 0 1 0.25 0.25 20392 83.47 190.2
# Algorithm, state_space_size, action_space_size, delay, sequence_length, reward_density, terminal_state_density,
DQN 8 4 0 2 0.25 0.25 976 2.2857142857142856 8.705357142857142
# Algorithm, state_space_size, action_space_size, delay, sequence_length, reward_density, terminal_state_density,
DQN 8 4 0 2 0.25 0.25 1968 2.12 11.57
# Algorithm, state_space_size, action_space_size, delay, sequence_length, reward_density, terminal_state_density,
DQN 8 4 0 2 0.25 0.25 2448 2.14 12.02
# Algorithm, state_space_size, action_space_size, delay, sequence_length, reward_density, terminal_state_density,
DQN 8 4 0 2 0.25 0.25 2948 2.14 12.02
# Algorithm, state_space_size, action_space_size, delay, sequence_length, reward_density, terminal_state_density,
DQN 8 4 0 2 0.25 0.25 3444 6.07 19.97
# Algorithm, state_space_size, action_space_size, delay, sequence_length, reward_density, terminal_state_density,
DQN 8 4 0 2 0.25 0.25 3944 8.14 23.97
# Algorithm, state_space_size, action_space_size, delay, sequence_length, reward_density, terminal_state_density,
DQN 8 4 0 2 0.25 0.25 4444 8.14 23.97
# Algorithm, state_space_size, action_space_size, delay, sequence_length, reward_density, terminal_state_density,
DQN 8 4 0 2 0.25 0.25 4940 11.85 33.89
# Algorithm, state_space_size, action_space_size, delay, sequence_length, reward_density, terminal_state_density,
DQN 8 4 0 2 0.25 0.25 5448 13.45 37.96
# Algorithm, state_space_size, action_space_size, delay, sequence_length, reward_density, terminal_state_density,
DQN 8 4 0 2 0.25 0.25 5948 15.52 43.47
# Algorithm, state_space_size, action_space_size, delay, sequence_length, reward_density, terminal_state_density,
DQN 8 4 0 2 0.25 0.25 6440 15.52 43.47
# Algorithm, state_space_size, action_space_size, delay, sequence_length, reward_density, terminal_state_density,
DQN 8 4 0 2 0.25 0.25 6940 15.52 43.47
# Algorithm, state_space_size, action_space_size, delay, sequence_length, reward_density, terminal_state_density,
DQN 8 4 0 2 0.25 0.25 7444 20.0 56.81
# Algorithm, state_space_size, action_space_size, delay, sequence_length, reward_density, terminal_state_density,
DQN 8 4 0 2 0.25 0.25 7932 20.0 56.81
# Algorithm, state_space_size, action_space_size, delay, sequence_length, reward_density, terminal_state_density,
DQN 8 4 0 2 0.25 0.25 8424 20.0 56.81
# Algorithm, state_space_size, action_space_size, delay, sequence_length, reward_density, terminal_state_density,
DQN 8 4 0 2 0.25 0.25 8928 25.76 74.9
# Algorithm, state_space_size, action_space_size, delay, sequence_length, reward_density, terminal_state_density,
DQN 8 4 0 2 0.25 0.25 9428 25.76 74.9
# Algorithm, state_space_size, action_space_size, delay, sequence_length, reward_density, terminal_state_density,
DQN 8 4 0 2 0.25 0.25 9932 25.76 74.9
# Algorithm, state_space_size, action_space_size, delay, sequence_length, reward_density, terminal_state_density,
DQN 8 4 0 2 0.25 0.25 10428 29.61 88.7
# Algorithm, state_space_size, action_space_size, delay, sequence_length, reward_density, terminal_state_density,
DQN 8 4 0 2 0.25 0.25 10924 31.23 96.08
# Algorithm, state_space_size, action_space_size, delay, sequence_length, reward_density, terminal_state_density,
DQN 8 4 0 2 0.25 0.25 11428 32.7 100.72
# Algorithm, state_space_size, action_space_size, delay, sequence_length, reward_density, terminal_state_density,
DQN 8 4 0 2 0.25 0.25 11928 33.93 105.15
# Algorithm, state_space_size, action_space_size, delay, sequence_length, reward_density, terminal_state_density,
DQN 8 4 0 2 0.25 0.25 12424 33.93 105.15
# Algorithm, state_space_size, action_space_size, delay, sequence_length, reward_density, terminal_state_density,
DQN 8 4 0 2 0.25 0.25 12928 33.93 105.15
# Algorithm, state_space_size, action_space_size, delay, sequence_length, reward_density, terminal_state_density,
DQN 8 4 0 2 0.25 0.25 13416 33.93 105.15
# Algorithm, state_space_size, action_space_size, delay, sequence_length, reward_density, terminal_state_density,
DQN 8 4 0 2 0.25 0.25 13900 33.93 105.15
# Algorithm, state_space_size, action_space_size, delay, sequence_length, reward_density, terminal_state_density,
DQN 8 4 0 2 0.25 0.25 14396 33.93 105.15
# Algorithm, state_space_size, action_space_size, delay, sequence_length, reward_density, terminal_state_density,
DQN 8 4 0 2 0.25 0.25 14888 33.93 105.15
# Algorithm, state_space_size, action_space_size, delay, sequence_length, reward_density, terminal_state_density,
DQN 8 4 0 2 0.25 0.25 15392 33.93 105.15
# Algorithm, state_space_size, action_space_size, delay, sequence_length, reward_density, terminal_state_density,
DQN 8 4 0 2 0.25 0.25 15896 33.93 105.15
# Algorithm, state_space_size, action_space_size, delay, sequence_length, reward_density, terminal_state_density,
DQN 8 4 0 2 0.25 0.25 16404 45.73 149.45
# Algorithm, state_space_size, action_space_size, delay, sequence_length, reward_density, terminal_state_density,
DQN 8 4 0 2 0.25 0.25 16908 47.5 155.27
# Algorithm, state_space_size, action_space_size, delay, sequence_length, reward_density, terminal_state_density,
DQN 8 4 0 2 0.25 0.25 17408 47.5 155.27
# Algorithm, state_space_size, action_space_size, delay, sequence_length, reward_density, terminal_state_density,
DQN 8 4 0 2 0.25 0.25 17912 49.7 162.4
# Algorithm, state_space_size, action_space_size, delay, sequence_length, reward_density, terminal_state_density,
DQN 8 4 0 2 0.25 0.25 18420 49.7 162.4
# Algorithm, state_space_size, action_space_size, delay, sequence_length, reward_density, terminal_state_density,
DQN 8 4 0 2 0.25 0.25 18916 49.7 162.4
# Algorithm, state_space_size, action_space_size, delay, sequence_length, reward_density, terminal_state_density,
DQN 8 4 0 2 0.25 0.25 19412 49.7 162.4
# Algorithm, state_space_size, action_space_size, delay, sequence_length, reward_density, terminal_state_density,
DQN 8 4 0 2 0.25 0.25 19908 49.7 162.4
# Algorithm, state_space_size, action_space_size, delay, sequence_length, reward_density, terminal_state_density,
DQN 8 4 0 2 0.25 0.25 20416 57.34 185.68
# Algorithm, state_space_size, action_space_size, delay, sequence_length, reward_density, terminal_state_density,
DQN 8 4 1 1 0.25 0.25 964 0.6825396825396826 7.555555555555555
# Algorithm, state_space_size, action_space_size, delay, sequence_length, reward_density, terminal_state_density,
DQN 8 4 1 1 0.25 0.25 1968 0.20422535211267606 7.105633802816901
# Algorithm, state_space_size, action_space_size, delay, sequence_length, reward_density, terminal_state_density,
DQN 8 4 1 1 0.25 0.25 2452 0.16 7.18
# Algorithm, state_space_size, action_space_size, delay, sequence_length, reward_density, terminal_state_density,
DQN 8 4 1 1 0.25 0.25 2952 0.16 7.18
# Algorithm, state_space_size, action_space_size, delay, sequence_length, reward_density, terminal_state_density,
DQN 8 4 1 1 0.25 0.25 3452 0.3 19.94
# Algorithm, state_space_size, action_space_size, delay, sequence_length, reward_density, terminal_state_density,
DQN 8 4 1 1 0.25 0.25 3956 1.22 24.4
# Algorithm, state_space_size, action_space_size, delay, sequence_length, reward_density, terminal_state_density,
DQN 8 4 1 1 0.25 0.25 4452 2.57 27.11
# Algorithm, state_space_size, action_space_size, delay, sequence_length, reward_density, terminal_state_density,
DQN 8 4 1 1 0.25 0.25 4952 5.19 34.61
# Algorithm, state_space_size, action_space_size, delay, sequence_length, reward_density, terminal_state_density,
DQN 8 4 1 1 0.25 0.25 5456 5.19 34.61
# Algorithm, state_space_size, action_space_size, delay, sequence_length, reward_density, terminal_state_density,
DQN 8 4 1 1 0.25 0.25 5952 8.44 41.77
# Algorithm, state_space_size, action_space_size, delay, sequence_length, reward_density, terminal_state_density,
DQN 8 4 1 1 0.25 0.25 6460 8.44 41.77
# Algorithm, state_space_size, action_space_size, delay, sequence_length, reward_density, terminal_state_density,
DQN 8 4 1 1 0.25 0.25 6956 13.49 54.86
# Algorithm, state_space_size, action_space_size, delay, sequence_length, reward_density, terminal_state_density,
DQN 8 4 1 1 0.25 0.25 7448 13.49 54.86
# Algorithm, state_space_size, action_space_size, delay, sequence_length, reward_density, terminal_state_density,
DQN 8 4 1 1 0.25 0.25 7940 13.49 54.86
# Algorithm, state_space_size, action_space_size, delay, sequence_length, reward_density, terminal_state_density,
DQN 8 4 1 1 0.25 0.25 8440 17.77 65.87
# Algorithm, state_space_size, action_space_size, delay, sequence_length, reward_density, terminal_state_density,
DQN 8 4 1 1 0.25 0.25 8944 17.77 65.87
# Algorithm, state_space_size, action_space_size, delay, sequence_length, reward_density, terminal_state_density,
DQN 8 4 1 1 0.25 0.25 9448 22.37 77.57
# Algorithm, state_space_size, action_space_size, delay, sequence_length, reward_density, terminal_state_density,
DQN 8 4 1 1 0.25 0.25 9944 24.94 84.49
# Algorithm, state_space_size, action_space_size, delay, sequence_length, reward_density, terminal_state_density,
DQN 8 4 1 1 0.25 0.25 10432 25.52 87.11
# Algorithm, state_space_size, action_space_size, delay, sequence_length, reward_density, terminal_state_density,
DQN 8 4 1 1 0.25 0.25 10928 25.52 87.11
# Algorithm, state_space_size, action_space_size, delay, sequence_length, reward_density, terminal_state_density,
DQN 8 4 1 1 0.25 0.25 11428 29.66 98.15
# Algorithm, state_space_size, action_space_size, delay, sequence_length, reward_density, terminal_state_density,
DQN 8 4 1 1 0.25 0.25 11928 31.14 102.59
# Algorithm, state_space_size, action_space_size, delay, sequence_length, reward_density, terminal_state_density,
DQN 8 4 1 1 0.25 0.25 12428 31.14 102.59
# Algorithm, state_space_size, action_space_size, delay, sequence_length, reward_density, terminal_state_density,
DQN 8 4 1 1 0.25 0.25 12920 33.48 109.73
# Algorithm, state_space_size, action_space_size, delay, sequence_length, reward_density, terminal_state_density,
DQN 8 4 1 1 0.25 0.25 13420 33.48 109.73
# Algorithm, state_space_size, action_space_size, delay, sequence_length, reward_density, terminal_state_density,
DQN 8 4 1 1 0.25 0.25 13916 38.77 123.8
# Algorithm, state_space_size, action_space_size, delay, sequence_length, reward_density, terminal_state_density,
DQN 8 4 1 1 0.25 0.25 14420 38.77 123.8
# Algorithm, state_space_size, action_space_size, delay, sequence_length, reward_density, terminal_state_density,
DQN 8 4 1 1 0.25 0.25 14920 38.77 123.8
# Algorithm, state_space_size, action_space_size, delay, sequence_length, reward_density, terminal_state_density,
DQN 8 4 1 1 0.25 0.25 15416 38.77 123.8
# Algorithm, state_space_size, action_space_size, delay, sequence_length, reward_density, terminal_state_density,
DQN 8 4 1 1 0.25 0.25 15904 38.77 123.8
# Algorithm, state_space_size, action_space_size, delay, sequence_length, reward_density, terminal_state_density,
DQN 8 4 1 1 0.25 0.25 16404 38.77 123.8
# Algorithm, state_space_size, action_space_size, delay, sequence_length, reward_density, terminal_state_density,
DQN 8 4 1 1 0.25 0.25 16904 48.84 151.69
# Algorithm, state_space_size, action_space_size, delay, sequence_length, reward_density, terminal_state_density,
DQN 8 4 1 1 0.25 0.25 17396 50.2 155.21
# Algorithm, state_space_size, action_space_size, delay, sequence_length, reward_density, terminal_state_density,
DQN 8 4 1 1 0.25 0.25 17880 53.38 163.32
# Algorithm, state_space_size, action_space_size, delay, sequence_length, reward_density, terminal_state_density,
DQN 8 4 1 1 0.25 0.25 18364 54.36 165.75
# Algorithm, state_space_size, action_space_size, delay, sequence_length, reward_density, terminal_state_density,
DQN 8 4 1 1 0.25 0.25 18864 56.81 171.51
# Algorithm, state_space_size, action_space_size, delay, sequence_length, reward_density, terminal_state_density,
DQN 8 4 1 1 0.25 0.25 19344 58.97 177.43
# Algorithm, state_space_size, action_space_size, delay, sequence_length, reward_density, terminal_state_density,
DQN 8 4 1 1 0.25 0.25 19836 60.13 180.03
# Algorithm, state_space_size, action_space_size, delay, sequence_length, reward_density, terminal_state_density,
DQN 8 4 1 1 0.25 0.25 20336 62.16 186.0
# Algorithm, state_space_size, action_space_size, delay, sequence_length, reward_density, terminal_state_density,
DQN 8 4 1 2 0.25 0.25 948 1.4434782608695653 8.217391304347826
# Algorithm, state_space_size, action_space_size, delay, sequence_length, reward_density, terminal_state_density,
DQN 8 4 1 2 0.25 0.25 1924 0.6992481203007519 7.2781954887218046
# Algorithm, state_space_size, action_space_size, delay, sequence_length, reward_density, terminal_state_density,
DQN 8 4 1 2 0.25 0.25 2424 0.77 9.56
# Algorithm, state_space_size, action_space_size, delay, sequence_length, reward_density, terminal_state_density,
DQN 8 4 1 2 0.25 0.25 2924 0.77 9.56
# Algorithm, state_space_size, action_space_size, delay, sequence_length, reward_density, terminal_state_density,
DQN 8 4 1 2 0.25 0.25 3412 0.77 9.56
# Algorithm, state_space_size, action_space_size, delay, sequence_length, reward_density, terminal_state_density,
DQN 8 4 1 2 0.25 0.25 3900 0.77 9.56
# Algorithm, state_space_size, action_space_size, delay, sequence_length, reward_density, terminal_state_density,
DQN 8 4 1 2 0.25 0.25 4392 0.77 9.56
# Algorithm, state_space_size, action_space_size, delay, sequence_length, reward_density, terminal_state_density,
DQN 8 4 1 2 0.25 0.25 4880 0.77 9.56
# Algorithm, state_space_size, action_space_size, delay, sequence_length, reward_density, terminal_state_density,
DQN 8 4 1 2 0.25 0.25 5368 0.77 9.56
# Algorithm, state_space_size, action_space_size, delay, sequence_length, reward_density, terminal_state_density,
DQN 8 4 1 2 0.25 0.25 5856 0.77 9.56
# Algorithm, state_space_size, action_space_size, delay, sequence_length, reward_density, terminal_state_density,
DQN 8 4 1 2 0.25 0.25 6356 0.77 9.56
# Algorithm, state_space_size, action_space_size, delay, sequence_length, reward_density, terminal_state_density,
DQN 8 4 1 2 0.25 0.25 6848 0.77 9.56
# Algorithm, state_space_size, action_space_size, delay, sequence_length, reward_density, terminal_state_density,
DQN 8 4 1 2 0.25 0.25 7344 0.77 9.56
# Algorithm, state_space_size, action_space_size, delay, sequence_length, reward_density, terminal_state_density,
DQN 8 4 1 2 0.25 0.25 7828 0.77 9.56
# Algorithm, state_space_size, action_space_size, delay, sequence_length, reward_density, terminal_state_density,
DQN 8 4 1 2 0.25 0.25 8320 0.77 9.56
# Algorithm, state_space_size, action_space_size, delay, sequence_length, reward_density, terminal_state_density,
DQN 8 4 1 2 0.25 0.25 8812 0.77 9.56
# Algorithm, state_space_size, action_space_size, delay, sequence_length, reward_density, terminal_state_density,
DQN 8 4 1 2 0.25 0.25 9300 0.77 9.56
# Algorithm, state_space_size, action_space_size, delay, sequence_length, reward_density, terminal_state_density,
DQN 8 4 1 2 0.25 0.25 9796 0.77 9.56
# Algorithm, state_space_size, action_space_size, delay, sequence_length, reward_density, terminal_state_density,
DQN 8 4 1 2 0.25 0.25 10292 0.77 9.56
# Algorithm, state_space_size, action_space_size, delay, sequence_length, reward_density, terminal_state_density,
DQN 8 4 1 2 0.25 0.25 10788 0.77 9.56
# Algorithm, state_space_size, action_space_size, delay, sequence_length, reward_density, terminal_state_density,
DQN 8 4 1 2 0.25 0.25 11276 0.77 9.56
# Algorithm, state_space_size, action_space_size, delay, sequence_length, reward_density, terminal_state_density,
DQN 8 4 1 2 0.25 0.25 11760 0.77 9.56
# Algorithm, state_space_size, action_space_size, delay, sequence_length, reward_density, terminal_state_density,
DQN 8 4 1 2 0.25 0.25 12252 30.28 107.09
# Algorithm, state_space_size, action_space_size, delay, sequence_length, reward_density, terminal_state_density,
DQN 8 4 1 2 0.25 0.25 12744 33.04 114.13
# Algorithm, state_space_size, action_space_size, delay, sequence_length, reward_density, terminal_state_density,
DQN 8 4 1 2 0.25 0.25 13228 33.04 114.13
# Algorithm, state_space_size, action_space_size, delay, sequence_length, reward_density, terminal_state_density,
DQN 8 4 1 2 0.25 0.25 13712 36.14 120.73
# Algorithm, state_space_size, action_space_size, delay, sequence_length, reward_density, terminal_state_density,
DQN 8 4 1 2 0.25 0.25 14188 36.14 120.73
# Algorithm, state_space_size, action_space_size, delay, sequence_length, reward_density, terminal_state_density,
DQN 8 4 1 2 0.25 0.25 14664 40.41 132.04
# Algorithm, state_space_size, action_space_size, delay, sequence_length, reward_density, terminal_state_density,
DQN 8 4 1 2 0.25 0.25 15156 43.22 137.98
# Algorithm, state_space_size, action_space_size, delay, sequence_length, reward_density, terminal_state_density,
DQN 8 4 1 2 0.25 0.25 15636 44.56 140.6
# Algorithm, state_space_size, action_space_size, delay, sequence_length, reward_density, terminal_state_density,
DQN 8 4 1 2 0.25 0.25 16120 48.31 147.97
# Algorithm, state_space_size, action_space_size, delay, sequence_length, reward_density, terminal_state_density,
DQN 8 4 1 2 0.25 0.25 16608 49.19 149.77
# Algorithm, state_space_size, action_space_size, delay, sequence_length, reward_density, terminal_state_density,
DQN 8 4 1 2 0.25 0.25 17096 53.15 157.7
# Algorithm, state_space_size, action_space_size, delay, sequence_length, reward_density, terminal_state_density,
DQN 8 4 1 2 0.25 0.25 17588 55.14 161.69
# Algorithm, state_space_size, action_space_size, delay, sequence_length, reward_density, terminal_state_density,
DQN 8 4 1 2 0.25 0.25 18072 55.87 163.17
# Algorithm, state_space_size, action_space_size, delay, sequence_length, reward_density, terminal_state_density,
DQN 8 4 1 2 0.25 0.25 18560 55.87 163.17
# Algorithm, state_space_size, action_space_size, delay, sequence_length, reward_density, terminal_state_density,
DQN 8 4 1 2 0.25 0.25 19040 62.52 176.48
# Algorithm, state_space_size, action_space_size, delay, sequence_length, reward_density, terminal_state_density,
DQN 8 4 1 2 0.25 0.25 19524 62.52 176.48
# Algorithm, state_space_size, action_space_size, delay, sequence_length, reward_density, terminal_state_density,
DQN 8 4 1 2 0.25 0.25 20016 66.73 185.0
# Algorithm, state_space_size, action_space_size, delay, sequence_length, reward_density, terminal_state_density,
DQN 8 4 2 1 0.25 0.25 956 0.7719298245614035 8.342105263157896
# Algorithm, state_space_size, action_space_size, delay, sequence_length, reward_density, terminal_state_density,
DQN 8 4 2 1 0.25 0.25 1992 1.63 14.96
# Algorithm, state_space_size, action_space_size, delay, sequence_length, reward_density, terminal_state_density,
DQN 8 4 2 1 0.25 0.25 2468 1.85 16.96
# Algorithm, state_space_size, action_space_size, delay, sequence_length, reward_density, terminal_state_density,
DQN 8 4 2 1 0.25 0.25 2972 1.85 16.96
# Algorithm, state_space_size, action_space_size, delay, sequence_length, reward_density, terminal_state_density,
DQN 8 4 2 1 0.25 0.25 3468 7.09 27.6
# Algorithm, state_space_size, action_space_size, delay, sequence_length, reward_density, terminal_state_density,
DQN 8 4 2 1 0.25 0.25 3984 9.51 32.68
# Algorithm, state_space_size, action_space_size, delay, sequence_length, reward_density, terminal_state_density,
DQN 8 4 2 1 0.25 0.25 4484 11.41 37.41
# Algorithm, state_space_size, action_space_size, delay, sequence_length, reward_density, terminal_state_density,
DQN 8 4 2 1 0.25 0.25 4988 11.41 37.41
# Algorithm, state_space_size, action_space_size, delay, sequence_length, reward_density, terminal_state_density,
DQN 8 4 2 1 0.25 0.25 5476 15.43 48.54
# Algorithm, state_space_size, action_space_size, delay, sequence_length, reward_density, terminal_state_density,
DQN 8 4 2 1 0.25 0.25 5972 16.41 51.37
# Algorithm, state_space_size, action_space_size, delay, sequence_length, reward_density, terminal_state_density,
DQN 8 4 2 1 0.25 0.25 6464 18.52 57.52
# Algorithm, state_space_size, action_space_size, delay, sequence_length, reward_density, terminal_state_density,
DQN 8 4 2 1 0.25 0.25 6964 20.02 62.01
# Algorithm, state_space_size, action_space_size, delay, sequence_length, reward_density, terminal_state_density,
DQN 8 4 2 1 0.25 0.25 7468 21.12 65.23
# Algorithm, state_space_size, action_space_size, delay, sequence_length, reward_density, terminal_state_density,
DQN 8 4 2 1 0.25 0.25 7972 22.82 70.34
# Algorithm, state_space_size, action_space_size, delay, sequence_length, reward_density, terminal_state_density,
DQN 8 4 2 1 0.25 0.25 8476 24.07 73.9
# Algorithm, state_space_size, action_space_size, delay, sequence_length, reward_density, terminal_state_density,
DQN 8 4 2 1 0.25 0.25 8976 25.74 78.67
# Algorithm, state_space_size, action_space_size, delay, sequence_length, reward_density, terminal_state_density,
DQN 8 4 2 1 0.25 0.25 9472 25.74 78.67
# Algorithm, state_space_size, action_space_size, delay, sequence_length, reward_density, terminal_state_density,
DQN 8 4 2 1 0.25 0.25 9972 30.2 92.38
# Algorithm, state_space_size, action_space_size, delay, sequence_length, reward_density, terminal_state_density,
DQN 8 4 2 1 0.25 0.25 10480 32.12 98.06
# Algorithm, state_space_size, action_space_size, delay, sequence_length, reward_density, terminal_state_density,
DQN 8 4 2 1 0.25 0.25 10980 32.12 98.06
# Algorithm, state_space_size, action_space_size, delay, sequence_length, reward_density, terminal_state_density,
DQN 8 4 2 1 0.25 0.25 11484 35.47 108.31
# Algorithm, state_space_size, action_space_size, delay, sequence_length, reward_density, terminal_state_density,
DQN 8 4 2 1 0.25 0.25 11992 35.86 109.23
# Algorithm, state_space_size, action_space_size, delay, sequence_length, reward_density, terminal_state_density,
DQN 8 4 2 1 0.25 0.25 12488 35.86 109.23
# Algorithm, state_space_size, action_space_size, delay, sequence_length, reward_density, terminal_state_density,
DQN 8 4 2 1 0.25 0.25 12992 39.8 121.1
# Algorithm, state_space_size, action_space_size, delay, sequence_length, reward_density, terminal_state_density,
DQN 8 4 2 1 0.25 0.25 13492 39.8 121.1
# Algorithm, state_space_size, action_space_size, delay, sequence_length, reward_density, terminal_state_density,
DQN 8 4 2 1 0.25 0.25 13988 42.71 129.95
# Algorithm, state_space_size, action_space_size, delay, sequence_length, reward_density, terminal_state_density,
DQN 8 4 2 1 0.25 0.25 14492 44.48 135.68
# Algorithm, state_space_size, action_space_size, delay, sequence_length, reward_density, terminal_state_density,
DQN 8 4 2 1 0.25 0.25 14996 44.48 135.68
# Algorithm, state_space_size, action_space_size, delay, sequence_length, reward_density, terminal_state_density,
DQN 8 4 2 1 0.25 0.25 15504 44.48 135.68
# Algorithm, state_space_size, action_space_size, delay, sequence_length, reward_density, terminal_state_density,
DQN 8 4 2 1 0.25 0.25 16004 49.19 150.77
# Algorithm, state_space_size, action_space_size, delay, sequence_length, reward_density, terminal_state_density,
DQN 8 4 2 1 0.25 0.25 16508 50.25 154.04
# Algorithm, state_space_size, action_space_size, delay, sequence_length, reward_density, terminal_state_density,
DQN 8 4 2 1 0.25 0.25 17004 52.46 161.43
# Algorithm, state_space_size, action_space_size, delay, sequence_length, reward_density, terminal_state_density,
DQN 8 4 2 1 0.25 0.25 17496 52.46 161.43
# Algorithm, state_space_size, action_space_size, delay, sequence_length, reward_density, terminal_state_density,
DQN 8 4 2 1 0.25 0.25 17996 52.46 161.43
# Algorithm, state_space_size, action_space_size, delay, sequence_length, reward_density, terminal_state_density,
DQN 8 4 2 1 0.25 0.25 18488 56.45 173.93
# Algorithm, state_space_size, action_space_size, delay, sequence_length, reward_density, terminal_state_density,
DQN 8 4 2 1 0.25 0.25 18984 59.08 181.59
# Algorithm, state_space_size, action_space_size, delay, sequence_length, reward_density, terminal_state_density,
DQN 8 4 2 1 0.25 0.25 19476 59.95 184.35
# Algorithm, state_space_size, action_space_size, delay, sequence_length, reward_density, terminal_state_density,
DQN 8 4 2 1 0.25 0.25 19972 59.95 184.35
# Algorithm, state_space_size, action_space_size, delay, sequence_length, reward_density, terminal_state_density,
DQN 8 4 2 1 0.25 0.25 20464 62.73 192.83
# Algorithm, state_space_size, action_space_size, delay, sequence_length, reward_density, terminal_state_density,
DQN 8 4 2 2 0.25 0.25 968 1.4351851851851851 8.944444444444445
# Algorithm, state_space_size, action_space_size, delay, sequence_length, reward_density, terminal_state_density,
DQN 8 4 2 2 0.25 0.25 1924 2.129032258064516 7.67741935483871
# Algorithm, state_space_size, action_space_size, delay, sequence_length, reward_density, terminal_state_density,
DQN 8 4 2 2 0.25 0.25 2408 3.14 9.53
# Algorithm, state_space_size, action_space_size, delay, sequence_length, reward_density, terminal_state_density,
DQN 8 4 2 2 0.25 0.25 2896 3.14 9.53
# Algorithm, state_space_size, action_space_size, delay, sequence_length, reward_density, terminal_state_density,
DQN 8 4 2 2 0.25 0.25 3380 3.14 9.53
# Algorithm, state_space_size, action_space_size, delay, sequence_length, reward_density, terminal_state_density,
DQN 8 4 2 2 0.25 0.25 3868 3.14 9.53
# Algorithm, state_space_size, action_space_size, delay, sequence_length, reward_density, terminal_state_density,
DQN 8 4 2 2 0.25 0.25 4348 11.55 29.56
# Algorithm, state_space_size, action_space_size, delay, sequence_length, reward_density, terminal_state_density,
DQN 8 4 2 2 0.25 0.25 4848 12.08 31.07
# Algorithm, state_space_size, action_space_size, delay, sequence_length, reward_density, terminal_state_density,
DQN 8 4 2 2 0.25 0.25 5332 14.73 39.22
# Algorithm, state_space_size, action_space_size, delay, sequence_length, reward_density, terminal_state_density,
DQN 8 4 2 2 0.25 0.25 5812 15.33 41.03
# Algorithm, state_space_size, action_space_size, delay, sequence_length, reward_density, terminal_state_density,
DQN 8 4 2 2 0.25 0.25 6300 15.33 41.03
# Algorithm, state_space_size, action_space_size, delay, sequence_length, reward_density, terminal_state_density,
DQN 8 4 2 2 0.25 0.25 6796 15.33 41.03
# Algorithm, state_space_size, action_space_size, delay, sequence_length, reward_density, terminal_state_density,
DQN 8 4 2 2 0.25 0.25 7296 19.59 56.29
# Algorithm, state_space_size, action_space_size, delay, sequence_length, reward_density, terminal_state_density,
DQN 8 4 2 2 0.25 0.25 7780 19.59 56.29
# Algorithm, state_space_size, action_space_size, delay, sequence_length, reward_density, terminal_state_density,
DQN 8 4 2 2 0.25 0.25 8268 19.59 56.29
# Algorithm, state_space_size, action_space_size, delay, sequence_length, reward_density, terminal_state_density,
DQN 8 4 2 2 0.25 0.25 8760 23.49 69.79
# Algorithm, state_space_size, action_space_size, delay, sequence_length, reward_density, terminal_state_density,
DQN 8 4 2 2 0.25 0.25 9244 23.49 69.79
# Algorithm, state_space_size, action_space_size, delay, sequence_length, reward_density, terminal_state_density,
DQN 8 4 2 2 0.25 0.25 9712 23.49 69.79
# Algorithm, state_space_size, action_space_size, delay, sequence_length, reward_density, terminal_state_density,
DQN 8 4 2 2 0.25 0.25 10204 27.48 85.27
# Algorithm, state_space_size, action_space_size, delay, sequence_length, reward_density, terminal_state_density,
DQN 8 4 2 2 0.25 0.25 10700 29.75 91.47
# Algorithm, state_space_size, action_space_size, delay, sequence_length, reward_density, terminal_state_density,
DQN 8 4 2 2 0.25 0.25 11200 31.03 95.79
# Algorithm, state_space_size, action_space_size, delay, sequence_length, reward_density, terminal_state_density,
DQN 8 4 2 2 0.25 0.25 11680 33.61 102.38
# Algorithm, state_space_size, action_space_size, delay, sequence_length, reward_density, terminal_state_density,
DQN 8 4 2 2 0.25 0.25 12160 34.82 104.71
# Algorithm, state_space_size, action_space_size, delay, sequence_length, reward_density, terminal_state_density,
DQN 8 4 2 2 0.25 0.25 12652 34.82 104.71
# Algorithm, state_space_size, action_space_size, delay, sequence_length, reward_density, terminal_state_density,
DQN 8 4 2 2 0.25 0.25 13140 40.09 116.62
# Algorithm, state_space_size, action_space_size, delay, sequence_length, reward_density, terminal_state_density,
DQN 8 4 2 2 0.25 0.25 13588 40.09 116.62
# Algorithm, state_space_size, action_space_size, delay, sequence_length, reward_density, terminal_state_density,
DQN 8 4 2 2 0.25 0.25 14076 43.23 123.4
# Algorithm, state_space_size, action_space_size, delay, sequence_length, reward_density, terminal_state_density,
DQN 8 4 2 2 0.25 0.25 14532 46.49 129.94
# Algorithm, state_space_size, action_space_size, delay, sequence_length, reward_density, terminal_state_density,
DQN 8 4 2 2 0.25 0.25 15004 48.66 134.9
# Algorithm, state_space_size, action_space_size, delay, sequence_length, reward_density, terminal_state_density,
DQN 8 4 2 2 0.25 0.25 15488 48.66 134.9
# Algorithm, state_space_size, action_space_size, delay, sequence_length, reward_density, terminal_state_density,
DQN 8 4 2 2 0.25 0.25 15976 51.22 140.4
# Algorithm, state_space_size, action_space_size, delay, sequence_length, reward_density, terminal_state_density,
DQN 8 4 2 2 0.25 0.25 16460 51.22 140.4
# Algorithm, state_space_size, action_space_size, delay, sequence_length, reward_density, terminal_state_density,
DQN 8 4 2 2 0.25 0.25 16948 51.22 140.4
# Algorithm, state_space_size, action_space_size, delay, sequence_length, reward_density, terminal_state_density,
DQN 8 4 2 2 0.25 0.25 17420 58.99 158.01
# Algorithm, state_space_size, action_space_size, delay, sequence_length, reward_density, terminal_state_density,
DQN 8 4 2 2 0.25 0.25 17912 58.99 158.01
# Algorithm, state_space_size, action_space_size, delay, sequence_length, reward_density, terminal_state_density,
DQN 8 4 2 2 0.25 0.25 18396 62.47 165.72
# Algorithm, state_space_size, action_space_size, delay, sequence_length, reward_density, terminal_state_density,
DQN 8 4 2 2 0.25 0.25 18880 64.72 170.95
# Algorithm, state_space_size, action_space_size, delay, sequence_length, reward_density, terminal_state_density,
DQN 8 4 2 2 0.25 0.25 19364 67.95 178.31
# Algorithm, state_space_size, action_space_size, delay, sequence_length, reward_density, terminal_state_density,
DQN 8 4 2 2 0.25 0.25 19856 70.03 183.04
# Algorithm, state_space_size, action_space_size, delay, sequence_length, reward_density, terminal_state_density,
DQN 8 4 2 2 0.25 0.25 20336 71.47 186.69
# Algorithm, state_space_size, action_space_size, delay, sequence_length, reward_density, terminal_state_density,
DQN 8 4 4 1 0.25 0.25 952 0.4740740740740741 7.037037037037037
# Algorithm, state_space_size, action_space_size, delay, sequence_length, reward_density, terminal_state_density,
DQN 8 4 4 1 0.25 0.25 1968 1.21 14.51
# Algorithm, state_space_size, action_space_size, delay, sequence_length, reward_density, terminal_state_density,
DQN 8 4 4 1 0.25 0.25 2428 1.64 17.74
# Algorithm, state_space_size, action_space_size, delay, sequence_length, reward_density, terminal_state_density,
DQN 8 4 4 1 0.25 0.25 2916 1.64 17.74
# Algorithm, state_space_size, action_space_size, delay, sequence_length, reward_density, terminal_state_density,
DQN 8 4 4 1 0.25 0.25 3404 1.64 17.74
# Algorithm, state_space_size, action_space_size, delay, sequence_length, reward_density, terminal_state_density,
DQN 8 4 4 1 0.25 0.25 3892 1.64 17.74
# Algorithm, state_space_size, action_space_size, delay, sequence_length, reward_density, terminal_state_density,
DQN 8 4 4 1 0.25 0.25 4372 1.64 17.74
# Algorithm, state_space_size, action_space_size, delay, sequence_length, reward_density, terminal_state_density,
DQN 8 4 4 1 0.25 0.25 4856 2.94 42.32
# Algorithm, state_space_size, action_space_size, delay, sequence_length, reward_density, terminal_state_density,
DQN 8 4 4 1 0.25 0.25 5332 2.94 42.32
# Algorithm, state_space_size, action_space_size, delay, sequence_length, reward_density, terminal_state_density,
DQN 8 4 4 1 0.25 0.25 5812 4.69 52.68
# Algorithm, state_space_size, action_space_size, delay, sequence_length, reward_density, terminal_state_density,
DQN 8 4 4 1 0.25 0.25 6292 4.69 52.68
# Algorithm, state_space_size, action_space_size, delay, sequence_length, reward_density, terminal_state_density,
DQN 8 4 4 1 0.25 0.25 6776 4.69 52.68
# Algorithm, state_space_size, action_space_size, delay, sequence_length, reward_density, terminal_state_density,
DQN 8 4 4 1 0.25 0.25 7252 4.69 52.68
# Algorithm, state_space_size, action_space_size, delay, sequence_length, reward_density, terminal_state_density,
DQN 8 4 4 1 0.25 0.25 7728 4.69 52.68
# Algorithm, state_space_size, action_space_size, delay, sequence_length, reward_density, terminal_state_density,
DQN 8 4 4 1 0.25 0.25 8208 4.69 52.68
# Algorithm, state_space_size, action_space_size, delay, sequence_length, reward_density, terminal_state_density,
DQN 8 4 4 1 0.25 0.25 8688 4.69 52.68
# Algorithm, state_space_size, action_space_size, delay, sequence_length, reward_density, terminal_state_density,
DQN 8 4 4 1 0.25 0.25 9168 10.05 85.24
# Algorithm, state_space_size, action_space_size, delay, sequence_length, reward_density, terminal_state_density,
DQN 8 4 4 1 0.25 0.25 9652 10.05 85.24
# Algorithm, state_space_size, action_space_size, delay, sequence_length, reward_density, terminal_state_density,
DQN 8 4 4 1 0.25 0.25 10124 11.2 92.51
# Algorithm, state_space_size, action_space_size, delay, sequence_length, reward_density, terminal_state_density,
DQN 8 4 4 1 0.25 0.25 10600 13.0 100.02
# Algorithm, state_space_size, action_space_size, delay, sequence_length, reward_density, terminal_state_density,
DQN 8 4 4 1 0.25 0.25 11084 13.0 100.02
# Algorithm, state_space_size, action_space_size, delay, sequence_length, reward_density, terminal_state_density,
DQN 8 4 4 1 0.25 0.25 11564 15.15 109.98
# Algorithm, state_space_size, action_space_size, delay, sequence_length, reward_density, terminal_state_density,
DQN 8 4 4 1 0.25 0.25 12048 16.87 114.43
# Algorithm, state_space_size, action_space_size, delay, sequence_length, reward_density, terminal_state_density,
DQN 8 4 4 1 0.25 0.25 12528 17.94 116.63
# Algorithm, state_space_size, action_space_size, delay, sequence_length, reward_density, terminal_state_density,
DQN 8 4 4 1 0.25 0.25 12992 17.94 116.63
# Algorithm, state_space_size, action_space_size, delay, sequence_length, reward_density, terminal_state_density,
DQN 8 4 4 1 0.25 0.25 13464 21.54 127.23
# Algorithm, state_space_size, action_space_size, delay, sequence_length, reward_density, terminal_state_density,
DQN 8 4 4 1 0.25 0.25 13932 21.54 127.23
# Algorithm, state_space_size, action_space_size, delay, sequence_length, reward_density, terminal_state_density,
DQN 8 4 4 1 0.25 0.25 14416 21.54 127.23
# Algorithm, state_space_size, action_space_size, delay, sequence_length, reward_density, terminal_state_density,
DQN 8 4 4 1 0.25 0.25 14896 21.54 127.23
# Algorithm, state_space_size, action_space_size, delay, sequence_length, reward_density, terminal_state_density,
DQN 8 4 4 1 0.25 0.25 15380 29.81 147.62
# Algorithm, state_space_size, action_space_size, delay, sequence_length, reward_density, terminal_state_density,
DQN 8 4 4 1 0.25 0.25 15856 31.13 151.16
# Algorithm, state_space_size, action_space_size, delay, sequence_length, reward_density, terminal_state_density,
DQN 8 4 4 1 0.25 0.25 16336 33.32 156.89
# Algorithm, state_space_size, action_space_size, delay, sequence_length, reward_density, terminal_state_density,
DQN 8 4 4 1 0.25 0.25 16808 34.31 159.4
# Algorithm, state_space_size, action_space_size, delay, sequence_length, reward_density, terminal_state_density,
DQN 8 4 4 1 0.25 0.25 17284 36.35 164.14
# Algorithm, state_space_size, action_space_size, delay, sequence_length, reward_density, terminal_state_density,
DQN 8 4 4 1 0.25 0.25 17764 36.35 164.14
# Algorithm, state_space_size, action_space_size, delay, sequence_length, reward_density, terminal_state_density,
DQN 8 4 4 1 0.25 0.25 18244 39.93 173.59
# Algorithm, state_space_size, action_space_size, delay, sequence_length, reward_density, terminal_state_density,
DQN 8 4 4 1 0.25 0.25 18724 39.93 173.59
# Algorithm, state_space_size, action_space_size, delay, sequence_length, reward_density, terminal_state_density,
DQN 8 4 4 1 0.25 0.25 19196 42.06 180.91
# Algorithm, state_space_size, action_space_size, delay, sequence_length, reward_density, terminal_state_density,
DQN 8 4 4 1 0.25 0.25 19676 43.35 184.73
# Algorithm, state_space_size, action_space_size, delay, sequence_length, reward_density, terminal_state_density,
DQN 8 4 4 1 0.25 0.25 20152 44.77 189.79
# Algorithm, state_space_size, action_space_size, delay, sequence_length, reward_density, terminal_state_density,
DQN 8 4 4 2 0.25 0.25 924 0.956140350877193 8.078947368421053
# Algorithm, state_space_size, action_space_size, delay, sequence_length, reward_density, terminal_state_density,
DQN 8 4 4 2 0.25 0.25 1916 1.3383458646616542 7.398496240601504
# Algorithm, state_space_size, action_space_size, delay, sequence_length, reward_density, terminal_state_density,
DQN 8 4 4 2 0.25 0.25 2388 2.78 10.54
# Algorithm, state_space_size, action_space_size, delay, sequence_length, reward_density, terminal_state_density,
DQN 8 4 4 2 0.25 0.25 2864 2.78 10.54
# Algorithm, state_space_size, action_space_size, delay, sequence_length, reward_density, terminal_state_density,
DQN 8 4 4 2 0.25 0.25 3340 2.78 10.54
# Algorithm, state_space_size, action_space_size, delay, sequence_length, reward_density, terminal_state_density,
DQN 8 4 4 2 0.25 0.25 3812 2.78 10.54
# Algorithm, state_space_size, action_space_size, delay, sequence_length, reward_density, terminal_state_density,
DQN 8 4 4 2 0.25 0.25 4284 2.78 10.54
# Algorithm, state_space_size, action_space_size, delay, sequence_length, reward_density, terminal_state_density,
DQN 8 4 4 2 0.25 0.25 4760 2.78 10.54
# Algorithm, state_space_size, action_space_size, delay, sequence_length, reward_density, terminal_state_density,
DQN 8 4 4 2 0.25 0.25 5228 2.78 10.54
# Algorithm, state_space_size, action_space_size, delay, sequence_length, reward_density, terminal_state_density,
DQN 8 4 4 2 0.25 0.25 5704 2.78 10.54
# Algorithm, state_space_size, action_space_size, delay, sequence_length, reward_density, terminal_state_density,
DQN 8 4 4 2 0.25 0.25 6172 2.78 10.54
# Algorithm, state_space_size, action_space_size, delay, sequence_length, reward_density, terminal_state_density,
DQN 8 4 4 2 0.25 0.25 6636 2.78 10.54
# Algorithm, state_space_size, action_space_size, delay, sequence_length, reward_density, terminal_state_density,
DQN 8 4 4 2 0.25 0.25 7112 2.78 10.54
# Algorithm, state_space_size, action_space_size, delay, sequence_length, reward_density, terminal_state_density,
DQN 8 4 4 2 0.25 0.25 7588 2.78 10.54
# Algorithm, state_space_size, action_space_size, delay, sequence_length, reward_density, terminal_state_density,
DQN 8 4 4 2 0.25 0.25 8060 2.78 10.54
# Algorithm, state_space_size, action_space_size, delay, sequence_length, reward_density, terminal_state_density,
DQN 8 4 4 2 0.25 0.25 8532 2.78 10.54
# Algorithm, state_space_size, action_space_size, delay, sequence_length, reward_density, terminal_state_density,
DQN 8 4 4 2 0.25 0.25 9008 2.78 10.54
# Algorithm, state_space_size, action_space_size, delay, sequence_length, reward_density, terminal_state_density,
DQN 8 4 4 2 0.25 0.25 9476 2.78 10.54
# Algorithm, state_space_size, action_space_size, delay, sequence_length, reward_density, terminal_state_density,
DQN 8 4 4 2 0.25 0.25 9952 2.78 10.54
# Algorithm, state_space_size, action_space_size, delay, sequence_length, reward_density, terminal_state_density,
DQN 8 4 4 2 0.25 0.25 10412 2.78 10.54
# Algorithm, state_space_size, action_space_size, delay, sequence_length, reward_density, terminal_state_density,
DQN 8 4 4 2 0.25 0.25 10872 2.78 10.54
# Algorithm, state_space_size, action_space_size, delay, sequence_length, reward_density, terminal_state_density,
DQN 8 4 4 2 0.25 0.25 11348 2.78 10.54
# Algorithm, state_space_size, action_space_size, delay, sequence_length, reward_density, terminal_state_density,
DQN 8 4 4 2 0.25 0.25 11820 2.78 10.54
# Algorithm, state_space_size, action_space_size, delay, sequence_length, reward_density, terminal_state_density,
DQN 8 4 4 2 0.25 0.25 12280 2.78 10.54
# Algorithm, state_space_size, action_space_size, delay, sequence_length, reward_density, terminal_state_density,
DQN 8 4 4 2 0.25 0.25 12748 2.78 10.54
# Algorithm, state_space_size, action_space_size, delay, sequence_length, reward_density, terminal_state_density,
DQN 8 4 4 2 0.25 0.25 13216 2.78 10.54
# Algorithm, state_space_size, action_space_size, delay, sequence_length, reward_density, terminal_state_density,
DQN 8 4 4 2 0.25 0.25 13684 2.78 10.54
# Algorithm, state_space_size, action_space_size, delay, sequence_length, reward_density, terminal_state_density,
DQN 8 4 4 2 0.25 0.25 14140 2.78 10.54
# Algorithm, state_space_size, action_space_size, delay, sequence_length, reward_density, terminal_state_density,
DQN 8 4 4 2 0.25 0.25 14612 2.78 10.54
# Algorithm, state_space_size, action_space_size, delay, sequence_length, reward_density, terminal_state_density,
DQN 8 4 4 2 0.25 0.25 15072 2.78 10.54
# Algorithm, state_space_size, action_space_size, delay, sequence_length, reward_density, terminal_state_density,
DQN 8 4 4 2 0.25 0.25 15536 2.78 10.54
# Algorithm, state_space_size, action_space_size, delay, sequence_length, reward_density, terminal_state_density,
DQN 8 4 4 2 0.25 0.25 16008 2.78 10.54
# Algorithm, state_space_size, action_space_size, delay, sequence_length, reward_density, terminal_state_density,
DQN 8 4 4 2 0.25 0.25 16476 2.78 10.54
# Algorithm, state_space_size, action_space_size, delay, sequence_length, reward_density, terminal_state_density,
DQN 8 4 4 2 0.25 0.25 16936 2.78 10.54
# Algorithm, state_space_size, action_space_size, delay, sequence_length, reward_density, terminal_state_density,
DQN 8 4 4 2 0.25 0.25 17404 2.78 10.54
# Algorithm, state_space_size, action_space_size, delay, sequence_length, reward_density, terminal_state_density,
DQN 8 4 4 2 0.25 0.25 17872 2.78 10.54
# Algorithm, state_space_size, action_space_size, delay, sequence_length, reward_density, terminal_state_density,
DQN 8 4 4 2 0.25 0.25 18336 2.78 10.54
# Algorithm, state_space_size, action_space_size, delay, sequence_length, reward_density, terminal_state_density,
DQN 8 4 4 2 0.25 0.25 18788 2.78 10.54
# Algorithm, state_space_size, action_space_size, delay, sequence_length, reward_density, terminal_state_density,
DQN 8 4 4 2 0.25 0.25 19252 2.78 10.54
# Algorithm, state_space_size, action_space_size, delay, sequence_length, reward_density, terminal_state_density,
DQN 8 4 4 2 0.25 0.25 19712 2.78 10.54
# Algorithm, state_space_size, action_space_size, delay, sequence_length, reward_density, terminal_state_density,
DQN 8 4 4 2 0.25 0.25 20168 2.78 10.54
# Algorithm, state_space_size, action_space_size, delay, sequence_length, reward_density, terminal_state_density,
DQN 8 4 8 1 0.25 0.25 964 0.2803030303030303 7.159090909090909
# Algorithm, state_space_size, action_space_size, delay, sequence_length, reward_density, terminal_state_density,
DQN 8 4 8 1 0.25 0.25 1968 0.07194244604316546 7.23021582733813
# Algorithm, state_space_size, action_space_size, delay, sequence_length, reward_density, terminal_state_density,
DQN 8 4 8 1 0.25 0.25 2412 0.04 10.01
# Algorithm, state_space_size, action_space_size, delay, sequence_length, reward_density, terminal_state_density,
DQN 8 4 8 1 0.25 0.25 2832 0.04 10.01
# Algorithm, state_space_size, action_space_size, delay, sequence_length, reward_density, terminal_state_density,
DQN 8 4 8 1 0.25 0.25 3296 0.04 10.01
# Algorithm, state_space_size, action_space_size, delay, sequence_length, reward_density, terminal_state_density,
DQN 8 4 8 1 0.25 0.25 3776 5.22 24.18
# Algorithm, state_space_size, action_space_size, delay, sequence_length, reward_density, terminal_state_density,
DQN 8 4 8 1 0.25 0.25 4252 6.39 26.88
# Algorithm, state_space_size, action_space_size, delay, sequence_length, reward_density, terminal_state_density,
DQN 8 4 8 1 0.25 0.25 4672 8.97 33.76
# Algorithm, state_space_size, action_space_size, delay, sequence_length, reward_density, terminal_state_density,
DQN 8 4 8 1 0.25 0.25 5040 8.97 33.76
# Algorithm, state_space_size, action_space_size, delay, sequence_length, reward_density, terminal_state_density,
DQN 8 4 8 1 0.25 0.25 5448 11.47 40.37
# Algorithm, state_space_size, action_space_size, delay, sequence_length, reward_density, terminal_state_density,
DQN 8 4 8 1 0.25 0.25 5840 11.47 40.37
# Algorithm, state_space_size, action_space_size, delay, sequence_length, reward_density, terminal_state_density,
DQN 8 4 8 1 0.25 0.25 6292 11.47 40.37
# Algorithm, state_space_size, action_space_size, delay, sequence_length, reward_density, terminal_state_density,
DQN 8 4 8 1 0.25 0.25 6704 11.47 40.37
# Algorithm, state_space_size, action_space_size, delay, sequence_length, reward_density, terminal_state_density,
DQN 8 4 8 1 0.25 0.25 7148 11.47 40.37
# Algorithm, state_space_size, action_space_size, delay, sequence_length, reward_density, terminal_state_density,
DQN 8 4 8 1 0.25 0.25 7580 19.03 61.89
# Algorithm, state_space_size, action_space_size, delay, sequence_length, reward_density, terminal_state_density,
DQN 8 4 8 1 0.25 0.25 8004 19.47 62.86
# Algorithm, state_space_size, action_space_size, delay, sequence_length, reward_density, terminal_state_density,
DQN 8 4 8 1 0.25 0.25 8480 21.71 69.62
# Algorithm, state_space_size, action_space_size, delay, sequence_length, reward_density, terminal_state_density,
DQN 8 4 8 1 0.25 0.25 8956 22.36 72.13
# Algorithm, state_space_size, action_space_size, delay, sequence_length, reward_density, terminal_state_density,
DQN 8 4 8 1 0.25 0.25 9444 25.61 81.18
# Algorithm, state_space_size, action_space_size, delay, sequence_length, reward_density, terminal_state_density,
DQN 8 4 8 1 0.25 0.25 9916 26.21 82.85
# Algorithm, state_space_size, action_space_size, delay, sequence_length, reward_density, terminal_state_density,
DQN 8 4 8 1 0.25 0.25 10392 27.48 86.94
# Algorithm, state_space_size, action_space_size, delay, sequence_length, reward_density, terminal_state_density,
DQN 8 4 8 1 0.25 0.25 10860 28.8 91.17
# Algorithm, state_space_size, action_space_size, delay, sequence_length, reward_density, terminal_state_density,
DQN 8 4 8 1 0.25 0.25 11320 28.8 91.17
# Algorithm, state_space_size, action_space_size, delay, sequence_length, reward_density, terminal_state_density,
DQN 8 4 8 1 0.25 0.25 11776 32.36 101.67
# Algorithm, state_space_size, action_space_size, delay, sequence_length, reward_density, terminal_state_density,
DQN 8 4 8 1 0.25 0.25 12256 33.64 105.34
# Algorithm, state_space_size, action_space_size, delay, sequence_length, reward_density, terminal_state_density,
DQN 8 4 8 1 0.25 0.25 12732 36.34 112.49
# Algorithm, state_space_size, action_space_size, delay, sequence_length, reward_density, terminal_state_density,
DQN 8 4 8 1 0.25 0.25 13212 37.56 115.99
# Algorithm, state_space_size, action_space_size, delay, sequence_length, reward_density, terminal_state_density,
DQN 8 4 8 1 0.25 0.25 13696 39.34 121.03
# Algorithm, state_space_size, action_space_size, delay, sequence_length, reward_density, terminal_state_density,
DQN 8 4 8 1 0.25 0.25 14172 39.34 121.03
# Algorithm, state_space_size, action_space_size, delay, sequence_length, reward_density, terminal_state_density,
DQN 8 4 8 1 0.25 0.25 14580 42.17 129.43
# Algorithm, state_space_size, action_space_size, delay, sequence_length, reward_density, terminal_state_density,
DQN 8 4 8 1 0.25 0.25 15020 43.34 132.97
# Algorithm, state_space_size, action_space_size, delay, sequence_length, reward_density, terminal_state_density,
DQN 8 4 8 1 0.25 0.25 15412 43.34 132.97
# Algorithm, state_space_size, action_space_size, delay, sequence_length, reward_density, terminal_state_density,
DQN 8 4 8 1 0.25 0.25 15876 47.02 144.18
# Algorithm, state_space_size, action_space_size, delay, sequence_length, reward_density, terminal_state_density,
DQN 8 4 8 1 0.25 0.25 16352 47.02 144.18
# Algorithm, state_space_size, action_space_size, delay, sequence_length, reward_density, terminal_state_density,
DQN 8 4 8 1 0.25 0.25 16800 47.02 144.18
# Algorithm, state_space_size, action_space_size, delay, sequence_length, reward_density, terminal_state_density,
DQN 8 4 8 1 0.25 0.25 17256 47.02 144.18
# Algorithm, state_space_size, action_space_size, delay, sequence_length, reward_density, terminal_state_density,
DQN 8 4 8 1 0.25 0.25 17732 52.38 160.84
# Algorithm, state_space_size, action_space_size, delay, sequence_length, reward_density, terminal_state_density,
DQN 8 4 8 1 0.25 0.25 18112 53.65 164.99
# Algorithm, state_space_size, action_space_size, delay, sequence_length, reward_density, terminal_state_density,
DQN 8 4 8 1 0.25 0.25 18592 53.65 164.99
# Algorithm, state_space_size, action_space_size, delay, sequence_length, reward_density, terminal_state_density,
DQN 8 4 8 1 0.25 0.25 19068 56.02 171.87
# Algorithm, state_space_size, action_space_size, delay, sequence_length, reward_density, terminal_state_density,
DQN 8 4 8 1 0.25 0.25 19544 58.47 179.61
# Algorithm, state_space_size, action_space_size, delay, sequence_length, reward_density, terminal_state_density,
DQN 8 4 8 1 0.25 0.25 20012 59.37 182.28
# Algorithm, state_space_size, action_space_size, delay, sequence_length, reward_density, terminal_state_density,
DQN 8 4 8 2 0.25 0.25 968 0.6209677419354839 7.758064516129032
# Algorithm, state_space_size, action_space_size, delay, sequence_length, reward_density, terminal_state_density,
DQN 8 4 8 2 0.25 0.25 1980 1.98 16.03
# Algorithm, state_space_size, action_space_size, delay, sequence_length, reward_density, terminal_state_density,
DQN 8 4 8 2 0.25 0.25 2452 1.98 16.03
# Algorithm, state_space_size, action_space_size, delay, sequence_length, reward_density, terminal_state_density,
DQN 8 4 8 2 0.25 0.25 2944 1.98 16.03
# Algorithm, state_space_size, action_space_size, delay, sequence_length, reward_density, terminal_state_density,
DQN 8 4 8 2 0.25 0.25 3448 3.92 29.34
# Algorithm, state_space_size, action_space_size, delay, sequence_length, reward_density, terminal_state_density,
DQN 8 4 8 2 0.25 0.25 3940 7.25 34.52
# Algorithm, state_space_size, action_space_size, delay, sequence_length, reward_density, terminal_state_density,
DQN 8 4 8 2 0.25 0.25 4432 10.76 40.11
# Algorithm, state_space_size, action_space_size, delay, sequence_length, reward_density, terminal_state_density,
DQN 8 4 8 2 0.25 0.25 4932 10.76 40.11
# Algorithm, state_space_size, action_space_size, delay, sequence_length, reward_density, terminal_state_density,
DQN 8 4 8 2 0.25 0.25 5420 10.76 40.11
# Algorithm, state_space_size, action_space_size, delay, sequence_length, reward_density, terminal_state_density,
DQN 8 4 8 2 0.25 0.25 5920 10.76 40.11
# Algorithm, state_space_size, action_space_size, delay, sequence_length, reward_density, terminal_state_density,
DQN 8 4 8 2 0.25 0.25 6416 20.11 59.24
# Algorithm, state_space_size, action_space_size, delay, sequence_length, reward_density, terminal_state_density,
DQN 8 4 8 2 0.25 0.25 6860 20.11 59.24
# Algorithm, state_space_size, action_space_size, delay, sequence_length, reward_density, terminal_state_density,
DQN 8 4 8 2 0.25 0.25 7352 20.11 59.24
# Algorithm, state_space_size, action_space_size, delay, sequence_length, reward_density, terminal_state_density,
DQN 8 4 8 2 0.25 0.25 7820 26.92 73.37
# Algorithm, state_space_size, action_space_size, delay, sequence_length, reward_density, terminal_state_density,
DQN 8 4 8 2 0.25 0.25 8304 26.92 73.37
# Algorithm, state_space_size, action_space_size, delay, sequence_length, reward_density, terminal_state_density,
DQN 8 4 8 2 0.25 0.25 8764 26.92 73.37
# Algorithm, state_space_size, action_space_size, delay, sequence_length, reward_density, terminal_state_density,
DQN 8 4 8 2 0.25 0.25 9260 32.69 85.08
# Algorithm, state_space_size, action_space_size, delay, sequence_length, reward_density, terminal_state_density,
DQN 8 4 8 2 0.25 0.25 9756 32.69 85.08
# Algorithm, state_space_size, action_space_size, delay, sequence_length, reward_density, terminal_state_density,
DQN 8 4 8 2 0.25 0.25 10236 38.03 95.84
# Algorithm, state_space_size, action_space_size, delay, sequence_length, reward_density, terminal_state_density,
DQN 8 4 8 2 0.25 0.25 10728 38.03 95.84
# Algorithm, state_space_size, action_space_size, delay, sequence_length, reward_density, terminal_state_density,
DQN 8 4 8 2 0.25 0.25 11212 43.42 106.41
# Algorithm, state_space_size, action_space_size, delay, sequence_length, reward_density, terminal_state_density,
DQN 8 4 8 2 0.25 0.25 11648 45.39 110.35
# Algorithm, state_space_size, action_space_size, delay, sequence_length, reward_density, terminal_state_density,
DQN 8 4 8 2 0.25 0.25 12060 45.39 110.35
# Algorithm, state_space_size, action_space_size, delay, sequence_length, reward_density, terminal_state_density,
DQN 8 4 8 2 0.25 0.25 12496 49.1 117.81
# Algorithm, state_space_size, action_space_size, delay, sequence_length, reward_density, terminal_state_density,
DQN 8 4 8 2 0.25 0.25 12940 49.1 117.81
# Algorithm, state_space_size, action_space_size, delay, sequence_length, reward_density, terminal_state_density,
DQN 8 4 8 2 0.25 0.25 13400 54.25 128.12
# Algorithm, state_space_size, action_space_size, delay, sequence_length, reward_density, terminal_state_density,
DQN 8 4 8 2 0.25 0.25 13888 56.01 131.67
# Algorithm, state_space_size, action_space_size, delay, sequence_length, reward_density, terminal_state_density,
DQN 8 4 8 2 0.25 0.25 14372 58.63 136.94
# Algorithm, state_space_size, action_space_size, delay, sequence_length, reward_density, terminal_state_density,
DQN 8 4 8 2 0.25 0.25 14860 60.74 141.19
# Algorithm, state_space_size, action_space_size, delay, sequence_length, reward_density, terminal_state_density,
DQN 8 4 8 2 0.25 0.25 15332 63.8 147.25
# Algorithm, state_space_size, action_space_size, delay, sequence_length, reward_density, terminal_state_density,
DQN 8 4 8 2 0.25 0.25 15768 63.8 147.25
# Algorithm, state_space_size, action_space_size, delay, sequence_length, reward_density, terminal_state_density,
DQN 8 4 8 2 0.25 0.25 16264 68.22 156.13
# Algorithm, state_space_size, action_space_size, delay, sequence_length, reward_density, terminal_state_density,
DQN 8 4 8 2 0.25 0.25 16752 68.87 157.5
# Algorithm, state_space_size, action_space_size, delay, sequence_length, reward_density, terminal_state_density,
DQN 8 4 8 2 0.25 0.25 17252 72.0 163.79
# Algorithm, state_space_size, action_space_size, delay, sequence_length, reward_density, terminal_state_density,
DQN 8 4 8 2 0.25 0.25 17744 75.29 170.27
# Algorithm, state_space_size, action_space_size, delay, sequence_length, reward_density, terminal_state_density,
DQN 8 4 8 2 0.25 0.25 18236 75.88 171.53
# Algorithm, state_space_size, action_space_size, delay, sequence_length, reward_density, terminal_state_density,
DQN 8 4 8 2 0.25 0.25 18724 80.49 180.83
# Algorithm, state_space_size, action_space_size, delay, sequence_length, reward_density, terminal_state_density,
DQN 8 4 8 2 0.25 0.25 19212 82.17 184.17
# Algorithm, state_space_size, action_space_size, delay, sequence_length, reward_density, terminal_state_density,
DQN 8 4 8 2 0.25 0.25 19692 82.17 184.17
# Algorithm, state_space_size, action_space_size, delay, sequence_length, reward_density, terminal_state_density,
DQN 8 4 8 2 0.25 0.25 20124 82.17 184.17
