# Algorithm, state_space_size, action_space_size, delay, sequence_length, reward_density, terminal_state_density,
DQN 8 8 0 1 0.25 0.25 932 0.6254980079681275 3.681274900398406
# Algorithm, state_space_size, action_space_size, delay, sequence_length, reward_density, terminal_state_density,
DQN 8 8 0 1 0.25 0.25 1864 0.567398119122257 2.9404388714733543
# Algorithm, state_space_size, action_space_size, delay, sequence_length, reward_density, terminal_state_density,
DQN 8 8 0 1 0.25 0.25 2368 0.8267716535433071 3.5039370078740157
# Algorithm, state_space_size, action_space_size, delay, sequence_length, reward_density, terminal_state_density,
DQN 8 8 0 1 0.25 0.25 2864 0.99 3.89
# Algorithm, state_space_size, action_space_size, delay, sequence_length, reward_density, terminal_state_density,
DQN 8 8 0 1 0.25 0.25 3368 5.02 11.93
# Algorithm, state_space_size, action_space_size, delay, sequence_length, reward_density, terminal_state_density,
DQN 8 8 0 1 0.25 0.25 3856 8.35 16.27
# Algorithm, state_space_size, action_space_size, delay, sequence_length, reward_density, terminal_state_density,
DQN 8 8 0 1 0.25 0.25 4336 15.76 23.71
# Algorithm, state_space_size, action_space_size, delay, sequence_length, reward_density, terminal_state_density,
DQN 8 8 0 1 0.25 0.25 4824 19.25 27.28
# Algorithm, state_space_size, action_space_size, delay, sequence_length, reward_density, terminal_state_density,
DQN 8 8 0 1 0.25 0.25 5312 22.06 30.11
# Algorithm, state_space_size, action_space_size, delay, sequence_length, reward_density, terminal_state_density,
DQN 8 8 0 1 0.25 0.25 5804 22.06 30.11
# Algorithm, state_space_size, action_space_size, delay, sequence_length, reward_density, terminal_state_density,
DQN 8 8 0 1 0.25 0.25 6300 33.79 42.12
# Algorithm, state_space_size, action_space_size, delay, sequence_length, reward_density, terminal_state_density,
DQN 8 8 0 1 0.25 0.25 6784 33.79 42.12
# Algorithm, state_space_size, action_space_size, delay, sequence_length, reward_density, terminal_state_density,
DQN 8 8 0 1 0.25 0.25 7280 33.79 42.12
# Algorithm, state_space_size, action_space_size, delay, sequence_length, reward_density, terminal_state_density,
DQN 8 8 0 1 0.25 0.25 7748 33.79 42.12
# Algorithm, state_space_size, action_space_size, delay, sequence_length, reward_density, terminal_state_density,
DQN 8 8 0 1 0.25 0.25 8232 52.06 60.58
# Algorithm, state_space_size, action_space_size, delay, sequence_length, reward_density, terminal_state_density,
DQN 8 8 0 1 0.25 0.25 8724 58.86 67.44
# Algorithm, state_space_size, action_space_size, delay, sequence_length, reward_density, terminal_state_density,
DQN 8 8 0 1 0.25 0.25 9212 60.63 69.24
# Algorithm, state_space_size, action_space_size, delay, sequence_length, reward_density, terminal_state_density,
DQN 8 8 0 1 0.25 0.25 9688 66.59 75.2
# Algorithm, state_space_size, action_space_size, delay, sequence_length, reward_density, terminal_state_density,
DQN 8 8 0 1 0.25 0.25 10176 73.56 82.24
# Algorithm, state_space_size, action_space_size, delay, sequence_length, reward_density, terminal_state_density,
DQN 8 8 0 1 0.25 0.25 10660 76.93 85.66
# Algorithm, state_space_size, action_space_size, delay, sequence_length, reward_density, terminal_state_density,
DQN 8 8 0 1 0.25 0.25 11156 79.75 88.49
# Algorithm, state_space_size, action_space_size, delay, sequence_length, reward_density, terminal_state_density,
DQN 8 8 0 1 0.25 0.25 11640 85.87 94.64
# Algorithm, state_space_size, action_space_size, delay, sequence_length, reward_density, terminal_state_density,
DQN 8 8 0 1 0.25 0.25 12112 92.07 100.91
# Algorithm, state_space_size, action_space_size, delay, sequence_length, reward_density, terminal_state_density,
DQN 8 8 0 1 0.25 0.25 12564 93.19 102.02
# Algorithm, state_space_size, action_space_size, delay, sequence_length, reward_density, terminal_state_density,
DQN 8 8 0 1 0.25 0.25 12996 101.4 110.26
# Algorithm, state_space_size, action_space_size, delay, sequence_length, reward_density, terminal_state_density,
DQN 8 8 0 1 0.25 0.25 13484 105.5 114.41
# Algorithm, state_space_size, action_space_size, delay, sequence_length, reward_density, terminal_state_density,
DQN 8 8 0 1 0.25 0.25 13940 110.37 119.31
# Algorithm, state_space_size, action_space_size, delay, sequence_length, reward_density, terminal_state_density,
DQN 8 8 0 1 0.25 0.25 14300 112.83 121.78
# Algorithm, state_space_size, action_space_size, delay, sequence_length, reward_density, terminal_state_density,
DQN 8 8 0 1 0.25 0.25 14752 112.83 121.78
# Algorithm, state_space_size, action_space_size, delay, sequence_length, reward_density, terminal_state_density,
DQN 8 8 0 1 0.25 0.25 15200 121.43 130.48
# Algorithm, state_space_size, action_space_size, delay, sequence_length, reward_density, terminal_state_density,
DQN 8 8 0 1 0.25 0.25 15608 127.04 136.19
# Algorithm, state_space_size, action_space_size, delay, sequence_length, reward_density, terminal_state_density,
DQN 8 8 0 1 0.25 0.25 16004 131.08 140.28
# Algorithm, state_space_size, action_space_size, delay, sequence_length, reward_density, terminal_state_density,
DQN 8 8 0 1 0.25 0.25 16384 134.52 143.68
# Algorithm, state_space_size, action_space_size, delay, sequence_length, reward_density, terminal_state_density,
DQN 8 8 0 1 0.25 0.25 16796 138.56 147.69
# Algorithm, state_space_size, action_space_size, delay, sequence_length, reward_density, terminal_state_density,
DQN 8 8 0 1 0.25 0.25 17280 138.56 147.69
# Algorithm, state_space_size, action_space_size, delay, sequence_length, reward_density, terminal_state_density,
DQN 8 8 0 1 0.25 0.25 17764 143.74 152.89
# Algorithm, state_space_size, action_space_size, delay, sequence_length, reward_density, terminal_state_density,
DQN 8 8 0 1 0.25 0.25 18252 152.1 161.24
# Algorithm, state_space_size, action_space_size, delay, sequence_length, reward_density, terminal_state_density,
DQN 8 8 0 1 0.25 0.25 18704 152.1 161.24
# Algorithm, state_space_size, action_space_size, delay, sequence_length, reward_density, terminal_state_density,
DQN 8 8 0 1 0.25 0.25 19152 161.54 170.77
# Algorithm, state_space_size, action_space_size, delay, sequence_length, reward_density, terminal_state_density,
DQN 8 8 0 1 0.25 0.25 19636 161.54 170.77
# Algorithm, state_space_size, action_space_size, delay, sequence_length, reward_density, terminal_state_density,
DQN 8 8 0 1 0.25 0.25 20120 168.12 177.35
# Algorithm, state_space_size, action_space_size, delay, sequence_length, reward_density, terminal_state_density,
DQN 8 8 0 2 0.25 0.25 1036 0.650375939849624 3.8947368421052633
# Algorithm, state_space_size, action_space_size, delay, sequence_length, reward_density, terminal_state_density,
DQN 8 8 0 2 0.25 0.25 1976 0.6666666666666666 4.676616915422885
# Algorithm, state_space_size, action_space_size, delay, sequence_length, reward_density, terminal_state_density,
DQN 8 8 0 2 0.25 0.25 2404 0.65 4.58
# Algorithm, state_space_size, action_space_size, delay, sequence_length, reward_density, terminal_state_density,
DQN 8 8 0 2 0.25 0.25 2812 1.23 10.4
# Algorithm, state_space_size, action_space_size, delay, sequence_length, reward_density, terminal_state_density,
DQN 8 8 0 2 0.25 0.25 3224 1.23 10.4
# Algorithm, state_space_size, action_space_size, delay, sequence_length, reward_density, terminal_state_density,
DQN 8 8 0 2 0.25 0.25 3672 3.6 20.62
# Algorithm, state_space_size, action_space_size, delay, sequence_length, reward_density, terminal_state_density,
DQN 8 8 0 2 0.25 0.25 4104 3.6 20.62
# Algorithm, state_space_size, action_space_size, delay, sequence_length, reward_density, terminal_state_density,
DQN 8 8 0 2 0.25 0.25 4492 4.1 28.17
# Algorithm, state_space_size, action_space_size, delay, sequence_length, reward_density, terminal_state_density,
DQN 8 8 0 2 0.25 0.25 4848 4.1 28.17
# Algorithm, state_space_size, action_space_size, delay, sequence_length, reward_density, terminal_state_density,
DQN 8 8 0 2 0.25 0.25 5304 4.1 28.17
# Algorithm, state_space_size, action_space_size, delay, sequence_length, reward_density, terminal_state_density,
DQN 8 8 0 2 0.25 0.25 5788 4.48 40.36
# Algorithm, state_space_size, action_space_size, delay, sequence_length, reward_density, terminal_state_density,
DQN 8 8 0 2 0.25 0.25 6260 4.57 44.99
# Algorithm, state_space_size, action_space_size, delay, sequence_length, reward_density, terminal_state_density,
DQN 8 8 0 2 0.25 0.25 6736 4.57 44.99
# Algorithm, state_space_size, action_space_size, delay, sequence_length, reward_density, terminal_state_density,
DQN 8 8 0 2 0.25 0.25 7204 4.57 44.99
# Algorithm, state_space_size, action_space_size, delay, sequence_length, reward_density, terminal_state_density,
DQN 8 8 0 2 0.25 0.25 7632 8.79 58.61
# Algorithm, state_space_size, action_space_size, delay, sequence_length, reward_density, terminal_state_density,
DQN 8 8 0 2 0.25 0.25 8032 8.79 58.61
# Algorithm, state_space_size, action_space_size, delay, sequence_length, reward_density, terminal_state_density,
DQN 8 8 0 2 0.25 0.25 8392 11.55 67.7
# Algorithm, state_space_size, action_space_size, delay, sequence_length, reward_density, terminal_state_density,
DQN 8 8 0 2 0.25 0.25 8696 11.85 70.08
# Algorithm, state_space_size, action_space_size, delay, sequence_length, reward_density, terminal_state_density,
DQN 8 8 0 2 0.25 0.25 9104 12.69 72.86
# Algorithm, state_space_size, action_space_size, delay, sequence_length, reward_density, terminal_state_density,
DQN 8 8 0 2 0.25 0.25 9556 13.51 75.44
# Algorithm, state_space_size, action_space_size, delay, sequence_length, reward_density, terminal_state_density,
DQN 8 8 0 2 0.25 0.25 9988 16.32 82.18
# Algorithm, state_space_size, action_space_size, delay, sequence_length, reward_density, terminal_state_density,
DQN 8 8 0 2 0.25 0.25 10468 18.35 87.71
# Algorithm, state_space_size, action_space_size, delay, sequence_length, reward_density, terminal_state_density,
DQN 8 8 0 2 0.25 0.25 10952 19.88 92.58
# Algorithm, state_space_size, action_space_size, delay, sequence_length, reward_density, terminal_state_density,
DQN 8 8 0 2 0.25 0.25 11412 20.83 95.51
# Algorithm, state_space_size, action_space_size, delay, sequence_length, reward_density, terminal_state_density,
DQN 8 8 0 2 0.25 0.25 11892 23.07 101.53
# Algorithm, state_space_size, action_space_size, delay, sequence_length, reward_density, terminal_state_density,
DQN 8 8 0 2 0.25 0.25 12368 24.58 104.78
# Algorithm, state_space_size, action_space_size, delay, sequence_length, reward_density, terminal_state_density,
DQN 8 8 0 2 0.25 0.25 12840 26.24 109.81
# Algorithm, state_space_size, action_space_size, delay, sequence_length, reward_density, terminal_state_density,
DQN 8 8 0 2 0.25 0.25 13320 27.45 113.21
# Algorithm, state_space_size, action_space_size, delay, sequence_length, reward_density, terminal_state_density,
DQN 8 8 0 2 0.25 0.25 13720 30.61 120.08
# Algorithm, state_space_size, action_space_size, delay, sequence_length, reward_density, terminal_state_density,
DQN 8 8 0 2 0.25 0.25 14156 31.25 121.45
# Algorithm, state_space_size, action_space_size, delay, sequence_length, reward_density, terminal_state_density,
DQN 8 8 0 2 0.25 0.25 14612 34.74 129.01
# Algorithm, state_space_size, action_space_size, delay, sequence_length, reward_density, terminal_state_density,
DQN 8 8 0 2 0.25 0.25 15096 36.15 132.89
# Algorithm, state_space_size, action_space_size, delay, sequence_length, reward_density, terminal_state_density,
DQN 8 8 0 2 0.25 0.25 15572 37.81 137.25
# Algorithm, state_space_size, action_space_size, delay, sequence_length, reward_density, terminal_state_density,
DQN 8 8 0 2 0.25 0.25 16032 37.81 137.25
# Algorithm, state_space_size, action_space_size, delay, sequence_length, reward_density, terminal_state_density,
DQN 8 8 0 2 0.25 0.25 16492 37.81 137.25
# Algorithm, state_space_size, action_space_size, delay, sequence_length, reward_density, terminal_state_density,
DQN 8 8 0 2 0.25 0.25 16956 42.49 150.31
# Algorithm, state_space_size, action_space_size, delay, sequence_length, reward_density, terminal_state_density,
DQN 8 8 0 2 0.25 0.25 17392 42.49 150.31
# Algorithm, state_space_size, action_space_size, delay, sequence_length, reward_density, terminal_state_density,
DQN 8 8 0 2 0.25 0.25 17820 42.49 150.31
# Algorithm, state_space_size, action_space_size, delay, sequence_length, reward_density, terminal_state_density,
DQN 8 8 0 2 0.25 0.25 18260 48.15 164.33
# Algorithm, state_space_size, action_space_size, delay, sequence_length, reward_density, terminal_state_density,
DQN 8 8 0 2 0.25 0.25 18628 49.83 168.92
# Algorithm, state_space_size, action_space_size, delay, sequence_length, reward_density, terminal_state_density,
DQN 8 8 0 2 0.25 0.25 18972 49.83 168.92
# Algorithm, state_space_size, action_space_size, delay, sequence_length, reward_density, terminal_state_density,
DQN 8 8 0 2 0.25 0.25 19364 51.84 173.82
# Algorithm, state_space_size, action_space_size, delay, sequence_length, reward_density, terminal_state_density,
DQN 8 8 0 2 0.25 0.25 19772 51.84 173.82
# Algorithm, state_space_size, action_space_size, delay, sequence_length, reward_density, terminal_state_density,
DQN 8 8 0 2 0.25 0.25 20204 56.19 183.31
# Algorithm, state_space_size, action_space_size, delay, sequence_length, reward_density, terminal_state_density,
DQN 8 8 1 1 0.25 0.25 884 0.5384615384615384 3.986425339366516
# Algorithm, state_space_size, action_space_size, delay, sequence_length, reward_density, terminal_state_density,
DQN 8 8 1 1 0.25 0.25 1832 0.37155963302752293 4.348623853211009
# Algorithm, state_space_size, action_space_size, delay, sequence_length, reward_density, terminal_state_density,
DQN 8 8 1 1 0.25 0.25 2304 0.4 7.2
# Algorithm, state_space_size, action_space_size, delay, sequence_length, reward_density, terminal_state_density,
DQN 8 8 1 1 0.25 0.25 2740 0.4 7.2
# Algorithm, state_space_size, action_space_size, delay, sequence_length, reward_density, terminal_state_density,
DQN 8 8 1 1 0.25 0.25 3220 0.4 7.2
# Algorithm, state_space_size, action_space_size, delay, sequence_length, reward_density, terminal_state_density,
DQN 8 8 1 1 0.25 0.25 3700 2.23 17.81
# Algorithm, state_space_size, action_space_size, delay, sequence_length, reward_density, terminal_state_density,
DQN 8 8 1 1 0.25 0.25 4184 6.14 25.59
# Algorithm, state_space_size, action_space_size, delay, sequence_length, reward_density, terminal_state_density,
DQN 8 8 1 1 0.25 0.25 4672 7.37 28.11
# Algorithm, state_space_size, action_space_size, delay, sequence_length, reward_density, terminal_state_density,
DQN 8 8 1 1 0.25 0.25 5160 9.68 34.81
# Algorithm, state_space_size, action_space_size, delay, sequence_length, reward_density, terminal_state_density,
DQN 8 8 1 1 0.25 0.25 5640 9.68 34.81
# Algorithm, state_space_size, action_space_size, delay, sequence_length, reward_density, terminal_state_density,
DQN 8 8 1 1 0.25 0.25 6084 12.22 42.77
# Algorithm, state_space_size, action_space_size, delay, sequence_length, reward_density, terminal_state_density,
DQN 8 8 1 1 0.25 0.25 6548 14.3 48.86
# Algorithm, state_space_size, action_space_size, delay, sequence_length, reward_density, terminal_state_density,
DQN 8 8 1 1 0.25 0.25 7016 15.49 52.65
# Algorithm, state_space_size, action_space_size, delay, sequence_length, reward_density, terminal_state_density,
DQN 8 8 1 1 0.25 0.25 7500 17.58 58.59
# Algorithm, state_space_size, action_space_size, delay, sequence_length, reward_density, terminal_state_density,
DQN 8 8 1 1 0.25 0.25 7972 19.11 63.21
# Algorithm, state_space_size, action_space_size, delay, sequence_length, reward_density, terminal_state_density,
DQN 8 8 1 1 0.25 0.25 8456 19.11 63.21
# Algorithm, state_space_size, action_space_size, delay, sequence_length, reward_density, terminal_state_density,
DQN 8 8 1 1 0.25 0.25 8940 20.84 69.37
# Algorithm, state_space_size, action_space_size, delay, sequence_length, reward_density, terminal_state_density,
DQN 8 8 1 1 0.25 0.25 9420 23.11 76.78
# Algorithm, state_space_size, action_space_size, delay, sequence_length, reward_density, terminal_state_density,
DQN 8 8 1 1 0.25 0.25 9900 24.23 81.93
# Algorithm, state_space_size, action_space_size, delay, sequence_length, reward_density, terminal_state_density,
DQN 8 8 1 1 0.25 0.25 10380 25.2 85.06
# Algorithm, state_space_size, action_space_size, delay, sequence_length, reward_density, terminal_state_density,
DQN 8 8 1 1 0.25 0.25 10848 26.52 90.88
# Algorithm, state_space_size, action_space_size, delay, sequence_length, reward_density, terminal_state_density,
DQN 8 8 1 1 0.25 0.25 11340 27.7 96.21
# Algorithm, state_space_size, action_space_size, delay, sequence_length, reward_density, terminal_state_density,
DQN 8 8 1 1 0.25 0.25 11820 28.78 101.03
# Algorithm, state_space_size, action_space_size, delay, sequence_length, reward_density, terminal_state_density,
DQN 8 8 1 1 0.25 0.25 12288 28.92 101.5
# Algorithm, state_space_size, action_space_size, delay, sequence_length, reward_density, terminal_state_density,
DQN 8 8 1 1 0.25 0.25 12764 34.42 108.72
# Algorithm, state_space_size, action_space_size, delay, sequence_length, reward_density, terminal_state_density,
DQN 8 8 1 1 0.25 0.25 13244 39.6 113.87
# Algorithm, state_space_size, action_space_size, delay, sequence_length, reward_density, terminal_state_density,
DQN 8 8 1 1 0.25 0.25 13724 45.5 119.78
# Algorithm, state_space_size, action_space_size, delay, sequence_length, reward_density, terminal_state_density,
DQN 8 8 1 1 0.25 0.25 14200 47.69 122.01
# Algorithm, state_space_size, action_space_size, delay, sequence_length, reward_density, terminal_state_density,
DQN 8 8 1 1 0.25 0.25 14684 47.69 122.01
# Algorithm, state_space_size, action_space_size, delay, sequence_length, reward_density, terminal_state_density,
DQN 8 8 1 1 0.25 0.25 15160 58.99 133.46
# Algorithm, state_space_size, action_space_size, delay, sequence_length, reward_density, terminal_state_density,
DQN 8 8 1 1 0.25 0.25 15644 61.01 135.53
# Algorithm, state_space_size, action_space_size, delay, sequence_length, reward_density, terminal_state_density,
DQN 8 8 1 1 0.25 0.25 16124 67.13 141.74
# Algorithm, state_space_size, action_space_size, delay, sequence_length, reward_density, terminal_state_density,
DQN 8 8 1 1 0.25 0.25 16556 72.74 147.45
# Algorithm, state_space_size, action_space_size, delay, sequence_length, reward_density, terminal_state_density,
DQN 8 8 1 1 0.25 0.25 16984 73.45 148.15
# Algorithm, state_space_size, action_space_size, delay, sequence_length, reward_density, terminal_state_density,
DQN 8 8 1 1 0.25 0.25 17428 81.19 156.01
# Algorithm, state_space_size, action_space_size, delay, sequence_length, reward_density, terminal_state_density,
DQN 8 8 1 1 0.25 0.25 17852 83.82 158.61
# Algorithm, state_space_size, action_space_size, delay, sequence_length, reward_density, terminal_state_density,
DQN 8 8 1 1 0.25 0.25 18328 90.18 164.99
# Algorithm, state_space_size, action_space_size, delay, sequence_length, reward_density, terminal_state_density,
DQN 8 8 1 1 0.25 0.25 18808 93.36 168.17
# Algorithm, state_space_size, action_space_size, delay, sequence_length, reward_density, terminal_state_density,
DQN 8 8 1 1 0.25 0.25 19280 98.37 173.26
# Algorithm, state_space_size, action_space_size, delay, sequence_length, reward_density, terminal_state_density,
DQN 8 8 1 1 0.25 0.25 19744 102.58 177.47
# Algorithm, state_space_size, action_space_size, delay, sequence_length, reward_density, terminal_state_density,
DQN 8 8 1 1 0.25 0.25 20224 105.09 179.98
# Algorithm, state_space_size, action_space_size, delay, sequence_length, reward_density, terminal_state_density,
DQN 8 8 1 2 0.25 0.25 880 0.4026548672566372 3.8805309734513274
# Algorithm, state_space_size, action_space_size, delay, sequence_length, reward_density, terminal_state_density,
DQN 8 8 1 2 0.25 0.25 1788 0.23552123552123552 3.5173745173745172
# Algorithm, state_space_size, action_space_size, delay, sequence_length, reward_density, terminal_state_density,
DQN 8 8 1 2 0.25 0.25 2332 0.13 6.47
# Algorithm, state_space_size, action_space_size, delay, sequence_length, reward_density, terminal_state_density,
DQN 8 8 1 2 0.25 0.25 2832 0.13 6.47
# Algorithm, state_space_size, action_space_size, delay, sequence_length, reward_density, terminal_state_density,
DQN 8 8 1 2 0.25 0.25 3324 0.16 14.72
# Algorithm, state_space_size, action_space_size, delay, sequence_length, reward_density, terminal_state_density,
DQN 8 8 1 2 0.25 0.25 3816 2.31 21.04
# Algorithm, state_space_size, action_space_size, delay, sequence_length, reward_density, terminal_state_density,
DQN 8 8 1 2 0.25 0.25 4316 2.31 21.04
# Algorithm, state_space_size, action_space_size, delay, sequence_length, reward_density, terminal_state_density,
DQN 8 8 1 2 0.25 0.25 4804 4.92 27.0
# Algorithm, state_space_size, action_space_size, delay, sequence_length, reward_density, terminal_state_density,
DQN 8 8 1 2 0.25 0.25 5296 4.92 27.0
# Algorithm, state_space_size, action_space_size, delay, sequence_length, reward_density, terminal_state_density,
DQN 8 8 1 2 0.25 0.25 5792 9.04 40.64
# Algorithm, state_space_size, action_space_size, delay, sequence_length, reward_density, terminal_state_density,
DQN 8 8 1 2 0.25 0.25 6280 9.04 40.64
# Algorithm, state_space_size, action_space_size, delay, sequence_length, reward_density, terminal_state_density,
DQN 8 8 1 2 0.25 0.25 6780 11.19 49.79
# Algorithm, state_space_size, action_space_size, delay, sequence_length, reward_density, terminal_state_density,
DQN 8 8 1 2 0.25 0.25 7272 11.19 49.79
# Algorithm, state_space_size, action_space_size, delay, sequence_length, reward_density, terminal_state_density,
DQN 8 8 1 2 0.25 0.25 7764 13.07 57.81
# Algorithm, state_space_size, action_space_size, delay, sequence_length, reward_density, terminal_state_density,
DQN 8 8 1 2 0.25 0.25 8260 14.55 63.81
# Algorithm, state_space_size, action_space_size, delay, sequence_length, reward_density, terminal_state_density,
DQN 8 8 1 2 0.25 0.25 8748 15.31 67.62
# Algorithm, state_space_size, action_space_size, delay, sequence_length, reward_density, terminal_state_density,
DQN 8 8 1 2 0.25 0.25 9240 15.31 67.62
# Algorithm, state_space_size, action_space_size, delay, sequence_length, reward_density, terminal_state_density,
DQN 8 8 1 2 0.25 0.25 9728 17.86 78.19
# Algorithm, state_space_size, action_space_size, delay, sequence_length, reward_density, terminal_state_density,
DQN 8 8 1 2 0.25 0.25 10212 17.86 78.19
# Algorithm, state_space_size, action_space_size, delay, sequence_length, reward_density, terminal_state_density,
DQN 8 8 1 2 0.25 0.25 10708 17.86 78.19
# Algorithm, state_space_size, action_space_size, delay, sequence_length, reward_density, terminal_state_density,
DQN 8 8 1 2 0.25 0.25 11184 22.52 91.85
# Algorithm, state_space_size, action_space_size, delay, sequence_length, reward_density, terminal_state_density,
DQN 8 8 1 2 0.25 0.25 11676 24.51 98.01
# Algorithm, state_space_size, action_space_size, delay, sequence_length, reward_density, terminal_state_density,
DQN 8 8 1 2 0.25 0.25 12164 25.72 103.07
# Algorithm, state_space_size, action_space_size, delay, sequence_length, reward_density, terminal_state_density,
DQN 8 8 1 2 0.25 0.25 12652 25.72 103.07
# Algorithm, state_space_size, action_space_size, delay, sequence_length, reward_density, terminal_state_density,
DQN 8 8 1 2 0.25 0.25 13136 25.72 103.07
# Algorithm, state_space_size, action_space_size, delay, sequence_length, reward_density, terminal_state_density,
DQN 8 8 1 2 0.25 0.25 13632 30.59 117.55
# Algorithm, state_space_size, action_space_size, delay, sequence_length, reward_density, terminal_state_density,
DQN 8 8 1 2 0.25 0.25 14124 31.94 123.19
# Algorithm, state_space_size, action_space_size, delay, sequence_length, reward_density, terminal_state_density,
DQN 8 8 1 2 0.25 0.25 14616 33.57 128.29
# Algorithm, state_space_size, action_space_size, delay, sequence_length, reward_density, terminal_state_density,
DQN 8 8 1 2 0.25 0.25 15100 33.93 129.07
# Algorithm, state_space_size, action_space_size, delay, sequence_length, reward_density, terminal_state_density,
DQN 8 8 1 2 0.25 0.25 15584 33.93 129.07
# Algorithm, state_space_size, action_space_size, delay, sequence_length, reward_density, terminal_state_density,
DQN 8 8 1 2 0.25 0.25 16068 37.85 140.49
# Algorithm, state_space_size, action_space_size, delay, sequence_length, reward_density, terminal_state_density,
DQN 8 8 1 2 0.25 0.25 16556 40.42 147.09
# Algorithm, state_space_size, action_space_size, delay, sequence_length, reward_density, terminal_state_density,
DQN 8 8 1 2 0.25 0.25 17036 40.42 147.09
# Algorithm, state_space_size, action_space_size, delay, sequence_length, reward_density, terminal_state_density,
DQN 8 8 1 2 0.25 0.25 17520 40.42 147.09
# Algorithm, state_space_size, action_space_size, delay, sequence_length, reward_density, terminal_state_density,
DQN 8 8 1 2 0.25 0.25 18008 45.7 158.96
# Algorithm, state_space_size, action_space_size, delay, sequence_length, reward_density, terminal_state_density,
DQN 8 8 1 2 0.25 0.25 18492 49.19 166.68
# Algorithm, state_space_size, action_space_size, delay, sequence_length, reward_density, terminal_state_density,
DQN 8 8 1 2 0.25 0.25 18968 49.94 168.59
# Algorithm, state_space_size, action_space_size, delay, sequence_length, reward_density, terminal_state_density,
DQN 8 8 1 2 0.25 0.25 19448 52.4 175.93
# Algorithm, state_space_size, action_space_size, delay, sequence_length, reward_density, terminal_state_density,
DQN 8 8 1 2 0.25 0.25 19924 52.4 175.93
# Algorithm, state_space_size, action_space_size, delay, sequence_length, reward_density, terminal_state_density,
DQN 8 8 1 2 0.25 0.25 20400 55.11 183.6
# Algorithm, state_space_size, action_space_size, delay, sequence_length, reward_density, terminal_state_density,
DQN 8 8 2 1 0.25 0.25 920 0.3827751196172249 4.37799043062201
# Algorithm, state_space_size, action_space_size, delay, sequence_length, reward_density, terminal_state_density,
DQN 8 8 2 1 0.25 0.25 1900 0.9197080291970803 7.189781021897811
# Algorithm, state_space_size, action_space_size, delay, sequence_length, reward_density, terminal_state_density,
DQN 8 8 2 1 0.25 0.25 2408 1.71 11.14
# Algorithm, state_space_size, action_space_size, delay, sequence_length, reward_density, terminal_state_density,
DQN 8 8 2 1 0.25 0.25 2904 3.81 15.42
# Algorithm, state_space_size, action_space_size, delay, sequence_length, reward_density, terminal_state_density,
DQN 8 8 2 1 0.25 0.25 3384 3.81 15.42
# Algorithm, state_space_size, action_space_size, delay, sequence_length, reward_density, terminal_state_density,
DQN 8 8 2 1 0.25 0.25 3880 7.27 22.84
# Algorithm, state_space_size, action_space_size, delay, sequence_length, reward_density, terminal_state_density,
DQN 8 8 2 1 0.25 0.25 4368 9.86 28.91
# Algorithm, state_space_size, action_space_size, delay, sequence_length, reward_density, terminal_state_density,
DQN 8 8 2 1 0.25 0.25 4860 11.62 35.09
# Algorithm, state_space_size, action_space_size, delay, sequence_length, reward_density, terminal_state_density,
DQN 8 8 2 1 0.25 0.25 5348 12.44 37.09
# Algorithm, state_space_size, action_space_size, delay, sequence_length, reward_density, terminal_state_density,
DQN 8 8 2 1 0.25 0.25 5840 12.44 37.09
# Algorithm, state_space_size, action_space_size, delay, sequence_length, reward_density, terminal_state_density,
DQN 8 8 2 1 0.25 0.25 6336 12.44 37.09
# Algorithm, state_space_size, action_space_size, delay, sequence_length, reward_density, terminal_state_density,
DQN 8 8 2 1 0.25 0.25 6816 18.05 54.83
# Algorithm, state_space_size, action_space_size, delay, sequence_length, reward_density, terminal_state_density,
DQN 8 8 2 1 0.25 0.25 7248 19.13 58.05
# Algorithm, state_space_size, action_space_size, delay, sequence_length, reward_density, terminal_state_density,
DQN 8 8 2 1 0.25 0.25 7728 19.86 60.16
# Algorithm, state_space_size, action_space_size, delay, sequence_length, reward_density, terminal_state_density,
DQN 8 8 2 1 0.25 0.25 8224 20.89 64.2
# Algorithm, state_space_size, action_space_size, delay, sequence_length, reward_density, terminal_state_density,
DQN 8 8 2 1 0.25 0.25 8648 23.14 70.98
# Algorithm, state_space_size, action_space_size, delay, sequence_length, reward_density, terminal_state_density,
DQN 8 8 2 1 0.25 0.25 9136 26.43 77.64
# Algorithm, state_space_size, action_space_size, delay, sequence_length, reward_density, terminal_state_density,
DQN 8 8 2 1 0.25 0.25 9576 26.87 78.49
# Algorithm, state_space_size, action_space_size, delay, sequence_length, reward_density, terminal_state_density,
DQN 8 8 2 1 0.25 0.25 10024 29.42 83.89
# Algorithm, state_space_size, action_space_size, delay, sequence_length, reward_density, terminal_state_density,
DQN 8 8 2 1 0.25 0.25 10512 29.42 83.89
# Algorithm, state_space_size, action_space_size, delay, sequence_length, reward_density, terminal_state_density,
DQN 8 8 2 1 0.25 0.25 11008 29.42 83.89
# Algorithm, state_space_size, action_space_size, delay, sequence_length, reward_density, terminal_state_density,
DQN 8 8 2 1 0.25 0.25 11500 29.42 83.89
# Algorithm, state_space_size, action_space_size, delay, sequence_length, reward_density, terminal_state_density,
DQN 8 8 2 1 0.25 0.25 11992 39.76 105.82
# Algorithm, state_space_size, action_space_size, delay, sequence_length, reward_density, terminal_state_density,
DQN 8 8 2 1 0.25 0.25 12480 42.09 110.36
# Algorithm, state_space_size, action_space_size, delay, sequence_length, reward_density, terminal_state_density,
DQN 8 8 2 1 0.25 0.25 12984 44.08 114.41
# Algorithm, state_space_size, action_space_size, delay, sequence_length, reward_density, terminal_state_density,
DQN 8 8 2 1 0.25 0.25 13468 47.5 119.83
# Algorithm, state_space_size, action_space_size, delay, sequence_length, reward_density, terminal_state_density,
DQN 8 8 2 1 0.25 0.25 13896 47.5 119.83
# Algorithm, state_space_size, action_space_size, delay, sequence_length, reward_density, terminal_state_density,
DQN 8 8 2 1 0.25 0.25 14380 56.64 129.23
# Algorithm, state_space_size, action_space_size, delay, sequence_length, reward_density, terminal_state_density,
DQN 8 8 2 1 0.25 0.25 14868 58.84 131.46
# Algorithm, state_space_size, action_space_size, delay, sequence_length, reward_density, terminal_state_density,
DQN 8 8 2 1 0.25 0.25 15356 58.84 131.46
# Algorithm, state_space_size, action_space_size, delay, sequence_length, reward_density, terminal_state_density,
DQN 8 8 2 1 0.25 0.25 15836 69.31 141.86
# Algorithm, state_space_size, action_space_size, delay, sequence_length, reward_density, terminal_state_density,
DQN 8 8 2 1 0.25 0.25 16324 74.35 147.01
# Algorithm, state_space_size, action_space_size, delay, sequence_length, reward_density, terminal_state_density,
DQN 8 8 2 1 0.25 0.25 16800 80.06 152.71
# Algorithm, state_space_size, action_space_size, delay, sequence_length, reward_density, terminal_state_density,
DQN 8 8 2 1 0.25 0.25 17288 82.64 155.06
# Algorithm, state_space_size, action_space_size, delay, sequence_length, reward_density, terminal_state_density,
DQN 8 8 2 1 0.25 0.25 17784 82.64 155.06
# Algorithm, state_space_size, action_space_size, delay, sequence_length, reward_density, terminal_state_density,
DQN 8 8 2 1 0.25 0.25 18260 82.64 155.06
# Algorithm, state_space_size, action_space_size, delay, sequence_length, reward_density, terminal_state_density,
DQN 8 8 2 1 0.25 0.25 18744 99.13 171.82
# Algorithm, state_space_size, action_space_size, delay, sequence_length, reward_density, terminal_state_density,
DQN 8 8 2 1 0.25 0.25 19232 99.13 171.82
# Algorithm, state_space_size, action_space_size, delay, sequence_length, reward_density, terminal_state_density,
DQN 8 8 2 1 0.25 0.25 19668 108.12 180.78
# Algorithm, state_space_size, action_space_size, delay, sequence_length, reward_density, terminal_state_density,
DQN 8 8 2 1 0.25 0.25 20156 110.89 183.65
# Algorithm, state_space_size, action_space_size, delay, sequence_length, reward_density, terminal_state_density,
DQN 8 8 2 2 0.25 0.25 904 0.23605150214592274 3.871244635193133
# Algorithm, state_space_size, action_space_size, delay, sequence_length, reward_density, terminal_state_density,
DQN 8 8 2 2 0.25 0.25 1820 0.1782477341389728 2.7643504531722054
# Algorithm, state_space_size, action_space_size, delay, sequence_length, reward_density, terminal_state_density,
DQN 8 8 2 2 0.25 0.25 2312 0.43452380952380953 2.732142857142857
# Algorithm, state_space_size, action_space_size, delay, sequence_length, reward_density, terminal_state_density,
DQN 8 8 2 2 0.25 0.25 2812 0.73 3.42
# Algorithm, state_space_size, action_space_size, delay, sequence_length, reward_density, terminal_state_density,
DQN 8 8 2 2 0.25 0.25 3304 4.52 9.18
# Algorithm, state_space_size, action_space_size, delay, sequence_length, reward_density, terminal_state_density,
DQN 8 8 2 2 0.25 0.25 3792 8.5 15.23
# Algorithm, state_space_size, action_space_size, delay, sequence_length, reward_density, terminal_state_density,
DQN 8 8 2 2 0.25 0.25 4288 11.41 19.95
# Algorithm, state_space_size, action_space_size, delay, sequence_length, reward_density, terminal_state_density,
DQN 8 8 2 2 0.25 0.25 4776 11.41 19.95
# Algorithm, state_space_size, action_space_size, delay, sequence_length, reward_density, terminal_state_density,
DQN 8 8 2 2 0.25 0.25 5264 18.05 32.84
# Algorithm, state_space_size, action_space_size, delay, sequence_length, reward_density, terminal_state_density,
DQN 8 8 2 2 0.25 0.25 5756 18.05 32.84
# Algorithm, state_space_size, action_space_size, delay, sequence_length, reward_density, terminal_state_density,
DQN 8 8 2 2 0.25 0.25 6236 21.84 41.8
# Algorithm, state_space_size, action_space_size, delay, sequence_length, reward_density, terminal_state_density,
DQN 8 8 2 2 0.25 0.25 6720 23.42 46.01
# Algorithm, state_space_size, action_space_size, delay, sequence_length, reward_density, terminal_state_density,
DQN 8 8 2 2 0.25 0.25 7212 25.62 52.16
# Algorithm, state_space_size, action_space_size, delay, sequence_length, reward_density, terminal_state_density,
DQN 8 8 2 2 0.25 0.25 7692 26.92 56.66
# Algorithm, state_space_size, action_space_size, delay, sequence_length, reward_density, terminal_state_density,
DQN 8 8 2 2 0.25 0.25 8180 28.22 60.48
# Algorithm, state_space_size, action_space_size, delay, sequence_length, reward_density, terminal_state_density,
DQN 8 8 2 2 0.25 0.25 8672 28.22 60.48
# Algorithm, state_space_size, action_space_size, delay, sequence_length, reward_density, terminal_state_density,
DQN 8 8 2 2 0.25 0.25 9164 28.22 60.48
# Algorithm, state_space_size, action_space_size, delay, sequence_length, reward_density, terminal_state_density,
DQN 8 8 2 2 0.25 0.25 9648 34.46 75.54
# Algorithm, state_space_size, action_space_size, delay, sequence_length, reward_density, terminal_state_density,
DQN 8 8 2 2 0.25 0.25 10144 34.46 75.54
# Algorithm, state_space_size, action_space_size, delay, sequence_length, reward_density, terminal_state_density,
DQN 8 8 2 2 0.25 0.25 10632 39.16 85.05
# Algorithm, state_space_size, action_space_size, delay, sequence_length, reward_density, terminal_state_density,
DQN 8 8 2 2 0.25 0.25 11096 41.23 89.24
# Algorithm, state_space_size, action_space_size, delay, sequence_length, reward_density, terminal_state_density,
DQN 8 8 2 2 0.25 0.25 11592 43.45 93.79
# Algorithm, state_space_size, action_space_size, delay, sequence_length, reward_density, terminal_state_density,
DQN 8 8 2 2 0.25 0.25 12084 43.45 93.79
# Algorithm, state_space_size, action_space_size, delay, sequence_length, reward_density, terminal_state_density,
DQN 8 8 2 2 0.25 0.25 12580 43.45 93.79
# Algorithm, state_space_size, action_space_size, delay, sequence_length, reward_density, terminal_state_density,
DQN 8 8 2 2 0.25 0.25 13068 51.44 110.62
# Algorithm, state_space_size, action_space_size, delay, sequence_length, reward_density, terminal_state_density,
DQN 8 8 2 2 0.25 0.25 13560 53.31 114.74
# Algorithm, state_space_size, action_space_size, delay, sequence_length, reward_density, terminal_state_density,
DQN 8 8 2 2 0.25 0.25 14052 55.08 118.68
# Algorithm, state_space_size, action_space_size, delay, sequence_length, reward_density, terminal_state_density,
DQN 8 8 2 2 0.25 0.25 14532 55.08 118.68
# Algorithm, state_space_size, action_space_size, delay, sequence_length, reward_density, terminal_state_density,
DQN 8 8 2 2 0.25 0.25 15020 60.01 128.95
# Algorithm, state_space_size, action_space_size, delay, sequence_length, reward_density, terminal_state_density,
DQN 8 8 2 2 0.25 0.25 15508 62.97 134.89
# Algorithm, state_space_size, action_space_size, delay, sequence_length, reward_density, terminal_state_density,
DQN 8 8 2 2 0.25 0.25 16004 63.4 135.82
# Algorithm, state_space_size, action_space_size, delay, sequence_length, reward_density, terminal_state_density,
DQN 8 8 2 2 0.25 0.25 16496 66.95 144.48
# Algorithm, state_space_size, action_space_size, delay, sequence_length, reward_density, terminal_state_density,
DQN 8 8 2 2 0.25 0.25 16996 67.49 145.6
# Algorithm, state_space_size, action_space_size, delay, sequence_length, reward_density, terminal_state_density,
DQN 8 8 2 2 0.25 0.25 17492 71.77 154.38
# Algorithm, state_space_size, action_space_size, delay, sequence_length, reward_density, terminal_state_density,
DQN 8 8 2 2 0.25 0.25 17980 71.77 154.38
# Algorithm, state_space_size, action_space_size, delay, sequence_length, reward_density, terminal_state_density,
DQN 8 8 2 2 0.25 0.25 18468 77.24 163.58
# Algorithm, state_space_size, action_space_size, delay, sequence_length, reward_density, terminal_state_density,
DQN 8 8 2 2 0.25 0.25 18960 79.83 166.58
# Algorithm, state_space_size, action_space_size, delay, sequence_length, reward_density, terminal_state_density,
DQN 8 8 2 2 0.25 0.25 19444 83.18 170.05
# Algorithm, state_space_size, action_space_size, delay, sequence_length, reward_density, terminal_state_density,
DQN 8 8 2 2 0.25 0.25 19932 89.72 176.96
# Algorithm, state_space_size, action_space_size, delay, sequence_length, reward_density, terminal_state_density,
DQN 8 8 2 2 0.25 0.25 20416 95.61 183.84
# Algorithm, state_space_size, action_space_size, delay, sequence_length, reward_density, terminal_state_density,
DQN 8 8 4 1 0.25 0.25 900 0.2556053811659193 4.0358744394618835
# Algorithm, state_space_size, action_space_size, delay, sequence_length, reward_density, terminal_state_density,
DQN 8 8 4 1 0.25 0.25 1812 0.09646302250803858 2.9292604501607715
# Algorithm, state_space_size, action_space_size, delay, sequence_length, reward_density, terminal_state_density,
DQN 8 8 4 1 0.25 0.25 2364 1.1209677419354838 4.419354838709677
# Algorithm, state_space_size, action_space_size, delay, sequence_length, reward_density, terminal_state_density,
DQN 8 8 4 1 0.25 0.25 2860 1.39 5.05
# Algorithm, state_space_size, action_space_size, delay, sequence_length, reward_density, terminal_state_density,
DQN 8 8 4 1 0.25 0.25 3340 5.5 13.23
# Algorithm, state_space_size, action_space_size, delay, sequence_length, reward_density, terminal_state_density,
DQN 8 8 4 1 0.25 0.25 3840 6.6 15.48
# Algorithm, state_space_size, action_space_size, delay, sequence_length, reward_density, terminal_state_density,
DQN 8 8 4 1 0.25 0.25 4336 12.07 24.02
# Algorithm, state_space_size, action_space_size, delay, sequence_length, reward_density, terminal_state_density,
DQN 8 8 4 1 0.25 0.25 4828 16.56 28.6
# Algorithm, state_space_size, action_space_size, delay, sequence_length, reward_density, terminal_state_density,
DQN 8 8 4 1 0.25 0.25 5320 19.69 31.8
# Algorithm, state_space_size, action_space_size, delay, sequence_length, reward_density, terminal_state_density,
DQN 8 8 4 1 0.25 0.25 5812 26.19 38.43
# Algorithm, state_space_size, action_space_size, delay, sequence_length, reward_density, terminal_state_density,
DQN 8 8 4 1 0.25 0.25 6300 30.9 43.28
# Algorithm, state_space_size, action_space_size, delay, sequence_length, reward_density, terminal_state_density,
DQN 8 8 4 1 0.25 0.25 6800 30.9 43.28
# Algorithm, state_space_size, action_space_size, delay, sequence_length, reward_density, terminal_state_density,
DQN 8 8 4 1 0.25 0.25 7296 30.9 43.28
# Algorithm, state_space_size, action_space_size, delay, sequence_length, reward_density, terminal_state_density,
DQN 8 8 4 1 0.25 0.25 7784 45.24 57.82
# Algorithm, state_space_size, action_space_size, delay, sequence_length, reward_density, terminal_state_density,
DQN 8 8 4 1 0.25 0.25 8272 49.49 62.18
# Algorithm, state_space_size, action_space_size, delay, sequence_length, reward_density, terminal_state_density,
DQN 8 8 4 1 0.25 0.25 8772 49.49 62.18
# Algorithm, state_space_size, action_space_size, delay, sequence_length, reward_density, terminal_state_density,
DQN 8 8 4 1 0.25 0.25 9276 59.16 71.96
# Algorithm, state_space_size, action_space_size, delay, sequence_length, reward_density, terminal_state_density,
DQN 8 8 4 1 0.25 0.25 9768 64.51 77.42
# Algorithm, state_space_size, action_space_size, delay, sequence_length, reward_density, terminal_state_density,
DQN 8 8 4 1 0.25 0.25 10244 69.83 82.8
# Algorithm, state_space_size, action_space_size, delay, sequence_length, reward_density, terminal_state_density,
DQN 8 8 4 1 0.25 0.25 10736 75.27 88.36
# Algorithm, state_space_size, action_space_size, delay, sequence_length, reward_density, terminal_state_density,
DQN 8 8 4 1 0.25 0.25 11232 77.88 91.03
# Algorithm, state_space_size, action_space_size, delay, sequence_length, reward_density, terminal_state_density,
DQN 8 8 4 1 0.25 0.25 11724 82.53 95.76
# Algorithm, state_space_size, action_space_size, delay, sequence_length, reward_density, terminal_state_density,
DQN 8 8 4 1 0.25 0.25 12212 82.53 95.76
# Algorithm, state_space_size, action_space_size, delay, sequence_length, reward_density, terminal_state_density,
DQN 8 8 4 1 0.25 0.25 12696 91.37 104.7
# Algorithm, state_space_size, action_space_size, delay, sequence_length, reward_density, terminal_state_density,
DQN 8 8 4 1 0.25 0.25 13188 96.58 109.94
# Algorithm, state_space_size, action_space_size, delay, sequence_length, reward_density, terminal_state_density,
DQN 8 8 4 1 0.25 0.25 13680 96.58 109.94
# Algorithm, state_space_size, action_space_size, delay, sequence_length, reward_density, terminal_state_density,
DQN 8 8 4 1 0.25 0.25 14172 96.58 109.94
# Algorithm, state_space_size, action_space_size, delay, sequence_length, reward_density, terminal_state_density,
DQN 8 8 4 1 0.25 0.25 14664 96.58 109.94
# Algorithm, state_space_size, action_space_size, delay, sequence_length, reward_density, terminal_state_density,
DQN 8 8 4 1 0.25 0.25 15144 96.58 109.94
# Algorithm, state_space_size, action_space_size, delay, sequence_length, reward_density, terminal_state_density,
DQN 8 8 4 1 0.25 0.25 15632 122.89 136.46
# Algorithm, state_space_size, action_space_size, delay, sequence_length, reward_density, terminal_state_density,
DQN 8 8 4 1 0.25 0.25 16132 126.39 140.06
# Algorithm, state_space_size, action_space_size, delay, sequence_length, reward_density, terminal_state_density,
DQN 8 8 4 1 0.25 0.25 16620 130.22 144.01
# Algorithm, state_space_size, action_space_size, delay, sequence_length, reward_density, terminal_state_density,
DQN 8 8 4 1 0.25 0.25 17120 135.07 148.91
# Algorithm, state_space_size, action_space_size, delay, sequence_length, reward_density, terminal_state_density,
DQN 8 8 4 1 0.25 0.25 17616 139.68 153.63
# Algorithm, state_space_size, action_space_size, delay, sequence_length, reward_density, terminal_state_density,
DQN 8 8 4 1 0.25 0.25 18100 139.68 153.63
# Algorithm, state_space_size, action_space_size, delay, sequence_length, reward_density, terminal_state_density,
DQN 8 8 4 1 0.25 0.25 18588 150.22 164.31
# Algorithm, state_space_size, action_space_size, delay, sequence_length, reward_density, terminal_state_density,
DQN 8 8 4 1 0.25 0.25 19068 155.78 169.95
# Algorithm, state_space_size, action_space_size, delay, sequence_length, reward_density, terminal_state_density,
DQN 8 8 4 1 0.25 0.25 19560 160.85 175.1
# Algorithm, state_space_size, action_space_size, delay, sequence_length, reward_density, terminal_state_density,
DQN 8 8 4 1 0.25 0.25 20048 166.31 180.69
# Algorithm, state_space_size, action_space_size, delay, sequence_length, reward_density, terminal_state_density,
DQN 8 8 4 2 0.25 0.25 856 0.15254237288135594 3.6228813559322033
# Algorithm, state_space_size, action_space_size, delay, sequence_length, reward_density, terminal_state_density,
DQN 8 8 4 2 0.25 0.25 1804 0.4803921568627451 4.607843137254902
# Algorithm, state_space_size, action_space_size, delay, sequence_length, reward_density, terminal_state_density,
DQN 8 8 4 2 0.25 0.25 2352 1.91 8.39
# Algorithm, state_space_size, action_space_size, delay, sequence_length, reward_density, terminal_state_density,
DQN 8 8 4 2 0.25 0.25 2844 4.18 13.02
# Algorithm, state_space_size, action_space_size, delay, sequence_length, reward_density, terminal_state_density,
DQN 8 8 4 2 0.25 0.25 3332 5.63 16.04
# Algorithm, state_space_size, action_space_size, delay, sequence_length, reward_density, terminal_state_density,
DQN 8 8 4 2 0.25 0.25 3808 8.53 21.96
# Algorithm, state_space_size, action_space_size, delay, sequence_length, reward_density, terminal_state_density,
DQN 8 8 4 2 0.25 0.25 4296 8.53 21.96
# Algorithm, state_space_size, action_space_size, delay, sequence_length, reward_density, terminal_state_density,
DQN 8 8 4 2 0.25 0.25 4788 13.35 32.52
# Algorithm, state_space_size, action_space_size, delay, sequence_length, reward_density, terminal_state_density,
DQN 8 8 4 2 0.25 0.25 5280 13.73 33.72
# Algorithm, state_space_size, action_space_size, delay, sequence_length, reward_density, terminal_state_density,
DQN 8 8 4 2 0.25 0.25 5764 13.73 33.72
# Algorithm, state_space_size, action_space_size, delay, sequence_length, reward_density, terminal_state_density,
DQN 8 8 4 2 0.25 0.25 6252 13.73 33.72
# Algorithm, state_space_size, action_space_size, delay, sequence_length, reward_density, terminal_state_density,
DQN 8 8 4 2 0.25 0.25 6732 19.27 48.8
# Algorithm, state_space_size, action_space_size, delay, sequence_length, reward_density, terminal_state_density,
DQN 8 8 4 2 0.25 0.25 7220 20.35 52.29
# Algorithm, state_space_size, action_space_size, delay, sequence_length, reward_density, terminal_state_density,
DQN 8 8 4 2 0.25 0.25 7712 22.66 60.54
# Algorithm, state_space_size, action_space_size, delay, sequence_length, reward_density, terminal_state_density,
DQN 8 8 4 2 0.25 0.25 8200 24.11 66.15
# Algorithm, state_space_size, action_space_size, delay, sequence_length, reward_density, terminal_state_density,
DQN 8 8 4 2 0.25 0.25 8676 24.11 66.15
# Algorithm, state_space_size, action_space_size, delay, sequence_length, reward_density, terminal_state_density,
DQN 8 8 4 2 0.25 0.25 9168 26.13 73.11
# Algorithm, state_space_size, action_space_size, delay, sequence_length, reward_density, terminal_state_density,
DQN 8 8 4 2 0.25 0.25 9640 26.13 73.11
# Algorithm, state_space_size, action_space_size, delay, sequence_length, reward_density, terminal_state_density,
DQN 8 8 4 2 0.25 0.25 10128 26.13 73.11
# Algorithm, state_space_size, action_space_size, delay, sequence_length, reward_density, terminal_state_density,
DQN 8 8 4 2 0.25 0.25 10604 26.13 73.11
# Algorithm, state_space_size, action_space_size, delay, sequence_length, reward_density, terminal_state_density,
DQN 8 8 4 2 0.25 0.25 11092 31.78 93.67
# Algorithm, state_space_size, action_space_size, delay, sequence_length, reward_density, terminal_state_density,
DQN 8 8 4 2 0.25 0.25 11576 32.67 97.9
# Algorithm, state_space_size, action_space_size, delay, sequence_length, reward_density, terminal_state_density,
DQN 8 8 4 2 0.25 0.25 12068 32.67 97.9
# Algorithm, state_space_size, action_space_size, delay, sequence_length, reward_density, terminal_state_density,
DQN 8 8 4 2 0.25 0.25 12544 35.22 107.05
# Algorithm, state_space_size, action_space_size, delay, sequence_length, reward_density, terminal_state_density,
DQN 8 8 4 2 0.25 0.25 13024 36.1 111.49
# Algorithm, state_space_size, action_space_size, delay, sequence_length, reward_density, terminal_state_density,
DQN 8 8 4 2 0.25 0.25 13508 37.76 117.98
# Algorithm, state_space_size, action_space_size, delay, sequence_length, reward_density, terminal_state_density,
DQN 8 8 4 2 0.25 0.25 13936 37.76 117.98
# Algorithm, state_space_size, action_space_size, delay, sequence_length, reward_density, terminal_state_density,
DQN 8 8 4 2 0.25 0.25 14424 37.76 117.98
# Algorithm, state_space_size, action_space_size, delay, sequence_length, reward_density, terminal_state_density,
DQN 8 8 4 2 0.25 0.25 14908 37.76 117.98
# Algorithm, state_space_size, action_space_size, delay, sequence_length, reward_density, terminal_state_density,
DQN 8 8 4 2 0.25 0.25 15392 42.03 135.24
# Algorithm, state_space_size, action_space_size, delay, sequence_length, reward_density, terminal_state_density,
DQN 8 8 4 2 0.25 0.25 15868 42.03 135.24
# Algorithm, state_space_size, action_space_size, delay, sequence_length, reward_density, terminal_state_density,
DQN 8 8 4 2 0.25 0.25 16356 44.88 146.56
# Algorithm, state_space_size, action_space_size, delay, sequence_length, reward_density, terminal_state_density,
DQN 8 8 4 2 0.25 0.25 16844 44.88 146.56
# Algorithm, state_space_size, action_space_size, delay, sequence_length, reward_density, terminal_state_density,
DQN 8 8 4 2 0.25 0.25 17328 44.88 146.56
# Algorithm, state_space_size, action_space_size, delay, sequence_length, reward_density, terminal_state_density,
DQN 8 8 4 2 0.25 0.25 17816 47.72 157.53
# Algorithm, state_space_size, action_space_size, delay, sequence_length, reward_density, terminal_state_density,
DQN 8 8 4 2 0.25 0.25 18296 47.72 157.53
# Algorithm, state_space_size, action_space_size, delay, sequence_length, reward_density, terminal_state_density,
DQN 8 8 4 2 0.25 0.25 18748 47.72 157.53
# Algorithm, state_space_size, action_space_size, delay, sequence_length, reward_density, terminal_state_density,
DQN 8 8 4 2 0.25 0.25 19228 52.78 175.72
# Algorithm, state_space_size, action_space_size, delay, sequence_length, reward_density, terminal_state_density,
DQN 8 8 4 2 0.25 0.25 19712 53.25 177.44
# Algorithm, state_space_size, action_space_size, delay, sequence_length, reward_density, terminal_state_density,
DQN 8 8 4 2 0.25 0.25 20172 55.19 184.83
# Algorithm, state_space_size, action_space_size, delay, sequence_length, reward_density, terminal_state_density,
DQN 8 8 8 1 0.25 0.25 864 0.04054054054054054 3.891891891891892
# Algorithm, state_space_size, action_space_size, delay, sequence_length, reward_density, terminal_state_density,
DQN 8 8 8 1 0.25 0.25 1752 0.04864864864864865 4.8
# Algorithm, state_space_size, action_space_size, delay, sequence_length, reward_density, terminal_state_density,
DQN 8 8 8 1 0.25 0.25 2324 0.39 7.79
# Algorithm, state_space_size, action_space_size, delay, sequence_length, reward_density, terminal_state_density,
DQN 8 8 8 1 0.25 0.25 2720 0.39 7.79
# Algorithm, state_space_size, action_space_size, delay, sequence_length, reward_density, terminal_state_density,
DQN 8 8 8 1 0.25 0.25 3156 0.39 7.79
# Algorithm, state_space_size, action_space_size, delay, sequence_length, reward_density, terminal_state_density,
DQN 8 8 8 1 0.25 0.25 3592 6.15 19.72
# Algorithm, state_space_size, action_space_size, delay, sequence_length, reward_density, terminal_state_density,
DQN 8 8 8 1 0.25 0.25 4040 10.64 25.45
# Algorithm, state_space_size, action_space_size, delay, sequence_length, reward_density, terminal_state_density,
DQN 8 8 8 1 0.25 0.25 4444 10.64 25.45
# Algorithm, state_space_size, action_space_size, delay, sequence_length, reward_density, terminal_state_density,
DQN 8 8 8 1 0.25 0.25 4932 10.64 25.45
# Algorithm, state_space_size, action_space_size, delay, sequence_length, reward_density, terminal_state_density,
DQN 8 8 8 1 0.25 0.25 5396 22.25 37.26
# Algorithm, state_space_size, action_space_size, delay, sequence_length, reward_density, terminal_state_density,
DQN 8 8 8 1 0.25 0.25 5820 27.65 42.75
# Algorithm, state_space_size, action_space_size, delay, sequence_length, reward_density, terminal_state_density,
DQN 8 8 8 1 0.25 0.25 6308 32.68 47.88
# Algorithm, state_space_size, action_space_size, delay, sequence_length, reward_density, terminal_state_density,
DQN 8 8 8 1 0.25 0.25 6808 36.78 52.04
# Algorithm, state_space_size, action_space_size, delay, sequence_length, reward_density, terminal_state_density,
DQN 8 8 8 1 0.25 0.25 7288 38.52 53.88
# Algorithm, state_space_size, action_space_size, delay, sequence_length, reward_density, terminal_state_density,
DQN 8 8 8 1 0.25 0.25 7748 44.04 59.26
# Algorithm, state_space_size, action_space_size, delay, sequence_length, reward_density, terminal_state_density,
DQN 8 8 8 1 0.25 0.25 8200 47.64 62.98
# Algorithm, state_space_size, action_space_size, delay, sequence_length, reward_density, terminal_state_density,
DQN 8 8 8 1 0.25 0.25 8668 52.3 67.75
# Algorithm, state_space_size, action_space_size, delay, sequence_length, reward_density, terminal_state_density,
DQN 8 8 8 1 0.25 0.25 9136 57.05 72.67
# Algorithm, state_space_size, action_space_size, delay, sequence_length, reward_density, terminal_state_density,
DQN 8 8 8 1 0.25 0.25 9608 61.98 77.66
# Algorithm, state_space_size, action_space_size, delay, sequence_length, reward_density, terminal_state_density,
DQN 8 8 8 1 0.25 0.25 10104 65.49 81.27
# Algorithm, state_space_size, action_space_size, delay, sequence_length, reward_density, terminal_state_density,
DQN 8 8 8 1 0.25 0.25 10596 65.49 81.27
# Algorithm, state_space_size, action_space_size, delay, sequence_length, reward_density, terminal_state_density,
DQN 8 8 8 1 0.25 0.25 11100 77.55 93.58
# Algorithm, state_space_size, action_space_size, delay, sequence_length, reward_density, terminal_state_density,
DQN 8 8 8 1 0.25 0.25 11576 83.17 99.3
# Algorithm, state_space_size, action_space_size, delay, sequence_length, reward_density, terminal_state_density,
DQN 8 8 8 1 0.25 0.25 12048 83.17 99.3
# Algorithm, state_space_size, action_space_size, delay, sequence_length, reward_density, terminal_state_density,
DQN 8 8 8 1 0.25 0.25 12540 90.57 106.83
# Algorithm, state_space_size, action_space_size, delay, sequence_length, reward_density, terminal_state_density,
DQN 8 8 8 1 0.25 0.25 13032 95.66 112.03
# Algorithm, state_space_size, action_space_size, delay, sequence_length, reward_density, terminal_state_density,
DQN 8 8 8 1 0.25 0.25 13508 95.66 112.03
# Algorithm, state_space_size, action_space_size, delay, sequence_length, reward_density, terminal_state_density,
DQN 8 8 8 1 0.25 0.25 13992 95.66 112.03
# Algorithm, state_space_size, action_space_size, delay, sequence_length, reward_density, terminal_state_density,
DQN 8 8 8 1 0.25 0.25 14460 95.66 112.03
# Algorithm, state_space_size, action_space_size, delay, sequence_length, reward_density, terminal_state_density,
DQN 8 8 8 1 0.25 0.25 14940 95.66 112.03
# Algorithm, state_space_size, action_space_size, delay, sequence_length, reward_density, terminal_state_density,
DQN 8 8 8 1 0.25 0.25 15424 121.11 137.77
# Algorithm, state_space_size, action_space_size, delay, sequence_length, reward_density, terminal_state_density,
DQN 8 8 8 1 0.25 0.25 15904 121.11 137.77
# Algorithm, state_space_size, action_space_size, delay, sequence_length, reward_density, terminal_state_density,
DQN 8 8 8 1 0.25 0.25 16372 128.53 145.3
# Algorithm, state_space_size, action_space_size, delay, sequence_length, reward_density, terminal_state_density,
DQN 8 8 8 1 0.25 0.25 16832 128.53 145.3
# Algorithm, state_space_size, action_space_size, delay, sequence_length, reward_density, terminal_state_density,
DQN 8 8 8 1 0.25 0.25 17312 138.95 155.9
# Algorithm, state_space_size, action_space_size, delay, sequence_length, reward_density, terminal_state_density,
DQN 8 8 8 1 0.25 0.25 17812 141.05 158.03
# Algorithm, state_space_size, action_space_size, delay, sequence_length, reward_density, terminal_state_density,
DQN 8 8 8 1 0.25 0.25 18300 141.05 158.03
# Algorithm, state_space_size, action_space_size, delay, sequence_length, reward_density, terminal_state_density,
DQN 8 8 8 1 0.25 0.25 18796 150.47 167.55
# Algorithm, state_space_size, action_space_size, delay, sequence_length, reward_density, terminal_state_density,
DQN 8 8 8 1 0.25 0.25 19280 156.31 173.58
# Algorithm, state_space_size, action_space_size, delay, sequence_length, reward_density, terminal_state_density,
DQN 8 8 8 1 0.25 0.25 19772 156.31 173.58
# Algorithm, state_space_size, action_space_size, delay, sequence_length, reward_density, terminal_state_density,
DQN 8 8 8 1 0.25 0.25 20200 166.95 184.27
# Algorithm, state_space_size, action_space_size, delay, sequence_length, reward_density, terminal_state_density,
DQN 8 8 8 2 0.25 0.25 740 0.0967741935483871 3.978494623655914
# Algorithm, state_space_size, action_space_size, delay, sequence_length, reward_density, terminal_state_density,
DQN 8 8 8 2 0.25 0.25 1624 0.03619909502262444 3.995475113122172
# Algorithm, state_space_size, action_space_size, delay, sequence_length, reward_density, terminal_state_density,
DQN 8 8 8 2 0.25 0.25 2248 0.15 6.37
# Algorithm, state_space_size, action_space_size, delay, sequence_length, reward_density, terminal_state_density,
DQN 8 8 8 2 0.25 0.25 2684 0.39 8.88
# Algorithm, state_space_size, action_space_size, delay, sequence_length, reward_density, terminal_state_density,
DQN 8 8 8 2 0.25 0.25 3168 2.62 14.02
# Algorithm, state_space_size, action_space_size, delay, sequence_length, reward_density, terminal_state_density,
DQN 8 8 8 2 0.25 0.25 3588 2.62 14.02
# Algorithm, state_space_size, action_space_size, delay, sequence_length, reward_density, terminal_state_density,
DQN 8 8 8 2 0.25 0.25 4052 5.46 24.16
# Algorithm, state_space_size, action_space_size, delay, sequence_length, reward_density, terminal_state_density,
DQN 8 8 8 2 0.25 0.25 4500 6.21 27.17
# Algorithm, state_space_size, action_space_size, delay, sequence_length, reward_density, terminal_state_density,
DQN 8 8 8 2 0.25 0.25 4956 7.12 30.45
# Algorithm, state_space_size, action_space_size, delay, sequence_length, reward_density, terminal_state_density,
DQN 8 8 8 2 0.25 0.25 5416 9.05 37.13
# Algorithm, state_space_size, action_space_size, delay, sequence_length, reward_density, terminal_state_density,
DQN 8 8 8 2 0.25 0.25 5904 10.88 42.06
# Algorithm, state_space_size, action_space_size, delay, sequence_length, reward_density, terminal_state_density,
DQN 8 8 8 2 0.25 0.25 6388 12.06 45.01
# Algorithm, state_space_size, action_space_size, delay, sequence_length, reward_density, terminal_state_density,
DQN 8 8 8 2 0.25 0.25 6872 15.07 51.56
# Algorithm, state_space_size, action_space_size, delay, sequence_length, reward_density, terminal_state_density,
DQN 8 8 8 2 0.25 0.25 7340 15.07 51.56
# Algorithm, state_space_size, action_space_size, delay, sequence_length, reward_density, terminal_state_density,
DQN 8 8 8 2 0.25 0.25 7812 18.29 58.64
# Algorithm, state_space_size, action_space_size, delay, sequence_length, reward_density, terminal_state_density,
DQN 8 8 8 2 0.25 0.25 8308 21.49 65.84
# Algorithm, state_space_size, action_space_size, delay, sequence_length, reward_density, terminal_state_density,
DQN 8 8 8 2 0.25 0.25 8764 21.49 65.84
# Algorithm, state_space_size, action_space_size, delay, sequence_length, reward_density, terminal_state_density,
DQN 8 8 8 2 0.25 0.25 9220 24.45 73.51
# Algorithm, state_space_size, action_space_size, delay, sequence_length, reward_density, terminal_state_density,
DQN 8 8 8 2 0.25 0.25 9700 26.26 78.83
# Algorithm, state_space_size, action_space_size, delay, sequence_length, reward_density, terminal_state_density,
DQN 8 8 8 2 0.25 0.25 10184 26.26 78.83
# Algorithm, state_space_size, action_space_size, delay, sequence_length, reward_density, terminal_state_density,
DQN 8 8 8 2 0.25 0.25 10660 28.58 85.56
# Algorithm, state_space_size, action_space_size, delay, sequence_length, reward_density, terminal_state_density,
DQN 8 8 8 2 0.25 0.25 11144 32.12 93.75
# Algorithm, state_space_size, action_space_size, delay, sequence_length, reward_density, terminal_state_density,
DQN 8 8 8 2 0.25 0.25 11632 32.99 95.63
# Algorithm, state_space_size, action_space_size, delay, sequence_length, reward_density, terminal_state_density,
DQN 8 8 8 2 0.25 0.25 12120 34.84 101.27
# Algorithm, state_space_size, action_space_size, delay, sequence_length, reward_density, terminal_state_density,
DQN 8 8 8 2 0.25 0.25 12612 36.36 105.23
# Algorithm, state_space_size, action_space_size, delay, sequence_length, reward_density, terminal_state_density,
DQN 8 8 8 2 0.25 0.25 13096 38.65 112.61
# Algorithm, state_space_size, action_space_size, delay, sequence_length, reward_density, terminal_state_density,
DQN 8 8 8 2 0.25 0.25 13560 39.6 115.9
# Algorithm, state_space_size, action_space_size, delay, sequence_length, reward_density, terminal_state_density,
DQN 8 8 8 2 0.25 0.25 14008 41.04 120.33
# Algorithm, state_space_size, action_space_size, delay, sequence_length, reward_density, terminal_state_density,
DQN 8 8 8 2 0.25 0.25 14492 43.24 125.96
# Algorithm, state_space_size, action_space_size, delay, sequence_length, reward_density, terminal_state_density,
DQN 8 8 8 2 0.25 0.25 14948 44.54 129.3
# Algorithm, state_space_size, action_space_size, delay, sequence_length, reward_density, terminal_state_density,
DQN 8 8 8 2 0.25 0.25 15412 45.93 134.34
# Algorithm, state_space_size, action_space_size, delay, sequence_length, reward_density, terminal_state_density,
DQN 8 8 8 2 0.25 0.25 15896 45.93 134.34
# Algorithm, state_space_size, action_space_size, delay, sequence_length, reward_density, terminal_state_density,
DQN 8 8 8 2 0.25 0.25 16384 49.13 141.46
# Algorithm, state_space_size, action_space_size, delay, sequence_length, reward_density, terminal_state_density,
DQN 8 8 8 2 0.25 0.25 16872 50.7 147.02
# Algorithm, state_space_size, action_space_size, delay, sequence_length, reward_density, terminal_state_density,
DQN 8 8 8 2 0.25 0.25 17348 50.7 147.02
# Algorithm, state_space_size, action_space_size, delay, sequence_length, reward_density, terminal_state_density,
DQN 8 8 8 2 0.25 0.25 17832 54.57 159.96
# Algorithm, state_space_size, action_space_size, delay, sequence_length, reward_density, terminal_state_density,
DQN 8 8 8 2 0.25 0.25 18308 56.5 163.98
# Algorithm, state_space_size, action_space_size, delay, sequence_length, reward_density, terminal_state_density,
DQN 8 8 8 2 0.25 0.25 18800 57.43 166.77
# Algorithm, state_space_size, action_space_size, delay, sequence_length, reward_density, terminal_state_density,
DQN 8 8 8 2 0.25 0.25 19280 57.43 166.77
# Algorithm, state_space_size, action_space_size, delay, sequence_length, reward_density, terminal_state_density,
DQN 8 8 8 2 0.25 0.25 19764 60.2 174.8
# Algorithm, state_space_size, action_space_size, delay, sequence_length, reward_density, terminal_state_density,
DQN 8 8 8 2 0.25 0.25 20248 62.29 183.16
