# Algorithm, state_space_size, action_space_size, delay, sequence_length, reward_density, terminal_state_density,
DQN 8 4 0 1 0.25 0.25 976 1.5447154471544715 7.861788617886178
# Algorithm, state_space_size, action_space_size, delay, sequence_length, reward_density, terminal_state_density,
DQN 8 4 0 1 0.25 0.25 1948 1.3741935483870968 6.264516129032258
# Algorithm, state_space_size, action_space_size, delay, sequence_length, reward_density, terminal_state_density,
DQN 8 4 0 1 0.25 0.25 2420 1.46 7.01
# Algorithm, state_space_size, action_space_size, delay, sequence_length, reward_density, terminal_state_density,
DQN 8 4 0 1 0.25 0.25 2908 1.46 7.01
# Algorithm, state_space_size, action_space_size, delay, sequence_length, reward_density, terminal_state_density,
DQN 8 4 0 1 0.25 0.25 3400 6.23 16.71
# Algorithm, state_space_size, action_space_size, delay, sequence_length, reward_density, terminal_state_density,
DQN 8 4 0 1 0.25 0.25 3900 6.75 17.78
# Algorithm, state_space_size, action_space_size, delay, sequence_length, reward_density, terminal_state_density,
DQN 8 4 0 1 0.25 0.25 4388 9.09 22.96
# Algorithm, state_space_size, action_space_size, delay, sequence_length, reward_density, terminal_state_density,
DQN 8 4 0 1 0.25 0.25 4884 11.88 29.41
# Algorithm, state_space_size, action_space_size, delay, sequence_length, reward_density, terminal_state_density,
DQN 8 4 0 1 0.25 0.25 5384 11.88 29.41
# Algorithm, state_space_size, action_space_size, delay, sequence_length, reward_density, terminal_state_density,
DQN 8 4 0 1 0.25 0.25 5876 16.15 39.5
# Algorithm, state_space_size, action_space_size, delay, sequence_length, reward_density, terminal_state_density,
DQN 8 4 0 1 0.25 0.25 6372 18.17 44.13
# Algorithm, state_space_size, action_space_size, delay, sequence_length, reward_density, terminal_state_density,
DQN 8 4 0 1 0.25 0.25 6876 19.96 48.32
# Algorithm, state_space_size, action_space_size, delay, sequence_length, reward_density, terminal_state_density,
DQN 8 4 0 1 0.25 0.25 7372 21.98 52.71
# Algorithm, state_space_size, action_space_size, delay, sequence_length, reward_density, terminal_state_density,
DQN 8 4 0 1 0.25 0.25 7864 25.5 60.71
# Algorithm, state_space_size, action_space_size, delay, sequence_length, reward_density, terminal_state_density,
DQN 8 4 0 1 0.25 0.25 8368 27.6 65.72
# Algorithm, state_space_size, action_space_size, delay, sequence_length, reward_density, terminal_state_density,
DQN 8 4 0 1 0.25 0.25 8864 27.6 65.72
# Algorithm, state_space_size, action_space_size, delay, sequence_length, reward_density, terminal_state_density,
DQN 8 4 0 1 0.25 0.25 9360 31.51 74.66
# Algorithm, state_space_size, action_space_size, delay, sequence_length, reward_density, terminal_state_density,
DQN 8 4 0 1 0.25 0.25 9860 31.51 74.66
# Algorithm, state_space_size, action_space_size, delay, sequence_length, reward_density, terminal_state_density,
DQN 8 4 0 1 0.25 0.25 10360 34.47 81.36
# Algorithm, state_space_size, action_space_size, delay, sequence_length, reward_density, terminal_state_density,
DQN 8 4 0 1 0.25 0.25 10852 38.61 90.49
# Algorithm, state_space_size, action_space_size, delay, sequence_length, reward_density, terminal_state_density,
DQN 8 4 0 1 0.25 0.25 11340 40.11 93.77
# Algorithm, state_space_size, action_space_size, delay, sequence_length, reward_density, terminal_state_density,
DQN 8 4 0 1 0.25 0.25 11836 40.86 95.37
# Algorithm, state_space_size, action_space_size, delay, sequence_length, reward_density, terminal_state_density,
DQN 8 4 0 1 0.25 0.25 12328 40.86 95.37
# Algorithm, state_space_size, action_space_size, delay, sequence_length, reward_density, terminal_state_density,
DQN 8 4 0 1 0.25 0.25 12824 46.1 107.35
# Algorithm, state_space_size, action_space_size, delay, sequence_length, reward_density, terminal_state_density,
DQN 8 4 0 1 0.25 0.25 13316 48.16 112.09
# Algorithm, state_space_size, action_space_size, delay, sequence_length, reward_density, terminal_state_density,
DQN 8 4 0 1 0.25 0.25 13812 48.16 112.09
# Algorithm, state_space_size, action_space_size, delay, sequence_length, reward_density, terminal_state_density,
DQN 8 4 0 1 0.25 0.25 14304 48.16 112.09
# Algorithm, state_space_size, action_space_size, delay, sequence_length, reward_density, terminal_state_density,
DQN 8 4 0 1 0.25 0.25 14784 55.55 128.76
# Algorithm, state_space_size, action_space_size, delay, sequence_length, reward_density, terminal_state_density,
DQN 8 4 0 1 0.25 0.25 15268 55.55 128.76
# Algorithm, state_space_size, action_space_size, delay, sequence_length, reward_density, terminal_state_density,
DQN 8 4 0 1 0.25 0.25 15716 60.07 138.56
# Algorithm, state_space_size, action_space_size, delay, sequence_length, reward_density, terminal_state_density,
DQN 8 4 0 1 0.25 0.25 16200 60.07 138.56
# Algorithm, state_space_size, action_space_size, delay, sequence_length, reward_density, terminal_state_density,
DQN 8 4 0 1 0.25 0.25 16696 60.07 138.56
# Algorithm, state_space_size, action_space_size, delay, sequence_length, reward_density, terminal_state_density,
DQN 8 4 0 1 0.25 0.25 17188 65.88 151.86
# Algorithm, state_space_size, action_space_size, delay, sequence_length, reward_density, terminal_state_density,
DQN 8 4 0 1 0.25 0.25 17668 68.16 157.41
# Algorithm, state_space_size, action_space_size, delay, sequence_length, reward_density, terminal_state_density,
DQN 8 4 0 1 0.25 0.25 18136 68.69 158.71
# Algorithm, state_space_size, action_space_size, delay, sequence_length, reward_density, terminal_state_density,
DQN 8 4 0 1 0.25 0.25 18612 72.23 167.05
# Algorithm, state_space_size, action_space_size, delay, sequence_length, reward_density, terminal_state_density,
DQN 8 4 0 1 0.25 0.25 19084 73.36 169.64
# Algorithm, state_space_size, action_space_size, delay, sequence_length, reward_density, terminal_state_density,
DQN 8 4 0 1 0.25 0.25 19564 75.96 175.54
# Algorithm, state_space_size, action_space_size, delay, sequence_length, reward_density, terminal_state_density,
DQN 8 4 0 1 0.25 0.25 20036 77.68 179.41
# Algorithm, state_space_size, action_space_size, delay, sequence_length, reward_density, terminal_state_density,
DQN 8 4 0 2 0.25 0.25 808 2.107843137254902 7.862745098039215
# Algorithm, state_space_size, action_space_size, delay, sequence_length, reward_density, terminal_state_density,
DQN 8 4 0 2 0.25 0.25 1664 2.7254901960784315 8.431372549019608
# Algorithm, state_space_size, action_space_size, delay, sequence_length, reward_density, terminal_state_density,
DQN 8 4 0 2 0.25 0.25 2200 4.26 11.39
# Algorithm, state_space_size, action_space_size, delay, sequence_length, reward_density, terminal_state_density,
DQN 8 4 0 2 0.25 0.25 2568 6.08 15.02
# Algorithm, state_space_size, action_space_size, delay, sequence_length, reward_density, terminal_state_density,
DQN 8 4 0 2 0.25 0.25 2964 7.04 16.93
# Algorithm, state_space_size, action_space_size, delay, sequence_length, reward_density, terminal_state_density,
DQN 8 4 0 2 0.25 0.25 3348 8.56 20.11
# Algorithm, state_space_size, action_space_size, delay, sequence_length, reward_density, terminal_state_density,
DQN 8 4 0 2 0.25 0.25 3668 8.56 20.11
# Algorithm, state_space_size, action_space_size, delay, sequence_length, reward_density, terminal_state_density,
DQN 8 4 0 2 0.25 0.25 4148 12.62 28.35
# Algorithm, state_space_size, action_space_size, delay, sequence_length, reward_density, terminal_state_density,
DQN 8 4 0 2 0.25 0.25 4632 12.62 28.35
# Algorithm, state_space_size, action_space_size, delay, sequence_length, reward_density, terminal_state_density,
DQN 8 4 0 2 0.25 0.25 5116 17.5 38.96
# Algorithm, state_space_size, action_space_size, delay, sequence_length, reward_density, terminal_state_density,
DQN 8 4 0 2 0.25 0.25 5612 20.27 44.69
# Algorithm, state_space_size, action_space_size, delay, sequence_length, reward_density, terminal_state_density,
DQN 8 4 0 2 0.25 0.25 6088 20.77 45.75
# Algorithm, state_space_size, action_space_size, delay, sequence_length, reward_density, terminal_state_density,
DQN 8 4 0 2 0.25 0.25 6580 23.08 50.55
# Algorithm, state_space_size, action_space_size, delay, sequence_length, reward_density, terminal_state_density,
DQN 8 4 0 2 0.25 0.25 7072 23.08 50.55
# Algorithm, state_space_size, action_space_size, delay, sequence_length, reward_density, terminal_state_density,
DQN 8 4 0 2 0.25 0.25 7556 28.33 62.21
# Algorithm, state_space_size, action_space_size, delay, sequence_length, reward_density, terminal_state_density,
DQN 8 4 0 2 0.25 0.25 8016 28.92 63.82
# Algorithm, state_space_size, action_space_size, delay, sequence_length, reward_density, terminal_state_density,
DQN 8 4 0 2 0.25 0.25 8512 30.82 68.99
# Algorithm, state_space_size, action_space_size, delay, sequence_length, reward_density, terminal_state_density,
DQN 8 4 0 2 0.25 0.25 9004 34.06 77.44
# Algorithm, state_space_size, action_space_size, delay, sequence_length, reward_density, terminal_state_density,
DQN 8 4 0 2 0.25 0.25 9492 35.97 82.22
# Algorithm, state_space_size, action_space_size, delay, sequence_length, reward_density, terminal_state_density,
DQN 8 4 0 2 0.25 0.25 9980 35.97 82.22
# Algorithm, state_space_size, action_space_size, delay, sequence_length, reward_density, terminal_state_density,
DQN 8 4 0 2 0.25 0.25 10472 38.17 88.03
# Algorithm, state_space_size, action_space_size, delay, sequence_length, reward_density, terminal_state_density,
DQN 8 4 0 2 0.25 0.25 10964 41.01 94.75
# Algorithm, state_space_size, action_space_size, delay, sequence_length, reward_density, terminal_state_density,
DQN 8 4 0 2 0.25 0.25 11452 43.46 100.75
# Algorithm, state_space_size, action_space_size, delay, sequence_length, reward_density, terminal_state_density,
DQN 8 4 0 2 0.25 0.25 11940 43.46 100.75
# Algorithm, state_space_size, action_space_size, delay, sequence_length, reward_density, terminal_state_density,
DQN 8 4 0 2 0.25 0.25 12436 43.46 100.75
# Algorithm, state_space_size, action_space_size, delay, sequence_length, reward_density, terminal_state_density,
DQN 8 4 0 2 0.25 0.25 12936 43.46 100.75
# Algorithm, state_space_size, action_space_size, delay, sequence_length, reward_density, terminal_state_density,
DQN 8 4 0 2 0.25 0.25 13432 43.46 100.75
# Algorithm, state_space_size, action_space_size, delay, sequence_length, reward_density, terminal_state_density,
DQN 8 4 0 2 0.25 0.25 13920 43.46 100.75
# Algorithm, state_space_size, action_space_size, delay, sequence_length, reward_density, terminal_state_density,
DQN 8 4 0 2 0.25 0.25 14420 43.46 100.75
# Algorithm, state_space_size, action_space_size, delay, sequence_length, reward_density, terminal_state_density,
DQN 8 4 0 2 0.25 0.25 14908 43.46 100.75
# Algorithm, state_space_size, action_space_size, delay, sequence_length, reward_density, terminal_state_density,
DQN 8 4 0 2 0.25 0.25 15396 43.46 100.75
# Algorithm, state_space_size, action_space_size, delay, sequence_length, reward_density, terminal_state_density,
DQN 8 4 0 2 0.25 0.25 15888 43.46 100.75
# Algorithm, state_space_size, action_space_size, delay, sequence_length, reward_density, terminal_state_density,
DQN 8 4 0 2 0.25 0.25 16380 60.55 146.74
# Algorithm, state_space_size, action_space_size, delay, sequence_length, reward_density, terminal_state_density,
DQN 8 4 0 2 0.25 0.25 16872 60.55 146.74
# Algorithm, state_space_size, action_space_size, delay, sequence_length, reward_density, terminal_state_density,
DQN 8 4 0 2 0.25 0.25 17356 60.55 146.74
# Algorithm, state_space_size, action_space_size, delay, sequence_length, reward_density, terminal_state_density,
DQN 8 4 0 2 0.25 0.25 17848 60.55 146.74
# Algorithm, state_space_size, action_space_size, delay, sequence_length, reward_density, terminal_state_density,
DQN 8 4 0 2 0.25 0.25 18340 60.55 146.74
# Algorithm, state_space_size, action_space_size, delay, sequence_length, reward_density, terminal_state_density,
DQN 8 4 0 2 0.25 0.25 18828 60.55 146.74
# Algorithm, state_space_size, action_space_size, delay, sequence_length, reward_density, terminal_state_density,
DQN 8 4 0 2 0.25 0.25 19308 60.55 146.74
# Algorithm, state_space_size, action_space_size, delay, sequence_length, reward_density, terminal_state_density,
DQN 8 4 0 2 0.25 0.25 19800 60.55 146.74
# Algorithm, state_space_size, action_space_size, delay, sequence_length, reward_density, terminal_state_density,
DQN 8 4 0 2 0.25 0.25 20284 72.25 186.22
# Algorithm, state_space_size, action_space_size, delay, sequence_length, reward_density, terminal_state_density,
DQN 8 4 1 1 0.25 0.25 960 0.5725190839694656 7.221374045801527
# Algorithm, state_space_size, action_space_size, delay, sequence_length, reward_density, terminal_state_density,
DQN 8 4 1 1 0.25 0.25 2000 0.41 10.91
# Algorithm, state_space_size, action_space_size, delay, sequence_length, reward_density, terminal_state_density,
DQN 8 4 1 1 0.25 0.25 2436 2.0 14.28
# Algorithm, state_space_size, action_space_size, delay, sequence_length, reward_density, terminal_state_density,
DQN 8 4 1 1 0.25 0.25 2932 2.0 14.28
# Algorithm, state_space_size, action_space_size, delay, sequence_length, reward_density, terminal_state_density,
DQN 8 4 1 1 0.25 0.25 3432 2.0 14.28
# Algorithm, state_space_size, action_space_size, delay, sequence_length, reward_density, terminal_state_density,
DQN 8 4 1 1 0.25 0.25 3932 2.0 14.28
# Algorithm, state_space_size, action_space_size, delay, sequence_length, reward_density, terminal_state_density,
DQN 8 4 1 1 0.25 0.25 4432 10.64 34.26
# Algorithm, state_space_size, action_space_size, delay, sequence_length, reward_density, terminal_state_density,
DQN 8 4 1 1 0.25 0.25 4928 10.64 34.26
# Algorithm, state_space_size, action_space_size, delay, sequence_length, reward_density, terminal_state_density,
DQN 8 4 1 1 0.25 0.25 5424 12.47 39.83
# Algorithm, state_space_size, action_space_size, delay, sequence_length, reward_density, terminal_state_density,
DQN 8 4 1 1 0.25 0.25 5928 14.84 48.25
# Algorithm, state_space_size, action_space_size, delay, sequence_length, reward_density, terminal_state_density,
DQN 8 4 1 1 0.25 0.25 6424 14.84 48.25
# Algorithm, state_space_size, action_space_size, delay, sequence_length, reward_density, terminal_state_density,
DQN 8 4 1 1 0.25 0.25 6920 16.77 55.97
# Algorithm, state_space_size, action_space_size, delay, sequence_length, reward_density, terminal_state_density,
DQN 8 4 1 1 0.25 0.25 7416 18.18 60.9
# Algorithm, state_space_size, action_space_size, delay, sequence_length, reward_density, terminal_state_density,
DQN 8 4 1 1 0.25 0.25 7916 18.18 60.9
# Algorithm, state_space_size, action_space_size, delay, sequence_length, reward_density, terminal_state_density,
DQN 8 4 1 1 0.25 0.25 8420 18.18 60.9
# Algorithm, state_space_size, action_space_size, delay, sequence_length, reward_density, terminal_state_density,
DQN 8 4 1 1 0.25 0.25 8924 20.99 78.42
# Algorithm, state_space_size, action_space_size, delay, sequence_length, reward_density, terminal_state_density,
DQN 8 4 1 1 0.25 0.25 9412 20.99 78.42
# Algorithm, state_space_size, action_space_size, delay, sequence_length, reward_density, terminal_state_density,
DQN 8 4 1 1 0.25 0.25 9912 23.02 87.63
# Algorithm, state_space_size, action_space_size, delay, sequence_length, reward_density, terminal_state_density,
DQN 8 4 1 1 0.25 0.25 10396 23.02 87.63
# Algorithm, state_space_size, action_space_size, delay, sequence_length, reward_density, terminal_state_density,
DQN 8 4 1 1 0.25 0.25 10880 24.84 96.48
# Algorithm, state_space_size, action_space_size, delay, sequence_length, reward_density, terminal_state_density,
DQN 8 4 1 1 0.25 0.25 11368 24.84 96.48
# Algorithm, state_space_size, action_space_size, delay, sequence_length, reward_density, terminal_state_density,
DQN 8 4 1 1 0.25 0.25 11856 26.88 104.11
# Algorithm, state_space_size, action_space_size, delay, sequence_length, reward_density, terminal_state_density,
DQN 8 4 1 1 0.25 0.25 12344 26.88 104.11
# Algorithm, state_space_size, action_space_size, delay, sequence_length, reward_density, terminal_state_density,
DQN 8 4 1 1 0.25 0.25 12824 30.66 115.35
# Algorithm, state_space_size, action_space_size, delay, sequence_length, reward_density, terminal_state_density,
DQN 8 4 1 1 0.25 0.25 13288 30.66 115.35
# Algorithm, state_space_size, action_space_size, delay, sequence_length, reward_density, terminal_state_density,
DQN 8 4 1 1 0.25 0.25 13768 33.53 122.53
# Algorithm, state_space_size, action_space_size, delay, sequence_length, reward_density, terminal_state_density,
DQN 8 4 1 1 0.25 0.25 14208 36.37 130.05
# Algorithm, state_space_size, action_space_size, delay, sequence_length, reward_density, terminal_state_density,
DQN 8 4 1 1 0.25 0.25 14680 37.0 131.53
# Algorithm, state_space_size, action_space_size, delay, sequence_length, reward_density, terminal_state_density,
DQN 8 4 1 1 0.25 0.25 15184 37.0 131.53
# Algorithm, state_space_size, action_space_size, delay, sequence_length, reward_density, terminal_state_density,
DQN 8 4 1 1 0.25 0.25 15688 37.0 131.53
# Algorithm, state_space_size, action_space_size, delay, sequence_length, reward_density, terminal_state_density,
DQN 8 4 1 1 0.25 0.25 16180 37.0 131.53
# Algorithm, state_space_size, action_space_size, delay, sequence_length, reward_density, terminal_state_density,
DQN 8 4 1 1 0.25 0.25 16668 37.0 131.53
# Algorithm, state_space_size, action_space_size, delay, sequence_length, reward_density, terminal_state_density,
DQN 8 4 1 1 0.25 0.25 17144 46.62 157.57
# Algorithm, state_space_size, action_space_size, delay, sequence_length, reward_density, terminal_state_density,
DQN 8 4 1 1 0.25 0.25 17612 46.62 157.57
# Algorithm, state_space_size, action_space_size, delay, sequence_length, reward_density, terminal_state_density,
DQN 8 4 1 1 0.25 0.25 18096 46.62 157.57
# Algorithm, state_space_size, action_space_size, delay, sequence_length, reward_density, terminal_state_density,
DQN 8 4 1 1 0.25 0.25 18588 50.9 170.27
# Algorithm, state_space_size, action_space_size, delay, sequence_length, reward_density, terminal_state_density,
DQN 8 4 1 1 0.25 0.25 19076 50.9 170.27
# Algorithm, state_space_size, action_space_size, delay, sequence_length, reward_density, terminal_state_density,
DQN 8 4 1 1 0.25 0.25 19572 50.9 170.27
# Algorithm, state_space_size, action_space_size, delay, sequence_length, reward_density, terminal_state_density,
DQN 8 4 1 1 0.25 0.25 20060 55.29 184.65
# Algorithm, state_space_size, action_space_size, delay, sequence_length, reward_density, terminal_state_density,
DQN 8 4 1 2 0.25 0.25 960 1.1472868217054264 7.441860465116279
# Algorithm, state_space_size, action_space_size, delay, sequence_length, reward_density, terminal_state_density,
DQN 8 4 1 2 0.25 0.25 1964 2.6407766990291264 9.718446601941748
# Algorithm, state_space_size, action_space_size, delay, sequence_length, reward_density, terminal_state_density,
DQN 8 4 1 2 0.25 0.25 2428 1.98 7.78
# Algorithm, state_space_size, action_space_size, delay, sequence_length, reward_density, terminal_state_density,
DQN 8 4 1 2 0.25 0.25 2928 1.98 7.78
# Algorithm, state_space_size, action_space_size, delay, sequence_length, reward_density, terminal_state_density,
DQN 8 4 1 2 0.25 0.25 3424 1.98 7.78
# Algorithm, state_space_size, action_space_size, delay, sequence_length, reward_density, terminal_state_density,
DQN 8 4 1 2 0.25 0.25 3932 1.98 7.78
# Algorithm, state_space_size, action_space_size, delay, sequence_length, reward_density, terminal_state_density,
DQN 8 4 1 2 0.25 0.25 4436 1.98 7.78
# Algorithm, state_space_size, action_space_size, delay, sequence_length, reward_density, terminal_state_density,
DQN 8 4 1 2 0.25 0.25 4920 1.98 7.78
# Algorithm, state_space_size, action_space_size, delay, sequence_length, reward_density, terminal_state_density,
DQN 8 4 1 2 0.25 0.25 5424 1.98 7.78
# Algorithm, state_space_size, action_space_size, delay, sequence_length, reward_density, terminal_state_density,
DQN 8 4 1 2 0.25 0.25 5932 1.98 7.78
# Algorithm, state_space_size, action_space_size, delay, sequence_length, reward_density, terminal_state_density,
DQN 8 4 1 2 0.25 0.25 6436 1.98 7.78
# Algorithm, state_space_size, action_space_size, delay, sequence_length, reward_density, terminal_state_density,
DQN 8 4 1 2 0.25 0.25 6936 1.98 7.78
# Algorithm, state_space_size, action_space_size, delay, sequence_length, reward_density, terminal_state_density,
DQN 8 4 1 2 0.25 0.25 7436 1.98 7.78
# Algorithm, state_space_size, action_space_size, delay, sequence_length, reward_density, terminal_state_density,
DQN 8 4 1 2 0.25 0.25 7932 1.98 7.78
# Algorithm, state_space_size, action_space_size, delay, sequence_length, reward_density, terminal_state_density,
DQN 8 4 1 2 0.25 0.25 8416 1.98 7.78
# Algorithm, state_space_size, action_space_size, delay, sequence_length, reward_density, terminal_state_density,
DQN 8 4 1 2 0.25 0.25 8916 1.98 7.78
# Algorithm, state_space_size, action_space_size, delay, sequence_length, reward_density, terminal_state_density,
DQN 8 4 1 2 0.25 0.25 9416 21.45 78.57
# Algorithm, state_space_size, action_space_size, delay, sequence_length, reward_density, terminal_state_density,
DQN 8 4 1 2 0.25 0.25 9916 21.45 78.57
# Algorithm, state_space_size, action_space_size, delay, sequence_length, reward_density, terminal_state_density,
DQN 8 4 1 2 0.25 0.25 10404 21.45 78.57
# Algorithm, state_space_size, action_space_size, delay, sequence_length, reward_density, terminal_state_density,
DQN 8 4 1 2 0.25 0.25 10900 21.45 78.57
# Algorithm, state_space_size, action_space_size, delay, sequence_length, reward_density, terminal_state_density,
DQN 8 4 1 2 0.25 0.25 11352 21.45 78.57
# Algorithm, state_space_size, action_space_size, delay, sequence_length, reward_density, terminal_state_density,
DQN 8 4 1 2 0.25 0.25 11828 21.45 78.57
# Algorithm, state_space_size, action_space_size, delay, sequence_length, reward_density, terminal_state_density,
DQN 8 4 1 2 0.25 0.25 12328 21.45 78.57
# Algorithm, state_space_size, action_space_size, delay, sequence_length, reward_density, terminal_state_density,
DQN 8 4 1 2 0.25 0.25 12836 21.45 78.57
# Algorithm, state_space_size, action_space_size, delay, sequence_length, reward_density, terminal_state_density,
DQN 8 4 1 2 0.25 0.25 13340 21.45 78.57
# Algorithm, state_space_size, action_space_size, delay, sequence_length, reward_density, terminal_state_density,
DQN 8 4 1 2 0.25 0.25 13832 21.45 78.57
# Algorithm, state_space_size, action_space_size, delay, sequence_length, reward_density, terminal_state_density,
DQN 8 4 1 2 0.25 0.25 14324 21.45 78.57
# Algorithm, state_space_size, action_space_size, delay, sequence_length, reward_density, terminal_state_density,
DQN 8 4 1 2 0.25 0.25 14816 21.45 78.57
# Algorithm, state_space_size, action_space_size, delay, sequence_length, reward_density, terminal_state_density,
DQN 8 4 1 2 0.25 0.25 15284 21.45 78.57
# Algorithm, state_space_size, action_space_size, delay, sequence_length, reward_density, terminal_state_density,
DQN 8 4 1 2 0.25 0.25 15752 21.45 78.57
# Algorithm, state_space_size, action_space_size, delay, sequence_length, reward_density, terminal_state_density,
DQN 8 4 1 2 0.25 0.25 16224 21.45 78.57
# Algorithm, state_space_size, action_space_size, delay, sequence_length, reward_density, terminal_state_density,
DQN 8 4 1 2 0.25 0.25 16672 21.45 78.57
# Algorithm, state_space_size, action_space_size, delay, sequence_length, reward_density, terminal_state_density,
DQN 8 4 1 2 0.25 0.25 17164 21.45 78.57
# Algorithm, state_space_size, action_space_size, delay, sequence_length, reward_density, terminal_state_density,
DQN 8 4 1 2 0.25 0.25 17656 21.45 78.57
# Algorithm, state_space_size, action_space_size, delay, sequence_length, reward_density, terminal_state_density,
DQN 8 4 1 2 0.25 0.25 18152 21.45 78.57
# Algorithm, state_space_size, action_space_size, delay, sequence_length, reward_density, terminal_state_density,
DQN 8 4 1 2 0.25 0.25 18648 21.45 78.57
# Algorithm, state_space_size, action_space_size, delay, sequence_length, reward_density, terminal_state_density,
DQN 8 4 1 2 0.25 0.25 19144 21.45 78.57
# Algorithm, state_space_size, action_space_size, delay, sequence_length, reward_density, terminal_state_density,
DQN 8 4 1 2 0.25 0.25 19640 21.45 78.57
# Algorithm, state_space_size, action_space_size, delay, sequence_length, reward_density, terminal_state_density,
DQN 8 4 1 2 0.25 0.25 20136 21.45 78.57
# Algorithm, state_space_size, action_space_size, delay, sequence_length, reward_density, terminal_state_density,
DQN 8 4 2 1 0.25 0.25 948 0.6910569105691057 7.699186991869919
# Algorithm, state_space_size, action_space_size, delay, sequence_length, reward_density, terminal_state_density,
DQN 8 4 2 1 0.25 0.25 1936 1.43 12.82
# Algorithm, state_space_size, action_space_size, delay, sequence_length, reward_density, terminal_state_density,
DQN 8 4 2 1 0.25 0.25 2404 1.4 14.18
# Algorithm, state_space_size, action_space_size, delay, sequence_length, reward_density, terminal_state_density,
DQN 8 4 2 1 0.25 0.25 2876 1.4 14.18
# Algorithm, state_space_size, action_space_size, delay, sequence_length, reward_density, terminal_state_density,
DQN 8 4 2 1 0.25 0.25 3356 2.85 22.88
# Algorithm, state_space_size, action_space_size, delay, sequence_length, reward_density, terminal_state_density,
DQN 8 4 2 1 0.25 0.25 3832 2.85 22.88
# Algorithm, state_space_size, action_space_size, delay, sequence_length, reward_density, terminal_state_density,
DQN 8 4 2 1 0.25 0.25 4264 4.88 34.42
# Algorithm, state_space_size, action_space_size, delay, sequence_length, reward_density, terminal_state_density,
DQN 8 4 2 1 0.25 0.25 4740 5.0 35.74
# Algorithm, state_space_size, action_space_size, delay, sequence_length, reward_density, terminal_state_density,
DQN 8 4 2 1 0.25 0.25 5220 5.0 35.74
# Algorithm, state_space_size, action_space_size, delay, sequence_length, reward_density, terminal_state_density,
DQN 8 4 2 1 0.25 0.25 5696 5.0 35.74
# Algorithm, state_space_size, action_space_size, delay, sequence_length, reward_density, terminal_state_density,
DQN 8 4 2 1 0.25 0.25 6164 5.0 35.74
# Algorithm, state_space_size, action_space_size, delay, sequence_length, reward_density, terminal_state_density,
DQN 8 4 2 1 0.25 0.25 6644 5.0 35.74
# Algorithm, state_space_size, action_space_size, delay, sequence_length, reward_density, terminal_state_density,
DQN 8 4 2 1 0.25 0.25 7124 9.39 61.14
# Algorithm, state_space_size, action_space_size, delay, sequence_length, reward_density, terminal_state_density,
DQN 8 4 2 1 0.25 0.25 7604 9.96 66.6
# Algorithm, state_space_size, action_space_size, delay, sequence_length, reward_density, terminal_state_density,
DQN 8 4 2 1 0.25 0.25 8088 9.96 66.6
# Algorithm, state_space_size, action_space_size, delay, sequence_length, reward_density, terminal_state_density,
DQN 8 4 2 1 0.25 0.25 8560 9.96 66.6
# Algorithm, state_space_size, action_space_size, delay, sequence_length, reward_density, terminal_state_density,
DQN 8 4 2 1 0.25 0.25 8976 9.96 66.6
# Algorithm, state_space_size, action_space_size, delay, sequence_length, reward_density, terminal_state_density,
DQN 8 4 2 1 0.25 0.25 9448 9.96 66.6
# Algorithm, state_space_size, action_space_size, delay, sequence_length, reward_density, terminal_state_density,
DQN 8 4 2 1 0.25 0.25 9916 9.96 66.6
# Algorithm, state_space_size, action_space_size, delay, sequence_length, reward_density, terminal_state_density,
DQN 8 4 2 1 0.25 0.25 10380 13.42 93.0
# Algorithm, state_space_size, action_space_size, delay, sequence_length, reward_density, terminal_state_density,
DQN 8 4 2 1 0.25 0.25 10856 14.44 100.23
# Algorithm, state_space_size, action_space_size, delay, sequence_length, reward_density, terminal_state_density,
DQN 8 4 2 1 0.25 0.25 11336 14.44 100.23
# Algorithm, state_space_size, action_space_size, delay, sequence_length, reward_density, terminal_state_density,
DQN 8 4 2 1 0.25 0.25 11816 15.89 109.61
# Algorithm, state_space_size, action_space_size, delay, sequence_length, reward_density, terminal_state_density,
DQN 8 4 2 1 0.25 0.25 12280 15.89 109.61
# Algorithm, state_space_size, action_space_size, delay, sequence_length, reward_density, terminal_state_density,
DQN 8 4 2 1 0.25 0.25 12752 15.89 109.61
# Algorithm, state_space_size, action_space_size, delay, sequence_length, reward_density, terminal_state_density,
DQN 8 4 2 1 0.25 0.25 13224 17.31 121.09
# Algorithm, state_space_size, action_space_size, delay, sequence_length, reward_density, terminal_state_density,
DQN 8 4 2 1 0.25 0.25 13696 17.31 121.09
# Algorithm, state_space_size, action_space_size, delay, sequence_length, reward_density, terminal_state_density,
DQN 8 4 2 1 0.25 0.25 14176 17.31 121.09
# Algorithm, state_space_size, action_space_size, delay, sequence_length, reward_density, terminal_state_density,
DQN 8 4 2 1 0.25 0.25 14656 19.84 134.46
# Algorithm, state_space_size, action_space_size, delay, sequence_length, reward_density, terminal_state_density,
DQN 8 4 2 1 0.25 0.25 15124 19.84 134.46
# Algorithm, state_space_size, action_space_size, delay, sequence_length, reward_density, terminal_state_density,
DQN 8 4 2 1 0.25 0.25 15592 21.7 144.8
# Algorithm, state_space_size, action_space_size, delay, sequence_length, reward_density, terminal_state_density,
DQN 8 4 2 1 0.25 0.25 16060 21.7 144.8
# Algorithm, state_space_size, action_space_size, delay, sequence_length, reward_density, terminal_state_density,
DQN 8 4 2 1 0.25 0.25 16540 21.7 144.8
# Algorithm, state_space_size, action_space_size, delay, sequence_length, reward_density, terminal_state_density,
DQN 8 4 2 1 0.25 0.25 17020 24.58 161.51
# Algorithm, state_space_size, action_space_size, delay, sequence_length, reward_density, terminal_state_density,
DQN 8 4 2 1 0.25 0.25 17496 24.58 161.51
# Algorithm, state_space_size, action_space_size, delay, sequence_length, reward_density, terminal_state_density,
DQN 8 4 2 1 0.25 0.25 17976 24.58 161.51
# Algorithm, state_space_size, action_space_size, delay, sequence_length, reward_density, terminal_state_density,
DQN 8 4 2 1 0.25 0.25 18452 26.97 175.6
# Algorithm, state_space_size, action_space_size, delay, sequence_length, reward_density, terminal_state_density,
DQN 8 4 2 1 0.25 0.25 18928 26.97 175.6
# Algorithm, state_space_size, action_space_size, delay, sequence_length, reward_density, terminal_state_density,
DQN 8 4 2 1 0.25 0.25 19400 26.97 175.6
# Algorithm, state_space_size, action_space_size, delay, sequence_length, reward_density, terminal_state_density,
DQN 8 4 2 1 0.25 0.25 19876 26.97 175.6
# Algorithm, state_space_size, action_space_size, delay, sequence_length, reward_density, terminal_state_density,
DQN 8 4 2 1 0.25 0.25 20344 30.15 193.02
# Algorithm, state_space_size, action_space_size, delay, sequence_length, reward_density, terminal_state_density,
DQN 8 4 2 2 0.25 0.25 956 1.5043478260869565 8.243478260869566
# Algorithm, state_space_size, action_space_size, delay, sequence_length, reward_density, terminal_state_density,
DQN 8 4 2 2 0.25 0.25 1936 0.7382198952879581 5.162303664921466
# Algorithm, state_space_size, action_space_size, delay, sequence_length, reward_density, terminal_state_density,
DQN 8 4 2 2 0.25 0.25 2412 2.02 6.56
# Algorithm, state_space_size, action_space_size, delay, sequence_length, reward_density, terminal_state_density,
DQN 8 4 2 2 0.25 0.25 2880 5.23 12.74
# Algorithm, state_space_size, action_space_size, delay, sequence_length, reward_density, terminal_state_density,
DQN 8 4 2 2 0.25 0.25 3360 5.23 12.74
# Algorithm, state_space_size, action_space_size, delay, sequence_length, reward_density, terminal_state_density,
DQN 8 4 2 2 0.25 0.25 3844 11.68 22.62
# Algorithm, state_space_size, action_space_size, delay, sequence_length, reward_density, terminal_state_density,
DQN 8 4 2 2 0.25 0.25 4328 14.26 25.21
# Algorithm, state_space_size, action_space_size, delay, sequence_length, reward_density, terminal_state_density,
DQN 8 4 2 2 0.25 0.25 4820 20.86 31.97
# Algorithm, state_space_size, action_space_size, delay, sequence_length, reward_density, terminal_state_density,
DQN 8 4 2 2 0.25 0.25 5300 24.16 35.34
# Algorithm, state_space_size, action_space_size, delay, sequence_length, reward_density, terminal_state_density,
DQN 8 4 2 2 0.25 0.25 5752 24.16 35.34
# Algorithm, state_space_size, action_space_size, delay, sequence_length, reward_density, terminal_state_density,
DQN 8 4 2 2 0.25 0.25 6208 24.16 35.34
# Algorithm, state_space_size, action_space_size, delay, sequence_length, reward_density, terminal_state_density,
DQN 8 4 2 2 0.25 0.25 6640 34.79 49.41
# Algorithm, state_space_size, action_space_size, delay, sequence_length, reward_density, terminal_state_density,
DQN 8 4 2 2 0.25 0.25 6980 37.59 53.0
# Algorithm, state_space_size, action_space_size, delay, sequence_length, reward_density, terminal_state_density,
DQN 8 4 2 2 0.25 0.25 7316 40.96 56.46
# Algorithm, state_space_size, action_space_size, delay, sequence_length, reward_density, terminal_state_density,
DQN 8 4 2 2 0.25 0.25 7648 43.97 59.43
# Algorithm, state_space_size, action_space_size, delay, sequence_length, reward_density, terminal_state_density,
DQN 8 4 2 2 0.25 0.25 8048 44.72 60.24
# Algorithm, state_space_size, action_space_size, delay, sequence_length, reward_density, terminal_state_density,
DQN 8 4 2 2 0.25 0.25 8524 50.54 66.16
# Algorithm, state_space_size, action_space_size, delay, sequence_length, reward_density, terminal_state_density,
DQN 8 4 2 2 0.25 0.25 8992 55.91 71.43
# Algorithm, state_space_size, action_space_size, delay, sequence_length, reward_density, terminal_state_density,
DQN 8 4 2 2 0.25 0.25 9448 61.26 76.82
# Algorithm, state_space_size, action_space_size, delay, sequence_length, reward_density, terminal_state_density,
DQN 8 4 2 2 0.25 0.25 9876 65.66 81.29
# Algorithm, state_space_size, action_space_size, delay, sequence_length, reward_density, terminal_state_density,
DQN 8 4 2 2 0.25 0.25 10256 67.66 83.37
# Algorithm, state_space_size, action_space_size, delay, sequence_length, reward_density, terminal_state_density,
DQN 8 4 2 2 0.25 0.25 10704 69.72 85.46
# Algorithm, state_space_size, action_space_size, delay, sequence_length, reward_density, terminal_state_density,
DQN 8 4 2 2 0.25 0.25 11184 77.44 93.45
# Algorithm, state_space_size, action_space_size, delay, sequence_length, reward_density, terminal_state_density,
DQN 8 4 2 2 0.25 0.25 11676 77.44 93.45
# Algorithm, state_space_size, action_space_size, delay, sequence_length, reward_density, terminal_state_density,
DQN 8 4 2 2 0.25 0.25 12144 87.49 103.65
# Algorithm, state_space_size, action_space_size, delay, sequence_length, reward_density, terminal_state_density,
DQN 8 4 2 2 0.25 0.25 12620 89.12 105.42
# Algorithm, state_space_size, action_space_size, delay, sequence_length, reward_density, terminal_state_density,
DQN 8 4 2 2 0.25 0.25 13104 92.94 109.13
# Algorithm, state_space_size, action_space_size, delay, sequence_length, reward_density, terminal_state_density,
DQN 8 4 2 2 0.25 0.25 13596 100.0 116.29
# Algorithm, state_space_size, action_space_size, delay, sequence_length, reward_density, terminal_state_density,
DQN 8 4 2 2 0.25 0.25 14080 105.87 122.14
# Algorithm, state_space_size, action_space_size, delay, sequence_length, reward_density, terminal_state_density,
DQN 8 4 2 2 0.25 0.25 14484 109.55 125.86
# Algorithm, state_space_size, action_space_size, delay, sequence_length, reward_density, terminal_state_density,
DQN 8 4 2 2 0.25 0.25 14956 113.73 130.09
# Algorithm, state_space_size, action_space_size, delay, sequence_length, reward_density, terminal_state_density,
DQN 8 4 2 2 0.25 0.25 15424 118.69 135.07
# Algorithm, state_space_size, action_space_size, delay, sequence_length, reward_density, terminal_state_density,
DQN 8 4 2 2 0.25 0.25 15892 122.94 139.33
# Algorithm, state_space_size, action_space_size, delay, sequence_length, reward_density, terminal_state_density,
DQN 8 4 2 2 0.25 0.25 16376 128.32 144.85
# Algorithm, state_space_size, action_space_size, delay, sequence_length, reward_density, terminal_state_density,
DQN 8 4 2 2 0.25 0.25 16864 132.8 149.41
# Algorithm, state_space_size, action_space_size, delay, sequence_length, reward_density, terminal_state_density,
DQN 8 4 2 2 0.25 0.25 17344 134.12 150.78
# Algorithm, state_space_size, action_space_size, delay, sequence_length, reward_density, terminal_state_density,
DQN 8 4 2 2 0.25 0.25 17820 140.07 156.83
# Algorithm, state_space_size, action_space_size, delay, sequence_length, reward_density, terminal_state_density,
DQN 8 4 2 2 0.25 0.25 18280 146.71 163.51
# Algorithm, state_space_size, action_space_size, delay, sequence_length, reward_density, terminal_state_density,
DQN 8 4 2 2 0.25 0.25 18740 146.71 163.51
# Algorithm, state_space_size, action_space_size, delay, sequence_length, reward_density, terminal_state_density,
DQN 8 4 2 2 0.25 0.25 19220 155.55 172.51
# Algorithm, state_space_size, action_space_size, delay, sequence_length, reward_density, terminal_state_density,
DQN 8 4 2 2 0.25 0.25 19684 159.48 176.49
# Algorithm, state_space_size, action_space_size, delay, sequence_length, reward_density, terminal_state_density,
DQN 8 4 2 2 0.25 0.25 20152 164.69 181.81
# Algorithm, state_space_size, action_space_size, delay, sequence_length, reward_density, terminal_state_density,
DQN 8 4 4 1 0.25 0.25 960 0.8053097345132744 8.495575221238939
# Algorithm, state_space_size, action_space_size, delay, sequence_length, reward_density, terminal_state_density,
DQN 8 4 4 1 0.25 0.25 1996 0.26 10.57
# Algorithm, state_space_size, action_space_size, delay, sequence_length, reward_density, terminal_state_density,
DQN 8 4 4 1 0.25 0.25 2456 0.23 11.42
# Algorithm, state_space_size, action_space_size, delay, sequence_length, reward_density, terminal_state_density,
DQN 8 4 4 1 0.25 0.25 2960 3.81 19.65
# Algorithm, state_space_size, action_space_size, delay, sequence_length, reward_density, terminal_state_density,
DQN 8 4 4 1 0.25 0.25 3456 3.81 19.65
# Algorithm, state_space_size, action_space_size, delay, sequence_length, reward_density, terminal_state_density,
DQN 8 4 4 1 0.25 0.25 3952 7.46 28.05
# Algorithm, state_space_size, action_space_size, delay, sequence_length, reward_density, terminal_state_density,
DQN 8 4 4 1 0.25 0.25 4448 10.12 33.9
# Algorithm, state_space_size, action_space_size, delay, sequence_length, reward_density, terminal_state_density,
DQN 8 4 4 1 0.25 0.25 4900 10.12 33.9
# Algorithm, state_space_size, action_space_size, delay, sequence_length, reward_density, terminal_state_density,
DQN 8 4 4 1 0.25 0.25 5348 10.12 33.9
# Algorithm, state_space_size, action_space_size, delay, sequence_length, reward_density, terminal_state_density,
DQN 8 4 4 1 0.25 0.25 5800 14.47 47.17
# Algorithm, state_space_size, action_space_size, delay, sequence_length, reward_density, terminal_state_density,
DQN 8 4 4 1 0.25 0.25 6256 15.77 51.83
# Algorithm, state_space_size, action_space_size, delay, sequence_length, reward_density, terminal_state_density,
DQN 8 4 4 1 0.25 0.25 6752 15.77 51.83
# Algorithm, state_space_size, action_space_size, delay, sequence_length, reward_density, terminal_state_density,
DQN 8 4 4 1 0.25 0.25 7256 15.77 51.83
# Algorithm, state_space_size, action_space_size, delay, sequence_length, reward_density, terminal_state_density,
DQN 8 4 4 1 0.25 0.25 7708 15.77 51.83
# Algorithm, state_space_size, action_space_size, delay, sequence_length, reward_density, terminal_state_density,
DQN 8 4 4 1 0.25 0.25 8132 19.86 68.25
# Algorithm, state_space_size, action_space_size, delay, sequence_length, reward_density, terminal_state_density,
DQN 8 4 4 1 0.25 0.25 8620 19.86 68.25
# Algorithm, state_space_size, action_space_size, delay, sequence_length, reward_density, terminal_state_density,
DQN 8 4 4 1 0.25 0.25 9124 19.86 68.25
# Algorithm, state_space_size, action_space_size, delay, sequence_length, reward_density, terminal_state_density,
DQN 8 4 4 1 0.25 0.25 9620 25.38 85.76
# Algorithm, state_space_size, action_space_size, delay, sequence_length, reward_density, terminal_state_density,
DQN 8 4 4 1 0.25 0.25 10120 26.71 90.36
# Algorithm, state_space_size, action_space_size, delay, sequence_length, reward_density, terminal_state_density,
DQN 8 4 4 1 0.25 0.25 10612 28.15 95.4
# Algorithm, state_space_size, action_space_size, delay, sequence_length, reward_density, terminal_state_density,
DQN 8 4 4 1 0.25 0.25 11112 28.15 95.4
# Algorithm, state_space_size, action_space_size, delay, sequence_length, reward_density, terminal_state_density,
DQN 8 4 4 1 0.25 0.25 11612 28.15 95.4
# Algorithm, state_space_size, action_space_size, delay, sequence_length, reward_density, terminal_state_density,
DQN 8 4 4 1 0.25 0.25 12108 28.15 95.4
# Algorithm, state_space_size, action_space_size, delay, sequence_length, reward_density, terminal_state_density,
DQN 8 4 4 1 0.25 0.25 12608 28.15 95.4
# Algorithm, state_space_size, action_space_size, delay, sequence_length, reward_density, terminal_state_density,
DQN 8 4 4 1 0.25 0.25 13100 28.15 95.4
# Algorithm, state_space_size, action_space_size, delay, sequence_length, reward_density, terminal_state_density,
DQN 8 4 4 1 0.25 0.25 13596 34.95 124.24
# Algorithm, state_space_size, action_space_size, delay, sequence_length, reward_density, terminal_state_density,
DQN 8 4 4 1 0.25 0.25 14088 36.34 129.58
# Algorithm, state_space_size, action_space_size, delay, sequence_length, reward_density, terminal_state_density,
DQN 8 4 4 1 0.25 0.25 14580 37.05 131.89
# Algorithm, state_space_size, action_space_size, delay, sequence_length, reward_density, terminal_state_density,
DQN 8 4 4 1 0.25 0.25 15076 37.88 136.25
# Algorithm, state_space_size, action_space_size, delay, sequence_length, reward_density, terminal_state_density,
DQN 8 4 4 1 0.25 0.25 15568 37.88 136.25
# Algorithm, state_space_size, action_space_size, delay, sequence_length, reward_density, terminal_state_density,
DQN 8 4 4 1 0.25 0.25 16032 37.88 136.25
# Algorithm, state_space_size, action_space_size, delay, sequence_length, reward_density, terminal_state_density,
DQN 8 4 4 1 0.25 0.25 16456 37.88 136.25
# Algorithm, state_space_size, action_space_size, delay, sequence_length, reward_density, terminal_state_density,
DQN 8 4 4 1 0.25 0.25 16924 42.68 155.97
# Algorithm, state_space_size, action_space_size, delay, sequence_length, reward_density, terminal_state_density,
DQN 8 4 4 1 0.25 0.25 17408 42.68 155.97
# Algorithm, state_space_size, action_space_size, delay, sequence_length, reward_density, terminal_state_density,
DQN 8 4 4 1 0.25 0.25 17912 42.68 155.97
# Algorithm, state_space_size, action_space_size, delay, sequence_length, reward_density, terminal_state_density,
DQN 8 4 4 1 0.25 0.25 18404 46.15 168.52
# Algorithm, state_space_size, action_space_size, delay, sequence_length, reward_density, terminal_state_density,
DQN 8 4 4 1 0.25 0.25 18900 46.15 168.52
# Algorithm, state_space_size, action_space_size, delay, sequence_length, reward_density, terminal_state_density,
DQN 8 4 4 1 0.25 0.25 19396 46.15 168.52
# Algorithm, state_space_size, action_space_size, delay, sequence_length, reward_density, terminal_state_density,
DQN 8 4 4 1 0.25 0.25 19888 49.83 185.19
# Algorithm, state_space_size, action_space_size, delay, sequence_length, reward_density, terminal_state_density,
DQN 8 4 4 1 0.25 0.25 20384 50.87 188.59
# Algorithm, state_space_size, action_space_size, delay, sequence_length, reward_density, terminal_state_density,
DQN 8 4 4 2 0.25 0.25 964 1.188034188034188 8.23076923076923
# Algorithm, state_space_size, action_space_size, delay, sequence_length, reward_density, terminal_state_density,
DQN 8 4 4 2 0.25 0.25 1976 2.64 15.07
# Algorithm, state_space_size, action_space_size, delay, sequence_length, reward_density, terminal_state_density,
DQN 8 4 4 2 0.25 0.25 2440 2.64 15.07
# Algorithm, state_space_size, action_space_size, delay, sequence_length, reward_density, terminal_state_density,
DQN 8 4 4 2 0.25 0.25 2932 3.59 22.42
# Algorithm, state_space_size, action_space_size, delay, sequence_length, reward_density, terminal_state_density,
DQN 8 4 4 2 0.25 0.25 3420 3.59 22.42
# Algorithm, state_space_size, action_space_size, delay, sequence_length, reward_density, terminal_state_density,
DQN 8 4 4 2 0.25 0.25 3908 3.59 22.42
# Algorithm, state_space_size, action_space_size, delay, sequence_length, reward_density, terminal_state_density,
DQN 8 4 4 2 0.25 0.25 4392 12.08 38.03
# Algorithm, state_space_size, action_space_size, delay, sequence_length, reward_density, terminal_state_density,
DQN 8 4 4 2 0.25 0.25 4888 12.08 38.03
# Algorithm, state_space_size, action_space_size, delay, sequence_length, reward_density, terminal_state_density,
DQN 8 4 4 2 0.25 0.25 5364 12.08 38.03
# Algorithm, state_space_size, action_space_size, delay, sequence_length, reward_density, terminal_state_density,
DQN 8 4 4 2 0.25 0.25 5780 12.08 38.03
# Algorithm, state_space_size, action_space_size, delay, sequence_length, reward_density, terminal_state_density,
DQN 8 4 4 2 0.25 0.25 6240 21.12 54.58
# Algorithm, state_space_size, action_space_size, delay, sequence_length, reward_density, terminal_state_density,
DQN 8 4 4 2 0.25 0.25 6728 21.12 54.58
# Algorithm, state_space_size, action_space_size, delay, sequence_length, reward_density, terminal_state_density,
DQN 8 4 4 2 0.25 0.25 7180 28.16 66.02
# Algorithm, state_space_size, action_space_size, delay, sequence_length, reward_density, terminal_state_density,
DQN 8 4 4 2 0.25 0.25 7588 31.25 70.62
# Algorithm, state_space_size, action_space_size, delay, sequence_length, reward_density, terminal_state_density,
DQN 8 4 4 2 0.25 0.25 8056 34.0 74.9
# Algorithm, state_space_size, action_space_size, delay, sequence_length, reward_density, terminal_state_density,
DQN 8 4 4 2 0.25 0.25 8520 36.93 79.24
# Algorithm, state_space_size, action_space_size, delay, sequence_length, reward_density, terminal_state_density,
DQN 8 4 4 2 0.25 0.25 8972 36.93 79.24
# Algorithm, state_space_size, action_space_size, delay, sequence_length, reward_density, terminal_state_density,
DQN 8 4 4 2 0.25 0.25 9380 40.26 84.3
# Algorithm, state_space_size, action_space_size, delay, sequence_length, reward_density, terminal_state_density,
DQN 8 4 4 2 0.25 0.25 9832 40.26 84.3
# Algorithm, state_space_size, action_space_size, delay, sequence_length, reward_density, terminal_state_density,
DQN 8 4 4 2 0.25 0.25 10316 46.84 94.49
# Algorithm, state_space_size, action_space_size, delay, sequence_length, reward_density, terminal_state_density,
DQN 8 4 4 2 0.25 0.25 10800 50.88 100.86
# Algorithm, state_space_size, action_space_size, delay, sequence_length, reward_density, terminal_state_density,
DQN 8 4 4 2 0.25 0.25 11252 51.81 102.32
# Algorithm, state_space_size, action_space_size, delay, sequence_length, reward_density, terminal_state_density,
DQN 8 4 4 2 0.25 0.25 11720 56.33 109.38
# Algorithm, state_space_size, action_space_size, delay, sequence_length, reward_density, terminal_state_density,
DQN 8 4 4 2 0.25 0.25 12204 60.09 115.19
# Algorithm, state_space_size, action_space_size, delay, sequence_length, reward_density, terminal_state_density,
DQN 8 4 4 2 0.25 0.25 12692 60.56 115.94
# Algorithm, state_space_size, action_space_size, delay, sequence_length, reward_density, terminal_state_density,
DQN 8 4 4 2 0.25 0.25 13168 60.56 115.94
# Algorithm, state_space_size, action_space_size, delay, sequence_length, reward_density, terminal_state_density,
DQN 8 4 4 2 0.25 0.25 13628 60.56 115.94
# Algorithm, state_space_size, action_space_size, delay, sequence_length, reward_density, terminal_state_density,
DQN 8 4 4 2 0.25 0.25 14096 69.51 129.96
# Algorithm, state_space_size, action_space_size, delay, sequence_length, reward_density, terminal_state_density,
DQN 8 4 4 2 0.25 0.25 14556 69.51 129.96
# Algorithm, state_space_size, action_space_size, delay, sequence_length, reward_density, terminal_state_density,
DQN 8 4 4 2 0.25 0.25 15036 69.51 129.96
# Algorithm, state_space_size, action_space_size, delay, sequence_length, reward_density, terminal_state_density,
DQN 8 4 4 2 0.25 0.25 15476 69.51 129.96
# Algorithm, state_space_size, action_space_size, delay, sequence_length, reward_density, terminal_state_density,
DQN 8 4 4 2 0.25 0.25 15952 69.51 129.96
# Algorithm, state_space_size, action_space_size, delay, sequence_length, reward_density, terminal_state_density,
DQN 8 4 4 2 0.25 0.25 16428 85.86 155.93
# Algorithm, state_space_size, action_space_size, delay, sequence_length, reward_density, terminal_state_density,
DQN 8 4 4 2 0.25 0.25 16908 85.86 155.93
# Algorithm, state_space_size, action_space_size, delay, sequence_length, reward_density, terminal_state_density,
DQN 8 4 4 2 0.25 0.25 17376 85.86 155.93
# Algorithm, state_space_size, action_space_size, delay, sequence_length, reward_density, terminal_state_density,
DQN 8 4 4 2 0.25 0.25 17856 94.8 169.92
# Algorithm, state_space_size, action_space_size, delay, sequence_length, reward_density, terminal_state_density,
DQN 8 4 4 2 0.25 0.25 18316 94.8 169.92
# Algorithm, state_space_size, action_space_size, delay, sequence_length, reward_density, terminal_state_density,
DQN 8 4 4 2 0.25 0.25 18788 94.8 169.92
# Algorithm, state_space_size, action_space_size, delay, sequence_length, reward_density, terminal_state_density,
DQN 8 4 4 2 0.25 0.25 19256 94.8 169.92
# Algorithm, state_space_size, action_space_size, delay, sequence_length, reward_density, terminal_state_density,
DQN 8 4 4 2 0.25 0.25 19728 104.97 186.33
# Algorithm, state_space_size, action_space_size, delay, sequence_length, reward_density, terminal_state_density,
DQN 8 4 4 2 0.25 0.25 20188 104.97 186.33
# Algorithm, state_space_size, action_space_size, delay, sequence_length, reward_density, terminal_state_density,
DQN 8 4 8 1 0.25 0.25 988 0.24113475177304963 7.0
# Algorithm, state_space_size, action_space_size, delay, sequence_length, reward_density, terminal_state_density,
DQN 8 4 8 1 0.25 0.25 2004 1.33 10.4
# Algorithm, state_space_size, action_space_size, delay, sequence_length, reward_density, terminal_state_density,
DQN 8 4 8 1 0.25 0.25 2480 3.03 15.17
# Algorithm, state_space_size, action_space_size, delay, sequence_length, reward_density, terminal_state_density,
DQN 8 4 8 1 0.25 0.25 2900 4.24 18.53
# Algorithm, state_space_size, action_space_size, delay, sequence_length, reward_density, terminal_state_density,
DQN 8 4 8 1 0.25 0.25 3308 5.98 22.25
# Algorithm, state_space_size, action_space_size, delay, sequence_length, reward_density, terminal_state_density,
DQN 8 4 8 1 0.25 0.25 3788 8.6 27.55
# Algorithm, state_space_size, action_space_size, delay, sequence_length, reward_density, terminal_state_density,
DQN 8 4 8 1 0.25 0.25 4276 8.6 27.55
# Algorithm, state_space_size, action_space_size, delay, sequence_length, reward_density, terminal_state_density,
DQN 8 4 8 1 0.25 0.25 4760 12.58 36.93
# Algorithm, state_space_size, action_space_size, delay, sequence_length, reward_density, terminal_state_density,
DQN 8 4 8 1 0.25 0.25 5240 12.58 36.93
# Algorithm, state_space_size, action_space_size, delay, sequence_length, reward_density, terminal_state_density,
DQN 8 4 8 1 0.25 0.25 5652 15.58 44.52
# Algorithm, state_space_size, action_space_size, delay, sequence_length, reward_density, terminal_state_density,
DQN 8 4 8 1 0.25 0.25 6076 17.57 49.65
# Algorithm, state_space_size, action_space_size, delay, sequence_length, reward_density, terminal_state_density,
DQN 8 4 8 1 0.25 0.25 6500 17.57 49.65
# Algorithm, state_space_size, action_space_size, delay, sequence_length, reward_density, terminal_state_density,
DQN 8 4 8 1 0.25 0.25 6936 17.57 49.65
# Algorithm, state_space_size, action_space_size, delay, sequence_length, reward_density, terminal_state_density,
DQN 8 4 8 1 0.25 0.25 7388 21.49 59.76
# Algorithm, state_space_size, action_space_size, delay, sequence_length, reward_density, terminal_state_density,
DQN 8 4 8 1 0.25 0.25 7844 21.49 59.76
# Algorithm, state_space_size, action_space_size, delay, sequence_length, reward_density, terminal_state_density,
DQN 8 4 8 1 0.25 0.25 8316 21.49 59.76
# Algorithm, state_space_size, action_space_size, delay, sequence_length, reward_density, terminal_state_density,
DQN 8 4 8 1 0.25 0.25 8804 28.25 77.89
# Algorithm, state_space_size, action_space_size, delay, sequence_length, reward_density, terminal_state_density,
DQN 8 4 8 1 0.25 0.25 9288 29.03 80.19
# Algorithm, state_space_size, action_space_size, delay, sequence_length, reward_density, terminal_state_density,
DQN 8 4 8 1 0.25 0.25 9772 30.51 84.4
# Algorithm, state_space_size, action_space_size, delay, sequence_length, reward_density, terminal_state_density,
DQN 8 4 8 1 0.25 0.25 10252 31.85 88.24
# Algorithm, state_space_size, action_space_size, delay, sequence_length, reward_density, terminal_state_density,
DQN 8 4 8 1 0.25 0.25 10736 31.85 88.24
# Algorithm, state_space_size, action_space_size, delay, sequence_length, reward_density, terminal_state_density,
DQN 8 4 8 1 0.25 0.25 11220 35.83 99.91
# Algorithm, state_space_size, action_space_size, delay, sequence_length, reward_density, terminal_state_density,
DQN 8 4 8 1 0.25 0.25 11692 36.58 102.23
# Algorithm, state_space_size, action_space_size, delay, sequence_length, reward_density, terminal_state_density,
DQN 8 4 8 1 0.25 0.25 12168 37.96 106.29
# Algorithm, state_space_size, action_space_size, delay, sequence_length, reward_density, terminal_state_density,
DQN 8 4 8 1 0.25 0.25 12652 39.53 110.95
# Algorithm, state_space_size, action_space_size, delay, sequence_length, reward_density, terminal_state_density,
DQN 8 4 8 1 0.25 0.25 13140 39.53 110.95
# Algorithm, state_space_size, action_space_size, delay, sequence_length, reward_density, terminal_state_density,
DQN 8 4 8 1 0.25 0.25 13628 43.06 121.6
# Algorithm, state_space_size, action_space_size, delay, sequence_length, reward_density, terminal_state_density,
DQN 8 4 8 1 0.25 0.25 14104 44.86 127.05
# Algorithm, state_space_size, action_space_size, delay, sequence_length, reward_density, terminal_state_density,
DQN 8 4 8 1 0.25 0.25 14580 44.86 127.05
# Algorithm, state_space_size, action_space_size, delay, sequence_length, reward_density, terminal_state_density,
DQN 8 4 8 1 0.25 0.25 15064 44.86 127.05
# Algorithm, state_space_size, action_space_size, delay, sequence_length, reward_density, terminal_state_density,
DQN 8 4 8 1 0.25 0.25 15528 44.86 127.05
# Algorithm, state_space_size, action_space_size, delay, sequence_length, reward_density, terminal_state_density,
DQN 8 4 8 1 0.25 0.25 15988 44.86 127.05
# Algorithm, state_space_size, action_space_size, delay, sequence_length, reward_density, terminal_state_density,
DQN 8 4 8 1 0.25 0.25 16452 52.64 151.8
# Algorithm, state_space_size, action_space_size, delay, sequence_length, reward_density, terminal_state_density,
DQN 8 4 8 1 0.25 0.25 16932 52.64 151.8
# Algorithm, state_space_size, action_space_size, delay, sequence_length, reward_density, terminal_state_density,
DQN 8 4 8 1 0.25 0.25 17404 52.64 151.8
# Algorithm, state_space_size, action_space_size, delay, sequence_length, reward_density, terminal_state_density,
DQN 8 4 8 1 0.25 0.25 17892 56.58 164.29
# Algorithm, state_space_size, action_space_size, delay, sequence_length, reward_density, terminal_state_density,
DQN 8 4 8 1 0.25 0.25 18380 58.64 170.43
# Algorithm, state_space_size, action_space_size, delay, sequence_length, reward_density, terminal_state_density,
DQN 8 4 8 1 0.25 0.25 18864 58.64 170.43
# Algorithm, state_space_size, action_space_size, delay, sequence_length, reward_density, terminal_state_density,
DQN 8 4 8 1 0.25 0.25 19348 58.64 170.43
# Algorithm, state_space_size, action_space_size, delay, sequence_length, reward_density, terminal_state_density,
DQN 8 4 8 1 0.25 0.25 19840 58.64 170.43
# Algorithm, state_space_size, action_space_size, delay, sequence_length, reward_density, terminal_state_density,
DQN 8 4 8 1 0.25 0.25 20316 64.0 187.03
# Algorithm, state_space_size, action_space_size, delay, sequence_length, reward_density, terminal_state_density,
DQN 8 4 8 2 0.25 0.25 932 0.6846846846846847 8.324324324324325
# Algorithm, state_space_size, action_space_size, delay, sequence_length, reward_density, terminal_state_density,
DQN 8 4 8 2 0.25 0.25 1904 0.20833333333333334 5.104166666666667
# Algorithm, state_space_size, action_space_size, delay, sequence_length, reward_density, terminal_state_density,
DQN 8 4 8 2 0.25 0.25 2396 0.23 6.18
# Algorithm, state_space_size, action_space_size, delay, sequence_length, reward_density, terminal_state_density,
DQN 8 4 8 2 0.25 0.25 2860 0.23 6.18
# Algorithm, state_space_size, action_space_size, delay, sequence_length, reward_density, terminal_state_density,
DQN 8 4 8 2 0.25 0.25 3332 0.23 6.18
# Algorithm, state_space_size, action_space_size, delay, sequence_length, reward_density, terminal_state_density,
DQN 8 4 8 2 0.25 0.25 3800 0.23 6.18
# Algorithm, state_space_size, action_space_size, delay, sequence_length, reward_density, terminal_state_density,
DQN 8 4 8 2 0.25 0.25 4268 0.23 6.18
# Algorithm, state_space_size, action_space_size, delay, sequence_length, reward_density, terminal_state_density,
DQN 8 4 8 2 0.25 0.25 4704 0.23 6.18
# Algorithm, state_space_size, action_space_size, delay, sequence_length, reward_density, terminal_state_density,
DQN 8 4 8 2 0.25 0.25 5168 0.23 6.18
# Algorithm, state_space_size, action_space_size, delay, sequence_length, reward_density, terminal_state_density,
DQN 8 4 8 2 0.25 0.25 5628 8.0 40.08
# Algorithm, state_space_size, action_space_size, delay, sequence_length, reward_density, terminal_state_density,
DQN 8 4 8 2 0.25 0.25 6100 8.0 40.08
# Algorithm, state_space_size, action_space_size, delay, sequence_length, reward_density, terminal_state_density,
DQN 8 4 8 2 0.25 0.25 6572 8.0 40.08
# Algorithm, state_space_size, action_space_size, delay, sequence_length, reward_density, terminal_state_density,
DQN 8 4 8 2 0.25 0.25 6988 8.0 40.08
# Algorithm, state_space_size, action_space_size, delay, sequence_length, reward_density, terminal_state_density,
DQN 8 4 8 2 0.25 0.25 7448 8.0 40.08
# Algorithm, state_space_size, action_space_size, delay, sequence_length, reward_density, terminal_state_density,
DQN 8 4 8 2 0.25 0.25 7904 8.0 40.08
# Algorithm, state_space_size, action_space_size, delay, sequence_length, reward_density, terminal_state_density,
DQN 8 4 8 2 0.25 0.25 8316 8.0 40.08
# Algorithm, state_space_size, action_space_size, delay, sequence_length, reward_density, terminal_state_density,
DQN 8 4 8 2 0.25 0.25 8760 8.0 40.08
# Algorithm, state_space_size, action_space_size, delay, sequence_length, reward_density, terminal_state_density,
DQN 8 4 8 2 0.25 0.25 9212 8.0 40.08
# Algorithm, state_space_size, action_space_size, delay, sequence_length, reward_density, terminal_state_density,
DQN 8 4 8 2 0.25 0.25 9680 8.0 40.08
# Algorithm, state_space_size, action_space_size, delay, sequence_length, reward_density, terminal_state_density,
DQN 8 4 8 2 0.25 0.25 10148 8.0 40.08
# Algorithm, state_space_size, action_space_size, delay, sequence_length, reward_density, terminal_state_density,
DQN 8 4 8 2 0.25 0.25 10620 8.0 40.08
# Algorithm, state_space_size, action_space_size, delay, sequence_length, reward_density, terminal_state_density,
DQN 8 4 8 2 0.25 0.25 11084 8.0 40.08
# Algorithm, state_space_size, action_space_size, delay, sequence_length, reward_density, terminal_state_density,
DQN 8 4 8 2 0.25 0.25 11556 8.0 40.08
# Algorithm, state_space_size, action_space_size, delay, sequence_length, reward_density, terminal_state_density,
DQN 8 4 8 2 0.25 0.25 12024 8.0 40.08
# Algorithm, state_space_size, action_space_size, delay, sequence_length, reward_density, terminal_state_density,
DQN 8 4 8 2 0.25 0.25 12496 8.0 40.08
# Algorithm, state_space_size, action_space_size, delay, sequence_length, reward_density, terminal_state_density,
DQN 8 4 8 2 0.25 0.25 12956 8.0 40.08
# Algorithm, state_space_size, action_space_size, delay, sequence_length, reward_density, terminal_state_density,
DQN 8 4 8 2 0.25 0.25 13424 8.0 40.08
# Algorithm, state_space_size, action_space_size, delay, sequence_length, reward_density, terminal_state_density,
DQN 8 4 8 2 0.25 0.25 13888 8.0 40.08
# Algorithm, state_space_size, action_space_size, delay, sequence_length, reward_density, terminal_state_density,
DQN 8 4 8 2 0.25 0.25 14320 8.0 40.08
# Algorithm, state_space_size, action_space_size, delay, sequence_length, reward_density, terminal_state_density,
DQN 8 4 8 2 0.25 0.25 14772 8.0 40.08
# Algorithm, state_space_size, action_space_size, delay, sequence_length, reward_density, terminal_state_density,
DQN 8 4 8 2 0.25 0.25 15184 8.0 40.08
# Algorithm, state_space_size, action_space_size, delay, sequence_length, reward_density, terminal_state_density,
DQN 8 4 8 2 0.25 0.25 15624 8.0 40.08
# Algorithm, state_space_size, action_space_size, delay, sequence_length, reward_density, terminal_state_density,
DQN 8 4 8 2 0.25 0.25 16080 8.0 40.08
# Algorithm, state_space_size, action_space_size, delay, sequence_length, reward_density, terminal_state_density,
DQN 8 4 8 2 0.25 0.25 16536 8.0 40.08
# Algorithm, state_space_size, action_space_size, delay, sequence_length, reward_density, terminal_state_density,
DQN 8 4 8 2 0.25 0.25 16920 8.0 40.08
# Algorithm, state_space_size, action_space_size, delay, sequence_length, reward_density, terminal_state_density,
DQN 8 4 8 2 0.25 0.25 17336 8.0 40.08
# Algorithm, state_space_size, action_space_size, delay, sequence_length, reward_density, terminal_state_density,
DQN 8 4 8 2 0.25 0.25 17792 8.0 40.08
# Algorithm, state_space_size, action_space_size, delay, sequence_length, reward_density, terminal_state_density,
DQN 8 4 8 2 0.25 0.25 18208 8.0 40.08
# Algorithm, state_space_size, action_space_size, delay, sequence_length, reward_density, terminal_state_density,
DQN 8 4 8 2 0.25 0.25 18624 8.0 40.08
# Algorithm, state_space_size, action_space_size, delay, sequence_length, reward_density, terminal_state_density,
DQN 8 4 8 2 0.25 0.25 18996 8.0 40.08
# Algorithm, state_space_size, action_space_size, delay, sequence_length, reward_density, terminal_state_density,
DQN 8 4 8 2 0.25 0.25 19440 8.0 40.08
# Algorithm, state_space_size, action_space_size, delay, sequence_length, reward_density, terminal_state_density,
DQN 8 4 8 2 0.25 0.25 19892 8.0 40.08
# Algorithm, state_space_size, action_space_size, delay, sequence_length, reward_density, terminal_state_density,
DQN 8 4 8 2 0.25 0.25 20356 8.0 40.08
