# Algorithm, state_space_size, action_space_size, delay, sequence_length, reward_density, terminal_state_density,
DQN 8 4 0 1 0.25 0.25 964 1.4634146341463414 7.772357723577236
# Algorithm, state_space_size, action_space_size, delay, sequence_length, reward_density, terminal_state_density,
DQN 8 4 0 1 0.25 0.25 1924 1.62015503875969 7.465116279069767
# Algorithm, state_space_size, action_space_size, delay, sequence_length, reward_density, terminal_state_density,
DQN 8 4 0 1 0.25 0.25 2396 2.84 11.61
# Algorithm, state_space_size, action_space_size, delay, sequence_length, reward_density, terminal_state_density,
DQN 8 4 0 1 0.25 0.25 2864 2.84 11.61
# Algorithm, state_space_size, action_space_size, delay, sequence_length, reward_density, terminal_state_density,
DQN 8 4 0 1 0.25 0.25 3296 6.55 19.08
# Algorithm, state_space_size, action_space_size, delay, sequence_length, reward_density, terminal_state_density,
DQN 8 4 0 1 0.25 0.25 3748 8.12 22.24
# Algorithm, state_space_size, action_space_size, delay, sequence_length, reward_density, terminal_state_density,
DQN 8 4 0 1 0.25 0.25 4204 10.67 28.18
# Algorithm, state_space_size, action_space_size, delay, sequence_length, reward_density, terminal_state_density,
DQN 8 4 0 1 0.25 0.25 4632 10.67 28.18
# Algorithm, state_space_size, action_space_size, delay, sequence_length, reward_density, terminal_state_density,
DQN 8 4 0 1 0.25 0.25 5080 14.19 36.58
# Algorithm, state_space_size, action_space_size, delay, sequence_length, reward_density, terminal_state_density,
DQN 8 4 0 1 0.25 0.25 5520 15.62 40.51
# Algorithm, state_space_size, action_space_size, delay, sequence_length, reward_density, terminal_state_density,
DQN 8 4 0 1 0.25 0.25 5976 15.62 40.51
# Algorithm, state_space_size, action_space_size, delay, sequence_length, reward_density, terminal_state_density,
DQN 8 4 0 1 0.25 0.25 6448 18.42 47.78
# Algorithm, state_space_size, action_space_size, delay, sequence_length, reward_density, terminal_state_density,
DQN 8 4 0 1 0.25 0.25 6928 20.79 54.0
# Algorithm, state_space_size, action_space_size, delay, sequence_length, reward_density, terminal_state_density,
DQN 8 4 0 1 0.25 0.25 7392 20.79 54.0
# Algorithm, state_space_size, action_space_size, delay, sequence_length, reward_density, terminal_state_density,
DQN 8 4 0 1 0.25 0.25 7836 24.33 63.78
# Algorithm, state_space_size, action_space_size, delay, sequence_length, reward_density, terminal_state_density,
DQN 8 4 0 1 0.25 0.25 8268 27.05 69.83
# Algorithm, state_space_size, action_space_size, delay, sequence_length, reward_density, terminal_state_density,
DQN 8 4 0 1 0.25 0.25 8696 27.05 69.83
# Algorithm, state_space_size, action_space_size, delay, sequence_length, reward_density, terminal_state_density,
DQN 8 4 0 1 0.25 0.25 9140 28.72 75.68
# Algorithm, state_space_size, action_space_size, delay, sequence_length, reward_density, terminal_state_density,
DQN 8 4 0 1 0.25 0.25 9592 31.34 83.17
# Algorithm, state_space_size, action_space_size, delay, sequence_length, reward_density, terminal_state_density,
DQN 8 4 0 1 0.25 0.25 10072 31.34 83.17
# Algorithm, state_space_size, action_space_size, delay, sequence_length, reward_density, terminal_state_density,
DQN 8 4 0 1 0.25 0.25 10556 31.34 83.17
# Algorithm, state_space_size, action_space_size, delay, sequence_length, reward_density, terminal_state_density,
DQN 8 4 0 1 0.25 0.25 11008 31.34 83.17
# Algorithm, state_space_size, action_space_size, delay, sequence_length, reward_density, terminal_state_density,
DQN 8 4 0 1 0.25 0.25 11460 31.34 83.17
# Algorithm, state_space_size, action_space_size, delay, sequence_length, reward_density, terminal_state_density,
DQN 8 4 0 1 0.25 0.25 11932 31.34 83.17
# Algorithm, state_space_size, action_space_size, delay, sequence_length, reward_density, terminal_state_density,
DQN 8 4 0 1 0.25 0.25 12404 41.45 109.49
# Algorithm, state_space_size, action_space_size, delay, sequence_length, reward_density, terminal_state_density,
DQN 8 4 0 1 0.25 0.25 12876 42.72 113.89
# Algorithm, state_space_size, action_space_size, delay, sequence_length, reward_density, terminal_state_density,
DQN 8 4 0 1 0.25 0.25 13340 42.72 113.89
# Algorithm, state_space_size, action_space_size, delay, sequence_length, reward_density, terminal_state_density,
DQN 8 4 0 1 0.25 0.25 13812 42.72 113.89
# Algorithm, state_space_size, action_space_size, delay, sequence_length, reward_density, terminal_state_density,
DQN 8 4 0 1 0.25 0.25 14292 48.68 129.28
# Algorithm, state_space_size, action_space_size, delay, sequence_length, reward_density, terminal_state_density,
DQN 8 4 0 1 0.25 0.25 14760 48.68 129.28
# Algorithm, state_space_size, action_space_size, delay, sequence_length, reward_density, terminal_state_density,
DQN 8 4 0 1 0.25 0.25 15232 48.68 129.28
# Algorithm, state_space_size, action_space_size, delay, sequence_length, reward_density, terminal_state_density,
DQN 8 4 0 1 0.25 0.25 15696 51.5 139.5
# Algorithm, state_space_size, action_space_size, delay, sequence_length, reward_density, terminal_state_density,
DQN 8 4 0 1 0.25 0.25 16100 51.5 139.5
# Algorithm, state_space_size, action_space_size, delay, sequence_length, reward_density, terminal_state_density,
DQN 8 4 0 1 0.25 0.25 16560 55.89 150.51
# Algorithm, state_space_size, action_space_size, delay, sequence_length, reward_density, terminal_state_density,
DQN 8 4 0 1 0.25 0.25 17012 55.89 150.51
# Algorithm, state_space_size, action_space_size, delay, sequence_length, reward_density, terminal_state_density,
DQN 8 4 0 1 0.25 0.25 17468 58.94 158.86
# Algorithm, state_space_size, action_space_size, delay, sequence_length, reward_density, terminal_state_density,
DQN 8 4 0 1 0.25 0.25 17928 61.2 165.48
# Algorithm, state_space_size, action_space_size, delay, sequence_length, reward_density, terminal_state_density,
DQN 8 4 0 1 0.25 0.25 18388 61.2 165.48
# Algorithm, state_space_size, action_space_size, delay, sequence_length, reward_density, terminal_state_density,
DQN 8 4 0 1 0.25 0.25 18856 64.13 174.22
# Algorithm, state_space_size, action_space_size, delay, sequence_length, reward_density, terminal_state_density,
DQN 8 4 0 1 0.25 0.25 19316 65.11 176.2
# Algorithm, state_space_size, action_space_size, delay, sequence_length, reward_density, terminal_state_density,
DQN 8 4 0 1 0.25 0.25 19780 68.72 183.75
# Algorithm, state_space_size, action_space_size, delay, sequence_length, reward_density, terminal_state_density,
DQN 8 4 0 1 0.25 0.25 20240 69.91 186.62
# Algorithm, state_space_size, action_space_size, delay, sequence_length, reward_density, terminal_state_density,
DQN 8 4 0 2 0.25 0.25 948 2.2051282051282053 8.034188034188034
# Algorithm, state_space_size, action_space_size, delay, sequence_length, reward_density, terminal_state_density,
DQN 8 4 0 2 0.25 0.25 1944 4.65 12.84
# Algorithm, state_space_size, action_space_size, delay, sequence_length, reward_density, terminal_state_density,
DQN 8 4 0 2 0.25 0.25 2420 6.85 17.36
# Algorithm, state_space_size, action_space_size, delay, sequence_length, reward_density, terminal_state_density,
DQN 8 4 0 2 0.25 0.25 2908 7.97 19.6
# Algorithm, state_space_size, action_space_size, delay, sequence_length, reward_density, terminal_state_density,
DQN 8 4 0 2 0.25 0.25 3396 7.97 19.6
# Algorithm, state_space_size, action_space_size, delay, sequence_length, reward_density, terminal_state_density,
DQN 8 4 0 2 0.25 0.25 3884 14.16 31.99
# Algorithm, state_space_size, action_space_size, delay, sequence_length, reward_density, terminal_state_density,
DQN 8 4 0 2 0.25 0.25 4376 14.16 31.99
# Algorithm, state_space_size, action_space_size, delay, sequence_length, reward_density, terminal_state_density,
DQN 8 4 0 2 0.25 0.25 4864 14.16 31.99
# Algorithm, state_space_size, action_space_size, delay, sequence_length, reward_density, terminal_state_density,
DQN 8 4 0 2 0.25 0.25 5360 18.63 43.32
# Algorithm, state_space_size, action_space_size, delay, sequence_length, reward_density, terminal_state_density,
DQN 8 4 0 2 0.25 0.25 5852 18.63 43.32
# Algorithm, state_space_size, action_space_size, delay, sequence_length, reward_density, terminal_state_density,
DQN 8 4 0 2 0.25 0.25 6344 18.63 43.32
# Algorithm, state_space_size, action_space_size, delay, sequence_length, reward_density, terminal_state_density,
DQN 8 4 0 2 0.25 0.25 6840 23.02 59.86
# Algorithm, state_space_size, action_space_size, delay, sequence_length, reward_density, terminal_state_density,
DQN 8 4 0 2 0.25 0.25 7336 23.75 63.0
# Algorithm, state_space_size, action_space_size, delay, sequence_length, reward_density, terminal_state_density,
DQN 8 4 0 2 0.25 0.25 7832 23.75 63.0
# Algorithm, state_space_size, action_space_size, delay, sequence_length, reward_density, terminal_state_density,
DQN 8 4 0 2 0.25 0.25 8312 23.75 63.0
# Algorithm, state_space_size, action_space_size, delay, sequence_length, reward_density, terminal_state_density,
DQN 8 4 0 2 0.25 0.25 8792 23.75 63.0
# Algorithm, state_space_size, action_space_size, delay, sequence_length, reward_density, terminal_state_density,
DQN 8 4 0 2 0.25 0.25 9284 23.75 63.0
# Algorithm, state_space_size, action_space_size, delay, sequence_length, reward_density, terminal_state_density,
DQN 8 4 0 2 0.25 0.25 9768 23.75 63.0
# Algorithm, state_space_size, action_space_size, delay, sequence_length, reward_density, terminal_state_density,
DQN 8 4 0 2 0.25 0.25 10252 23.75 63.0
# Algorithm, state_space_size, action_space_size, delay, sequence_length, reward_density, terminal_state_density,
DQN 8 4 0 2 0.25 0.25 10744 32.83 96.79
# Algorithm, state_space_size, action_space_size, delay, sequence_length, reward_density, terminal_state_density,
DQN 8 4 0 2 0.25 0.25 11216 34.91 103.34
# Algorithm, state_space_size, action_space_size, delay, sequence_length, reward_density, terminal_state_density,
DQN 8 4 0 2 0.25 0.25 11692 34.91 103.34
# Algorithm, state_space_size, action_space_size, delay, sequence_length, reward_density, terminal_state_density,
DQN 8 4 0 2 0.25 0.25 12176 34.91 103.34
# Algorithm, state_space_size, action_space_size, delay, sequence_length, reward_density, terminal_state_density,
DQN 8 4 0 2 0.25 0.25 12672 38.46 116.53
# Algorithm, state_space_size, action_space_size, delay, sequence_length, reward_density, terminal_state_density,
DQN 8 4 0 2 0.25 0.25 13132 39.74 121.53
# Algorithm, state_space_size, action_space_size, delay, sequence_length, reward_density, terminal_state_density,
DQN 8 4 0 2 0.25 0.25 13620 39.74 121.53
# Algorithm, state_space_size, action_space_size, delay, sequence_length, reward_density, terminal_state_density,
DQN 8 4 0 2 0.25 0.25 14104 39.74 121.53
# Algorithm, state_space_size, action_space_size, delay, sequence_length, reward_density, terminal_state_density,
DQN 8 4 0 2 0.25 0.25 14580 39.74 121.53
# Algorithm, state_space_size, action_space_size, delay, sequence_length, reward_density, terminal_state_density,
DQN 8 4 0 2 0.25 0.25 15072 39.74 121.53
# Algorithm, state_space_size, action_space_size, delay, sequence_length, reward_density, terminal_state_density,
DQN 8 4 0 2 0.25 0.25 15548 39.74 121.53
# Algorithm, state_space_size, action_space_size, delay, sequence_length, reward_density, terminal_state_density,
DQN 8 4 0 2 0.25 0.25 16032 46.98 149.75
# Algorithm, state_space_size, action_space_size, delay, sequence_length, reward_density, terminal_state_density,
DQN 8 4 0 2 0.25 0.25 16504 46.98 149.75
# Algorithm, state_space_size, action_space_size, delay, sequence_length, reward_density, terminal_state_density,
DQN 8 4 0 2 0.25 0.25 16968 50.02 159.7
# Algorithm, state_space_size, action_space_size, delay, sequence_length, reward_density, terminal_state_density,
DQN 8 4 0 2 0.25 0.25 17404 51.04 163.13
# Algorithm, state_space_size, action_space_size, delay, sequence_length, reward_density, terminal_state_density,
DQN 8 4 0 2 0.25 0.25 17856 51.04 163.13
# Algorithm, state_space_size, action_space_size, delay, sequence_length, reward_density, terminal_state_density,
DQN 8 4 0 2 0.25 0.25 18304 51.04 163.13
# Algorithm, state_space_size, action_space_size, delay, sequence_length, reward_density, terminal_state_density,
DQN 8 4 0 2 0.25 0.25 18772 54.19 177.0
# Algorithm, state_space_size, action_space_size, delay, sequence_length, reward_density, terminal_state_density,
DQN 8 4 0 2 0.25 0.25 19264 54.19 177.0
# Algorithm, state_space_size, action_space_size, delay, sequence_length, reward_density, terminal_state_density,
DQN 8 4 0 2 0.25 0.25 19732 54.19 177.0
# Algorithm, state_space_size, action_space_size, delay, sequence_length, reward_density, terminal_state_density,
DQN 8 4 0 2 0.25 0.25 20228 54.19 177.0
# Algorithm, state_space_size, action_space_size, delay, sequence_length, reward_density, terminal_state_density,
DQN 8 4 1 1 0.25 0.25 992 0.6693548387096774 7.991935483870968
# Algorithm, state_space_size, action_space_size, delay, sequence_length, reward_density, terminal_state_density,
DQN 8 4 1 1 0.25 0.25 1940 0.17475728155339806 3.071197411003236
# Algorithm, state_space_size, action_space_size, delay, sequence_length, reward_density, terminal_state_density,
DQN 8 4 1 1 0.25 0.25 2388 1.22 5.38
# Algorithm, state_space_size, action_space_size, delay, sequence_length, reward_density, terminal_state_density,
DQN 8 4 1 1 0.25 0.25 2852 2.61 8.18
# Algorithm, state_space_size, action_space_size, delay, sequence_length, reward_density, terminal_state_density,
DQN 8 4 1 1 0.25 0.25 3316 5.56 14.11
# Algorithm, state_space_size, action_space_size, delay, sequence_length, reward_density, terminal_state_density,
DQN 8 4 1 1 0.25 0.25 3792 6.23 15.37
# Algorithm, state_space_size, action_space_size, delay, sequence_length, reward_density, terminal_state_density,
DQN 8 4 1 1 0.25 0.25 4268 9.53 22.06
# Algorithm, state_space_size, action_space_size, delay, sequence_length, reward_density, terminal_state_density,
DQN 8 4 1 1 0.25 0.25 4748 9.53 22.06
# Algorithm, state_space_size, action_space_size, delay, sequence_length, reward_density, terminal_state_density,
DQN 8 4 1 1 0.25 0.25 5224 9.53 22.06
# Algorithm, state_space_size, action_space_size, delay, sequence_length, reward_density, terminal_state_density,
DQN 8 4 1 1 0.25 0.25 5692 16.67 37.38
# Algorithm, state_space_size, action_space_size, delay, sequence_length, reward_density, terminal_state_density,
DQN 8 4 1 1 0.25 0.25 6156 17.49 39.43
# Algorithm, state_space_size, action_space_size, delay, sequence_length, reward_density, terminal_state_density,
DQN 8 4 1 1 0.25 0.25 6628 19.8 44.14
# Algorithm, state_space_size, action_space_size, delay, sequence_length, reward_density, terminal_state_density,
DQN 8 4 1 1 0.25 0.25 7096 23.2 51.71
# Algorithm, state_space_size, action_space_size, delay, sequence_length, reward_density, terminal_state_density,
DQN 8 4 1 1 0.25 0.25 7560 23.2 51.71
# Algorithm, state_space_size, action_space_size, delay, sequence_length, reward_density, terminal_state_density,
DQN 8 4 1 1 0.25 0.25 8036 23.2 51.71
# Algorithm, state_space_size, action_space_size, delay, sequence_length, reward_density, terminal_state_density,
DQN 8 4 1 1 0.25 0.25 8504 30.07 65.9
# Algorithm, state_space_size, action_space_size, delay, sequence_length, reward_density, terminal_state_density,
DQN 8 4 1 1 0.25 0.25 8976 30.94 67.61
# Algorithm, state_space_size, action_space_size, delay, sequence_length, reward_density, terminal_state_density,
DQN 8 4 1 1 0.25 0.25 9452 34.44 74.83
# Algorithm, state_space_size, action_space_size, delay, sequence_length, reward_density, terminal_state_density,
DQN 8 4 1 1 0.25 0.25 9912 34.44 74.83
# Algorithm, state_space_size, action_space_size, delay, sequence_length, reward_density, terminal_state_density,
DQN 8 4 1 1 0.25 0.25 10384 38.58 83.75
# Algorithm, state_space_size, action_space_size, delay, sequence_length, reward_density, terminal_state_density,
DQN 8 4 1 1 0.25 0.25 10852 40.79 88.22
# Algorithm, state_space_size, action_space_size, delay, sequence_length, reward_density, terminal_state_density,
DQN 8 4 1 1 0.25 0.25 11332 40.79 88.22
# Algorithm, state_space_size, action_space_size, delay, sequence_length, reward_density, terminal_state_density,
DQN 8 4 1 1 0.25 0.25 11804 45.35 97.43
# Algorithm, state_space_size, action_space_size, delay, sequence_length, reward_density, terminal_state_density,
DQN 8 4 1 1 0.25 0.25 12276 47.52 102.9
# Algorithm, state_space_size, action_space_size, delay, sequence_length, reward_density, terminal_state_density,
DQN 8 4 1 1 0.25 0.25 12744 49.25 107.89
# Algorithm, state_space_size, action_space_size, delay, sequence_length, reward_density, terminal_state_density,
DQN 8 4 1 1 0.25 0.25 13212 51.5 112.48
# Algorithm, state_space_size, action_space_size, delay, sequence_length, reward_density, terminal_state_density,
DQN 8 4 1 1 0.25 0.25 13688 52.18 113.91
# Algorithm, state_space_size, action_space_size, delay, sequence_length, reward_density, terminal_state_density,
DQN 8 4 1 1 0.25 0.25 14152 52.18 113.91
# Algorithm, state_space_size, action_space_size, delay, sequence_length, reward_density, terminal_state_density,
DQN 8 4 1 1 0.25 0.25 14620 52.18 113.91
# Algorithm, state_space_size, action_space_size, delay, sequence_length, reward_density, terminal_state_density,
DQN 8 4 1 1 0.25 0.25 15088 59.17 130.46
# Algorithm, state_space_size, action_space_size, delay, sequence_length, reward_density, terminal_state_density,
DQN 8 4 1 1 0.25 0.25 15552 59.17 130.46
# Algorithm, state_space_size, action_space_size, delay, sequence_length, reward_density, terminal_state_density,
DQN 8 4 1 1 0.25 0.25 16028 63.5 139.35
# Algorithm, state_space_size, action_space_size, delay, sequence_length, reward_density, terminal_state_density,
DQN 8 4 1 1 0.25 0.25 16492 63.5 139.35
# Algorithm, state_space_size, action_space_size, delay, sequence_length, reward_density, terminal_state_density,
DQN 8 4 1 1 0.25 0.25 16976 66.76 147.79
# Algorithm, state_space_size, action_space_size, delay, sequence_length, reward_density, terminal_state_density,
DQN 8 4 1 1 0.25 0.25 17444 66.76 147.79
# Algorithm, state_space_size, action_space_size, delay, sequence_length, reward_density, terminal_state_density,
DQN 8 4 1 1 0.25 0.25 17916 71.04 158.94
# Algorithm, state_space_size, action_space_size, delay, sequence_length, reward_density, terminal_state_density,
DQN 8 4 1 1 0.25 0.25 18384 72.25 161.78
# Algorithm, state_space_size, action_space_size, delay, sequence_length, reward_density, terminal_state_density,
DQN 8 4 1 1 0.25 0.25 18848 72.25 161.78
# Algorithm, state_space_size, action_space_size, delay, sequence_length, reward_density, terminal_state_density,
DQN 8 4 1 1 0.25 0.25 19316 76.14 170.47
# Algorithm, state_space_size, action_space_size, delay, sequence_length, reward_density, terminal_state_density,
DQN 8 4 1 1 0.25 0.25 19788 76.14 170.47
# Algorithm, state_space_size, action_space_size, delay, sequence_length, reward_density, terminal_state_density,
DQN 8 4 1 1 0.25 0.25 20264 76.14 170.47
# Algorithm, state_space_size, action_space_size, delay, sequence_length, reward_density, terminal_state_density,
DQN 8 4 1 2 0.25 0.25 972 1.5391304347826087 8.434782608695652
# Algorithm, state_space_size, action_space_size, delay, sequence_length, reward_density, terminal_state_density,
DQN 8 4 1 2 0.25 0.25 1964 2.174757281553398 9.592233009708737
# Algorithm, state_space_size, action_space_size, delay, sequence_length, reward_density, terminal_state_density,
DQN 8 4 1 2 0.25 0.25 2348 3.17 11.6
# Algorithm, state_space_size, action_space_size, delay, sequence_length, reward_density, terminal_state_density,
DQN 8 4 1 2 0.25 0.25 2736 3.17 11.6
# Algorithm, state_space_size, action_space_size, delay, sequence_length, reward_density, terminal_state_density,
DQN 8 4 1 2 0.25 0.25 3204 3.17 11.6
# Algorithm, state_space_size, action_space_size, delay, sequence_length, reward_density, terminal_state_density,
DQN 8 4 1 2 0.25 0.25 3664 8.71 25.42
# Algorithm, state_space_size, action_space_size, delay, sequence_length, reward_density, terminal_state_density,
DQN 8 4 1 2 0.25 0.25 4128 10.54 29.67
# Algorithm, state_space_size, action_space_size, delay, sequence_length, reward_density, terminal_state_density,
DQN 8 4 1 2 0.25 0.25 4596 10.54 29.67
# Algorithm, state_space_size, action_space_size, delay, sequence_length, reward_density, terminal_state_density,
DQN 8 4 1 2 0.25 0.25 5064 15.39 39.09
# Algorithm, state_space_size, action_space_size, delay, sequence_length, reward_density, terminal_state_density,
DQN 8 4 1 2 0.25 0.25 5516 15.39 39.09
# Algorithm, state_space_size, action_space_size, delay, sequence_length, reward_density, terminal_state_density,
DQN 8 4 1 2 0.25 0.25 5980 19.44 46.21
# Algorithm, state_space_size, action_space_size, delay, sequence_length, reward_density, terminal_state_density,
DQN 8 4 1 2 0.25 0.25 6400 23.32 52.66
# Algorithm, state_space_size, action_space_size, delay, sequence_length, reward_density, terminal_state_density,
DQN 8 4 1 2 0.25 0.25 6764 24.11 53.81
# Algorithm, state_space_size, action_space_size, delay, sequence_length, reward_density, terminal_state_density,
DQN 8 4 1 2 0.25 0.25 7140 24.11 53.81
# Algorithm, state_space_size, action_space_size, delay, sequence_length, reward_density, terminal_state_density,
DQN 8 4 1 2 0.25 0.25 7568 24.11 53.81
# Algorithm, state_space_size, action_space_size, delay, sequence_length, reward_density, terminal_state_density,
DQN 8 4 1 2 0.25 0.25 8020 30.51 65.23
# Algorithm, state_space_size, action_space_size, delay, sequence_length, reward_density, terminal_state_density,
DQN 8 4 1 2 0.25 0.25 8456 30.51 65.23
# Algorithm, state_space_size, action_space_size, delay, sequence_length, reward_density, terminal_state_density,
DQN 8 4 1 2 0.25 0.25 8920 30.51 65.23
# Algorithm, state_space_size, action_space_size, delay, sequence_length, reward_density, terminal_state_density,
DQN 8 4 1 2 0.25 0.25 9380 30.51 65.23
# Algorithm, state_space_size, action_space_size, delay, sequence_length, reward_density, terminal_state_density,
DQN 8 4 1 2 0.25 0.25 9840 41.26 86.33
# Algorithm, state_space_size, action_space_size, delay, sequence_length, reward_density, terminal_state_density,
DQN 8 4 1 2 0.25 0.25 10292 42.88 89.55
# Algorithm, state_space_size, action_space_size, delay, sequence_length, reward_density, terminal_state_density,
DQN 8 4 1 2 0.25 0.25 10740 42.88 89.55
# Algorithm, state_space_size, action_space_size, delay, sequence_length, reward_density, terminal_state_density,
DQN 8 4 1 2 0.25 0.25 11196 42.88 89.55
# Algorithm, state_space_size, action_space_size, delay, sequence_length, reward_density, terminal_state_density,
DQN 8 4 1 2 0.25 0.25 11652 42.88 89.55
# Algorithm, state_space_size, action_space_size, delay, sequence_length, reward_density, terminal_state_density,
DQN 8 4 1 2 0.25 0.25 12104 51.64 108.12
# Algorithm, state_space_size, action_space_size, delay, sequence_length, reward_density, terminal_state_density,
DQN 8 4 1 2 0.25 0.25 12532 53.2 111.41
# Algorithm, state_space_size, action_space_size, delay, sequence_length, reward_density, terminal_state_density,
DQN 8 4 1 2 0.25 0.25 12980 54.77 114.03
# Algorithm, state_space_size, action_space_size, delay, sequence_length, reward_density, terminal_state_density,
DQN 8 4 1 2 0.25 0.25 13444 54.77 114.03
# Algorithm, state_space_size, action_space_size, delay, sequence_length, reward_density, terminal_state_density,
DQN 8 4 1 2 0.25 0.25 13884 54.77 114.03
# Algorithm, state_space_size, action_space_size, delay, sequence_length, reward_density, terminal_state_density,
DQN 8 4 1 2 0.25 0.25 14328 63.33 130.59
# Algorithm, state_space_size, action_space_size, delay, sequence_length, reward_density, terminal_state_density,
DQN 8 4 1 2 0.25 0.25 14760 63.33 130.59
# Algorithm, state_space_size, action_space_size, delay, sequence_length, reward_density, terminal_state_density,
DQN 8 4 1 2 0.25 0.25 15196 63.33 130.59
# Algorithm, state_space_size, action_space_size, delay, sequence_length, reward_density, terminal_state_density,
DQN 8 4 1 2 0.25 0.25 15628 71.47 144.02
# Algorithm, state_space_size, action_space_size, delay, sequence_length, reward_density, terminal_state_density,
DQN 8 4 1 2 0.25 0.25 16052 71.47 144.02
# Algorithm, state_space_size, action_space_size, delay, sequence_length, reward_density, terminal_state_density,
DQN 8 4 1 2 0.25 0.25 16488 71.47 144.02
# Algorithm, state_space_size, action_space_size, delay, sequence_length, reward_density, terminal_state_density,
DQN 8 4 1 2 0.25 0.25 16932 78.84 155.72
# Algorithm, state_space_size, action_space_size, delay, sequence_length, reward_density, terminal_state_density,
DQN 8 4 1 2 0.25 0.25 17376 78.84 155.72
# Algorithm, state_space_size, action_space_size, delay, sequence_length, reward_density, terminal_state_density,
DQN 8 4 1 2 0.25 0.25 17836 84.73 165.24
# Algorithm, state_space_size, action_space_size, delay, sequence_length, reward_density, terminal_state_density,
DQN 8 4 1 2 0.25 0.25 18300 85.41 166.26
# Algorithm, state_space_size, action_space_size, delay, sequence_length, reward_density, terminal_state_density,
DQN 8 4 1 2 0.25 0.25 18748 88.45 170.8
# Algorithm, state_space_size, action_space_size, delay, sequence_length, reward_density, terminal_state_density,
DQN 8 4 1 2 0.25 0.25 19152 88.45 170.8
# Algorithm, state_space_size, action_space_size, delay, sequence_length, reward_density, terminal_state_density,
DQN 8 4 1 2 0.25 0.25 19604 94.77 182.16
# Algorithm, state_space_size, action_space_size, delay, sequence_length, reward_density, terminal_state_density,
DQN 8 4 1 2 0.25 0.25 20064 97.22 186.09
# Algorithm, state_space_size, action_space_size, delay, sequence_length, reward_density, terminal_state_density,
DQN 8 4 2 1 0.25 0.25 948 0.7821782178217822 9.366336633663366
# Algorithm, state_space_size, action_space_size, delay, sequence_length, reward_density, terminal_state_density,
DQN 8 4 2 1 0.25 0.25 1972 1.2 14.98
# Algorithm, state_space_size, action_space_size, delay, sequence_length, reward_density, terminal_state_density,
DQN 8 4 2 1 0.25 0.25 2412 1.2 14.98
# Algorithm, state_space_size, action_space_size, delay, sequence_length, reward_density, terminal_state_density,
DQN 8 4 2 1 0.25 0.25 2872 1.2 14.98
# Algorithm, state_space_size, action_space_size, delay, sequence_length, reward_density, terminal_state_density,
DQN 8 4 2 1 0.25 0.25 3312 1.2 14.98
# Algorithm, state_space_size, action_space_size, delay, sequence_length, reward_density, terminal_state_density,
DQN 8 4 2 1 0.25 0.25 3728 3.3 30.69
# Algorithm, state_space_size, action_space_size, delay, sequence_length, reward_density, terminal_state_density,
DQN 8 4 2 1 0.25 0.25 4184 3.3 30.69
# Algorithm, state_space_size, action_space_size, delay, sequence_length, reward_density, terminal_state_density,
DQN 8 4 2 1 0.25 0.25 4624 3.3 30.69
# Algorithm, state_space_size, action_space_size, delay, sequence_length, reward_density, terminal_state_density,
DQN 8 4 2 1 0.25 0.25 5076 3.3 30.69
# Algorithm, state_space_size, action_space_size, delay, sequence_length, reward_density, terminal_state_density,
DQN 8 4 2 1 0.25 0.25 5528 7.72 47.09
# Algorithm, state_space_size, action_space_size, delay, sequence_length, reward_density, terminal_state_density,
DQN 8 4 2 1 0.25 0.25 5996 7.72 47.09
# Algorithm, state_space_size, action_space_size, delay, sequence_length, reward_density, terminal_state_density,
DQN 8 4 2 1 0.25 0.25 6444 7.72 47.09
# Algorithm, state_space_size, action_space_size, delay, sequence_length, reward_density, terminal_state_density,
DQN 8 4 2 1 0.25 0.25 6900 9.78 59.54
# Algorithm, state_space_size, action_space_size, delay, sequence_length, reward_density, terminal_state_density,
DQN 8 4 2 1 0.25 0.25 7368 9.78 59.54
# Algorithm, state_space_size, action_space_size, delay, sequence_length, reward_density, terminal_state_density,
DQN 8 4 2 1 0.25 0.25 7832 11.66 72.35
# Algorithm, state_space_size, action_space_size, delay, sequence_length, reward_density, terminal_state_density,
DQN 8 4 2 1 0.25 0.25 8292 11.66 72.35
# Algorithm, state_space_size, action_space_size, delay, sequence_length, reward_density, terminal_state_density,
DQN 8 4 2 1 0.25 0.25 8744 11.66 72.35
# Algorithm, state_space_size, action_space_size, delay, sequence_length, reward_density, terminal_state_density,
DQN 8 4 2 1 0.25 0.25 9204 11.66 72.35
# Algorithm, state_space_size, action_space_size, delay, sequence_length, reward_density, terminal_state_density,
DQN 8 4 2 1 0.25 0.25 9672 15.25 90.44
# Algorithm, state_space_size, action_space_size, delay, sequence_length, reward_density, terminal_state_density,
DQN 8 4 2 1 0.25 0.25 10132 16.11 95.35
# Algorithm, state_space_size, action_space_size, delay, sequence_length, reward_density, terminal_state_density,
DQN 8 4 2 1 0.25 0.25 10592 16.11 95.35
# Algorithm, state_space_size, action_space_size, delay, sequence_length, reward_density, terminal_state_density,
DQN 8 4 2 1 0.25 0.25 11060 17.27 102.27
# Algorithm, state_space_size, action_space_size, delay, sequence_length, reward_density, terminal_state_density,
DQN 8 4 2 1 0.25 0.25 11532 18.21 105.4
# Algorithm, state_space_size, action_space_size, delay, sequence_length, reward_density, terminal_state_density,
DQN 8 4 2 1 0.25 0.25 11992 18.21 105.4
# Algorithm, state_space_size, action_space_size, delay, sequence_length, reward_density, terminal_state_density,
DQN 8 4 2 1 0.25 0.25 12456 18.21 105.4
# Algorithm, state_space_size, action_space_size, delay, sequence_length, reward_density, terminal_state_density,
DQN 8 4 2 1 0.25 0.25 12916 21.82 121.95
# Algorithm, state_space_size, action_space_size, delay, sequence_length, reward_density, terminal_state_density,
DQN 8 4 2 1 0.25 0.25 13376 21.82 121.95
# Algorithm, state_space_size, action_space_size, delay, sequence_length, reward_density, terminal_state_density,
DQN 8 4 2 1 0.25 0.25 13840 21.82 121.95
# Algorithm, state_space_size, action_space_size, delay, sequence_length, reward_density, terminal_state_density,
DQN 8 4 2 1 0.25 0.25 14312 21.82 121.95
# Algorithm, state_space_size, action_space_size, delay, sequence_length, reward_density, terminal_state_density,
DQN 8 4 2 1 0.25 0.25 14776 21.82 121.95
# Algorithm, state_space_size, action_space_size, delay, sequence_length, reward_density, terminal_state_density,
DQN 8 4 2 1 0.25 0.25 15244 21.82 121.95
# Algorithm, state_space_size, action_space_size, delay, sequence_length, reward_density, terminal_state_density,
DQN 8 4 2 1 0.25 0.25 15704 21.82 121.95
# Algorithm, state_space_size, action_space_size, delay, sequence_length, reward_density, terminal_state_density,
DQN 8 4 2 1 0.25 0.25 16168 21.82 121.95
# Algorithm, state_space_size, action_space_size, delay, sequence_length, reward_density, terminal_state_density,
DQN 8 4 2 1 0.25 0.25 16636 21.82 121.95
# Algorithm, state_space_size, action_space_size, delay, sequence_length, reward_density, terminal_state_density,
DQN 8 4 2 1 0.25 0.25 17100 32.22 162.6
# Algorithm, state_space_size, action_space_size, delay, sequence_length, reward_density, terminal_state_density,
DQN 8 4 2 1 0.25 0.25 17564 32.22 162.6
# Algorithm, state_space_size, action_space_size, delay, sequence_length, reward_density, terminal_state_density,
DQN 8 4 2 1 0.25 0.25 18036 32.22 162.6
# Algorithm, state_space_size, action_space_size, delay, sequence_length, reward_density, terminal_state_density,
DQN 8 4 2 1 0.25 0.25 18492 36.25 178.77
# Algorithm, state_space_size, action_space_size, delay, sequence_length, reward_density, terminal_state_density,
DQN 8 4 2 1 0.25 0.25 18952 36.25 178.77
# Algorithm, state_space_size, action_space_size, delay, sequence_length, reward_density, terminal_state_density,
DQN 8 4 2 1 0.25 0.25 19408 37.64 186.36
# Algorithm, state_space_size, action_space_size, delay, sequence_length, reward_density, terminal_state_density,
DQN 8 4 2 1 0.25 0.25 19872 38.37 190.63
# Algorithm, state_space_size, action_space_size, delay, sequence_length, reward_density, terminal_state_density,
DQN 8 4 2 1 0.25 0.25 20332 39.29 194.7
# Algorithm, state_space_size, action_space_size, delay, sequence_length, reward_density, terminal_state_density,
DQN 8 4 2 2 0.25 0.25 936 1.801980198019802 9.207920792079207
# Algorithm, state_space_size, action_space_size, delay, sequence_length, reward_density, terminal_state_density,
DQN 8 4 2 2 0.25 0.25 1860 0.3827751196172249 4.430622009569378
# Algorithm, state_space_size, action_space_size, delay, sequence_length, reward_density, terminal_state_density,
DQN 8 4 2 2 0.25 0.25 2372 1.19 6.37
# Algorithm, state_space_size, action_space_size, delay, sequence_length, reward_density, terminal_state_density,
DQN 8 4 2 2 0.25 0.25 2852 2.18 8.42
# Algorithm, state_space_size, action_space_size, delay, sequence_length, reward_density, terminal_state_density,
DQN 8 4 2 2 0.25 0.25 3316 4.78 13.63
# Algorithm, state_space_size, action_space_size, delay, sequence_length, reward_density, terminal_state_density,
DQN 8 4 2 2 0.25 0.25 3780 7.66 20.2
# Algorithm, state_space_size, action_space_size, delay, sequence_length, reward_density, terminal_state_density,
DQN 8 4 2 2 0.25 0.25 4232 10.06 25.01
# Algorithm, state_space_size, action_space_size, delay, sequence_length, reward_density, terminal_state_density,
DQN 8 4 2 2 0.25 0.25 4696 10.06 25.01
# Algorithm, state_space_size, action_space_size, delay, sequence_length, reward_density, terminal_state_density,
DQN 8 4 2 2 0.25 0.25 5156 10.06 25.01
# Algorithm, state_space_size, action_space_size, delay, sequence_length, reward_density, terminal_state_density,
DQN 8 4 2 2 0.25 0.25 5636 10.06 25.01
# Algorithm, state_space_size, action_space_size, delay, sequence_length, reward_density, terminal_state_density,
DQN 8 4 2 2 0.25 0.25 6116 10.06 25.01
# Algorithm, state_space_size, action_space_size, delay, sequence_length, reward_density, terminal_state_density,
DQN 8 4 2 2 0.25 0.25 6600 10.06 25.01
# Algorithm, state_space_size, action_space_size, delay, sequence_length, reward_density, terminal_state_density,
DQN 8 4 2 2 0.25 0.25 7088 10.06 25.01
# Algorithm, state_space_size, action_space_size, delay, sequence_length, reward_density, terminal_state_density,
DQN 8 4 2 2 0.25 0.25 7576 10.06 25.01
# Algorithm, state_space_size, action_space_size, delay, sequence_length, reward_density, terminal_state_density,
DQN 8 4 2 2 0.25 0.25 8068 10.06 25.01
# Algorithm, state_space_size, action_space_size, delay, sequence_length, reward_density, terminal_state_density,
DQN 8 4 2 2 0.25 0.25 8552 10.06 25.01
# Algorithm, state_space_size, action_space_size, delay, sequence_length, reward_density, terminal_state_density,
DQN 8 4 2 2 0.25 0.25 9036 10.06 25.01
# Algorithm, state_space_size, action_space_size, delay, sequence_length, reward_density, terminal_state_density,
DQN 8 4 2 2 0.25 0.25 9508 22.71 76.04
# Algorithm, state_space_size, action_space_size, delay, sequence_length, reward_density, terminal_state_density,
DQN 8 4 2 2 0.25 0.25 10000 22.71 76.04
# Algorithm, state_space_size, action_space_size, delay, sequence_length, reward_density, terminal_state_density,
DQN 8 4 2 2 0.25 0.25 10488 22.71 76.04
# Algorithm, state_space_size, action_space_size, delay, sequence_length, reward_density, terminal_state_density,
DQN 8 4 2 2 0.25 0.25 10964 22.71 76.04
# Algorithm, state_space_size, action_space_size, delay, sequence_length, reward_density, terminal_state_density,
DQN 8 4 2 2 0.25 0.25 11436 22.71 76.04
# Algorithm, state_space_size, action_space_size, delay, sequence_length, reward_density, terminal_state_density,
DQN 8 4 2 2 0.25 0.25 11916 26.99 97.92
# Algorithm, state_space_size, action_space_size, delay, sequence_length, reward_density, terminal_state_density,
DQN 8 4 2 2 0.25 0.25 12392 26.99 97.92
# Algorithm, state_space_size, action_space_size, delay, sequence_length, reward_density, terminal_state_density,
DQN 8 4 2 2 0.25 0.25 12880 30.08 111.24
# Algorithm, state_space_size, action_space_size, delay, sequence_length, reward_density, terminal_state_density,
DQN 8 4 2 2 0.25 0.25 13344 30.08 111.24
# Algorithm, state_space_size, action_space_size, delay, sequence_length, reward_density, terminal_state_density,
DQN 8 4 2 2 0.25 0.25 13788 30.08 111.24
# Algorithm, state_space_size, action_space_size, delay, sequence_length, reward_density, terminal_state_density,
DQN 8 4 2 2 0.25 0.25 14256 30.08 111.24
# Algorithm, state_space_size, action_space_size, delay, sequence_length, reward_density, terminal_state_density,
DQN 8 4 2 2 0.25 0.25 14732 30.08 111.24
# Algorithm, state_space_size, action_space_size, delay, sequence_length, reward_density, terminal_state_density,
DQN 8 4 2 2 0.25 0.25 15192 30.08 111.24
# Algorithm, state_space_size, action_space_size, delay, sequence_length, reward_density, terminal_state_density,
DQN 8 4 2 2 0.25 0.25 15664 39.95 137.99
# Algorithm, state_space_size, action_space_size, delay, sequence_length, reward_density, terminal_state_density,
DQN 8 4 2 2 0.25 0.25 16128 41.68 142.99
# Algorithm, state_space_size, action_space_size, delay, sequence_length, reward_density, terminal_state_density,
DQN 8 4 2 2 0.25 0.25 16604 41.68 142.99
# Algorithm, state_space_size, action_space_size, delay, sequence_length, reward_density, terminal_state_density,
DQN 8 4 2 2 0.25 0.25 17068 41.68 142.99
# Algorithm, state_space_size, action_space_size, delay, sequence_length, reward_density, terminal_state_density,
DQN 8 4 2 2 0.25 0.25 17532 41.68 142.99
# Algorithm, state_space_size, action_space_size, delay, sequence_length, reward_density, terminal_state_density,
DQN 8 4 2 2 0.25 0.25 18020 41.68 142.99
# Algorithm, state_space_size, action_space_size, delay, sequence_length, reward_density, terminal_state_density,
DQN 8 4 2 2 0.25 0.25 18492 41.68 142.99
# Algorithm, state_space_size, action_space_size, delay, sequence_length, reward_density, terminal_state_density,
DQN 8 4 2 2 0.25 0.25 18968 41.68 142.99
# Algorithm, state_space_size, action_space_size, delay, sequence_length, reward_density, terminal_state_density,
DQN 8 4 2 2 0.25 0.25 19396 52.04 173.15
# Algorithm, state_space_size, action_space_size, delay, sequence_length, reward_density, terminal_state_density,
DQN 8 4 2 2 0.25 0.25 19876 55.4 180.76
# Algorithm, state_space_size, action_space_size, delay, sequence_length, reward_density, terminal_state_density,
DQN 8 4 2 2 0.25 0.25 20364 55.4 180.76
# Algorithm, state_space_size, action_space_size, delay, sequence_length, reward_density, terminal_state_density,
DQN 8 4 4 1 0.25 0.25 964 0.6101694915254238 8.135593220338983
# Algorithm, state_space_size, action_space_size, delay, sequence_length, reward_density, terminal_state_density,
DQN 8 4 4 1 0.25 0.25 1940 0.1836734693877551 4.994897959183674
# Algorithm, state_space_size, action_space_size, delay, sequence_length, reward_density, terminal_state_density,
DQN 8 4 4 1 0.25 0.25 2388 0.69 8.32
# Algorithm, state_space_size, action_space_size, delay, sequence_length, reward_density, terminal_state_density,
DQN 8 4 4 1 0.25 0.25 2864 2.99 12.98
# Algorithm, state_space_size, action_space_size, delay, sequence_length, reward_density, terminal_state_density,
DQN 8 4 4 1 0.25 0.25 3328 2.99 12.98
# Algorithm, state_space_size, action_space_size, delay, sequence_length, reward_density, terminal_state_density,
DQN 8 4 4 1 0.25 0.25 3804 6.0 19.01
# Algorithm, state_space_size, action_space_size, delay, sequence_length, reward_density, terminal_state_density,
DQN 8 4 4 1 0.25 0.25 4264 6.0 19.01
# Algorithm, state_space_size, action_space_size, delay, sequence_length, reward_density, terminal_state_density,
DQN 8 4 4 1 0.25 0.25 4740 6.0 19.01
# Algorithm, state_space_size, action_space_size, delay, sequence_length, reward_density, terminal_state_density,
DQN 8 4 4 1 0.25 0.25 5200 6.0 19.01
# Algorithm, state_space_size, action_space_size, delay, sequence_length, reward_density, terminal_state_density,
DQN 8 4 4 1 0.25 0.25 5672 12.29 36.56
# Algorithm, state_space_size, action_space_size, delay, sequence_length, reward_density, terminal_state_density,
DQN 8 4 4 1 0.25 0.25 6136 14.49 45.79
# Algorithm, state_space_size, action_space_size, delay, sequence_length, reward_density, terminal_state_density,
DQN 8 4 4 1 0.25 0.25 6600 14.49 45.79
# Algorithm, state_space_size, action_space_size, delay, sequence_length, reward_density, terminal_state_density,
DQN 8 4 4 1 0.25 0.25 7080 14.49 45.79
# Algorithm, state_space_size, action_space_size, delay, sequence_length, reward_density, terminal_state_density,
DQN 8 4 4 1 0.25 0.25 7552 14.49 45.79
# Algorithm, state_space_size, action_space_size, delay, sequence_length, reward_density, terminal_state_density,
DQN 8 4 4 1 0.25 0.25 8020 14.49 45.79
# Algorithm, state_space_size, action_space_size, delay, sequence_length, reward_density, terminal_state_density,
DQN 8 4 4 1 0.25 0.25 8484 18.39 65.0
# Algorithm, state_space_size, action_space_size, delay, sequence_length, reward_density, terminal_state_density,
DQN 8 4 4 1 0.25 0.25 8956 18.39 65.0
# Algorithm, state_space_size, action_space_size, delay, sequence_length, reward_density, terminal_state_density,
DQN 8 4 4 1 0.25 0.25 9420 21.4 78.33
# Algorithm, state_space_size, action_space_size, delay, sequence_length, reward_density, terminal_state_density,
DQN 8 4 4 1 0.25 0.25 9884 21.67 80.88
# Algorithm, state_space_size, action_space_size, delay, sequence_length, reward_density, terminal_state_density,
DQN 8 4 4 1 0.25 0.25 10356 21.67 80.88
# Algorithm, state_space_size, action_space_size, delay, sequence_length, reward_density, terminal_state_density,
DQN 8 4 4 1 0.25 0.25 10824 22.99 88.94
# Algorithm, state_space_size, action_space_size, delay, sequence_length, reward_density, terminal_state_density,
DQN 8 4 4 1 0.25 0.25 11284 22.99 88.94
# Algorithm, state_space_size, action_space_size, delay, sequence_length, reward_density, terminal_state_density,
DQN 8 4 4 1 0.25 0.25 11760 22.99 88.94
# Algorithm, state_space_size, action_space_size, delay, sequence_length, reward_density, terminal_state_density,
DQN 8 4 4 1 0.25 0.25 12224 22.99 88.94
# Algorithm, state_space_size, action_space_size, delay, sequence_length, reward_density, terminal_state_density,
DQN 8 4 4 1 0.25 0.25 12696 22.99 88.94
# Algorithm, state_space_size, action_space_size, delay, sequence_length, reward_density, terminal_state_density,
DQN 8 4 4 1 0.25 0.25 13164 27.76 115.69
# Algorithm, state_space_size, action_space_size, delay, sequence_length, reward_density, terminal_state_density,
DQN 8 4 4 1 0.25 0.25 13632 27.76 115.69
# Algorithm, state_space_size, action_space_size, delay, sequence_length, reward_density, terminal_state_density,
DQN 8 4 4 1 0.25 0.25 14108 27.76 115.69
# Algorithm, state_space_size, action_space_size, delay, sequence_length, reward_density, terminal_state_density,
DQN 8 4 4 1 0.25 0.25 14576 29.24 126.99
# Algorithm, state_space_size, action_space_size, delay, sequence_length, reward_density, terminal_state_density,
DQN 8 4 4 1 0.25 0.25 15044 29.24 126.99
# Algorithm, state_space_size, action_space_size, delay, sequence_length, reward_density, terminal_state_density,
DQN 8 4 4 1 0.25 0.25 15520 29.24 126.99
# Algorithm, state_space_size, action_space_size, delay, sequence_length, reward_density, terminal_state_density,
DQN 8 4 4 1 0.25 0.25 15988 29.24 126.99
# Algorithm, state_space_size, action_space_size, delay, sequence_length, reward_density, terminal_state_density,
DQN 8 4 4 1 0.25 0.25 16460 32.6 147.24
# Algorithm, state_space_size, action_space_size, delay, sequence_length, reward_density, terminal_state_density,
DQN 8 4 4 1 0.25 0.25 16936 33.06 148.64
# Algorithm, state_space_size, action_space_size, delay, sequence_length, reward_density, terminal_state_density,
DQN 8 4 4 1 0.25 0.25 17408 33.06 148.64
# Algorithm, state_space_size, action_space_size, delay, sequence_length, reward_density, terminal_state_density,
DQN 8 4 4 1 0.25 0.25 17880 33.06 148.64
# Algorithm, state_space_size, action_space_size, delay, sequence_length, reward_density, terminal_state_density,
DQN 8 4 4 1 0.25 0.25 18352 33.06 148.64
# Algorithm, state_space_size, action_space_size, delay, sequence_length, reward_density, terminal_state_density,
DQN 8 4 4 1 0.25 0.25 18824 33.06 148.64
# Algorithm, state_space_size, action_space_size, delay, sequence_length, reward_density, terminal_state_density,
DQN 8 4 4 1 0.25 0.25 19296 33.06 148.64
# Algorithm, state_space_size, action_space_size, delay, sequence_length, reward_density, terminal_state_density,
DQN 8 4 4 1 0.25 0.25 19772 39.7 181.16
# Algorithm, state_space_size, action_space_size, delay, sequence_length, reward_density, terminal_state_density,
DQN 8 4 4 1 0.25 0.25 20244 40.23 182.27
# Algorithm, state_space_size, action_space_size, delay, sequence_length, reward_density, terminal_state_density,
DQN 8 4 4 2 0.25 0.25 912 1.4489795918367347 9.122448979591837
# Algorithm, state_space_size, action_space_size, delay, sequence_length, reward_density, terminal_state_density,
DQN 8 4 4 2 0.25 0.25 1888 1.91 10.26
# Algorithm, state_space_size, action_space_size, delay, sequence_length, reward_density, terminal_state_density,
DQN 8 4 4 2 0.25 0.25 2404 3.8 14.1
# Algorithm, state_space_size, action_space_size, delay, sequence_length, reward_density, terminal_state_density,
DQN 8 4 4 2 0.25 0.25 2900 4.11 14.7
# Algorithm, state_space_size, action_space_size, delay, sequence_length, reward_density, terminal_state_density,
DQN 8 4 4 2 0.25 0.25 3380 4.11 14.7
# Algorithm, state_space_size, action_space_size, delay, sequence_length, reward_density, terminal_state_density,
DQN 8 4 4 2 0.25 0.25 3880 4.11 14.7
# Algorithm, state_space_size, action_space_size, delay, sequence_length, reward_density, terminal_state_density,
DQN 8 4 4 2 0.25 0.25 4372 4.11 14.7
# Algorithm, state_space_size, action_space_size, delay, sequence_length, reward_density, terminal_state_density,
DQN 8 4 4 2 0.25 0.25 4860 12.35 37.7
# Algorithm, state_space_size, action_space_size, delay, sequence_length, reward_density, terminal_state_density,
DQN 8 4 4 2 0.25 0.25 5340 12.35 37.7
# Algorithm, state_space_size, action_space_size, delay, sequence_length, reward_density, terminal_state_density,
DQN 8 4 4 2 0.25 0.25 5836 12.35 37.7
# Algorithm, state_space_size, action_space_size, delay, sequence_length, reward_density, terminal_state_density,
DQN 8 4 4 2 0.25 0.25 6320 16.26 51.13
# Algorithm, state_space_size, action_space_size, delay, sequence_length, reward_density, terminal_state_density,
DQN 8 4 4 2 0.25 0.25 6800 16.26 51.13
# Algorithm, state_space_size, action_space_size, delay, sequence_length, reward_density, terminal_state_density,
DQN 8 4 4 2 0.25 0.25 7288 18.76 59.67
# Algorithm, state_space_size, action_space_size, delay, sequence_length, reward_density, terminal_state_density,
DQN 8 4 4 2 0.25 0.25 7772 18.76 59.67
# Algorithm, state_space_size, action_space_size, delay, sequence_length, reward_density, terminal_state_density,
DQN 8 4 4 2 0.25 0.25 8256 18.76 59.67
# Algorithm, state_space_size, action_space_size, delay, sequence_length, reward_density, terminal_state_density,
DQN 8 4 4 2 0.25 0.25 8740 18.76 59.67
# Algorithm, state_space_size, action_space_size, delay, sequence_length, reward_density, terminal_state_density,
DQN 8 4 4 2 0.25 0.25 9228 25.0 81.05
# Algorithm, state_space_size, action_space_size, delay, sequence_length, reward_density, terminal_state_density,
DQN 8 4 4 2 0.25 0.25 9712 25.0 81.05
# Algorithm, state_space_size, action_space_size, delay, sequence_length, reward_density, terminal_state_density,
DQN 8 4 4 2 0.25 0.25 10200 25.0 81.05
# Algorithm, state_space_size, action_space_size, delay, sequence_length, reward_density, terminal_state_density,
DQN 8 4 4 2 0.25 0.25 10676 25.0 81.05
# Algorithm, state_space_size, action_space_size, delay, sequence_length, reward_density, terminal_state_density,
DQN 8 4 4 2 0.25 0.25 11168 28.64 98.01
# Algorithm, state_space_size, action_space_size, delay, sequence_length, reward_density, terminal_state_density,
DQN 8 4 4 2 0.25 0.25 11652 29.17 101.43
# Algorithm, state_space_size, action_space_size, delay, sequence_length, reward_density, terminal_state_density,
DQN 8 4 4 2 0.25 0.25 12140 29.17 101.43
# Algorithm, state_space_size, action_space_size, delay, sequence_length, reward_density, terminal_state_density,
DQN 8 4 4 2 0.25 0.25 12620 29.17 101.43
# Algorithm, state_space_size, action_space_size, delay, sequence_length, reward_density, terminal_state_density,
DQN 8 4 4 2 0.25 0.25 13112 31.53 118.26
# Algorithm, state_space_size, action_space_size, delay, sequence_length, reward_density, terminal_state_density,
DQN 8 4 4 2 0.25 0.25 13600 31.98 122.38
# Algorithm, state_space_size, action_space_size, delay, sequence_length, reward_density, terminal_state_density,
DQN 8 4 4 2 0.25 0.25 14084 32.68 127.64
# Algorithm, state_space_size, action_space_size, delay, sequence_length, reward_density, terminal_state_density,
DQN 8 4 4 2 0.25 0.25 14568 32.68 127.64
# Algorithm, state_space_size, action_space_size, delay, sequence_length, reward_density, terminal_state_density,
DQN 8 4 4 2 0.25 0.25 15052 34.96 138.1
# Algorithm, state_space_size, action_space_size, delay, sequence_length, reward_density, terminal_state_density,
DQN 8 4 4 2 0.25 0.25 15528 34.96 138.1
# Algorithm, state_space_size, action_space_size, delay, sequence_length, reward_density, terminal_state_density,
DQN 8 4 4 2 0.25 0.25 16020 34.96 138.1
# Algorithm, state_space_size, action_space_size, delay, sequence_length, reward_density, terminal_state_density,
DQN 8 4 4 2 0.25 0.25 16492 37.48 151.43
# Algorithm, state_space_size, action_space_size, delay, sequence_length, reward_density, terminal_state_density,
DQN 8 4 4 2 0.25 0.25 16972 37.91 155.03
# Algorithm, state_space_size, action_space_size, delay, sequence_length, reward_density, terminal_state_density,
DQN 8 4 4 2 0.25 0.25 17444 38.41 161.27
# Algorithm, state_space_size, action_space_size, delay, sequence_length, reward_density, terminal_state_density,
DQN 8 4 4 2 0.25 0.25 17928 38.41 161.27
# Algorithm, state_space_size, action_space_size, delay, sequence_length, reward_density, terminal_state_density,
DQN 8 4 4 2 0.25 0.25 18408 38.41 161.27
# Algorithm, state_space_size, action_space_size, delay, sequence_length, reward_density, terminal_state_density,
DQN 8 4 4 2 0.25 0.25 18896 40.6 172.94
# Algorithm, state_space_size, action_space_size, delay, sequence_length, reward_density, terminal_state_density,
DQN 8 4 4 2 0.25 0.25 19384 40.6 172.94
# Algorithm, state_space_size, action_space_size, delay, sequence_length, reward_density, terminal_state_density,
DQN 8 4 4 2 0.25 0.25 19864 44.08 182.28
# Algorithm, state_space_size, action_space_size, delay, sequence_length, reward_density, terminal_state_density,
DQN 8 4 4 2 0.25 0.25 20348 45.55 187.58
# Algorithm, state_space_size, action_space_size, delay, sequence_length, reward_density, terminal_state_density,
DQN 8 4 8 1 0.25 0.25 916 0.21678321678321677 6.370629370629371
# Algorithm, state_space_size, action_space_size, delay, sequence_length, reward_density, terminal_state_density,
DQN 8 4 8 1 0.25 0.25 1852 0.02074688796680498 3.900414937759336
# Algorithm, state_space_size, action_space_size, delay, sequence_length, reward_density, terminal_state_density,
DQN 8 4 8 1 0.25 0.25 2360 0.47 5.55
# Algorithm, state_space_size, action_space_size, delay, sequence_length, reward_density, terminal_state_density,
DQN 8 4 8 1 0.25 0.25 2840 0.47 5.55
# Algorithm, state_space_size, action_space_size, delay, sequence_length, reward_density, terminal_state_density,
DQN 8 4 8 1 0.25 0.25 3316 4.25 13.69
# Algorithm, state_space_size, action_space_size, delay, sequence_length, reward_density, terminal_state_density,
DQN 8 4 8 1 0.25 0.25 3800 6.47 18.56
# Algorithm, state_space_size, action_space_size, delay, sequence_length, reward_density, terminal_state_density,
DQN 8 4 8 1 0.25 0.25 4280 6.47 18.56
# Algorithm, state_space_size, action_space_size, delay, sequence_length, reward_density, terminal_state_density,
DQN 8 4 8 1 0.25 0.25 4772 10.96 28.62
# Algorithm, state_space_size, action_space_size, delay, sequence_length, reward_density, terminal_state_density,
DQN 8 4 8 1 0.25 0.25 5252 12.44 32.78
# Algorithm, state_space_size, action_space_size, delay, sequence_length, reward_density, terminal_state_density,
DQN 8 4 8 1 0.25 0.25 5740 12.44 32.78
# Algorithm, state_space_size, action_space_size, delay, sequence_length, reward_density, terminal_state_density,
DQN 8 4 8 1 0.25 0.25 6232 16.39 43.89
# Algorithm, state_space_size, action_space_size, delay, sequence_length, reward_density, terminal_state_density,
DQN 8 4 8 1 0.25 0.25 6712 16.61 44.6
# Algorithm, state_space_size, action_space_size, delay, sequence_length, reward_density, terminal_state_density,
DQN 8 4 8 1 0.25 0.25 7204 16.61 44.6
# Algorithm, state_space_size, action_space_size, delay, sequence_length, reward_density, terminal_state_density,
DQN 8 4 8 1 0.25 0.25 7692 21.89 57.14
# Algorithm, state_space_size, action_space_size, delay, sequence_length, reward_density, terminal_state_density,
DQN 8 4 8 1 0.25 0.25 8180 23.92 61.33
# Algorithm, state_space_size, action_space_size, delay, sequence_length, reward_density, terminal_state_density,
DQN 8 4 8 1 0.25 0.25 8664 26.2 65.94
# Algorithm, state_space_size, action_space_size, delay, sequence_length, reward_density, terminal_state_density,
DQN 8 4 8 1 0.25 0.25 9140 28.89 72.21
# Algorithm, state_space_size, action_space_size, delay, sequence_length, reward_density, terminal_state_density,
DQN 8 4 8 1 0.25 0.25 9616 31.17 77.56
# Algorithm, state_space_size, action_space_size, delay, sequence_length, reward_density, terminal_state_density,
DQN 8 4 8 1 0.25 0.25 10092 32.12 79.56
# Algorithm, state_space_size, action_space_size, delay, sequence_length, reward_density, terminal_state_density,
DQN 8 4 8 1 0.25 0.25 10568 35.57 87.01
# Algorithm, state_space_size, action_space_size, delay, sequence_length, reward_density, terminal_state_density,
DQN 8 4 8 1 0.25 0.25 11040 37.41 91.31
# Algorithm, state_space_size, action_space_size, delay, sequence_length, reward_density, terminal_state_density,
DQN 8 4 8 1 0.25 0.25 11504 38.74 94.33
# Algorithm, state_space_size, action_space_size, delay, sequence_length, reward_density, terminal_state_density,
DQN 8 4 8 1 0.25 0.25 11984 38.74 94.33
# Algorithm, state_space_size, action_space_size, delay, sequence_length, reward_density, terminal_state_density,
DQN 8 4 8 1 0.25 0.25 12456 43.6 104.7
# Algorithm, state_space_size, action_space_size, delay, sequence_length, reward_density, terminal_state_density,
DQN 8 4 8 1 0.25 0.25 12928 43.6 104.7
# Algorithm, state_space_size, action_space_size, delay, sequence_length, reward_density, terminal_state_density,
DQN 8 4 8 1 0.25 0.25 13400 43.6 104.7
# Algorithm, state_space_size, action_space_size, delay, sequence_length, reward_density, terminal_state_density,
DQN 8 4 8 1 0.25 0.25 13868 50.99 119.69
# Algorithm, state_space_size, action_space_size, delay, sequence_length, reward_density, terminal_state_density,
DQN 8 4 8 1 0.25 0.25 14348 52.92 123.62
# Algorithm, state_space_size, action_space_size, delay, sequence_length, reward_density, terminal_state_density,
DQN 8 4 8 1 0.25 0.25 14816 52.92 123.62
# Algorithm, state_space_size, action_space_size, delay, sequence_length, reward_density, terminal_state_density,
DQN 8 4 8 1 0.25 0.25 15280 56.43 130.69
# Algorithm, state_space_size, action_space_size, delay, sequence_length, reward_density, terminal_state_density,
DQN 8 4 8 1 0.25 0.25 15760 59.23 136.38
# Algorithm, state_space_size, action_space_size, delay, sequence_length, reward_density, terminal_state_density,
DQN 8 4 8 1 0.25 0.25 16240 59.23 136.38
# Algorithm, state_space_size, action_space_size, delay, sequence_length, reward_density, terminal_state_density,
DQN 8 4 8 1 0.25 0.25 16724 64.92 147.84
# Algorithm, state_space_size, action_space_size, delay, sequence_length, reward_density, terminal_state_density,
DQN 8 4 8 1 0.25 0.25 17196 66.7 151.6
# Algorithm, state_space_size, action_space_size, delay, sequence_length, reward_density, terminal_state_density,
DQN 8 4 8 1 0.25 0.25 17672 69.57 157.54
# Algorithm, state_space_size, action_space_size, delay, sequence_length, reward_density, terminal_state_density,
DQN 8 4 8 1 0.25 0.25 18144 69.92 158.29
# Algorithm, state_space_size, action_space_size, delay, sequence_length, reward_density, terminal_state_density,
DQN 8 4 8 1 0.25 0.25 18628 69.92 158.29
# Algorithm, state_space_size, action_space_size, delay, sequence_length, reward_density, terminal_state_density,
DQN 8 4 8 1 0.25 0.25 19108 74.72 168.71
# Algorithm, state_space_size, action_space_size, delay, sequence_length, reward_density, terminal_state_density,
DQN 8 4 8 1 0.25 0.25 19588 77.64 175.48
# Algorithm, state_space_size, action_space_size, delay, sequence_length, reward_density, terminal_state_density,
DQN 8 4 8 1 0.25 0.25 20060 80.01 181.18
# Algorithm, state_space_size, action_space_size, delay, sequence_length, reward_density, terminal_state_density,
DQN 8 4 8 2 0.25 0.25 960 0.9905660377358491 8.88679245283019
# Algorithm, state_space_size, action_space_size, delay, sequence_length, reward_density, terminal_state_density,
DQN 8 4 8 2 0.25 0.25 1932 1.45 10.0
# Algorithm, state_space_size, action_space_size, delay, sequence_length, reward_density, terminal_state_density,
DQN 8 4 8 2 0.25 0.25 2392 1.65 10.56
# Algorithm, state_space_size, action_space_size, delay, sequence_length, reward_density, terminal_state_density,
DQN 8 4 8 2 0.25 0.25 2856 1.65 10.56
# Algorithm, state_space_size, action_space_size, delay, sequence_length, reward_density, terminal_state_density,
DQN 8 4 8 2 0.25 0.25 3324 1.65 10.56
# Algorithm, state_space_size, action_space_size, delay, sequence_length, reward_density, terminal_state_density,
DQN 8 4 8 2 0.25 0.25 3796 1.65 10.56
# Algorithm, state_space_size, action_space_size, delay, sequence_length, reward_density, terminal_state_density,
DQN 8 4 8 2 0.25 0.25 4268 1.65 10.56
# Algorithm, state_space_size, action_space_size, delay, sequence_length, reward_density, terminal_state_density,
DQN 8 4 8 2 0.25 0.25 4732 1.65 10.56
# Algorithm, state_space_size, action_space_size, delay, sequence_length, reward_density, terminal_state_density,
DQN 8 4 8 2 0.25 0.25 5200 11.92 39.17
# Algorithm, state_space_size, action_space_size, delay, sequence_length, reward_density, terminal_state_density,
DQN 8 4 8 2 0.25 0.25 5668 11.92 39.17
# Algorithm, state_space_size, action_space_size, delay, sequence_length, reward_density, terminal_state_density,
DQN 8 4 8 2 0.25 0.25 6132 11.92 39.17
# Algorithm, state_space_size, action_space_size, delay, sequence_length, reward_density, terminal_state_density,
DQN 8 4 8 2 0.25 0.25 6600 17.26 54.99
# Algorithm, state_space_size, action_space_size, delay, sequence_length, reward_density, terminal_state_density,
DQN 8 4 8 2 0.25 0.25 7064 20.28 59.75
# Algorithm, state_space_size, action_space_size, delay, sequence_length, reward_density, terminal_state_density,
DQN 8 4 8 2 0.25 0.25 7540 20.28 59.75
# Algorithm, state_space_size, action_space_size, delay, sequence_length, reward_density, terminal_state_density,
DQN 8 4 8 2 0.25 0.25 8012 20.28 59.75
# Algorithm, state_space_size, action_space_size, delay, sequence_length, reward_density, terminal_state_density,
DQN 8 4 8 2 0.25 0.25 8476 29.12 73.11
# Algorithm, state_space_size, action_space_size, delay, sequence_length, reward_density, terminal_state_density,
DQN 8 4 8 2 0.25 0.25 8936 31.24 76.97
# Algorithm, state_space_size, action_space_size, delay, sequence_length, reward_density, terminal_state_density,
DQN 8 4 8 2 0.25 0.25 9396 34.64 82.87
# Algorithm, state_space_size, action_space_size, delay, sequence_length, reward_density, terminal_state_density,
DQN 8 4 8 2 0.25 0.25 9848 34.64 82.87
# Algorithm, state_space_size, action_space_size, delay, sequence_length, reward_density, terminal_state_density,
DQN 8 4 8 2 0.25 0.25 10320 38.13 89.37
# Algorithm, state_space_size, action_space_size, delay, sequence_length, reward_density, terminal_state_density,
DQN 8 4 8 2 0.25 0.25 10776 41.51 94.71
# Algorithm, state_space_size, action_space_size, delay, sequence_length, reward_density, terminal_state_density,
DQN 8 4 8 2 0.25 0.25 11232 45.4 101.03
# Algorithm, state_space_size, action_space_size, delay, sequence_length, reward_density, terminal_state_density,
DQN 8 4 8 2 0.25 0.25 11680 45.4 101.03
# Algorithm, state_space_size, action_space_size, delay, sequence_length, reward_density, terminal_state_density,
DQN 8 4 8 2 0.25 0.25 12140 45.4 101.03
# Algorithm, state_space_size, action_space_size, delay, sequence_length, reward_density, terminal_state_density,
DQN 8 4 8 2 0.25 0.25 12600 52.32 113.8
# Algorithm, state_space_size, action_space_size, delay, sequence_length, reward_density, terminal_state_density,
DQN 8 4 8 2 0.25 0.25 13052 53.51 116.01
# Algorithm, state_space_size, action_space_size, delay, sequence_length, reward_density, terminal_state_density,
DQN 8 4 8 2 0.25 0.25 13504 55.36 119.73
# Algorithm, state_space_size, action_space_size, delay, sequence_length, reward_density, terminal_state_density,
DQN 8 4 8 2 0.25 0.25 13956 58.64 126.24
# Algorithm, state_space_size, action_space_size, delay, sequence_length, reward_density, terminal_state_density,
DQN 8 4 8 2 0.25 0.25 14400 61.09 131.21
# Algorithm, state_space_size, action_space_size, delay, sequence_length, reward_density, terminal_state_density,
DQN 8 4 8 2 0.25 0.25 14864 63.05 135.13
# Algorithm, state_space_size, action_space_size, delay, sequence_length, reward_density, terminal_state_density,
DQN 8 4 8 2 0.25 0.25 15316 65.74 140.24
# Algorithm, state_space_size, action_space_size, delay, sequence_length, reward_density, terminal_state_density,
DQN 8 4 8 2 0.25 0.25 15776 68.32 145.46
# Algorithm, state_space_size, action_space_size, delay, sequence_length, reward_density, terminal_state_density,
DQN 8 4 8 2 0.25 0.25 16232 70.33 149.1
# Algorithm, state_space_size, action_space_size, delay, sequence_length, reward_density, terminal_state_density,
DQN 8 4 8 2 0.25 0.25 16680 70.33 149.1
# Algorithm, state_space_size, action_space_size, delay, sequence_length, reward_density, terminal_state_density,
DQN 8 4 8 2 0.25 0.25 17144 70.33 149.1
# Algorithm, state_space_size, action_space_size, delay, sequence_length, reward_density, terminal_state_density,
DQN 8 4 8 2 0.25 0.25 17596 77.22 162.95
# Algorithm, state_space_size, action_space_size, delay, sequence_length, reward_density, terminal_state_density,
DQN 8 4 8 2 0.25 0.25 18048 77.76 164.07
# Algorithm, state_space_size, action_space_size, delay, sequence_length, reward_density, terminal_state_density,
DQN 8 4 8 2 0.25 0.25 18496 77.76 164.07
# Algorithm, state_space_size, action_space_size, delay, sequence_length, reward_density, terminal_state_density,
DQN 8 4 8 2 0.25 0.25 18952 82.8 174.03
# Algorithm, state_space_size, action_space_size, delay, sequence_length, reward_density, terminal_state_density,
DQN 8 4 8 2 0.25 0.25 19408 84.3 176.98
# Algorithm, state_space_size, action_space_size, delay, sequence_length, reward_density, terminal_state_density,
DQN 8 4 8 2 0.25 0.25 19868 84.3 176.98
# Algorithm, state_space_size, action_space_size, delay, sequence_length, reward_density, terminal_state_density,
DQN 8 4 8 2 0.25 0.25 20328 90.29 189.07
