# Algorithm, state_space_size, action_space_size, delay, sequence_length, reward_density, terminal_state_density, dummy_seed,
PPO 8 8 0 1 0.25 0.25 0 5000 0.685214626391097 3.9705882352941178
# Algorithm, state_space_size, action_space_size, delay, sequence_length, reward_density, terminal_state_density, dummy_seed,
PPO 8 8 0 1 0.25 0.25 0 10000 0.7310286677908938 4.215008431703204
# Algorithm, state_space_size, action_space_size, delay, sequence_length, reward_density, terminal_state_density, dummy_seed,
PPO 8 8 0 1 0.25 0.25 0 15000 0.6427444794952681 3.940851735015773
# Algorithm, state_space_size, action_space_size, delay, sequence_length, reward_density, terminal_state_density, dummy_seed,
PPO 8 8 0 1 0.25 0.25 0 20000 0.6786885245901639 4.102459016393443
# Algorithm, state_space_size, action_space_size, delay, sequence_length, reward_density, terminal_state_density, dummy_seed,
PPO 8 8 0 1 0.25 0.25 1 5000 0.6923694779116466 4.002409638554217
# Algorithm, state_space_size, action_space_size, delay, sequence_length, reward_density, terminal_state_density, dummy_seed,
PPO 8 8 0 1 0.25 0.25 1 10000 0.7336 4.0104
# Algorithm, state_space_size, action_space_size, delay, sequence_length, reward_density, terminal_state_density, dummy_seed,
PPO 8 8 0 1 0.25 0.25 1 15000 0.6827309236947792 4.011244979919678
# Algorithm, state_space_size, action_space_size, delay, sequence_length, reward_density, terminal_state_density, dummy_seed,
PPO 8 8 0 1 0.25 0.25 1 20000 0.7039420756234915 4.0201126307321
# Algorithm, state_space_size, action_space_size, delay, sequence_length, reward_density, terminal_state_density, dummy_seed,
PPO 8 8 0 1 0.25 0.25 2 5000 0.7104838709677419 4.026612903225806
# Algorithm, state_space_size, action_space_size, delay, sequence_length, reward_density, terminal_state_density, dummy_seed,
PPO 8 8 0 1 0.25 0.25 2 10000 0.6764009471191792 3.9439621152328335
# Algorithm, state_space_size, action_space_size, delay, sequence_length, reward_density, terminal_state_density, dummy_seed,
PPO 8 8 0 1 0.25 0.25 2 15000 0.6719492868462758 3.966719492868463
# Algorithm, state_space_size, action_space_size, delay, sequence_length, reward_density, terminal_state_density, dummy_seed,
PPO 8 8 0 1 0.25 0.25 2 20000 0.6744186046511628 4.010425020048116
