# Algorithm, state_space_size, action_space_size, delay, sequence_length, reward_density, terminal_state_density, dummy_seed,
PPO 8 8 0 1 0.25 0.25 0 5000 0.6751020408163265 4.077551020408163
# Algorithm, state_space_size, action_space_size, delay, sequence_length, reward_density, terminal_state_density, dummy_seed,
PPO 8 8 0 1 0.25 0.25 0 10000 0.7034099920697859 3.9674861221252975
# Algorithm, state_space_size, action_space_size, delay, sequence_length, reward_density, terminal_state_density, dummy_seed,
PPO 8 8 0 1 0.25 0.25 0 15000 0.7122719734660033 4.1393034825870645
# Algorithm, state_space_size, action_space_size, delay, sequence_length, reward_density, terminal_state_density, dummy_seed,
PPO 8 8 0 1 0.25 0.25 0 20000 0.6942880128720836 4.030571198712791
# Algorithm, state_space_size, action_space_size, delay, sequence_length, reward_density, terminal_state_density, dummy_seed,
PPO 8 8 0 1 0.25 0.25 0 25000 0.6721828211189913 3.9401103230890464
# Algorithm, state_space_size, action_space_size, delay, sequence_length, reward_density, terminal_state_density, dummy_seed,
PPO 8 8 0 1 0.25 0.25 0 30000 0.6892109500805152 4.02012882447665
# Algorithm, state_space_size, action_space_size, delay, sequence_length, reward_density, terminal_state_density, dummy_seed,
PPO 8 8 0 1 0.25 0.25 0 35000 0.7099113618049959 4.034649476228847
# Algorithm, state_space_size, action_space_size, delay, sequence_length, reward_density, terminal_state_density, dummy_seed,
PPO 8 8 0 1 0.25 0.25 0 40000 0.6576433121019108 3.9808917197452227
# Algorithm, state_space_size, action_space_size, delay, sequence_length, reward_density, terminal_state_density, dummy_seed,
PPO 8 8 0 1 0.25 0.25 0 45000 0.6381679389312978 3.816030534351145
# Algorithm, state_space_size, action_space_size, delay, sequence_length, reward_density, terminal_state_density, dummy_seed,
PPO 8 8 0 1 0.25 0.25 0 50000 0.6555209953343701 3.8818040435458787
# Algorithm, state_space_size, action_space_size, delay, sequence_length, reward_density, terminal_state_density, dummy_seed,
PPO 8 8 0 1 0.25 0.25 0 55000 0.6626984126984127 3.9682539682539684
# Algorithm, state_space_size, action_space_size, delay, sequence_length, reward_density, terminal_state_density, dummy_seed,
PPO 8 8 0 1 0.25 0.25 0 60000 0.7170608108108109 4.226351351351352
# Algorithm, state_space_size, action_space_size, delay, sequence_length, reward_density, terminal_state_density, dummy_seed,
PPO 8 8 0 1 0.25 0.25 0 65000 0.6704180064308681 4.023311897106109
# Algorithm, state_space_size, action_space_size, delay, sequence_length, reward_density, terminal_state_density, dummy_seed,
PPO 8 8 0 1 0.25 0.25 0 70000 0.6513317191283293 4.018563357546409
# Algorithm, state_space_size, action_space_size, delay, sequence_length, reward_density, terminal_state_density, dummy_seed,
PPO 8 8 0 1 0.25 0.25 0 75000 0.7174267100977199 4.086319218241043
# Algorithm, state_space_size, action_space_size, delay, sequence_length, reward_density, terminal_state_density, dummy_seed,
PPO 8 8 0 1 0.25 0.25 0 80000 0.6656076250992852 3.9682287529785545
# Algorithm, state_space_size, action_space_size, delay, sequence_length, reward_density, terminal_state_density, dummy_seed,
PPO 8 8 0 1 0.25 0.25 0 85000 0.6390041493775933 4.146058091286307
# Algorithm, state_space_size, action_space_size, delay, sequence_length, reward_density, terminal_state_density, dummy_seed,
PPO 8 8 0 1 0.25 0.25 0 90000 0.6821515892420538 4.079054604726976
# Algorithm, state_space_size, action_space_size, delay, sequence_length, reward_density, terminal_state_density, dummy_seed,
PPO 8 8 0 1 0.25 0.25 0 95000 0.6500802568218299 4.016051364365971
# Algorithm, state_space_size, action_space_size, delay, sequence_length, reward_density, terminal_state_density, dummy_seed,
PPO 8 8 0 1 0.25 0.25 0 100000 0.6783103168155971 4.061738424045491
# Algorithm, state_space_size, action_space_size, delay, sequence_length, reward_density, terminal_state_density, dummy_seed,
PPO 8 8 0 1 0.25 0.25 0 105000 0.7063758389261745 4.192953020134228
# Algorithm, state_space_size, action_space_size, delay, sequence_length, reward_density, terminal_state_density, dummy_seed,
PPO 8 8 0 1 0.25 0.25 0 110000 0.6948051948051948 4.059253246753247
# Algorithm, state_space_size, action_space_size, delay, sequence_length, reward_density, terminal_state_density, dummy_seed,
PPO 8 8 0 1 0.25 0.25 0 115000 0.6672077922077922 4.053571428571429
# Algorithm, state_space_size, action_space_size, delay, sequence_length, reward_density, terminal_state_density, dummy_seed,
PPO 8 8 0 1 0.25 0.25 0 120000 0.7414225941422594 4.1899581589958155
# Algorithm, state_space_size, action_space_size, delay, sequence_length, reward_density, terminal_state_density, dummy_seed,
PPO 8 8 0 1 0.25 0.25 0 125000 0.6924939467312349 4.033898305084746
# Algorithm, state_space_size, action_space_size, delay, sequence_length, reward_density, terminal_state_density, dummy_seed,
PPO 8 8 0 1 0.25 0.25 0 130000 0.6528455284552845 4.065040650406504
# Algorithm, state_space_size, action_space_size, delay, sequence_length, reward_density, terminal_state_density, dummy_seed,
PPO 8 8 0 1 0.25 0.25 0 135000 0.6449843260188087 3.920846394984326
# Algorithm, state_space_size, action_space_size, delay, sequence_length, reward_density, terminal_state_density, dummy_seed,
PPO 8 8 0 1 0.25 0.25 0 140000 0.6239447429009977 3.837298541826554
# Algorithm, state_space_size, action_space_size, delay, sequence_length, reward_density, terminal_state_density, dummy_seed,
PPO 8 8 0 1 0.25 0.25 0 145000 0.6224328593996841 3.949447077409163
# Algorithm, state_space_size, action_space_size, delay, sequence_length, reward_density, terminal_state_density, dummy_seed,
PPO 8 8 0 1 0.25 0.25 0 150000 0.6519337016574586 3.947119179163378
# Algorithm, state_space_size, action_space_size, delay, sequence_length, reward_density, terminal_state_density, dummy_seed,
PPO 8 8 0 1 0.25 0.25 0 155000 0.6786858974358975 4.000801282051282
# Algorithm, state_space_size, action_space_size, delay, sequence_length, reward_density, terminal_state_density, dummy_seed,
PPO 8 8 0 1 0.25 0.25 0 160000 0.7 4.204201680672269
# Algorithm, state_space_size, action_space_size, delay, sequence_length, reward_density, terminal_state_density, dummy_seed,
PPO 8 8 0 1 0.25 0.25 0 165000 0.6531746031746032 3.965079365079365
# Algorithm, state_space_size, action_space_size, delay, sequence_length, reward_density, terminal_state_density, dummy_seed,
PPO 8 8 0 1 0.25 0.25 0 170000 0.6847649918962723 4.047811993517018
# Algorithm, state_space_size, action_space_size, delay, sequence_length, reward_density, terminal_state_density, dummy_seed,
PPO 8 8 0 1 0.25 0.25 0 175000 0.710087370929309 3.9801429706115967
# Algorithm, state_space_size, action_space_size, delay, sequence_length, reward_density, terminal_state_density, dummy_seed,
PPO 8 8 0 1 0.25 0.25 0 180000 0.7177672955974843 3.92374213836478
# Algorithm, state_space_size, action_space_size, delay, sequence_length, reward_density, terminal_state_density, dummy_seed,
PPO 8 8 0 1 0.25 0.25 0 185000 0.6725806451612903 4.031451612903226
# Algorithm, state_space_size, action_space_size, delay, sequence_length, reward_density, terminal_state_density, dummy_seed,
PPO 8 8 0 1 0.25 0.25 0 190000 0.7322580645161291 4.041935483870968
# Algorithm, state_space_size, action_space_size, delay, sequence_length, reward_density, terminal_state_density, dummy_seed,
PPO 8 8 0 1 0.25 0.25 0 195000 0.6277777777777778 3.961904761904762
# Algorithm, state_space_size, action_space_size, delay, sequence_length, reward_density, terminal_state_density, dummy_seed,
PPO 8 8 0 1 0.25 0.25 0 200000 0.6661354581673307 3.9872509960159364
# Algorithm, state_space_size, action_space_size, delay, sequence_length, reward_density, terminal_state_density, dummy_seed,
PPO 8 8 0 1 0.25 0.25 1 5000 0.6510015408320493 3.8482280431432976
# Algorithm, state_space_size, action_space_size, delay, sequence_length, reward_density, terminal_state_density, dummy_seed,
PPO 8 8 0 1 0.25 0.25 1 10000 0.6857142857142857 3.965079365079365
# Algorithm, state_space_size, action_space_size, delay, sequence_length, reward_density, terminal_state_density, dummy_seed,
PPO 8 8 0 1 0.25 0.25 1 15000 0.6512509476876421 3.7915087187263077
# Algorithm, state_space_size, action_space_size, delay, sequence_length, reward_density, terminal_state_density, dummy_seed,
PPO 8 8 0 1 0.25 0.25 1 20000 0.7241379310344828 4.106732348111659
# Algorithm, state_space_size, action_space_size, delay, sequence_length, reward_density, terminal_state_density, dummy_seed,
PPO 8 8 0 1 0.25 0.25 1 25000 0.7078838174273859 4.149377593360996
# Algorithm, state_space_size, action_space_size, delay, sequence_length, reward_density, terminal_state_density, dummy_seed,
PPO 8 8 0 1 0.25 0.25 1 30000 0.6328310864393338 3.965107057890563
# Algorithm, state_space_size, action_space_size, delay, sequence_length, reward_density, terminal_state_density, dummy_seed,
PPO 8 8 0 1 0.25 0.25 1 35000 0.6934306569343066 4.044606650446067
# Algorithm, state_space_size, action_space_size, delay, sequence_length, reward_density, terminal_state_density, dummy_seed,
PPO 8 8 0 1 0.25 0.25 1 40000 0.6677713338856669 4.156586578293289
# Algorithm, state_space_size, action_space_size, delay, sequence_length, reward_density, terminal_state_density, dummy_seed,
PPO 8 8 0 1 0.25 0.25 1 45000 0.654281098546042 4.036348949919224
# Algorithm, state_space_size, action_space_size, delay, sequence_length, reward_density, terminal_state_density, dummy_seed,
PPO 8 8 0 1 0.25 0.25 1 50000 0.6458658346333853 3.8985959438377535
# Algorithm, state_space_size, action_space_size, delay, sequence_length, reward_density, terminal_state_density, dummy_seed,
PPO 8 8 0 1 0.25 0.25 1 55000 0.6156957928802589 4.0453074433656955
# Algorithm, state_space_size, action_space_size, delay, sequence_length, reward_density, terminal_state_density, dummy_seed,
PPO 8 8 0 1 0.25 0.25 1 60000 0.6545741324921136 3.944794952681388
# Algorithm, state_space_size, action_space_size, delay, sequence_length, reward_density, terminal_state_density, dummy_seed,
PPO 8 8 0 1 0.25 0.25 1 65000 0.6749598715890851 4.010433386837882
# Algorithm, state_space_size, action_space_size, delay, sequence_length, reward_density, terminal_state_density, dummy_seed,
PPO 8 8 0 1 0.25 0.25 1 70000 0.6486274509803922 3.9262745098039216
# Algorithm, state_space_size, action_space_size, delay, sequence_length, reward_density, terminal_state_density, dummy_seed,
PPO 8 8 0 1 0.25 0.25 1 75000 0.6760676873489122 4.019339242546334
# Algorithm, state_space_size, action_space_size, delay, sequence_length, reward_density, terminal_state_density, dummy_seed,
PPO 8 8 0 1 0.25 0.25 1 80000 0.666934835076428 4.033789219629927
# Algorithm, state_space_size, action_space_size, delay, sequence_length, reward_density, terminal_state_density, dummy_seed,
PPO 8 8 0 1 0.25 0.25 1 85000 0.6705107084019769 4.117792421746294
# Algorithm, state_space_size, action_space_size, delay, sequence_length, reward_density, terminal_state_density, dummy_seed,
PPO 8 8 0 1 0.25 0.25 1 90000 0.6837881219903692 4.006420545746389
# Algorithm, state_space_size, action_space_size, delay, sequence_length, reward_density, terminal_state_density, dummy_seed,
PPO 8 8 0 1 0.25 0.25 1 95000 0.6952686447473937 4.0152365677626305
# Algorithm, state_space_size, action_space_size, delay, sequence_length, reward_density, terminal_state_density, dummy_seed,
PPO 8 8 0 1 0.25 0.25 1 100000 0.6648089171974523 3.9808917197452227
# Algorithm, state_space_size, action_space_size, delay, sequence_length, reward_density, terminal_state_density, dummy_seed,
PPO 8 8 0 1 0.25 0.25 1 105000 0.6601466992665037 4.075794621026895
# Algorithm, state_space_size, action_space_size, delay, sequence_length, reward_density, terminal_state_density, dummy_seed,
PPO 8 8 0 1 0.25 0.25 1 110000 0.7090327737809752 3.993605115907274
# Algorithm, state_space_size, action_space_size, delay, sequence_length, reward_density, terminal_state_density, dummy_seed,
PPO 8 8 0 1 0.25 0.25 1 115000 0.6324655436447167 3.8300153139356814
# Algorithm, state_space_size, action_space_size, delay, sequence_length, reward_density, terminal_state_density, dummy_seed,
PPO 8 8 0 1 0.25 0.25 1 120000 0.6798732171156894 3.958795562599049
# Algorithm, state_space_size, action_space_size, delay, sequence_length, reward_density, terminal_state_density, dummy_seed,
PPO 8 8 0 1 0.25 0.25 1 125000 0.6768 4.0048
# Algorithm, state_space_size, action_space_size, delay, sequence_length, reward_density, terminal_state_density, dummy_seed,
PPO 8 8 0 1 0.25 0.25 1 130000 0.6621405750798722 3.9944089456869007
# Algorithm, state_space_size, action_space_size, delay, sequence_length, reward_density, terminal_state_density, dummy_seed,
PPO 8 8 0 1 0.25 0.25 1 135000 0.683698296836983 4.0535279805352795
# Algorithm, state_space_size, action_space_size, delay, sequence_length, reward_density, terminal_state_density, dummy_seed,
PPO 8 8 0 1 0.25 0.25 1 140000 0.6490952006294256 3.935483870967742
# Algorithm, state_space_size, action_space_size, delay, sequence_length, reward_density, terminal_state_density, dummy_seed,
PPO 8 8 0 1 0.25 0.25 1 145000 0.6442687747035574 3.9494071146245058
# Algorithm, state_space_size, action_space_size, delay, sequence_length, reward_density, terminal_state_density, dummy_seed,
PPO 8 8 0 1 0.25 0.25 1 150000 0.6993569131832797 4.017684887459807
# Algorithm, state_space_size, action_space_size, delay, sequence_length, reward_density, terminal_state_density, dummy_seed,
PPO 8 8 0 1 0.25 0.25 1 155000 0.6859235150528885 4.069975589910496
# Algorithm, state_space_size, action_space_size, delay, sequence_length, reward_density, terminal_state_density, dummy_seed,
PPO 8 8 0 1 0.25 0.25 1 160000 0.6773662551440329 4.116049382716049
# Algorithm, state_space_size, action_space_size, delay, sequence_length, reward_density, terminal_state_density, dummy_seed,
PPO 8 8 0 1 0.25 0.25 1 165000 0.6268540202966433 3.9024199843871976
# Algorithm, state_space_size, action_space_size, delay, sequence_length, reward_density, terminal_state_density, dummy_seed,
PPO 8 8 0 1 0.25 0.25 1 170000 0.6371406371406372 3.8873348873348874
# Algorithm, state_space_size, action_space_size, delay, sequence_length, reward_density, terminal_state_density, dummy_seed,
PPO 8 8 0 1 0.25 0.25 1 175000 0.6979495268138801 3.9384858044164037
# Algorithm, state_space_size, action_space_size, delay, sequence_length, reward_density, terminal_state_density, dummy_seed,
PPO 8 8 0 1 0.25 0.25 1 180000 0.6534351145038167 3.8190839694656487
# Algorithm, state_space_size, action_space_size, delay, sequence_length, reward_density, terminal_state_density, dummy_seed,
PPO 8 8 0 1 0.25 0.25 1 185000 0.6524590163934426 4.0967213114754095
# Algorithm, state_space_size, action_space_size, delay, sequence_length, reward_density, terminal_state_density, dummy_seed,
PPO 8 8 0 1 0.25 0.25 1 190000 0.6569169960474308 3.95098814229249
# Algorithm, state_space_size, action_space_size, delay, sequence_length, reward_density, terminal_state_density, dummy_seed,
PPO 8 8 0 1 0.25 0.25 1 195000 0.6648089171974523 3.977707006369427
# Algorithm, state_space_size, action_space_size, delay, sequence_length, reward_density, terminal_state_density, dummy_seed,
PPO 8 8 0 1 0.25 0.25 1 200000 0.6827371695178849 3.8934681181959565
# Algorithm, state_space_size, action_space_size, delay, sequence_length, reward_density, terminal_state_density, dummy_seed,
PPO 8 8 0 1 0.25 0.25 2 5000 0.6792908944399678 4.0290088638195005
# Algorithm, state_space_size, action_space_size, delay, sequence_length, reward_density, terminal_state_density, dummy_seed,
PPO 8 8 0 1 0.25 0.25 2 10000 0.6527886881382561 3.927729772191673
# Algorithm, state_space_size, action_space_size, delay, sequence_length, reward_density, terminal_state_density, dummy_seed,
PPO 8 8 0 1 0.25 0.25 2 15000 0.7074554294975689 4.047001620745543
# Algorithm, state_space_size, action_space_size, delay, sequence_length, reward_density, terminal_state_density, dummy_seed,
PPO 8 8 0 1 0.25 0.25 2 20000 0.6523101018010963 3.918559122944401
# Algorithm, state_space_size, action_space_size, delay, sequence_length, reward_density, terminal_state_density, dummy_seed,
PPO 8 8 0 1 0.25 0.25 2 25000 0.7026143790849673 4.078431372549019
# Algorithm, state_space_size, action_space_size, delay, sequence_length, reward_density, terminal_state_density, dummy_seed,
PPO 8 8 0 1 0.25 0.25 2 30000 0.7059800664451827 4.158637873754153
# Algorithm, state_space_size, action_space_size, delay, sequence_length, reward_density, terminal_state_density, dummy_seed,
PPO 8 8 0 1 0.25 0.25 2 35000 0.7133333333333334 4.153333333333333
# Algorithm, state_space_size, action_space_size, delay, sequence_length, reward_density, terminal_state_density, dummy_seed,
PPO 8 8 0 1 0.25 0.25 2 40000 0.6744749596122779 4.053311793214863
# Algorithm, state_space_size, action_space_size, delay, sequence_length, reward_density, terminal_state_density, dummy_seed,
PPO 8 8 0 1 0.25 0.25 2 45000 0.7147679324894515 4.215189873417722
# Algorithm, state_space_size, action_space_size, delay, sequence_length, reward_density, terminal_state_density, dummy_seed,
PPO 8 8 0 1 0.25 0.25 2 50000 0.6476115896632733 3.904463586530932
# Algorithm, state_space_size, action_space_size, delay, sequence_length, reward_density, terminal_state_density, dummy_seed,
PPO 8 8 0 1 0.25 0.25 2 55000 0.6750609260763607 4.066612510154346
# Algorithm, state_space_size, action_space_size, delay, sequence_length, reward_density, terminal_state_density, dummy_seed,
PPO 8 8 0 1 0.25 0.25 2 60000 0.6484751203852327 4.021669341894061
# Algorithm, state_space_size, action_space_size, delay, sequence_length, reward_density, terminal_state_density, dummy_seed,
PPO 8 8 0 1 0.25 0.25 2 65000 0.6981436642453591 4.032284100080711
# Algorithm, state_space_size, action_space_size, delay, sequence_length, reward_density, terminal_state_density, dummy_seed,
PPO 8 8 0 1 0.25 0.25 2 70000 0.6249008723235527 3.9666931007137194
# Algorithm, state_space_size, action_space_size, delay, sequence_length, reward_density, terminal_state_density, dummy_seed,
PPO 8 8 0 1 0.25 0.25 2 75000 0.6484018264840182 3.8013698630136985
# Algorithm, state_space_size, action_space_size, delay, sequence_length, reward_density, terminal_state_density, dummy_seed,
PPO 8 8 0 1 0.25 0.25 2 80000 0.6234177215189873 3.9612341772151898
# Algorithm, state_space_size, action_space_size, delay, sequence_length, reward_density, terminal_state_density, dummy_seed,
PPO 8 8 0 1 0.25 0.25 2 85000 0.659217877094972 3.99122106943336
# Algorithm, state_space_size, action_space_size, delay, sequence_length, reward_density, terminal_state_density, dummy_seed,
PPO 8 8 0 1 0.25 0.25 2 90000 0.6632411067193675 3.9486166007905137
# Algorithm, state_space_size, action_space_size, delay, sequence_length, reward_density, terminal_state_density, dummy_seed,
PPO 8 8 0 1 0.25 0.25 2 95000 0.6921824104234527 4.059446254071661
# Algorithm, state_space_size, action_space_size, delay, sequence_length, reward_density, terminal_state_density, dummy_seed,
PPO 8 8 0 1 0.25 0.25 2 100000 0.591012947448591 3.8225437928408224
# Algorithm, state_space_size, action_space_size, delay, sequence_length, reward_density, terminal_state_density, dummy_seed,
PPO 8 8 0 1 0.25 0.25 2 105000 0.6587786259541984 3.816030534351145
# Algorithm, state_space_size, action_space_size, delay, sequence_length, reward_density, terminal_state_density, dummy_seed,
PPO 8 8 0 1 0.25 0.25 2 110000 0.6803472770323599 3.9494869771112864
# Algorithm, state_space_size, action_space_size, delay, sequence_length, reward_density, terminal_state_density, dummy_seed,
PPO 8 8 0 1 0.25 0.25 2 115000 0.6883942766295708 3.972972972972973
# Algorithm, state_space_size, action_space_size, delay, sequence_length, reward_density, terminal_state_density, dummy_seed,
PPO 8 8 0 1 0.25 0.25 2 120000 0.7095158597662772 4.169449081803005
# Algorithm, state_space_size, action_space_size, delay, sequence_length, reward_density, terminal_state_density, dummy_seed,
PPO 8 8 0 1 0.25 0.25 2 125000 0.7036423841059603 4.139900662251655
# Algorithm, state_space_size, action_space_size, delay, sequence_length, reward_density, terminal_state_density, dummy_seed,
PPO 8 8 0 1 0.25 0.25 2 130000 0.666403162055336 3.9573122529644267
# Algorithm, state_space_size, action_space_size, delay, sequence_length, reward_density, terminal_state_density, dummy_seed,
PPO 8 8 0 1 0.25 0.25 2 135000 0.664813343923749 3.9690230341540906
# Algorithm, state_space_size, action_space_size, delay, sequence_length, reward_density, terminal_state_density, dummy_seed,
PPO 8 8 0 1 0.25 0.25 2 140000 0.5996784565916399 4.015273311897106
# Algorithm, state_space_size, action_space_size, delay, sequence_length, reward_density, terminal_state_density, dummy_seed,
PPO 8 8 0 1 0.25 0.25 2 145000 0.6603174603174603 3.973015873015873
# Algorithm, state_space_size, action_space_size, delay, sequence_length, reward_density, terminal_state_density, dummy_seed,
PPO 8 8 0 1 0.25 0.25 2 150000 0.6855500821018062 4.100985221674877
# Algorithm, state_space_size, action_space_size, delay, sequence_length, reward_density, terminal_state_density, dummy_seed,
PPO 8 8 0 1 0.25 0.25 2 155000 0.7110927152317881 4.143211920529802
# Algorithm, state_space_size, action_space_size, delay, sequence_length, reward_density, terminal_state_density, dummy_seed,
PPO 8 8 0 1 0.25 0.25 2 160000 0.6097372488408037 3.8608964451313756
# Algorithm, state_space_size, action_space_size, delay, sequence_length, reward_density, terminal_state_density, dummy_seed,
PPO 8 8 0 1 0.25 0.25 2 165000 0.6343577620173365 3.9424743892829
# Algorithm, state_space_size, action_space_size, delay, sequence_length, reward_density, terminal_state_density, dummy_seed,
PPO 8 8 0 1 0.25 0.25 2 170000 0.7039800995024875 4.145107794361525
# Algorithm, state_space_size, action_space_size, delay, sequence_length, reward_density, terminal_state_density, dummy_seed,
PPO 8 8 0 1 0.25 0.25 2 175000 0.6404669260700389 3.8894941634241245
# Algorithm, state_space_size, action_space_size, delay, sequence_length, reward_density, terminal_state_density, dummy_seed,
PPO 8 8 0 1 0.25 0.25 2 180000 0.6912698412698413 3.9682539682539684
# Algorithm, state_space_size, action_space_size, delay, sequence_length, reward_density, terminal_state_density, dummy_seed,
PPO 8 8 0 1 0.25 0.25 2 185000 0.6168437025796661 3.7974203338391503
# Algorithm, state_space_size, action_space_size, delay, sequence_length, reward_density, terminal_state_density, dummy_seed,
PPO 8 8 0 1 0.25 0.25 2 190000 0.6477007014809041 3.8947778643803583
# Algorithm, state_space_size, action_space_size, delay, sequence_length, reward_density, terminal_state_density, dummy_seed,
PPO 8 8 0 1 0.25 0.25 2 195000 0.7039249146757679 4.263651877133106
# Algorithm, state_space_size, action_space_size, delay, sequence_length, reward_density, terminal_state_density, dummy_seed,
PPO 8 8 0 1 0.25 0.25 2 200000 0.6447574334898278 3.900625978090767
