# Algorithm, state_space_size, action_space_size, delay, sequence_length, reward_density, terminal_state_density, dummy_seed,
PPO 8 8 0 1 0.25 0.25 0 5000 0.6908797417271993 3.9104116222760292
# Algorithm, state_space_size, action_space_size, delay, sequence_length, reward_density, terminal_state_density, dummy_seed,
PPO 8 8 0 1 0.25 0.25 0 10000 0.7335499593826158 4.064175467099918
# Algorithm, state_space_size, action_space_size, delay, sequence_length, reward_density, terminal_state_density, dummy_seed,
PPO 8 8 0 1 0.25 0.25 0 15000 0.6273701566364386 4.064303380049465
# Algorithm, state_space_size, action_space_size, delay, sequence_length, reward_density, terminal_state_density, dummy_seed,
PPO 8 8 0 1 0.25 0.25 0 20000 0.7788309636650869 4.024486571879937
# Algorithm, state_space_size, action_space_size, delay, sequence_length, reward_density, terminal_state_density, dummy_seed,
PPO 8 8 0 1 0.25 0.25 0 25000 0.7903357903357904 4.086814086814087
# Algorithm, state_space_size, action_space_size, delay, sequence_length, reward_density, terminal_state_density, dummy_seed,
PPO 8 8 0 1 0.25 0.25 0 30000 0.6698872785829307 4.00402576489533
# Algorithm, state_space_size, action_space_size, delay, sequence_length, reward_density, terminal_state_density, dummy_seed,
PPO 8 8 0 1 0.25 0.25 0 35000 0.6886715566422168 4.06601466992665
# Algorithm, state_space_size, action_space_size, delay, sequence_length, reward_density, terminal_state_density, dummy_seed,
PPO 8 8 0 1 0.25 0.25 0 40000 0.7050653594771242 4.065359477124183
# Algorithm, state_space_size, action_space_size, delay, sequence_length, reward_density, terminal_state_density, dummy_seed,
PPO 8 8 0 1 0.25 0.25 0 45000 0.6507692307692308 3.8815384615384616
# Algorithm, state_space_size, action_space_size, delay, sequence_length, reward_density, terminal_state_density, dummy_seed,
PPO 8 8 0 1 0.25 0.25 0 50000 0.6996726677577741 4.118657937806874
# Algorithm, state_space_size, action_space_size, delay, sequence_length, reward_density, terminal_state_density, dummy_seed,
PPO 8 8 0 1 0.25 0.25 0 55000 0.598731165741475 3.908009516256939
# Algorithm, state_space_size, action_space_size, delay, sequence_length, reward_density, terminal_state_density, dummy_seed,
PPO 8 8 0 1 0.25 0.25 0 60000 0.6784591194968553 3.966194968553459
# Algorithm, state_space_size, action_space_size, delay, sequence_length, reward_density, terminal_state_density, dummy_seed,
PPO 8 8 0 1 0.25 0.25 0 65000 0.6169193934557063 3.9784517158818833
# Algorithm, state_space_size, action_space_size, delay, sequence_length, reward_density, terminal_state_density, dummy_seed,
PPO 8 8 0 1 0.25 0.25 0 70000 0.6735028712059065 4.113207547169812
# Algorithm, state_space_size, action_space_size, delay, sequence_length, reward_density, terminal_state_density, dummy_seed,
PPO 8 8 0 1 0.25 0.25 0 75000 0.7178423236514523 4.151867219917013
# Algorithm, state_space_size, action_space_size, delay, sequence_length, reward_density, terminal_state_density, dummy_seed,
PPO 8 8 0 1 0.25 0.25 0 80000 0.6028708133971292 3.9617224880382773
# Algorithm, state_space_size, action_space_size, delay, sequence_length, reward_density, terminal_state_density, dummy_seed,
PPO 8 8 0 1 0.25 0.25 0 85000 0.6774475524475524 4.366258741258742
# Algorithm, state_space_size, action_space_size, delay, sequence_length, reward_density, terminal_state_density, dummy_seed,
PPO 8 8 0 1 0.25 0.25 0 90000 0.7073365231259968 3.978468899521531
# Algorithm, state_space_size, action_space_size, delay, sequence_length, reward_density, terminal_state_density, dummy_seed,
PPO 8 8 0 1 0.25 0.25 0 95000 0.6716417910447762 3.9088766692851533
# Algorithm, state_space_size, action_space_size, delay, sequence_length, reward_density, terminal_state_density, dummy_seed,
PPO 8 8 0 1 0.25 0.25 0 100000 0.6844660194174758 4.068770226537217
# Algorithm, state_space_size, action_space_size, delay, sequence_length, reward_density, terminal_state_density, dummy_seed,
PPO 8 8 0 1 0.25 0.25 0 105000 0.6878612716763006 4.123038810900082
# Algorithm, state_space_size, action_space_size, delay, sequence_length, reward_density, terminal_state_density, dummy_seed,
PPO 8 8 0 1 0.25 0.25 0 110000 0.6816720257234726 4.056270096463023
# Algorithm, state_space_size, action_space_size, delay, sequence_length, reward_density, terminal_state_density, dummy_seed,
PPO 8 8 0 1 0.25 0.25 0 115000 0.6842961757526445 4.040683482506102
# Algorithm, state_space_size, action_space_size, delay, sequence_length, reward_density, terminal_state_density, dummy_seed,
PPO 8 8 0 1 0.25 0.25 0 120000 0.6404320987654321 3.91820987654321
# Algorithm, state_space_size, action_space_size, delay, sequence_length, reward_density, terminal_state_density, dummy_seed,
PPO 8 8 0 1 0.25 0.25 0 125000 0.6500402252614642 3.933226065969429
# Algorithm, state_space_size, action_space_size, delay, sequence_length, reward_density, terminal_state_density, dummy_seed,
PPO 8 8 0 1 0.25 0.25 0 130000 0.6929196499602227 4.008750994431185
# Algorithm, state_space_size, action_space_size, delay, sequence_length, reward_density, terminal_state_density, dummy_seed,
PPO 8 8 0 1 0.25 0.25 0 135000 0.6485849056603774 3.9394654088050314
# Algorithm, state_space_size, action_space_size, delay, sequence_length, reward_density, terminal_state_density, dummy_seed,
PPO 8 8 0 1 0.25 0.25 0 140000 0.6571892770105605 4.074735987002437
# Algorithm, state_space_size, action_space_size, delay, sequence_length, reward_density, terminal_state_density, dummy_seed,
PPO 8 8 0 1 0.25 0.25 0 145000 0.6092767295597484 3.92374213836478
# Algorithm, state_space_size, action_space_size, delay, sequence_length, reward_density, terminal_state_density, dummy_seed,
PPO 8 8 0 1 0.25 0.25 0 150000 0.6559485530546624 4.004823151125402
# Algorithm, state_space_size, action_space_size, delay, sequence_length, reward_density, terminal_state_density, dummy_seed,
PPO 8 8 0 1 0.25 0.25 0 155000 0.6951219512195121 4.087804878048781
# Algorithm, state_space_size, action_space_size, delay, sequence_length, reward_density, terminal_state_density, dummy_seed,
PPO 8 8 0 1 0.25 0.25 0 160000 0.662754303599374 3.8982785602503913
# Algorithm, state_space_size, action_space_size, delay, sequence_length, reward_density, terminal_state_density, dummy_seed,
PPO 8 8 0 1 0.25 0.25 0 165000 0.6969205834683955 4.035656401944895
# Algorithm, state_space_size, action_space_size, delay, sequence_length, reward_density, terminal_state_density, dummy_seed,
PPO 8 8 0 1 0.25 0.25 0 170000 0.6440816326530612 4.064489795918368
# Algorithm, state_space_size, action_space_size, delay, sequence_length, reward_density, terminal_state_density, dummy_seed,
PPO 8 8 0 1 0.25 0.25 0 175000 0.7018385291766587 4.042366107114309
# Algorithm, state_space_size, action_space_size, delay, sequence_length, reward_density, terminal_state_density, dummy_seed,
PPO 8 8 0 1 0.25 0.25 0 180000 0.7293729372937293 4.072607260726072
# Algorithm, state_space_size, action_space_size, delay, sequence_length, reward_density, terminal_state_density, dummy_seed,
PPO 8 8 0 1 0.25 0.25 0 185000 0.6217257318952234 3.8821263482280433
# Algorithm, state_space_size, action_space_size, delay, sequence_length, reward_density, terminal_state_density, dummy_seed,
PPO 8 8 0 1 0.25 0.25 0 190000 0.6753968253968254 3.9404761904761907
# Algorithm, state_space_size, action_space_size, delay, sequence_length, reward_density, terminal_state_density, dummy_seed,
PPO 8 8 0 1 0.25 0.25 0 195000 0.6936866718628215 3.9204988308651596
# Algorithm, state_space_size, action_space_size, delay, sequence_length, reward_density, terminal_state_density, dummy_seed,
PPO 8 8 0 1 0.25 0.25 0 200000 0.6912 3.9848
# Algorithm, state_space_size, action_space_size, delay, sequence_length, reward_density, terminal_state_density, dummy_seed,
PPO 8 8 0 1 0.25 0.25 1 5000 0.6674454828660437 3.7858255451713396
# Algorithm, state_space_size, action_space_size, delay, sequence_length, reward_density, terminal_state_density, dummy_seed,
PPO 8 8 0 1 0.25 0.25 1 10000 0.7463533225283631 4.046191247974068
# Algorithm, state_space_size, action_space_size, delay, sequence_length, reward_density, terminal_state_density, dummy_seed,
PPO 8 8 0 1 0.25 0.25 1 15000 0.6060358890701468 4.010603588907014
# Algorithm, state_space_size, action_space_size, delay, sequence_length, reward_density, terminal_state_density, dummy_seed,
PPO 8 8 0 1 0.25 0.25 1 20000 0.7867647058823529 4.1004901960784315
# Algorithm, state_space_size, action_space_size, delay, sequence_length, reward_density, terminal_state_density, dummy_seed,
PPO 8 8 0 1 0.25 0.25 1 25000 0.7377593360995851 4.189211618257262
# Algorithm, state_space_size, action_space_size, delay, sequence_length, reward_density, terminal_state_density, dummy_seed,
PPO 8 8 0 1 0.25 0.25 1 30000 0.7027027027027027 4.1023751023751025
# Algorithm, state_space_size, action_space_size, delay, sequence_length, reward_density, terminal_state_density, dummy_seed,
PPO 8 8 0 1 0.25 0.25 1 35000 0.7535387177352206 4.139883430474605
# Algorithm, state_space_size, action_space_size, delay, sequence_length, reward_density, terminal_state_density, dummy_seed,
PPO 8 8 0 1 0.25 0.25 1 40000 0.7195723684210527 4.121710526315789
# Algorithm, state_space_size, action_space_size, delay, sequence_length, reward_density, terminal_state_density, dummy_seed,
PPO 8 8 0 1 0.25 0.25 1 45000 0.6887796887796888 4.134316134316134
# Algorithm, state_space_size, action_space_size, delay, sequence_length, reward_density, terminal_state_density, dummy_seed,
PPO 8 8 0 1 0.25 0.25 1 50000 0.6576217079010375 3.970470869912211
# Algorithm, state_space_size, action_space_size, delay, sequence_length, reward_density, terminal_state_density, dummy_seed,
PPO 8 8 0 1 0.25 0.25 1 55000 0.6279257465698144 4.030669895076675
# Algorithm, state_space_size, action_space_size, delay, sequence_length, reward_density, terminal_state_density, dummy_seed,
PPO 8 8 0 1 0.25 0.25 1 60000 0.6641729010806318 4.107231920199501
# Algorithm, state_space_size, action_space_size, delay, sequence_length, reward_density, terminal_state_density, dummy_seed,
PPO 8 8 0 1 0.25 0.25 1 65000 0.6791530944625407 4.128664495114006
# Algorithm, state_space_size, action_space_size, delay, sequence_length, reward_density, terminal_state_density, dummy_seed,
PPO 8 8 0 1 0.25 0.25 1 70000 0.6556982343499197 3.9935794542536116
# Algorithm, state_space_size, action_space_size, delay, sequence_length, reward_density, terminal_state_density, dummy_seed,
PPO 8 8 0 1 0.25 0.25 1 75000 0.5935085007727975 3.8230293663060277
# Algorithm, state_space_size, action_space_size, delay, sequence_length, reward_density, terminal_state_density, dummy_seed,
PPO 8 8 0 1 0.25 0.25 1 80000 0.6340523882896765 3.8906009244992297
# Algorithm, state_space_size, action_space_size, delay, sequence_length, reward_density, terminal_state_density, dummy_seed,
PPO 8 8 0 1 0.25 0.25 1 85000 0.6666666666666666 3.977201257861635
# Algorithm, state_space_size, action_space_size, delay, sequence_length, reward_density, terminal_state_density, dummy_seed,
PPO 8 8 0 1 0.25 0.25 1 90000 0.6484560570071259 3.9097387173396676
# Algorithm, state_space_size, action_space_size, delay, sequence_length, reward_density, terminal_state_density, dummy_seed,
PPO 8 8 0 1 0.25 0.25 1 95000 0.7022292993630573 3.9928343949044587
# Algorithm, state_space_size, action_space_size, delay, sequence_length, reward_density, terminal_state_density, dummy_seed,
PPO 8 8 0 1 0.25 0.25 1 100000 0.6482602118003026 3.7972768532526473
# Algorithm, state_space_size, action_space_size, delay, sequence_length, reward_density, terminal_state_density, dummy_seed,
PPO 8 8 0 1 0.25 0.25 1 105000 0.7275 4.165
# Algorithm, state_space_size, action_space_size, delay, sequence_length, reward_density, terminal_state_density, dummy_seed,
PPO 8 8 0 1 0.25 0.25 1 110000 0.6794141578519122 4.082180634662327
# Algorithm, state_space_size, action_space_size, delay, sequence_length, reward_density, terminal_state_density, dummy_seed,
PPO 8 8 0 1 0.25 0.25 1 115000 0.6466108149276466 3.7897943640517897
# Algorithm, state_space_size, action_space_size, delay, sequence_length, reward_density, terminal_state_density, dummy_seed,
PPO 8 8 0 1 0.25 0.25 1 120000 0.6788025889967637 4.036407766990291
# Algorithm, state_space_size, action_space_size, delay, sequence_length, reward_density, terminal_state_density, dummy_seed,
PPO 8 8 0 1 0.25 0.25 1 125000 0.6856913183279743 3.9710610932475885
# Algorithm, state_space_size, action_space_size, delay, sequence_length, reward_density, terminal_state_density, dummy_seed,
PPO 8 8 0 1 0.25 0.25 1 130000 0.6844621513944223 4.01593625498008
# Algorithm, state_space_size, action_space_size, delay, sequence_length, reward_density, terminal_state_density, dummy_seed,
PPO 8 8 0 1 0.25 0.25 1 135000 0.6704637917005696 4.030919446704638
# Algorithm, state_space_size, action_space_size, delay, sequence_length, reward_density, terminal_state_density, dummy_seed,
PPO 8 8 0 1 0.25 0.25 1 140000 0.6606156274664562 3.9676400947119177
# Algorithm, state_space_size, action_space_size, delay, sequence_length, reward_density, terminal_state_density, dummy_seed,
PPO 8 8 0 1 0.25 0.25 1 145000 0.6862265688671557 4.123879380603097
# Algorithm, state_space_size, action_space_size, delay, sequence_length, reward_density, terminal_state_density, dummy_seed,
PPO 8 8 0 1 0.25 0.25 1 150000 0.690176322418136 4.126784214945424
# Algorithm, state_space_size, action_space_size, delay, sequence_length, reward_density, terminal_state_density, dummy_seed,
PPO 8 8 0 1 0.25 0.25 1 155000 0.6614296936370778 3.969363707776905
# Algorithm, state_space_size, action_space_size, delay, sequence_length, reward_density, terminal_state_density, dummy_seed,
PPO 8 8 0 1 0.25 0.25 1 160000 0.6647540983606557 4.062295081967213
# Algorithm, state_space_size, action_space_size, delay, sequence_length, reward_density, terminal_state_density, dummy_seed,
PPO 8 8 0 1 0.25 0.25 1 165000 0.7376644736842105 4.129111842105263
# Algorithm, state_space_size, action_space_size, delay, sequence_length, reward_density, terminal_state_density, dummy_seed,
PPO 8 8 0 1 0.25 0.25 1 170000 0.621455938697318 3.835249042145594
# Algorithm, state_space_size, action_space_size, delay, sequence_length, reward_density, terminal_state_density, dummy_seed,
PPO 8 8 0 1 0.25 0.25 1 175000 0.6761744966442953 4.218959731543624
# Algorithm, state_space_size, action_space_size, delay, sequence_length, reward_density, terminal_state_density, dummy_seed,
PPO 8 8 0 1 0.25 0.25 1 180000 0.6609508963367108 3.915822291504287
# Algorithm, state_space_size, action_space_size, delay, sequence_length, reward_density, terminal_state_density, dummy_seed,
PPO 8 8 0 1 0.25 0.25 1 185000 0.7323704333050127 4.201359388275276
# Algorithm, state_space_size, action_space_size, delay, sequence_length, reward_density, terminal_state_density, dummy_seed,
PPO 8 8 0 1 0.25 0.25 1 190000 0.6690647482014388 3.991207034372502
# Algorithm, state_space_size, action_space_size, delay, sequence_length, reward_density, terminal_state_density, dummy_seed,
PPO 8 8 0 1 0.25 0.25 1 195000 0.7322709163346613 3.9832669322709164
# Algorithm, state_space_size, action_space_size, delay, sequence_length, reward_density, terminal_state_density, dummy_seed,
PPO 8 8 0 1 0.25 0.25 1 200000 0.7139479905437353 3.9826635145784084
# Algorithm, state_space_size, action_space_size, delay, sequence_length, reward_density, terminal_state_density, dummy_seed,
PPO 8 8 0 1 0.25 0.25 2 5000 0.6863560732113144 4.000831946755408
# Algorithm, state_space_size, action_space_size, delay, sequence_length, reward_density, terminal_state_density, dummy_seed,
PPO 8 8 0 1 0.25 0.25 2 10000 0.7789305666400639 4.024740622505986
# Algorithm, state_space_size, action_space_size, delay, sequence_length, reward_density, terminal_state_density, dummy_seed,
PPO 8 8 0 1 0.25 0.25 2 15000 0.6128538638102525 3.8538638102524865
# Algorithm, state_space_size, action_space_size, delay, sequence_length, reward_density, terminal_state_density, dummy_seed,
PPO 8 8 0 1 0.25 0.25 2 20000 0.7627257799671593 4.079638752052545
# Algorithm, state_space_size, action_space_size, delay, sequence_length, reward_density, terminal_state_density, dummy_seed,
PPO 8 8 0 1 0.25 0.25 2 25000 0.6862745098039216 4.045751633986928
# Algorithm, state_space_size, action_space_size, delay, sequence_length, reward_density, terminal_state_density, dummy_seed,
PPO 8 8 0 1 0.25 0.25 2 30000 0.6568 4.0096
# Algorithm, state_space_size, action_space_size, delay, sequence_length, reward_density, terminal_state_density, dummy_seed,
PPO 8 8 0 1 0.25 0.25 2 35000 0.6524767801857585 3.8854489164086687
# Algorithm, state_space_size, action_space_size, delay, sequence_length, reward_density, terminal_state_density, dummy_seed,
PPO 8 8 0 1 0.25 0.25 2 40000 0.6712328767123288 4.03303787268332
# Algorithm, state_space_size, action_space_size, delay, sequence_length, reward_density, terminal_state_density, dummy_seed,
PPO 8 8 0 1 0.25 0.25 2 45000 0.7226337448559671 4.129218106995885
# Algorithm, state_space_size, action_space_size, delay, sequence_length, reward_density, terminal_state_density, dummy_seed,
PPO 8 8 0 1 0.25 0.25 2 50000 0.6556982343499197 3.9414125200642056
# Algorithm, state_space_size, action_space_size, delay, sequence_length, reward_density, terminal_state_density, dummy_seed,
PPO 8 8 0 1 0.25 0.25 2 55000 0.6288492706645057 4.138573743922204
# Algorithm, state_space_size, action_space_size, delay, sequence_length, reward_density, terminal_state_density, dummy_seed,
PPO 8 8 0 1 0.25 0.25 2 60000 0.6363636363636364 3.9609250398724085
# Algorithm, state_space_size, action_space_size, delay, sequence_length, reward_density, terminal_state_density, dummy_seed,
PPO 8 8 0 1 0.25 0.25 2 65000 0.6206896551724138 3.927115987460815
# Algorithm, state_space_size, action_space_size, delay, sequence_length, reward_density, terminal_state_density, dummy_seed,
PPO 8 8 0 1 0.25 0.25 2 70000 0.6221161495624503 3.964200477326969
# Algorithm, state_space_size, action_space_size, delay, sequence_length, reward_density, terminal_state_density, dummy_seed,
PPO 8 8 0 1 0.25 0.25 2 75000 0.6584564860426929 4.084564860426929
# Algorithm, state_space_size, action_space_size, delay, sequence_length, reward_density, terminal_state_density, dummy_seed,
PPO 8 8 0 1 0.25 0.25 2 80000 0.6347826086956522 3.9786561264822136
# Algorithm, state_space_size, action_space_size, delay, sequence_length, reward_density, terminal_state_density, dummy_seed,
PPO 8 8 0 1 0.25 0.25 2 85000 0.6304849884526559 3.846805234795997
# Algorithm, state_space_size, action_space_size, delay, sequence_length, reward_density, terminal_state_density, dummy_seed,
PPO 8 8 0 1 0.25 0.25 2 90000 0.731647634584013 4.075040783034257
# Algorithm, state_space_size, action_space_size, delay, sequence_length, reward_density, terminal_state_density, dummy_seed,
PPO 8 8 0 1 0.25 0.25 2 95000 0.6759112519809826 3.9786053882725834
# Algorithm, state_space_size, action_space_size, delay, sequence_length, reward_density, terminal_state_density, dummy_seed,
PPO 8 8 0 1 0.25 0.25 2 100000 0.6240963855421687 3.9542168674698797
# Algorithm, state_space_size, action_space_size, delay, sequence_length, reward_density, terminal_state_density, dummy_seed,
PPO 8 8 0 1 0.25 0.25 2 105000 0.7069256756756757 4.257601351351352
# Algorithm, state_space_size, action_space_size, delay, sequence_length, reward_density, terminal_state_density, dummy_seed,
PPO 8 8 0 1 0.25 0.25 2 110000 0.687800963081862 4.013643659711075
# Algorithm, state_space_size, action_space_size, delay, sequence_length, reward_density, terminal_state_density, dummy_seed,
PPO 8 8 0 1 0.25 0.25 2 115000 0.6941747572815534 4.053398058252427
# Algorithm, state_space_size, action_space_size, delay, sequence_length, reward_density, terminal_state_density, dummy_seed,
PPO 8 8 0 1 0.25 0.25 2 120000 0.6634066829665851 4.06356968215159
# Algorithm, state_space_size, action_space_size, delay, sequence_length, reward_density, terminal_state_density, dummy_seed,
PPO 8 8 0 1 0.25 0.25 2 125000 0.7019230769230769 4.000801282051282
# Algorithm, state_space_size, action_space_size, delay, sequence_length, reward_density, terminal_state_density, dummy_seed,
PPO 8 8 0 1 0.25 0.25 2 130000 0.6661490683229814 3.864130434782609
# Algorithm, state_space_size, action_space_size, delay, sequence_length, reward_density, terminal_state_density, dummy_seed,
PPO 8 8 0 1 0.25 0.25 2 135000 0.6406995230524642 3.9896661367249604
# Algorithm, state_space_size, action_space_size, delay, sequence_length, reward_density, terminal_state_density, dummy_seed,
PPO 8 8 0 1 0.25 0.25 2 140000 0.6566929133858268 3.967716535433071
# Algorithm, state_space_size, action_space_size, delay, sequence_length, reward_density, terminal_state_density, dummy_seed,
PPO 8 8 0 1 0.25 0.25 2 145000 0.6687647521636507 3.941778127458694
# Algorithm, state_space_size, action_space_size, delay, sequence_length, reward_density, terminal_state_density, dummy_seed,
PPO 8 8 0 1 0.25 0.25 2 150000 0.6602409638554216 3.969477911646586
# Algorithm, state_space_size, action_space_size, delay, sequence_length, reward_density, terminal_state_density, dummy_seed,
PPO 8 8 0 1 0.25 0.25 2 155000 0.7280334728033473 4.186610878661088
# Algorithm, state_space_size, action_space_size, delay, sequence_length, reward_density, terminal_state_density, dummy_seed,
PPO 8 8 0 1 0.25 0.25 2 160000 0.6342229199372057 3.9803767660910516
# Algorithm, state_space_size, action_space_size, delay, sequence_length, reward_density, terminal_state_density, dummy_seed,
PPO 8 8 0 1 0.25 0.25 2 165000 0.6140757927300851 3.8151585460170145
# Algorithm, state_space_size, action_space_size, delay, sequence_length, reward_density, terminal_state_density, dummy_seed,
PPO 8 8 0 1 0.25 0.25 2 170000 0.6679873217115689 3.9904912836767035
# Algorithm, state_space_size, action_space_size, delay, sequence_length, reward_density, terminal_state_density, dummy_seed,
PPO 8 8 0 1 0.25 0.25 2 175000 0.6690647482014388 4.0063948840927255
# Algorithm, state_space_size, action_space_size, delay, sequence_length, reward_density, terminal_state_density, dummy_seed,
PPO 8 8 0 1 0.25 0.25 2 180000 0.6287051482059283 3.8510140405616227
# Algorithm, state_space_size, action_space_size, delay, sequence_length, reward_density, terminal_state_density, dummy_seed,
PPO 8 8 0 1 0.25 0.25 2 185000 0.6740858505564388 3.996025437201908
# Algorithm, state_space_size, action_space_size, delay, sequence_length, reward_density, terminal_state_density, dummy_seed,
PPO 8 8 0 1 0.25 0.25 2 190000 0.706342991386061 3.9169929522317934
# Algorithm, state_space_size, action_space_size, delay, sequence_length, reward_density, terminal_state_density, dummy_seed,
PPO 8 8 0 1 0.25 0.25 2 195000 0.7335526315789473 4.1011513157894735
# Algorithm, state_space_size, action_space_size, delay, sequence_length, reward_density, terminal_state_density, dummy_seed,
PPO 8 8 0 1 0.25 0.25 2 200000 0.6872616323417239 3.849733028222731
# Algorithm, state_space_size, action_space_size, delay, sequence_length, reward_density, terminal_state_density, dummy_seed,
PPO 8 8 0 1 0.25 0.25 0 5000 0.6343825665859564 3.9160613397901534
# Algorithm, state_space_size, action_space_size, delay, sequence_length, reward_density, terminal_state_density, dummy_seed,
PPO 8 8 0 1 0.25 0.25 0 10000 0.7466243050039714 3.9475774424146146
# Algorithm, state_space_size, action_space_size, delay, sequence_length, reward_density, terminal_state_density, dummy_seed,
PPO 8 8 0 1 0.25 0.25 0 15000 0.6357199055861527 3.973249409913454
# Algorithm, state_space_size, action_space_size, delay, sequence_length, reward_density, terminal_state_density, dummy_seed,
PPO 8 8 0 1 0.25 0.25 0 20000 0.7566539923954373 3.7665399239543724
# Algorithm, state_space_size, action_space_size, delay, sequence_length, reward_density, terminal_state_density, dummy_seed,
PPO 8 8 0 1 0.25 0.25 0 25000 0.7331670822942643 4.092269326683292
# Algorithm, state_space_size, action_space_size, delay, sequence_length, reward_density, terminal_state_density, dummy_seed,
PPO 8 8 0 1 0.25 0.25 0 30000 0.6942622950819672 4.15
# Algorithm, state_space_size, action_space_size, delay, sequence_length, reward_density, terminal_state_density, dummy_seed,
PPO 8 8 0 1 0.25 0.25 0 35000 0.7502047502047502 4.109746109746109
# Algorithm, state_space_size, action_space_size, delay, sequence_length, reward_density, terminal_state_density, dummy_seed,
PPO 8 8 0 1 0.25 0.25 0 40000 0.6656176239181747 3.948859166011015
# Algorithm, state_space_size, action_space_size, delay, sequence_length, reward_density, terminal_state_density, dummy_seed,
PPO 8 8 0 1 0.25 0.25 0 45000 0.6505928853754941 3.973122529644269
# Algorithm, state_space_size, action_space_size, delay, sequence_length, reward_density, terminal_state_density, dummy_seed,
PPO 8 8 0 1 0.25 0.25 0 50000 0.6438986953184958 3.792018419033001
# Algorithm, state_space_size, action_space_size, delay, sequence_length, reward_density, terminal_state_density, dummy_seed,
PPO 8 8 0 1 0.25 0.25 0 55000 0.6614368290668868 4.153592072667217
# Algorithm, state_space_size, action_space_size, delay, sequence_length, reward_density, terminal_state_density, dummy_seed,
PPO 8 8 0 1 0.25 0.25 0 60000 0.6536267318663407 4.084759576202119
# Algorithm, state_space_size, action_space_size, delay, sequence_length, reward_density, terminal_state_density, dummy_seed,
PPO 8 8 0 1 0.25 0.25 0 65000 0.6115506329113924 3.9066455696202533
# Algorithm, state_space_size, action_space_size, delay, sequence_length, reward_density, terminal_state_density, dummy_seed,
PPO 8 8 0 1 0.25 0.25 0 70000 0.6441476826394344 3.948939512961508
# Algorithm, state_space_size, action_space_size, delay, sequence_length, reward_density, terminal_state_density, dummy_seed,
PPO 8 8 0 1 0.25 0.25 0 75000 0.6701444622792937 3.9775280898876404
# Algorithm, state_space_size, action_space_size, delay, sequence_length, reward_density, terminal_state_density, dummy_seed,
PPO 8 8 0 1 0.25 0.25 0 80000 0.5796992481203007 3.8075187969924813
# Algorithm, state_space_size, action_space_size, delay, sequence_length, reward_density, terminal_state_density, dummy_seed,
PPO 8 8 0 1 0.25 0.25 0 85000 0.6356275303643725 4.081781376518219
# Algorithm, state_space_size, action_space_size, delay, sequence_length, reward_density, terminal_state_density, dummy_seed,
PPO 8 8 0 1 0.25 0.25 0 90000 0.726825266611977 4.0541427399507795
# Algorithm, state_space_size, action_space_size, delay, sequence_length, reward_density, terminal_state_density, dummy_seed,
PPO 8 8 0 1 0.25 0.25 0 95000 0.6718115353371243 4.068237205523964
# Algorithm, state_space_size, action_space_size, delay, sequence_length, reward_density, terminal_state_density, dummy_seed,
PPO 8 8 0 1 0.25 0.25 0 100000 0.6765175718849841 4.022364217252396
# Algorithm, state_space_size, action_space_size, delay, sequence_length, reward_density, terminal_state_density, dummy_seed,
PPO 8 8 0 1 0.25 0.25 0 105000 0.6465448768864178 3.9428117553613977
# Algorithm, state_space_size, action_space_size, delay, sequence_length, reward_density, terminal_state_density, dummy_seed,
PPO 8 8 0 1 0.25 0.25 0 110000 0.6661211129296236 4.100654664484452
# Algorithm, state_space_size, action_space_size, delay, sequence_length, reward_density, terminal_state_density, dummy_seed,
PPO 8 8 0 1 0.25 0.25 0 115000 0.655724579663731 3.9519615692554044
# Algorithm, state_space_size, action_space_size, delay, sequence_length, reward_density, terminal_state_density, dummy_seed,
PPO 8 8 0 1 0.25 0.25 0 120000 0.6782820097244733 4.1191247974068075
# Algorithm, state_space_size, action_space_size, delay, sequence_length, reward_density, terminal_state_density, dummy_seed,
PPO 8 8 0 1 0.25 0.25 0 125000 0.6699186991869919 4.0528455284552845
# Algorithm, state_space_size, action_space_size, delay, sequence_length, reward_density, terminal_state_density, dummy_seed,
PPO 8 8 0 1 0.25 0.25 0 130000 0.6489028213166145 3.8793103448275863
# Algorithm, state_space_size, action_space_size, delay, sequence_length, reward_density, terminal_state_density, dummy_seed,
PPO 8 8 0 1 0.25 0.25 0 135000 0.6526898734177216 3.992088607594937
# Algorithm, state_space_size, action_space_size, delay, sequence_length, reward_density, terminal_state_density, dummy_seed,
PPO 8 8 0 1 0.25 0.25 0 140000 0.6211764705882353 3.940392156862745
# Algorithm, state_space_size, action_space_size, delay, sequence_length, reward_density, terminal_state_density, dummy_seed,
PPO 8 8 0 1 0.25 0.25 0 145000 0.6831442463533225 4.008914100486224
# Algorithm, state_space_size, action_space_size, delay, sequence_length, reward_density, terminal_state_density, dummy_seed,
PPO 8 8 0 1 0.25 0.25 0 150000 0.6576217079010375 4.003990422984836
# Algorithm, state_space_size, action_space_size, delay, sequence_length, reward_density, terminal_state_density, dummy_seed,
PPO 8 8 0 1 0.25 0.25 0 155000 0.7115222876366695 4.169049621530698
# Algorithm, state_space_size, action_space_size, delay, sequence_length, reward_density, terminal_state_density, dummy_seed,
PPO 8 8 0 1 0.25 0.25 0 160000 0.6666666666666666 4.043165467625899
# Algorithm, state_space_size, action_space_size, delay, sequence_length, reward_density, terminal_state_density, dummy_seed,
PPO 8 8 0 1 0.25 0.25 0 165000 0.6706634692246203 3.9752198241406873
# Algorithm, state_space_size, action_space_size, delay, sequence_length, reward_density, terminal_state_density, dummy_seed,
PPO 8 8 0 1 0.25 0.25 0 170000 0.6609477124183006 4.109477124183006
# Algorithm, state_space_size, action_space_size, delay, sequence_length, reward_density, terminal_state_density, dummy_seed,
PPO 8 8 0 1 0.25 0.25 0 175000 0.6596263200649878 4.086921202274573
# Algorithm, state_space_size, action_space_size, delay, sequence_length, reward_density, terminal_state_density, dummy_seed,
PPO 8 8 0 1 0.25 0.25 0 180000 0.6831442463533225 3.9854132901134522
# Algorithm, state_space_size, action_space_size, delay, sequence_length, reward_density, terminal_state_density, dummy_seed,
PPO 8 8 0 1 0.25 0.25 0 185000 0.7148562300319489 4.052715654952077
# Algorithm, state_space_size, action_space_size, delay, sequence_length, reward_density, terminal_state_density, dummy_seed,
PPO 8 8 0 1 0.25 0.25 0 190000 0.7037630104083267 3.977582065652522
# Algorithm, state_space_size, action_space_size, delay, sequence_length, reward_density, terminal_state_density, dummy_seed,
PPO 8 8 0 1 0.25 0.25 0 195000 0.7522935779816514 4.168473728106756
# Algorithm, state_space_size, action_space_size, delay, sequence_length, reward_density, terminal_state_density, dummy_seed,
PPO 8 8 0 1 0.25 0.25 0 200000 0.7516611295681063 4.098837209302325
