# Algorithm, state_space_size, action_space_size, delay, sequence_length, reward_density, terminal_state_density, dummy_seed,
PPO 8 8 0 1 0.25 0.25 0 5000 0.668825910931174 3.935222672064777
# Algorithm, state_space_size, action_space_size, delay, sequence_length, reward_density, terminal_state_density, dummy_seed,
PPO 8 8 0 1 0.25 0.25 0 10000 0.7139516757599377 3.8978955572876073
# Algorithm, state_space_size, action_space_size, delay, sequence_length, reward_density, terminal_state_density, dummy_seed,
PPO 8 8 0 1 0.25 0.25 0 15000 0.6311407160699417 4.15736885928393
# Algorithm, state_space_size, action_space_size, delay, sequence_length, reward_density, terminal_state_density, dummy_seed,
PPO 8 8 0 1 0.25 0.25 0 20000 0.7501988862370724 3.939538583929992
# Algorithm, state_space_size, action_space_size, delay, sequence_length, reward_density, terminal_state_density, dummy_seed,
PPO 8 8 0 1 0.25 0.25 0 25000 0.7041053446940356 3.9186676994577847
# Algorithm, state_space_size, action_space_size, delay, sequence_length, reward_density, terminal_state_density, dummy_seed,
PPO 8 8 0 1 0.25 0.25 0 30000 0.6462917685411573 4.049714751426243
# Algorithm, state_space_size, action_space_size, delay, sequence_length, reward_density, terminal_state_density, dummy_seed,
PPO 8 8 0 1 0.25 0.25 0 35000 0.6908646003262643 4.077487765089723
# Algorithm, state_space_size, action_space_size, delay, sequence_length, reward_density, terminal_state_density, dummy_seed,
PPO 8 8 0 1 0.25 0.25 0 40000 0.6788553259141494 3.992845786963434
# Algorithm, state_space_size, action_space_size, delay, sequence_length, reward_density, terminal_state_density, dummy_seed,
PPO 8 8 0 1 0.25 0.25 0 45000 0.6687948922585794 3.9664804469273744
# Algorithm, state_space_size, action_space_size, delay, sequence_length, reward_density, terminal_state_density, dummy_seed,
PPO 8 8 0 1 0.25 0.25 0 50000 0.6818181818181818 3.9482758620689653
# Algorithm, state_space_size, action_space_size, delay, sequence_length, reward_density, terminal_state_density, dummy_seed,
PPO 8 8 0 1 0.25 0.25 0 55000 0.6164274322169059 3.9577352472089316
# Algorithm, state_space_size, action_space_size, delay, sequence_length, reward_density, terminal_state_density, dummy_seed,
PPO 8 8 0 1 0.25 0.25 0 60000 0.6317073170731707 4.079674796747968
# Algorithm, state_space_size, action_space_size, delay, sequence_length, reward_density, terminal_state_density, dummy_seed,
PPO 8 8 0 1 0.25 0.25 0 65000 0.6419853539462979 4.065907241659886
# Algorithm, state_space_size, action_space_size, delay, sequence_length, reward_density, terminal_state_density, dummy_seed,
PPO 8 8 0 1 0.25 0.25 0 70000 0.6055118110236221 3.925196850393701
# Algorithm, state_space_size, action_space_size, delay, sequence_length, reward_density, terminal_state_density, dummy_seed,
PPO 8 8 0 1 0.25 0.25 0 75000 0.7315875613747954 4.087561374795417
# Algorithm, state_space_size, action_space_size, delay, sequence_length, reward_density, terminal_state_density, dummy_seed,
PPO 8 8 0 1 0.25 0.25 0 80000 0.6944444444444444 4.080882352941177
# Algorithm, state_space_size, action_space_size, delay, sequence_length, reward_density, terminal_state_density, dummy_seed,
PPO 8 8 0 1 0.25 0.25 0 85000 0.640625 3.934375
# Algorithm, state_space_size, action_space_size, delay, sequence_length, reward_density, terminal_state_density, dummy_seed,
PPO 8 8 0 1 0.25 0.25 0 90000 0.6939586645468998 3.9125596184419713
# Algorithm, state_space_size, action_space_size, delay, sequence_length, reward_density, terminal_state_density, dummy_seed,
PPO 8 8 0 1 0.25 0.25 0 95000 0.6746411483253588 4.028708133971292
# Algorithm, state_space_size, action_space_size, delay, sequence_length, reward_density, terminal_state_density, dummy_seed,
PPO 8 8 0 1 0.25 0.25 0 100000 0.7070707070707071 4.1632996632996635
# Algorithm, state_space_size, action_space_size, delay, sequence_length, reward_density, terminal_state_density, dummy_seed,
PPO 8 8 0 1 0.25 0.25 0 105000 0.6830870279146142 4.132183908045977
# Algorithm, state_space_size, action_space_size, delay, sequence_length, reward_density, terminal_state_density, dummy_seed,
PPO 8 8 0 1 0.25 0.25 0 110000 0.6839171974522293 4.028662420382165
# Algorithm, state_space_size, action_space_size, delay, sequence_length, reward_density, terminal_state_density, dummy_seed,
PPO 8 8 0 1 0.25 0.25 0 115000 0.6505246166263116 4.044390637610976
# Algorithm, state_space_size, action_space_size, delay, sequence_length, reward_density, terminal_state_density, dummy_seed,
PPO 8 8 0 1 0.25 0.25 0 120000 0.6237234878240377 3.9010212097407697
# Algorithm, state_space_size, action_space_size, delay, sequence_length, reward_density, terminal_state_density, dummy_seed,
PPO 8 8 0 1 0.25 0.25 0 125000 0.6987755102040817 4.07265306122449
# Algorithm, state_space_size, action_space_size, delay, sequence_length, reward_density, terminal_state_density, dummy_seed,
PPO 8 8 0 1 0.25 0.25 0 130000 0.7062652563059398 4.047192839707079
# Algorithm, state_space_size, action_space_size, delay, sequence_length, reward_density, terminal_state_density, dummy_seed,
PPO 8 8 0 1 0.25 0.25 0 135000 0.7223127035830619 4.111563517915309
# Algorithm, state_space_size, action_space_size, delay, sequence_length, reward_density, terminal_state_density, dummy_seed,
PPO 8 8 0 1 0.25 0.25 0 140000 0.6645056726094003 4.038897893030795
# Algorithm, state_space_size, action_space_size, delay, sequence_length, reward_density, terminal_state_density, dummy_seed,
PPO 8 8 0 1 0.25 0.25 0 145000 0.673354735152488 4.002407704654896
# Algorithm, state_space_size, action_space_size, delay, sequence_length, reward_density, terminal_state_density, dummy_seed,
PPO 8 8 0 1 0.25 0.25 0 150000 0.6756535947712419 4.080065359477124
# Algorithm, state_space_size, action_space_size, delay, sequence_length, reward_density, terminal_state_density, dummy_seed,
PPO 8 8 0 1 0.25 0.25 0 155000 0.6844166014095536 3.947533281127643
# Algorithm, state_space_size, action_space_size, delay, sequence_length, reward_density, terminal_state_density, dummy_seed,
PPO 8 8 0 1 0.25 0.25 0 160000 0.6929824561403509 3.9649122807017543
# Algorithm, state_space_size, action_space_size, delay, sequence_length, reward_density, terminal_state_density, dummy_seed,
PPO 8 8 0 1 0.25 0.25 0 165000 0.6636288318144159 4.068765534382767
# Algorithm, state_space_size, action_space_size, delay, sequence_length, reward_density, terminal_state_density, dummy_seed,
PPO 8 8 0 1 0.25 0.25 0 170000 0.6854646544876887 4.048451151707704
# Algorithm, state_space_size, action_space_size, delay, sequence_length, reward_density, terminal_state_density, dummy_seed,
PPO 8 8 0 1 0.25 0.25 0 175000 0.6545741324921136 3.926656151419558
# Algorithm, state_space_size, action_space_size, delay, sequence_length, reward_density, terminal_state_density, dummy_seed,
PPO 8 8 0 1 0.25 0.25 0 180000 0.6626016260162602 4.057723577235772
# Algorithm, state_space_size, action_space_size, delay, sequence_length, reward_density, terminal_state_density, dummy_seed,
PPO 8 8 0 1 0.25 0.25 0 185000 0.7479201331114809 4.133943427620633
# Algorithm, state_space_size, action_space_size, delay, sequence_length, reward_density, terminal_state_density, dummy_seed,
PPO 8 8 0 1 0.25 0.25 0 190000 0.7547332185886403 4.307228915662651
# Algorithm, state_space_size, action_space_size, delay, sequence_length, reward_density, terminal_state_density, dummy_seed,
PPO 8 8 0 1 0.25 0.25 0 195000 0.6659021406727829 3.886085626911315
# Algorithm, state_space_size, action_space_size, delay, sequence_length, reward_density, terminal_state_density, dummy_seed,
PPO 8 8 0 1 0.25 0.25 0 200000 0.6952595936794582 3.766741911211437
