# Algorithm, state_space_size, action_space_size, delay, sequence_length, reward_density, terminal_state_density, num_layers, layer_width, fcnet_activation,
DQN 8 8 0 1 0.25 0.25 2 256 0 924 0.6909871244635193 3.948497854077253
# Algorithm, state_space_size, action_space_size, delay, sequence_length, reward_density, terminal_state_density, num_layers, layer_width, fcnet_activation,
DQN 8 8 0 1 0.25 0.25 2 256 0 1848 1.0666666666666667 3.0833333333333335
# Algorithm, state_space_size, action_space_size, delay, sequence_length, reward_density, terminal_state_density, num_layers, layer_width, fcnet_activation,
DQN 8 8 0 1 0.25 0.25 2 256 0 2380 4.62 6.48
# Algorithm, state_space_size, action_space_size, delay, sequence_length, reward_density, terminal_state_density, num_layers, layer_width, fcnet_activation,
DQN 8 8 0 1 0.25 0.25 2 256 0 2912 10.02 11.9
# Algorithm, state_space_size, action_space_size, delay, sequence_length, reward_density, terminal_state_density, num_layers, layer_width, fcnet_activation,
DQN 8 8 0 1 0.25 0.25 2 256 0 3400 13.85 15.76
# Algorithm, state_space_size, action_space_size, delay, sequence_length, reward_density, terminal_state_density, num_layers, layer_width, fcnet_activation,
DQN 8 8 0 1 0.25 0.25 2 256 0 3940 14.59 20.15
# Algorithm, state_space_size, action_space_size, delay, sequence_length, reward_density, terminal_state_density, num_layers, layer_width, fcnet_activation,
DQN 8 8 0 1 0.25 0.25 2 256 0 4468 14.59 20.15
# Algorithm, state_space_size, action_space_size, delay, sequence_length, reward_density, terminal_state_density, num_layers, layer_width, fcnet_activation,
DQN 8 8 0 1 0.25 0.25 2 256 0 4944 21.44 31.51
# Algorithm, state_space_size, action_space_size, delay, sequence_length, reward_density, terminal_state_density, num_layers, layer_width, fcnet_activation,
DQN 8 8 0 1 0.25 0.25 2 256 0 5452 22.64 37.12
# Algorithm, state_space_size, action_space_size, delay, sequence_length, reward_density, terminal_state_density, num_layers, layer_width, fcnet_activation,
DQN 8 8 0 1 0.25 0.25 2 256 0 5932 27.25 41.7
# Algorithm, state_space_size, action_space_size, delay, sequence_length, reward_density, terminal_state_density, num_layers, layer_width, fcnet_activation,
DQN 8 8 0 1 0.25 0.25 2 256 0 6436 30.97 45.46
# Algorithm, state_space_size, action_space_size, delay, sequence_length, reward_density, terminal_state_density, num_layers, layer_width, fcnet_activation,
DQN 8 8 0 1 0.25 0.25 2 256 0 6924 35.98 50.54
# Algorithm, state_space_size, action_space_size, delay, sequence_length, reward_density, terminal_state_density, num_layers, layer_width, fcnet_activation,
DQN 8 8 0 1 0.25 0.25 2 256 0 7376 41.12 55.67
# Algorithm, state_space_size, action_space_size, delay, sequence_length, reward_density, terminal_state_density, num_layers, layer_width, fcnet_activation,
DQN 8 8 0 1 0.25 0.25 2 256 0 7868 45.48 60.03
# Algorithm, state_space_size, action_space_size, delay, sequence_length, reward_density, terminal_state_density, num_layers, layer_width, fcnet_activation,
DQN 8 8 0 1 0.25 0.25 2 256 0 8336 46.26 62.07
# Algorithm, state_space_size, action_space_size, delay, sequence_length, reward_density, terminal_state_density, num_layers, layer_width, fcnet_activation,
DQN 8 8 0 1 0.25 0.25 2 256 0 8856 48.55 68.77
# Algorithm, state_space_size, action_space_size, delay, sequence_length, reward_density, terminal_state_density, num_layers, layer_width, fcnet_activation,
DQN 8 8 0 1 0.25 0.25 2 256 0 9380 48.55 68.77
# Algorithm, state_space_size, action_space_size, delay, sequence_length, reward_density, terminal_state_density, num_layers, layer_width, fcnet_activation,
DQN 8 8 0 1 0.25 0.25 2 256 0 9912 48.55 68.77
# Algorithm, state_space_size, action_space_size, delay, sequence_length, reward_density, terminal_state_density, num_layers, layer_width, fcnet_activation,
DQN 8 8 0 1 0.25 0.25 2 256 0 10428 57.55 83.24
# Algorithm, state_space_size, action_space_size, delay, sequence_length, reward_density, terminal_state_density, num_layers, layer_width, fcnet_activation,
DQN 8 8 0 1 0.25 0.25 2 256 0 10924 62.18 90.85
# Algorithm, state_space_size, action_space_size, delay, sequence_length, reward_density, terminal_state_density, num_layers, layer_width, fcnet_activation,
DQN 8 8 0 1 0.25 0.25 2 256 0 11400 65.62 94.69
# Algorithm, state_space_size, action_space_size, delay, sequence_length, reward_density, terminal_state_density, num_layers, layer_width, fcnet_activation,
DQN 8 8 0 1 0.25 0.25 2 256 0 11860 69.61 98.7
# Algorithm, state_space_size, action_space_size, delay, sequence_length, reward_density, terminal_state_density, num_layers, layer_width, fcnet_activation,
DQN 8 8 0 1 0.25 0.25 2 256 0 12344 71.29 100.79
# Algorithm, state_space_size, action_space_size, delay, sequence_length, reward_density, terminal_state_density, num_layers, layer_width, fcnet_activation,
DQN 8 8 0 1 0.25 0.25 2 256 0 12852 77.4 108.78
# Algorithm, state_space_size, action_space_size, delay, sequence_length, reward_density, terminal_state_density, num_layers, layer_width, fcnet_activation,
DQN 8 8 0 1 0.25 0.25 2 256 0 13368 77.36 113.84
# Algorithm, state_space_size, action_space_size, delay, sequence_length, reward_density, terminal_state_density, num_layers, layer_width, fcnet_activation,
DQN 8 8 0 1 0.25 0.25 2 256 0 13852 83.43 119.94
# Algorithm, state_space_size, action_space_size, delay, sequence_length, reward_density, terminal_state_density, num_layers, layer_width, fcnet_activation,
DQN 8 8 0 1 0.25 0.25 2 256 0 14376 87.29 123.79
# Algorithm, state_space_size, action_space_size, delay, sequence_length, reward_density, terminal_state_density, num_layers, layer_width, fcnet_activation,
DQN 8 8 0 1 0.25 0.25 2 256 0 14896 93.7 130.21
# Algorithm, state_space_size, action_space_size, delay, sequence_length, reward_density, terminal_state_density, num_layers, layer_width, fcnet_activation,
DQN 8 8 0 1 0.25 0.25 2 256 0 15428 98.18 134.71
# Algorithm, state_space_size, action_space_size, delay, sequence_length, reward_density, terminal_state_density, num_layers, layer_width, fcnet_activation,
DQN 8 8 0 1 0.25 0.25 2 256 0 15956 101.25 137.79
# Algorithm, state_space_size, action_space_size, delay, sequence_length, reward_density, terminal_state_density, num_layers, layer_width, fcnet_activation,
DQN 8 8 0 1 0.25 0.25 2 256 0 16424 108.39 144.9
# Algorithm, state_space_size, action_space_size, delay, sequence_length, reward_density, terminal_state_density, num_layers, layer_width, fcnet_activation,
DQN 8 8 0 1 0.25 0.25 2 256 0 16932 111.41 147.94
# Algorithm, state_space_size, action_space_size, delay, sequence_length, reward_density, terminal_state_density, num_layers, layer_width, fcnet_activation,
DQN 8 8 0 1 0.25 0.25 2 256 0 17448 113.82 150.4
# Algorithm, state_space_size, action_space_size, delay, sequence_length, reward_density, terminal_state_density, num_layers, layer_width, fcnet_activation,
DQN 8 8 0 1 0.25 0.25 2 256 0 17960 122.2 158.75
# Algorithm, state_space_size, action_space_size, delay, sequence_length, reward_density, terminal_state_density, num_layers, layer_width, fcnet_activation,
DQN 8 8 0 1 0.25 0.25 2 256 0 18464 127.83 164.44
# Algorithm, state_space_size, action_space_size, delay, sequence_length, reward_density, terminal_state_density, num_layers, layer_width, fcnet_activation,
DQN 8 8 0 1 0.25 0.25 2 256 0 18940 132.76 169.41
# Algorithm, state_space_size, action_space_size, delay, sequence_length, reward_density, terminal_state_density, num_layers, layer_width, fcnet_activation,
DQN 8 8 0 1 0.25 0.25 2 256 0 19432 133.6 170.26
# Algorithm, state_space_size, action_space_size, delay, sequence_length, reward_density, terminal_state_density, num_layers, layer_width, fcnet_activation,
DQN 8 8 0 1 0.25 0.25 2 256 0 19932 140.28 176.92
# Algorithm, state_space_size, action_space_size, delay, sequence_length, reward_density, terminal_state_density, num_layers, layer_width, fcnet_activation,
DQN 8 8 0 1 0.25 0.25 2 256 0 20448 144.99 181.59
# Algorithm, state_space_size, action_space_size, delay, sequence_length, reward_density, terminal_state_density, num_layers, layer_width, fcnet_activation,
DQN 8 8 0 1 0.25 0.25 2 256 1 816 0.7790055248618785 4.464088397790055
# Algorithm, state_space_size, action_space_size, delay, sequence_length, reward_density, terminal_state_density, num_layers, layer_width, fcnet_activation,
DQN 8 8 0 1 0.25 0.25 2 256 1 1696 1.0138248847926268 4.092165898617512
# Algorithm, state_space_size, action_space_size, delay, sequence_length, reward_density, terminal_state_density, num_layers, layer_width, fcnet_activation,
DQN 8 8 0 1 0.25 0.25 2 256 1 2252 2.78 7.01
# Algorithm, state_space_size, action_space_size, delay, sequence_length, reward_density, terminal_state_density, num_layers, layer_width, fcnet_activation,
DQN 8 8 0 1 0.25 0.25 2 256 1 2776 2.88 10.46
# Algorithm, state_space_size, action_space_size, delay, sequence_length, reward_density, terminal_state_density, num_layers, layer_width, fcnet_activation,
DQN 8 8 0 1 0.25 0.25 2 256 1 3304 2.98 17.48
# Algorithm, state_space_size, action_space_size, delay, sequence_length, reward_density, terminal_state_density, num_layers, layer_width, fcnet_activation,
DQN 8 8 0 1 0.25 0.25 2 256 1 3796 7.03 22.44
# Algorithm, state_space_size, action_space_size, delay, sequence_length, reward_density, terminal_state_density, num_layers, layer_width, fcnet_activation,
DQN 8 8 0 1 0.25 0.25 2 256 1 4324 9.76 25.39
# Algorithm, state_space_size, action_space_size, delay, sequence_length, reward_density, terminal_state_density, num_layers, layer_width, fcnet_activation,
DQN 8 8 0 1 0.25 0.25 2 256 1 4856 9.76 25.39
# Algorithm, state_space_size, action_space_size, delay, sequence_length, reward_density, terminal_state_density, num_layers, layer_width, fcnet_activation,
DQN 8 8 0 1 0.25 0.25 2 256 1 5372 19.31 36.96
# Algorithm, state_space_size, action_space_size, delay, sequence_length, reward_density, terminal_state_density, num_layers, layer_width, fcnet_activation,
DQN 8 8 0 1 0.25 0.25 2 256 1 5892 21.26 38.96
# Algorithm, state_space_size, action_space_size, delay, sequence_length, reward_density, terminal_state_density, num_layers, layer_width, fcnet_activation,
DQN 8 8 0 1 0.25 0.25 2 256 1 6368 26.67 44.5
# Algorithm, state_space_size, action_space_size, delay, sequence_length, reward_density, terminal_state_density, num_layers, layer_width, fcnet_activation,
DQN 8 8 0 1 0.25 0.25 2 256 1 6848 26.67 44.5
# Algorithm, state_space_size, action_space_size, delay, sequence_length, reward_density, terminal_state_density, num_layers, layer_width, fcnet_activation,
DQN 8 8 0 1 0.25 0.25 2 256 1 7336 36.16 54.02
# Algorithm, state_space_size, action_space_size, delay, sequence_length, reward_density, terminal_state_density, num_layers, layer_width, fcnet_activation,
DQN 8 8 0 1 0.25 0.25 2 256 1 7832 36.16 54.02
# Algorithm, state_space_size, action_space_size, delay, sequence_length, reward_density, terminal_state_density, num_layers, layer_width, fcnet_activation,
DQN 8 8 0 1 0.25 0.25 2 256 1 8336 48.46 66.62
# Algorithm, state_space_size, action_space_size, delay, sequence_length, reward_density, terminal_state_density, num_layers, layer_width, fcnet_activation,
DQN 8 8 0 1 0.25 0.25 2 256 1 8824 48.46 66.62
# Algorithm, state_space_size, action_space_size, delay, sequence_length, reward_density, terminal_state_density, num_layers, layer_width, fcnet_activation,
DQN 8 8 0 1 0.25 0.25 2 256 1 9348 54.65 72.91
# Algorithm, state_space_size, action_space_size, delay, sequence_length, reward_density, terminal_state_density, num_layers, layer_width, fcnet_activation,
DQN 8 8 0 1 0.25 0.25 2 256 1 9876 61.72 80.08
# Algorithm, state_space_size, action_space_size, delay, sequence_length, reward_density, terminal_state_density, num_layers, layer_width, fcnet_activation,
DQN 8 8 0 1 0.25 0.25 2 256 1 10408 67.76 86.24
# Algorithm, state_space_size, action_space_size, delay, sequence_length, reward_density, terminal_state_density, num_layers, layer_width, fcnet_activation,
DQN 8 8 0 1 0.25 0.25 2 256 1 10932 73.03 91.6
# Algorithm, state_space_size, action_space_size, delay, sequence_length, reward_density, terminal_state_density, num_layers, layer_width, fcnet_activation,
DQN 8 8 0 1 0.25 0.25 2 256 1 11420 74.86 93.47
# Algorithm, state_space_size, action_space_size, delay, sequence_length, reward_density, terminal_state_density, num_layers, layer_width, fcnet_activation,
DQN 8 8 0 1 0.25 0.25 2 256 1 11804 74.86 93.47
# Algorithm, state_space_size, action_space_size, delay, sequence_length, reward_density, terminal_state_density, num_layers, layer_width, fcnet_activation,
DQN 8 8 0 1 0.25 0.25 2 256 1 12296 74.86 93.47
# Algorithm, state_space_size, action_space_size, delay, sequence_length, reward_density, terminal_state_density, num_layers, layer_width, fcnet_activation,
DQN 8 8 0 1 0.25 0.25 2 256 1 12816 91.79 110.53
# Algorithm, state_space_size, action_space_size, delay, sequence_length, reward_density, terminal_state_density, num_layers, layer_width, fcnet_activation,
DQN 8 8 0 1 0.25 0.25 2 256 1 13340 97.48 116.29
# Algorithm, state_space_size, action_space_size, delay, sequence_length, reward_density, terminal_state_density, num_layers, layer_width, fcnet_activation,
DQN 8 8 0 1 0.25 0.25 2 256 1 13872 97.48 116.29
# Algorithm, state_space_size, action_space_size, delay, sequence_length, reward_density, terminal_state_density, num_layers, layer_width, fcnet_activation,
DQN 8 8 0 1 0.25 0.25 2 256 1 14292 105.87 124.71
# Algorithm, state_space_size, action_space_size, delay, sequence_length, reward_density, terminal_state_density, num_layers, layer_width, fcnet_activation,
DQN 8 8 0 1 0.25 0.25 2 256 1 14772 111.87 130.82
# Algorithm, state_space_size, action_space_size, delay, sequence_length, reward_density, terminal_state_density, num_layers, layer_width, fcnet_activation,
DQN 8 8 0 1 0.25 0.25 2 256 1 15292 114.17 133.08
# Algorithm, state_space_size, action_space_size, delay, sequence_length, reward_density, terminal_state_density, num_layers, layer_width, fcnet_activation,
DQN 8 8 0 1 0.25 0.25 2 256 1 15816 120.48 139.48
# Algorithm, state_space_size, action_space_size, delay, sequence_length, reward_density, terminal_state_density, num_layers, layer_width, fcnet_activation,
DQN 8 8 0 1 0.25 0.25 2 256 1 16344 126.07 145.16
# Algorithm, state_space_size, action_space_size, delay, sequence_length, reward_density, terminal_state_density, num_layers, layer_width, fcnet_activation,
DQN 8 8 0 1 0.25 0.25 2 256 1 16800 131.08 150.19
# Algorithm, state_space_size, action_space_size, delay, sequence_length, reward_density, terminal_state_density, num_layers, layer_width, fcnet_activation,
DQN 8 8 0 1 0.25 0.25 2 256 1 17280 136.2 155.33
# Algorithm, state_space_size, action_space_size, delay, sequence_length, reward_density, terminal_state_density, num_layers, layer_width, fcnet_activation,
DQN 8 8 0 1 0.25 0.25 2 256 1 17688 136.2 155.33
# Algorithm, state_space_size, action_space_size, delay, sequence_length, reward_density, terminal_state_density, num_layers, layer_width, fcnet_activation,
DQN 8 8 0 1 0.25 0.25 2 256 1 18160 145.43 164.6
# Algorithm, state_space_size, action_space_size, delay, sequence_length, reward_density, terminal_state_density, num_layers, layer_width, fcnet_activation,
DQN 8 8 0 1 0.25 0.25 2 256 1 18672 145.43 164.6
# Algorithm, state_space_size, action_space_size, delay, sequence_length, reward_density, terminal_state_density, num_layers, layer_width, fcnet_activation,
DQN 8 8 0 1 0.25 0.25 2 256 1 19132 145.43 164.6
# Algorithm, state_space_size, action_space_size, delay, sequence_length, reward_density, terminal_state_density, num_layers, layer_width, fcnet_activation,
DQN 8 8 0 1 0.25 0.25 2 256 1 19652 156.84 176.03
# Algorithm, state_space_size, action_space_size, delay, sequence_length, reward_density, terminal_state_density, num_layers, layer_width, fcnet_activation,
DQN 8 8 0 1 0.25 0.25 2 256 1 20168 165.3 184.58
# Algorithm, state_space_size, action_space_size, delay, sequence_length, reward_density, terminal_state_density, num_layers, layer_width, fcnet_activation,
DQN 8 8 0 1 0.25 0.25 2 256 2 924 0.7619047619047619 4.395238095238096
# Algorithm, state_space_size, action_space_size, delay, sequence_length, reward_density, terminal_state_density, num_layers, layer_width, fcnet_activation,
DQN 8 8 0 1 0.25 0.25 2 256 2 1740 0.5053003533568905 2.872791519434629
# Algorithm, state_space_size, action_space_size, delay, sequence_length, reward_density, terminal_state_density, num_layers, layer_width, fcnet_activation,
DQN 8 8 0 1 0.25 0.25 2 256 2 2320 0.45517241379310347 3.779310344827586
# Algorithm, state_space_size, action_space_size, delay, sequence_length, reward_density, terminal_state_density, num_layers, layer_width, fcnet_activation,
DQN 8 8 0 1 0.25 0.25 2 256 2 2832 0.82 7.32
# Algorithm, state_space_size, action_space_size, delay, sequence_length, reward_density, terminal_state_density, num_layers, layer_width, fcnet_activation,
DQN 8 8 0 1 0.25 0.25 2 256 2 3348 2.34 13.45
# Algorithm, state_space_size, action_space_size, delay, sequence_length, reward_density, terminal_state_density, num_layers, layer_width, fcnet_activation,
DQN 8 8 0 1 0.25 0.25 2 256 2 3860 3.7 18.8
# Algorithm, state_space_size, action_space_size, delay, sequence_length, reward_density, terminal_state_density, num_layers, layer_width, fcnet_activation,
DQN 8 8 0 1 0.25 0.25 2 256 2 4324 4.86 23.33
# Algorithm, state_space_size, action_space_size, delay, sequence_length, reward_density, terminal_state_density, num_layers, layer_width, fcnet_activation,
DQN 8 8 0 1 0.25 0.25 2 256 2 4840 6.24 28.78
# Algorithm, state_space_size, action_space_size, delay, sequence_length, reward_density, terminal_state_density, num_layers, layer_width, fcnet_activation,
DQN 8 8 0 1 0.25 0.25 2 256 2 5368 6.24 28.78
# Algorithm, state_space_size, action_space_size, delay, sequence_length, reward_density, terminal_state_density, num_layers, layer_width, fcnet_activation,
DQN 8 8 0 1 0.25 0.25 2 256 2 5884 8.82 39.12
# Algorithm, state_space_size, action_space_size, delay, sequence_length, reward_density, terminal_state_density, num_layers, layer_width, fcnet_activation,
DQN 8 8 0 1 0.25 0.25 2 256 2 6408 10.08 44.02
# Algorithm, state_space_size, action_space_size, delay, sequence_length, reward_density, terminal_state_density, num_layers, layer_width, fcnet_activation,
DQN 8 8 0 1 0.25 0.25 2 256 2 6888 10.92 47.36
# Algorithm, state_space_size, action_space_size, delay, sequence_length, reward_density, terminal_state_density, num_layers, layer_width, fcnet_activation,
DQN 8 8 0 1 0.25 0.25 2 256 2 7408 12.11 52.13
# Algorithm, state_space_size, action_space_size, delay, sequence_length, reward_density, terminal_state_density, num_layers, layer_width, fcnet_activation,
DQN 8 8 0 1 0.25 0.25 2 256 2 7932 13.88 59.15
# Algorithm, state_space_size, action_space_size, delay, sequence_length, reward_density, terminal_state_density, num_layers, layer_width, fcnet_activation,
DQN 8 8 0 1 0.25 0.25 2 256 2 8456 14.43 61.36
# Algorithm, state_space_size, action_space_size, delay, sequence_length, reward_density, terminal_state_density, num_layers, layer_width, fcnet_activation,
DQN 8 8 0 1 0.25 0.25 2 256 2 8976 14.43 61.36
# Algorithm, state_space_size, action_space_size, delay, sequence_length, reward_density, terminal_state_density, num_layers, layer_width, fcnet_activation,
DQN 8 8 0 1 0.25 0.25 2 256 2 9460 17.19 72.39
# Algorithm, state_space_size, action_space_size, delay, sequence_length, reward_density, terminal_state_density, num_layers, layer_width, fcnet_activation,
DQN 8 8 0 1 0.25 0.25 2 256 2 9984 17.19 72.39
# Algorithm, state_space_size, action_space_size, delay, sequence_length, reward_density, terminal_state_density, num_layers, layer_width, fcnet_activation,
DQN 8 8 0 1 0.25 0.25 2 256 2 10508 20.03 83.71
# Algorithm, state_space_size, action_space_size, delay, sequence_length, reward_density, terminal_state_density, num_layers, layer_width, fcnet_activation,
DQN 8 8 0 1 0.25 0.25 2 256 2 11036 21.59 90.08
# Algorithm, state_space_size, action_space_size, delay, sequence_length, reward_density, terminal_state_density, num_layers, layer_width, fcnet_activation,
DQN 8 8 0 1 0.25 0.25 2 256 2 11556 22.35 93.16
# Algorithm, state_space_size, action_space_size, delay, sequence_length, reward_density, terminal_state_density, num_layers, layer_width, fcnet_activation,
DQN 8 8 0 1 0.25 0.25 2 256 2 12088 23.88 99.27
# Algorithm, state_space_size, action_space_size, delay, sequence_length, reward_density, terminal_state_density, num_layers, layer_width, fcnet_activation,
DQN 8 8 0 1 0.25 0.25 2 256 2 12580 25.3 104.98
# Algorithm, state_space_size, action_space_size, delay, sequence_length, reward_density, terminal_state_density, num_layers, layer_width, fcnet_activation,
DQN 8 8 0 1 0.25 0.25 2 256 2 13000 26.14 108.35
# Algorithm, state_space_size, action_space_size, delay, sequence_length, reward_density, terminal_state_density, num_layers, layer_width, fcnet_activation,
DQN 8 8 0 1 0.25 0.25 2 256 2 13436 27.37 113.31
# Algorithm, state_space_size, action_space_size, delay, sequence_length, reward_density, terminal_state_density, num_layers, layer_width, fcnet_activation,
DQN 8 8 0 1 0.25 0.25 2 256 2 13900 28.06 116.01
# Algorithm, state_space_size, action_space_size, delay, sequence_length, reward_density, terminal_state_density, num_layers, layer_width, fcnet_activation,
DQN 8 8 0 1 0.25 0.25 2 256 2 14388 29.67 122.47
# Algorithm, state_space_size, action_space_size, delay, sequence_length, reward_density, terminal_state_density, num_layers, layer_width, fcnet_activation,
DQN 8 8 0 1 0.25 0.25 2 256 2 14908 29.67 122.47
# Algorithm, state_space_size, action_space_size, delay, sequence_length, reward_density, terminal_state_density, num_layers, layer_width, fcnet_activation,
DQN 8 8 0 1 0.25 0.25 2 256 2 15388 32.09 132.2
# Algorithm, state_space_size, action_space_size, delay, sequence_length, reward_density, terminal_state_density, num_layers, layer_width, fcnet_activation,
DQN 8 8 0 1 0.25 0.25 2 256 2 15912 33.51 137.82
# Algorithm, state_space_size, action_space_size, delay, sequence_length, reward_density, terminal_state_density, num_layers, layer_width, fcnet_activation,
DQN 8 8 0 1 0.25 0.25 2 256 2 16436 34.43 141.57
# Algorithm, state_space_size, action_space_size, delay, sequence_length, reward_density, terminal_state_density, num_layers, layer_width, fcnet_activation,
DQN 8 8 0 1 0.25 0.25 2 256 2 16956 36.03 148.03
# Algorithm, state_space_size, action_space_size, delay, sequence_length, reward_density, terminal_state_density, num_layers, layer_width, fcnet_activation,
DQN 8 8 0 1 0.25 0.25 2 256 2 17472 37.47 153.72
# Algorithm, state_space_size, action_space_size, delay, sequence_length, reward_density, terminal_state_density, num_layers, layer_width, fcnet_activation,
DQN 8 8 0 1 0.25 0.25 2 256 2 17952 38.47 157.71
# Algorithm, state_space_size, action_space_size, delay, sequence_length, reward_density, terminal_state_density, num_layers, layer_width, fcnet_activation,
DQN 8 8 0 1 0.25 0.25 2 256 2 18468 38.92 159.5
# Algorithm, state_space_size, action_space_size, delay, sequence_length, reward_density, terminal_state_density, num_layers, layer_width, fcnet_activation,
DQN 8 8 0 1 0.25 0.25 2 256 2 18996 41.26 168.93
# Algorithm, state_space_size, action_space_size, delay, sequence_length, reward_density, terminal_state_density, num_layers, layer_width, fcnet_activation,
DQN 8 8 0 1 0.25 0.25 2 256 2 19524 42.21 172.68
# Algorithm, state_space_size, action_space_size, delay, sequence_length, reward_density, terminal_state_density, num_layers, layer_width, fcnet_activation,
DQN 8 8 0 1 0.25 0.25 2 256 2 20048 42.21 172.68
