# Algorithm, state_space_size, action_space_size, delay, sequence_length, reward_density, terminal_state_density, num_layers, layer_width, fcnet_activation, double_dqn
DQN 8 8 0 1 0.25 0.25 2 256 0 0 820 0.6411483253588517 3.889952153110048
# Algorithm, state_space_size, action_space_size, delay, sequence_length, reward_density, terminal_state_density, num_layers, layer_width, fcnet_activation, double_dqn
DQN 8 8 0 1 0.25 0.25 2 256 0 0 1784 1.072 7.736
# Algorithm, state_space_size, action_space_size, delay, sequence_length, reward_density, terminal_state_density, num_layers, layer_width, fcnet_activation, double_dqn
DQN 8 8 0 1 0.25 0.25 2 256 0 0 2332 1.13 6.63
# Algorithm, state_space_size, action_space_size, delay, sequence_length, reward_density, terminal_state_density, num_layers, layer_width, fcnet_activation, double_dqn
DQN 8 8 0 1 0.25 0.25 2 256 0 0 2732 1.99 8.37
# Algorithm, state_space_size, action_space_size, delay, sequence_length, reward_density, terminal_state_density, num_layers, layer_width, fcnet_activation, double_dqn
DQN 8 8 0 1 0.25 0.25 2 256 0 0 3100 4.44 13.24
# Algorithm, state_space_size, action_space_size, delay, sequence_length, reward_density, terminal_state_density, num_layers, layer_width, fcnet_activation, double_dqn
DQN 8 8 0 1 0.25 0.25 2 256 0 0 3584 5.59 15.54
# Algorithm, state_space_size, action_space_size, delay, sequence_length, reward_density, terminal_state_density, num_layers, layer_width, fcnet_activation, double_dqn
DQN 8 8 0 1 0.25 0.25 2 256 0 0 4064 8.47 21.24
# Algorithm, state_space_size, action_space_size, delay, sequence_length, reward_density, terminal_state_density, num_layers, layer_width, fcnet_activation, double_dqn
DQN 8 8 0 1 0.25 0.25 2 256 0 0 4536 8.47 21.24
# Algorithm, state_space_size, action_space_size, delay, sequence_length, reward_density, terminal_state_density, num_layers, layer_width, fcnet_activation, double_dqn
DQN 8 8 0 1 0.25 0.25 2 256 0 0 5000 13.04 32.43
# Algorithm, state_space_size, action_space_size, delay, sequence_length, reward_density, terminal_state_density, num_layers, layer_width, fcnet_activation, double_dqn
DQN 8 8 0 1 0.25 0.25 2 256 0 0 5416 13.04 32.43
# Algorithm, state_space_size, action_space_size, delay, sequence_length, reward_density, terminal_state_density, num_layers, layer_width, fcnet_activation, double_dqn
DQN 8 8 0 1 0.25 0.25 2 256 0 0 5900 13.04 32.43
# Algorithm, state_space_size, action_space_size, delay, sequence_length, reward_density, terminal_state_density, num_layers, layer_width, fcnet_activation, double_dqn
DQN 8 8 0 1 0.25 0.25 2 256 0 0 6380 19.96 46.3
# Algorithm, state_space_size, action_space_size, delay, sequence_length, reward_density, terminal_state_density, num_layers, layer_width, fcnet_activation, double_dqn
DQN 8 8 0 1 0.25 0.25 2 256 0 0 6860 19.96 46.3
# Algorithm, state_space_size, action_space_size, delay, sequence_length, reward_density, terminal_state_density, num_layers, layer_width, fcnet_activation, double_dqn
DQN 8 8 0 1 0.25 0.25 2 256 0 0 7336 22.88 52.14
# Algorithm, state_space_size, action_space_size, delay, sequence_length, reward_density, terminal_state_density, num_layers, layer_width, fcnet_activation, double_dqn
DQN 8 8 0 1 0.25 0.25 2 256 0 0 7736 25.76 57.93
# Algorithm, state_space_size, action_space_size, delay, sequence_length, reward_density, terminal_state_density, num_layers, layer_width, fcnet_activation, double_dqn
DQN 8 8 0 1 0.25 0.25 2 256 0 0 8216 28.52 63.38
# Algorithm, state_space_size, action_space_size, delay, sequence_length, reward_density, terminal_state_density, num_layers, layer_width, fcnet_activation, double_dqn
DQN 8 8 0 1 0.25 0.25 2 256 0 0 8684 30.09 66.47
# Algorithm, state_space_size, action_space_size, delay, sequence_length, reward_density, terminal_state_density, num_layers, layer_width, fcnet_activation, double_dqn
DQN 8 8 0 1 0.25 0.25 2 256 0 0 9164 32.32 70.64
# Algorithm, state_space_size, action_space_size, delay, sequence_length, reward_density, terminal_state_density, num_layers, layer_width, fcnet_activation, double_dqn
DQN 8 8 0 1 0.25 0.25 2 256 0 0 9644 32.32 70.64
# Algorithm, state_space_size, action_space_size, delay, sequence_length, reward_density, terminal_state_density, num_layers, layer_width, fcnet_activation, double_dqn
DQN 8 8 0 1 0.25 0.25 2 256 0 0 10080 32.32 70.64
# Algorithm, state_space_size, action_space_size, delay, sequence_length, reward_density, terminal_state_density, num_layers, layer_width, fcnet_activation, double_dqn
DQN 8 8 0 1 0.25 0.25 2 256 0 0 10512 40.27 85.77
# Algorithm, state_space_size, action_space_size, delay, sequence_length, reward_density, terminal_state_density, num_layers, layer_width, fcnet_activation, double_dqn
DQN 8 8 0 1 0.25 0.25 2 256 0 0 10880 41.47 87.72
# Algorithm, state_space_size, action_space_size, delay, sequence_length, reward_density, terminal_state_density, num_layers, layer_width, fcnet_activation, double_dqn
DQN 8 8 0 1 0.25 0.25 2 256 0 0 11352 41.47 87.72
# Algorithm, state_space_size, action_space_size, delay, sequence_length, reward_density, terminal_state_density, num_layers, layer_width, fcnet_activation, double_dqn
DQN 8 8 0 1 0.25 0.25 2 256 0 0 11836 41.47 87.72
# Algorithm, state_space_size, action_space_size, delay, sequence_length, reward_density, terminal_state_density, num_layers, layer_width, fcnet_activation, double_dqn
DQN 8 8 0 1 0.25 0.25 2 256 0 0 12320 41.47 87.72
# Algorithm, state_space_size, action_space_size, delay, sequence_length, reward_density, terminal_state_density, num_layers, layer_width, fcnet_activation, double_dqn
DQN 8 8 0 1 0.25 0.25 2 256 0 0 12796 51.29 106.71
# Algorithm, state_space_size, action_space_size, delay, sequence_length, reward_density, terminal_state_density, num_layers, layer_width, fcnet_activation, double_dqn
DQN 8 8 0 1 0.25 0.25 2 256 0 0 13264 53.87 111.9
# Algorithm, state_space_size, action_space_size, delay, sequence_length, reward_density, terminal_state_density, num_layers, layer_width, fcnet_activation, double_dqn
DQN 8 8 0 1 0.25 0.25 2 256 0 0 13672 53.87 111.9
# Algorithm, state_space_size, action_space_size, delay, sequence_length, reward_density, terminal_state_density, num_layers, layer_width, fcnet_activation, double_dqn
DQN 8 8 0 1 0.25 0.25 2 256 0 0 14144 57.19 118.58
# Algorithm, state_space_size, action_space_size, delay, sequence_length, reward_density, terminal_state_density, num_layers, layer_width, fcnet_activation, double_dqn
DQN 8 8 0 1 0.25 0.25 2 256 0 0 14624 57.19 118.58
# Algorithm, state_space_size, action_space_size, delay, sequence_length, reward_density, terminal_state_density, num_layers, layer_width, fcnet_activation, double_dqn
DQN 8 8 0 1 0.25 0.25 2 256 0 0 15104 57.19 118.58
# Algorithm, state_space_size, action_space_size, delay, sequence_length, reward_density, terminal_state_density, num_layers, layer_width, fcnet_activation, double_dqn
DQN 8 8 0 1 0.25 0.25 2 256 0 0 15588 57.19 118.58
# Algorithm, state_space_size, action_space_size, delay, sequence_length, reward_density, terminal_state_density, num_layers, layer_width, fcnet_activation, double_dqn
DQN 8 8 0 1 0.25 0.25 2 256 0 0 15988 65.67 135.67
# Algorithm, state_space_size, action_space_size, delay, sequence_length, reward_density, terminal_state_density, num_layers, layer_width, fcnet_activation, double_dqn
DQN 8 8 0 1 0.25 0.25 2 256 0 0 16464 69.76 143.99
# Algorithm, state_space_size, action_space_size, delay, sequence_length, reward_density, terminal_state_density, num_layers, layer_width, fcnet_activation, double_dqn
DQN 8 8 0 1 0.25 0.25 2 256 0 0 16936 70.7 145.56
# Algorithm, state_space_size, action_space_size, delay, sequence_length, reward_density, terminal_state_density, num_layers, layer_width, fcnet_activation, double_dqn
DQN 8 8 0 1 0.25 0.25 2 256 0 0 17416 70.7 145.56
# Algorithm, state_space_size, action_space_size, delay, sequence_length, reward_density, terminal_state_density, num_layers, layer_width, fcnet_activation, double_dqn
DQN 8 8 0 1 0.25 0.25 2 256 0 0 17884 76.27 156.83
# Algorithm, state_space_size, action_space_size, delay, sequence_length, reward_density, terminal_state_density, num_layers, layer_width, fcnet_activation, double_dqn
DQN 8 8 0 1 0.25 0.25 2 256 0 0 18288 78.6 161.49
# Algorithm, state_space_size, action_space_size, delay, sequence_length, reward_density, terminal_state_density, num_layers, layer_width, fcnet_activation, double_dqn
DQN 8 8 0 1 0.25 0.25 2 256 0 0 18756 79.88 164.05
# Algorithm, state_space_size, action_space_size, delay, sequence_length, reward_density, terminal_state_density, num_layers, layer_width, fcnet_activation, double_dqn
DQN 8 8 0 1 0.25 0.25 2 256 0 0 19232 82.01 168.11
# Algorithm, state_space_size, action_space_size, delay, sequence_length, reward_density, terminal_state_density, num_layers, layer_width, fcnet_activation, double_dqn
DQN 8 8 0 1 0.25 0.25 2 256 0 0 19656 82.01 168.11
# Algorithm, state_space_size, action_space_size, delay, sequence_length, reward_density, terminal_state_density, num_layers, layer_width, fcnet_activation, double_dqn
DQN 8 8 0 1 0.25 0.25 2 256 0 0 20124 86.1 176.37
# Algorithm, state_space_size, action_space_size, delay, sequence_length, reward_density, terminal_state_density, num_layers, layer_width, fcnet_activation, double_dqn
DQN 8 8 0 1 0.25 0.25 2 256 0 1 760 0.7740112994350282 4.265536723163842
# Algorithm, state_space_size, action_space_size, delay, sequence_length, reward_density, terminal_state_density, num_layers, layer_width, fcnet_activation, double_dqn
DQN 8 8 0 1 0.25 0.25 2 256 0 1 1428 0.572139303482587 3.3333333333333335
# Algorithm, state_space_size, action_space_size, delay, sequence_length, reward_density, terminal_state_density, num_layers, layer_width, fcnet_activation, double_dqn
DQN 8 8 0 1 0.25 0.25 2 256 0 1 2008 0.49145299145299143 2.4914529914529915
# Algorithm, state_space_size, action_space_size, delay, sequence_length, reward_density, terminal_state_density, num_layers, layer_width, fcnet_activation, double_dqn
DQN 8 8 0 1 0.25 0.25 2 256 0 1 2384 0.78 2.95
# Algorithm, state_space_size, action_space_size, delay, sequence_length, reward_density, terminal_state_density, num_layers, layer_width, fcnet_activation, double_dqn
DQN 8 8 0 1 0.25 0.25 2 256 0 1 2772 3.48 8.4
# Algorithm, state_space_size, action_space_size, delay, sequence_length, reward_density, terminal_state_density, num_layers, layer_width, fcnet_activation, double_dqn
DQN 8 8 0 1 0.25 0.25 2 256 0 1 3200 3.48 8.4
# Algorithm, state_space_size, action_space_size, delay, sequence_length, reward_density, terminal_state_density, num_layers, layer_width, fcnet_activation, double_dqn
DQN 8 8 0 1 0.25 0.25 2 256 0 1 3604 7.43 16.3
# Algorithm, state_space_size, action_space_size, delay, sequence_length, reward_density, terminal_state_density, num_layers, layer_width, fcnet_activation, double_dqn
DQN 8 8 0 1 0.25 0.25 2 256 0 1 4024 7.43 16.3
# Algorithm, state_space_size, action_space_size, delay, sequence_length, reward_density, terminal_state_density, num_layers, layer_width, fcnet_activation, double_dqn
DQN 8 8 0 1 0.25 0.25 2 256 0 1 4448 9.9 21.28
# Algorithm, state_space_size, action_space_size, delay, sequence_length, reward_density, terminal_state_density, num_layers, layer_width, fcnet_activation, double_dqn
DQN 8 8 0 1 0.25 0.25 2 256 0 1 4864 12.69 26.89
# Algorithm, state_space_size, action_space_size, delay, sequence_length, reward_density, terminal_state_density, num_layers, layer_width, fcnet_activation, double_dqn
DQN 8 8 0 1 0.25 0.25 2 256 0 1 5316 12.69 26.89
# Algorithm, state_space_size, action_space_size, delay, sequence_length, reward_density, terminal_state_density, num_layers, layer_width, fcnet_activation, double_dqn
DQN 8 8 0 1 0.25 0.25 2 256 0 1 5756 17.23 36.01
# Algorithm, state_space_size, action_space_size, delay, sequence_length, reward_density, terminal_state_density, num_layers, layer_width, fcnet_activation, double_dqn
DQN 8 8 0 1 0.25 0.25 2 256 0 1 6268 17.23 36.01
# Algorithm, state_space_size, action_space_size, delay, sequence_length, reward_density, terminal_state_density, num_layers, layer_width, fcnet_activation, double_dqn
DQN 8 8 0 1 0.25 0.25 2 256 0 1 6776 21.5 44.6
# Algorithm, state_space_size, action_space_size, delay, sequence_length, reward_density, terminal_state_density, num_layers, layer_width, fcnet_activation, double_dqn
DQN 8 8 0 1 0.25 0.25 2 256 0 1 7288 21.5 44.6
# Algorithm, state_space_size, action_space_size, delay, sequence_length, reward_density, terminal_state_density, num_layers, layer_width, fcnet_activation, double_dqn
DQN 8 8 0 1 0.25 0.25 2 256 0 1 7736 26.85 55.38
# Algorithm, state_space_size, action_space_size, delay, sequence_length, reward_density, terminal_state_density, num_layers, layer_width, fcnet_activation, double_dqn
DQN 8 8 0 1 0.25 0.25 2 256 0 1 8252 26.85 55.38
# Algorithm, state_space_size, action_space_size, delay, sequence_length, reward_density, terminal_state_density, num_layers, layer_width, fcnet_activation, double_dqn
DQN 8 8 0 1 0.25 0.25 2 256 0 1 8644 26.85 55.38
# Algorithm, state_space_size, action_space_size, delay, sequence_length, reward_density, terminal_state_density, num_layers, layer_width, fcnet_activation, double_dqn
DQN 8 8 0 1 0.25 0.25 2 256 0 1 9108 34.93 71.71
# Algorithm, state_space_size, action_space_size, delay, sequence_length, reward_density, terminal_state_density, num_layers, layer_width, fcnet_activation, double_dqn
DQN 8 8 0 1 0.25 0.25 2 256 0 1 9544 35.81 73.46
# Algorithm, state_space_size, action_space_size, delay, sequence_length, reward_density, terminal_state_density, num_layers, layer_width, fcnet_activation, double_dqn
DQN 8 8 0 1 0.25 0.25 2 256 0 1 9992 35.81 73.46
# Algorithm, state_space_size, action_space_size, delay, sequence_length, reward_density, terminal_state_density, num_layers, layer_width, fcnet_activation, double_dqn
DQN 8 8 0 1 0.25 0.25 2 256 0 1 10488 40.39 82.71
# Algorithm, state_space_size, action_space_size, delay, sequence_length, reward_density, terminal_state_density, num_layers, layer_width, fcnet_activation, double_dqn
DQN 8 8 0 1 0.25 0.25 2 256 0 1 10920 43.11 88.19
# Algorithm, state_space_size, action_space_size, delay, sequence_length, reward_density, terminal_state_density, num_layers, layer_width, fcnet_activation, double_dqn
DQN 8 8 0 1 0.25 0.25 2 256 0 1 11372 44.7 91.38
# Algorithm, state_space_size, action_space_size, delay, sequence_length, reward_density, terminal_state_density, num_layers, layer_width, fcnet_activation, double_dqn
DQN 8 8 0 1 0.25 0.25 2 256 0 1 11872 44.7 91.38
# Algorithm, state_space_size, action_space_size, delay, sequence_length, reward_density, terminal_state_density, num_layers, layer_width, fcnet_activation, double_dqn
DQN 8 8 0 1 0.25 0.25 2 256 0 1 12312 49.52 101.09
# Algorithm, state_space_size, action_space_size, delay, sequence_length, reward_density, terminal_state_density, num_layers, layer_width, fcnet_activation, double_dqn
DQN 8 8 0 1 0.25 0.25 2 256 0 1 12800 52.13 106.35
# Algorithm, state_space_size, action_space_size, delay, sequence_length, reward_density, terminal_state_density, num_layers, layer_width, fcnet_activation, double_dqn
DQN 8 8 0 1 0.25 0.25 2 256 0 1 13304 52.13 106.35
# Algorithm, state_space_size, action_space_size, delay, sequence_length, reward_density, terminal_state_density, num_layers, layer_width, fcnet_activation, double_dqn
DQN 8 8 0 1 0.25 0.25 2 256 0 1 13808 57.77 117.69
# Algorithm, state_space_size, action_space_size, delay, sequence_length, reward_density, terminal_state_density, num_layers, layer_width, fcnet_activation, double_dqn
DQN 8 8 0 1 0.25 0.25 2 256 0 1 14324 59.11 120.36
# Algorithm, state_space_size, action_space_size, delay, sequence_length, reward_density, terminal_state_density, num_layers, layer_width, fcnet_activation, double_dqn
DQN 8 8 0 1 0.25 0.25 2 256 0 1 14780 61.89 125.92
# Algorithm, state_space_size, action_space_size, delay, sequence_length, reward_density, terminal_state_density, num_layers, layer_width, fcnet_activation, double_dqn
DQN 8 8 0 1 0.25 0.25 2 256 0 1 15276 63.12 128.39
# Algorithm, state_space_size, action_space_size, delay, sequence_length, reward_density, terminal_state_density, num_layers, layer_width, fcnet_activation, double_dqn
DQN 8 8 0 1 0.25 0.25 2 256 0 1 15788 63.12 128.39
# Algorithm, state_space_size, action_space_size, delay, sequence_length, reward_density, terminal_state_density, num_layers, layer_width, fcnet_activation, double_dqn
DQN 8 8 0 1 0.25 0.25 2 256 0 1 16300 69.51 141.32
# Algorithm, state_space_size, action_space_size, delay, sequence_length, reward_density, terminal_state_density, num_layers, layer_width, fcnet_activation, double_dqn
DQN 8 8 0 1 0.25 0.25 2 256 0 1 16812 69.51 141.32
# Algorithm, state_space_size, action_space_size, delay, sequence_length, reward_density, terminal_state_density, num_layers, layer_width, fcnet_activation, double_dqn
DQN 8 8 0 1 0.25 0.25 2 256 0 1 17316 69.51 141.32
# Algorithm, state_space_size, action_space_size, delay, sequence_length, reward_density, terminal_state_density, num_layers, layer_width, fcnet_activation, double_dqn
DQN 8 8 0 1 0.25 0.25 2 256 0 1 17736 77.45 157.35
# Algorithm, state_space_size, action_space_size, delay, sequence_length, reward_density, terminal_state_density, num_layers, layer_width, fcnet_activation, double_dqn
DQN 8 8 0 1 0.25 0.25 2 256 0 1 18212 78.24 158.92
# Algorithm, state_space_size, action_space_size, delay, sequence_length, reward_density, terminal_state_density, num_layers, layer_width, fcnet_activation, double_dqn
DQN 8 8 0 1 0.25 0.25 2 256 0 1 18680 80.29 163.07
# Algorithm, state_space_size, action_space_size, delay, sequence_length, reward_density, terminal_state_density, num_layers, layer_width, fcnet_activation, double_dqn
DQN 8 8 0 1 0.25 0.25 2 256 0 1 19172 83.08 168.66
# Algorithm, state_space_size, action_space_size, delay, sequence_length, reward_density, terminal_state_density, num_layers, layer_width, fcnet_activation, double_dqn
DQN 8 8 0 1 0.25 0.25 2 256 0 1 19688 83.08 168.66
# Algorithm, state_space_size, action_space_size, delay, sequence_length, reward_density, terminal_state_density, num_layers, layer_width, fcnet_activation, double_dqn
DQN 8 8 0 1 0.25 0.25 2 256 0 1 20132 89.13 180.87
