# Algorithm, state_space_size, action_space_size, delay, sequence_length, reward_density, terminal_state_density, num_layers, layer_width,
DQN 8 8 0 1 0.25 0.25 1 8 1052 0.5869565217391305 3.8079710144927534
# Algorithm, state_space_size, action_space_size, delay, sequence_length, reward_density, terminal_state_density, num_layers, layer_width,
DQN 8 8 0 1 0.25 0.25 1 8 2040 1.0 4.434977578475336
# Algorithm, state_space_size, action_space_size, delay, sequence_length, reward_density, terminal_state_density, num_layers, layer_width,
DQN 8 8 0 1 0.25 0.25 1 8 2532 0.8 3.81
# Algorithm, state_space_size, action_space_size, delay, sequence_length, reward_density, terminal_state_density, num_layers, layer_width,
DQN 8 8 0 1 0.25 0.25 1 8 3024 0.77 9.63
# Algorithm, state_space_size, action_space_size, delay, sequence_length, reward_density, terminal_state_density, num_layers, layer_width,
DQN 8 8 0 1 0.25 0.25 1 8 3564 0.78 14.1
# Algorithm, state_space_size, action_space_size, delay, sequence_length, reward_density, terminal_state_density, num_layers, layer_width,
DQN 8 8 0 1 0.25 0.25 1 8 4168 0.77 22.8
# Algorithm, state_space_size, action_space_size, delay, sequence_length, reward_density, terminal_state_density, num_layers, layer_width,
DQN 8 8 0 1 0.25 0.25 1 8 4784 1.82 28.51
# Algorithm, state_space_size, action_space_size, delay, sequence_length, reward_density, terminal_state_density, num_layers, layer_width,
DQN 8 8 0 1 0.25 0.25 1 8 5392 1.76 33.24
# Algorithm, state_space_size, action_space_size, delay, sequence_length, reward_density, terminal_state_density, num_layers, layer_width,
DQN 8 8 0 1 0.25 0.25 1 8 6000 3.85 39.2
# Algorithm, state_space_size, action_space_size, delay, sequence_length, reward_density, terminal_state_density, num_layers, layer_width,
DQN 8 8 0 1 0.25 0.25 1 8 6568 3.86 46.83
# Algorithm, state_space_size, action_space_size, delay, sequence_length, reward_density, terminal_state_density, num_layers, layer_width,
DQN 8 8 0 1 0.25 0.25 1 8 7176 4.15 48.12
# Algorithm, state_space_size, action_space_size, delay, sequence_length, reward_density, terminal_state_density, num_layers, layer_width,
DQN 8 8 0 1 0.25 0.25 1 8 7796 6.98 53.9
# Algorithm, state_space_size, action_space_size, delay, sequence_length, reward_density, terminal_state_density, num_layers, layer_width,
DQN 8 8 0 1 0.25 0.25 1 8 8408 11.32 64.22
# Algorithm, state_space_size, action_space_size, delay, sequence_length, reward_density, terminal_state_density, num_layers, layer_width,
DQN 8 8 0 1 0.25 0.25 1 8 9024 13.92 69.41
# Algorithm, state_space_size, action_space_size, delay, sequence_length, reward_density, terminal_state_density, num_layers, layer_width,
DQN 8 8 0 1 0.25 0.25 1 8 9600 17.84 77.3
# Algorithm, state_space_size, action_space_size, delay, sequence_length, reward_density, terminal_state_density, num_layers, layer_width,
DQN 8 8 0 1 0.25 0.25 1 8 10220 20.36 82.35
# Algorithm, state_space_size, action_space_size, delay, sequence_length, reward_density, terminal_state_density, num_layers, layer_width,
DQN 8 8 0 1 0.25 0.25 1 8 10840 23.47 88.56
# Algorithm, state_space_size, action_space_size, delay, sequence_length, reward_density, terminal_state_density, num_layers, layer_width,
DQN 8 8 0 1 0.25 0.25 1 8 11456 26.1 93.83
# Algorithm, state_space_size, action_space_size, delay, sequence_length, reward_density, terminal_state_density, num_layers, layer_width,
DQN 8 8 0 1 0.25 0.25 1 8 12060 29.0 99.61
# Algorithm, state_space_size, action_space_size, delay, sequence_length, reward_density, terminal_state_density, num_layers, layer_width,
DQN 8 8 0 1 0.25 0.25 1 8 12648 29.0 99.61
# Algorithm, state_space_size, action_space_size, delay, sequence_length, reward_density, terminal_state_density, num_layers, layer_width,
DQN 8 8 0 1 0.25 0.25 1 8 13244 35.12 111.86
# Algorithm, state_space_size, action_space_size, delay, sequence_length, reward_density, terminal_state_density, num_layers, layer_width,
DQN 8 8 0 1 0.25 0.25 1 8 13864 38.6 118.83
# Algorithm, state_space_size, action_space_size, delay, sequence_length, reward_density, terminal_state_density, num_layers, layer_width,
DQN 8 8 0 1 0.25 0.25 1 8 14448 38.9 119.41
# Algorithm, state_space_size, action_space_size, delay, sequence_length, reward_density, terminal_state_density, num_layers, layer_width,
DQN 8 8 0 1 0.25 0.25 1 8 14944 42.92 127.5
# Algorithm, state_space_size, action_space_size, delay, sequence_length, reward_density, terminal_state_density, num_layers, layer_width,
DQN 8 8 0 1 0.25 0.25 1 8 15492 42.92 127.5
# Algorithm, state_space_size, action_space_size, delay, sequence_length, reward_density, terminal_state_density, num_layers, layer_width,
DQN 8 8 0 1 0.25 0.25 1 8 15992 42.92 127.5
# Algorithm, state_space_size, action_space_size, delay, sequence_length, reward_density, terminal_state_density, num_layers, layer_width,
DQN 8 8 0 1 0.25 0.25 1 8 16604 51.01 143.74
# Algorithm, state_space_size, action_space_size, delay, sequence_length, reward_density, terminal_state_density, num_layers, layer_width,
DQN 8 8 0 1 0.25 0.25 1 8 17220 53.6 148.94
# Algorithm, state_space_size, action_space_size, delay, sequence_length, reward_density, terminal_state_density, num_layers, layer_width,
DQN 8 8 0 1 0.25 0.25 1 8 17760 53.6 148.94
# Algorithm, state_space_size, action_space_size, delay, sequence_length, reward_density, terminal_state_density, num_layers, layer_width,
DQN 8 8 0 1 0.25 0.25 1 8 18308 60.24 162.32
# Algorithm, state_space_size, action_space_size, delay, sequence_length, reward_density, terminal_state_density, num_layers, layer_width,
DQN 8 8 0 1 0.25 0.25 1 8 18932 62.99 167.79
# Algorithm, state_space_size, action_space_size, delay, sequence_length, reward_density, terminal_state_density, num_layers, layer_width,
DQN 8 8 0 1 0.25 0.25 1 8 19552 65.09 172.0
# Algorithm, state_space_size, action_space_size, delay, sequence_length, reward_density, terminal_state_density, num_layers, layer_width,
DQN 8 8 0 1 0.25 0.25 1 8 20168 67.82 177.48
# Algorithm, state_space_size, action_space_size, delay, sequence_length, reward_density, terminal_state_density, num_layers, layer_width,
DQN 8 8 0 1 0.25 0.25 1 32 984 0.5884615384615385 3.776923076923077
# Algorithm, state_space_size, action_space_size, delay, sequence_length, reward_density, terminal_state_density, num_layers, layer_width,
DQN 8 8 0 1 0.25 0.25 1 32 2004 0.4354243542435424 3.7675276752767526
# Algorithm, state_space_size, action_space_size, delay, sequence_length, reward_density, terminal_state_density, num_layers, layer_width,
DQN 8 8 0 1 0.25 0.25 1 32 2584 0.19491525423728814 4.703389830508475
# Algorithm, state_space_size, action_space_size, delay, sequence_length, reward_density, terminal_state_density, num_layers, layer_width,
DQN 8 8 0 1 0.25 0.25 1 32 3200 0.93 4.93
# Algorithm, state_space_size, action_space_size, delay, sequence_length, reward_density, terminal_state_density, num_layers, layer_width,
DQN 8 8 0 1 0.25 0.25 1 32 3808 5.76 14.63
# Algorithm, state_space_size, action_space_size, delay, sequence_length, reward_density, terminal_state_density, num_layers, layer_width,
DQN 8 8 0 1 0.25 0.25 1 32 4384 5.76 14.63
# Algorithm, state_space_size, action_space_size, delay, sequence_length, reward_density, terminal_state_density, num_layers, layer_width,
DQN 8 8 0 1 0.25 0.25 1 32 4988 12.0 27.18
# Algorithm, state_space_size, action_space_size, delay, sequence_length, reward_density, terminal_state_density, num_layers, layer_width,
DQN 8 8 0 1 0.25 0.25 1 32 5596 14.57 32.35
# Algorithm, state_space_size, action_space_size, delay, sequence_length, reward_density, terminal_state_density, num_layers, layer_width,
DQN 8 8 0 1 0.25 0.25 1 32 6212 17.5 38.25
# Algorithm, state_space_size, action_space_size, delay, sequence_length, reward_density, terminal_state_density, num_layers, layer_width,
DQN 8 8 0 1 0.25 0.25 1 32 6816 20.37 44.05
# Algorithm, state_space_size, action_space_size, delay, sequence_length, reward_density, terminal_state_density, num_layers, layer_width,
DQN 8 8 0 1 0.25 0.25 1 32 7392 23.31 49.98
# Algorithm, state_space_size, action_space_size, delay, sequence_length, reward_density, terminal_state_density, num_layers, layer_width,
DQN 8 8 0 1 0.25 0.25 1 32 8004 25.26 53.9
# Algorithm, state_space_size, action_space_size, delay, sequence_length, reward_density, terminal_state_density, num_layers, layer_width,
DQN 8 8 0 1 0.25 0.25 1 32 8604 28.42 60.23
# Algorithm, state_space_size, action_space_size, delay, sequence_length, reward_density, terminal_state_density, num_layers, layer_width,
DQN 8 8 0 1 0.25 0.25 1 32 9212 31.05 65.49
# Algorithm, state_space_size, action_space_size, delay, sequence_length, reward_density, terminal_state_density, num_layers, layer_width,
DQN 8 8 0 1 0.25 0.25 1 32 9820 31.05 65.49
# Algorithm, state_space_size, action_space_size, delay, sequence_length, reward_density, terminal_state_density, num_layers, layer_width,
DQN 8 8 0 1 0.25 0.25 1 32 10396 37.55 78.61
# Algorithm, state_space_size, action_space_size, delay, sequence_length, reward_density, terminal_state_density, num_layers, layer_width,
DQN 8 8 0 1 0.25 0.25 1 32 11000 41.63 86.77
# Algorithm, state_space_size, action_space_size, delay, sequence_length, reward_density, terminal_state_density, num_layers, layer_width,
DQN 8 8 0 1 0.25 0.25 1 32 11600 43.42 90.38
# Algorithm, state_space_size, action_space_size, delay, sequence_length, reward_density, terminal_state_density, num_layers, layer_width,
DQN 8 8 0 1 0.25 0.25 1 32 12208 46.32 96.15
# Algorithm, state_space_size, action_space_size, delay, sequence_length, reward_density, terminal_state_density, num_layers, layer_width,
DQN 8 8 0 1 0.25 0.25 1 32 12824 50.54 104.68
# Algorithm, state_space_size, action_space_size, delay, sequence_length, reward_density, terminal_state_density, num_layers, layer_width,
DQN 8 8 0 1 0.25 0.25 1 32 13436 52.46 108.54
# Algorithm, state_space_size, action_space_size, delay, sequence_length, reward_density, terminal_state_density, num_layers, layer_width,
DQN 8 8 0 1 0.25 0.25 1 32 14008 56.27 116.12
# Algorithm, state_space_size, action_space_size, delay, sequence_length, reward_density, terminal_state_density, num_layers, layer_width,
DQN 8 8 0 1 0.25 0.25 1 32 14616 58.23 120.06
# Algorithm, state_space_size, action_space_size, delay, sequence_length, reward_density, terminal_state_density, num_layers, layer_width,
DQN 8 8 0 1 0.25 0.25 1 32 15208 60.26 124.18
# Algorithm, state_space_size, action_space_size, delay, sequence_length, reward_density, terminal_state_density, num_layers, layer_width,
DQN 8 8 0 1 0.25 0.25 1 32 15808 60.26 124.18
# Algorithm, state_space_size, action_space_size, delay, sequence_length, reward_density, terminal_state_density, num_layers, layer_width,
DQN 8 8 0 1 0.25 0.25 1 32 16368 68.35 140.45
# Algorithm, state_space_size, action_space_size, delay, sequence_length, reward_density, terminal_state_density, num_layers, layer_width,
DQN 8 8 0 1 0.25 0.25 1 32 16884 70.94 145.68
# Algorithm, state_space_size, action_space_size, delay, sequence_length, reward_density, terminal_state_density, num_layers, layer_width,
DQN 8 8 0 1 0.25 0.25 1 32 17476 70.94 145.68
# Algorithm, state_space_size, action_space_size, delay, sequence_length, reward_density, terminal_state_density, num_layers, layer_width,
DQN 8 8 0 1 0.25 0.25 1 32 18036 76.56 157.03
# Algorithm, state_space_size, action_space_size, delay, sequence_length, reward_density, terminal_state_density, num_layers, layer_width,
DQN 8 8 0 1 0.25 0.25 1 32 18604 78.79 161.43
# Algorithm, state_space_size, action_space_size, delay, sequence_length, reward_density, terminal_state_density, num_layers, layer_width,
DQN 8 8 0 1 0.25 0.25 1 32 19116 81.96 167.79
# Algorithm, state_space_size, action_space_size, delay, sequence_length, reward_density, terminal_state_density, num_layers, layer_width,
DQN 8 8 0 1 0.25 0.25 1 32 19612 82.47 168.81
# Algorithm, state_space_size, action_space_size, delay, sequence_length, reward_density, terminal_state_density, num_layers, layer_width,
DQN 8 8 0 1 0.25 0.25 1 32 20168 85.24 174.37
# Algorithm, state_space_size, action_space_size, delay, sequence_length, reward_density, terminal_state_density, num_layers, layer_width,
DQN 8 8 0 1 0.25 0.25 1 128 996 0.5877862595419847 3.7786259541984735
# Algorithm, state_space_size, action_space_size, delay, sequence_length, reward_density, terminal_state_density, num_layers, layer_width,
DQN 8 8 0 1 0.25 0.25 1 128 2004 0.8903061224489796 2.5841836734693877
# Algorithm, state_space_size, action_space_size, delay, sequence_length, reward_density, terminal_state_density, num_layers, layer_width,
DQN 8 8 0 1 0.25 0.25 1 128 2564 6.63 8.4
# Algorithm, state_space_size, action_space_size, delay, sequence_length, reward_density, terminal_state_density, num_layers, layer_width,
DQN 8 8 0 1 0.25 0.25 1 128 3068 10.29 12.06
# Algorithm, state_space_size, action_space_size, delay, sequence_length, reward_density, terminal_state_density, num_layers, layer_width,
DQN 8 8 0 1 0.25 0.25 1 128 3600 16.44 18.26
# Algorithm, state_space_size, action_space_size, delay, sequence_length, reward_density, terminal_state_density, num_layers, layer_width,
DQN 8 8 0 1 0.25 0.25 1 128 4176 21.33 23.12
# Algorithm, state_space_size, action_space_size, delay, sequence_length, reward_density, terminal_state_density, num_layers, layer_width,
DQN 8 8 0 1 0.25 0.25 1 128 4784 26.1 27.89
# Algorithm, state_space_size, action_space_size, delay, sequence_length, reward_density, terminal_state_density, num_layers, layer_width,
DQN 8 8 0 1 0.25 0.25 1 128 5348 33.59 35.46
# Algorithm, state_space_size, action_space_size, delay, sequence_length, reward_density, terminal_state_density, num_layers, layer_width,
DQN 8 8 0 1 0.25 0.25 1 128 5952 37.7 39.61
# Algorithm, state_space_size, action_space_size, delay, sequence_length, reward_density, terminal_state_density, num_layers, layer_width,
DQN 8 8 0 1 0.25 0.25 1 128 6560 40.87 42.8
# Algorithm, state_space_size, action_space_size, delay, sequence_length, reward_density, terminal_state_density, num_layers, layer_width,
DQN 8 8 0 1 0.25 0.25 1 128 7172 46.11 51.69
# Algorithm, state_space_size, action_space_size, delay, sequence_length, reward_density, terminal_state_density, num_layers, layer_width,
DQN 8 8 0 1 0.25 0.25 1 128 7772 48.94 57.69
# Algorithm, state_space_size, action_space_size, delay, sequence_length, reward_density, terminal_state_density, num_layers, layer_width,
DQN 8 8 0 1 0.25 0.25 1 128 8328 53.54 64.78
# Algorithm, state_space_size, action_space_size, delay, sequence_length, reward_density, terminal_state_density, num_layers, layer_width,
DQN 8 8 0 1 0.25 0.25 1 128 8928 53.89 70.3
# Algorithm, state_space_size, action_space_size, delay, sequence_length, reward_density, terminal_state_density, num_layers, layer_width,
DQN 8 8 0 1 0.25 0.25 1 128 9532 53.89 76.88
# Algorithm, state_space_size, action_space_size, delay, sequence_length, reward_density, terminal_state_density, num_layers, layer_width,
DQN 8 8 0 1 0.25 0.25 1 128 10136 54.51 81.47
# Algorithm, state_space_size, action_space_size, delay, sequence_length, reward_density, terminal_state_density, num_layers, layer_width,
DQN 8 8 0 1 0.25 0.25 1 128 10752 57.51 89.18
# Algorithm, state_space_size, action_space_size, delay, sequence_length, reward_density, terminal_state_density, num_layers, layer_width,
DQN 8 8 0 1 0.25 0.25 1 128 11332 60.63 94.57
# Algorithm, state_space_size, action_space_size, delay, sequence_length, reward_density, terminal_state_density, num_layers, layer_width,
DQN 8 8 0 1 0.25 0.25 1 128 11948 61.54 100.36
# Algorithm, state_space_size, action_space_size, delay, sequence_length, reward_density, terminal_state_density, num_layers, layer_width,
DQN 8 8 0 1 0.25 0.25 1 128 12560 67.25 106.87
# Algorithm, state_space_size, action_space_size, delay, sequence_length, reward_density, terminal_state_density, num_layers, layer_width,
DQN 8 8 0 1 0.25 0.25 1 128 13172 69.53 112.45
# Algorithm, state_space_size, action_space_size, delay, sequence_length, reward_density, terminal_state_density, num_layers, layer_width,
DQN 8 8 0 1 0.25 0.25 1 128 13744 71.59 116.81
# Algorithm, state_space_size, action_space_size, delay, sequence_length, reward_density, terminal_state_density, num_layers, layer_width,
DQN 8 8 0 1 0.25 0.25 1 128 14292 71.46 123.66
# Algorithm, state_space_size, action_space_size, delay, sequence_length, reward_density, terminal_state_density, num_layers, layer_width,
DQN 8 8 0 1 0.25 0.25 1 128 14900 73.92 127.71
# Algorithm, state_space_size, action_space_size, delay, sequence_length, reward_density, terminal_state_density, num_layers, layer_width,
DQN 8 8 0 1 0.25 0.25 1 128 15504 73.92 127.71
# Algorithm, state_space_size, action_space_size, delay, sequence_length, reward_density, terminal_state_density, num_layers, layer_width,
DQN 8 8 0 1 0.25 0.25 1 128 16092 80.42 138.25
# Algorithm, state_space_size, action_space_size, delay, sequence_length, reward_density, terminal_state_density, num_layers, layer_width,
DQN 8 8 0 1 0.25 0.25 1 128 16688 82.71 141.75
# Algorithm, state_space_size, action_space_size, delay, sequence_length, reward_density, terminal_state_density, num_layers, layer_width,
DQN 8 8 0 1 0.25 0.25 1 128 17252 85.29 152.01
# Algorithm, state_space_size, action_space_size, delay, sequence_length, reward_density, terminal_state_density, num_layers, layer_width,
DQN 8 8 0 1 0.25 0.25 1 128 17780 86.93 157.12
# Algorithm, state_space_size, action_space_size, delay, sequence_length, reward_density, terminal_state_density, num_layers, layer_width,
DQN 8 8 0 1 0.25 0.25 1 128 18356 89.5 159.69
# Algorithm, state_space_size, action_space_size, delay, sequence_length, reward_density, terminal_state_density, num_layers, layer_width,
DQN 8 8 0 1 0.25 0.25 1 128 18964 92.29 167.84
# Algorithm, state_space_size, action_space_size, delay, sequence_length, reward_density, terminal_state_density, num_layers, layer_width,
DQN 8 8 0 1 0.25 0.25 1 128 19568 96.54 175.22
# Algorithm, state_space_size, action_space_size, delay, sequence_length, reward_density, terminal_state_density, num_layers, layer_width,
DQN 8 8 0 1 0.25 0.25 1 128 20132 98.13 177.62
# Algorithm, state_space_size, action_space_size, delay, sequence_length, reward_density, terminal_state_density, num_layers, layer_width,
DQN 8 8 0 1 0.25 0.25 2 8 1036 0.6 3.6964285714285716
# Algorithm, state_space_size, action_space_size, delay, sequence_length, reward_density, terminal_state_density, num_layers, layer_width,
DQN 8 8 0 1 0.25 0.25 2 8 2040 1.9261363636363635 5.670454545454546
# Algorithm, state_space_size, action_space_size, delay, sequence_length, reward_density, terminal_state_density, num_layers, layer_width,
DQN 8 8 0 1 0.25 0.25 2 8 2656 4.67 8.03
# Algorithm, state_space_size, action_space_size, delay, sequence_length, reward_density, terminal_state_density, num_layers, layer_width,
DQN 8 8 0 1 0.25 0.25 2 8 3240 5.89 14.59
# Algorithm, state_space_size, action_space_size, delay, sequence_length, reward_density, terminal_state_density, num_layers, layer_width,
DQN 8 8 0 1 0.25 0.25 2 8 3856 11.38 22.15
# Algorithm, state_space_size, action_space_size, delay, sequence_length, reward_density, terminal_state_density, num_layers, layer_width,
DQN 8 8 0 1 0.25 0.25 2 8 4476 14.42 28.34
# Algorithm, state_space_size, action_space_size, delay, sequence_length, reward_density, terminal_state_density, num_layers, layer_width,
DQN 8 8 0 1 0.25 0.25 2 8 5068 20.07 34.11
# Algorithm, state_space_size, action_space_size, delay, sequence_length, reward_density, terminal_state_density, num_layers, layer_width,
DQN 8 8 0 1 0.25 0.25 2 8 5676 24.86 40.16
# Algorithm, state_space_size, action_space_size, delay, sequence_length, reward_density, terminal_state_density, num_layers, layer_width,
DQN 8 8 0 1 0.25 0.25 2 8 6252 29.89 45.2
# Algorithm, state_space_size, action_space_size, delay, sequence_length, reward_density, terminal_state_density, num_layers, layer_width,
DQN 8 8 0 1 0.25 0.25 2 8 6864 35.0 51.7
# Algorithm, state_space_size, action_space_size, delay, sequence_length, reward_density, terminal_state_density, num_layers, layer_width,
DQN 8 8 0 1 0.25 0.25 2 8 7476 37.48 54.15
# Algorithm, state_space_size, action_space_size, delay, sequence_length, reward_density, terminal_state_density, num_layers, layer_width,
DQN 8 8 0 1 0.25 0.25 2 8 8088 44.16 63.83
# Algorithm, state_space_size, action_space_size, delay, sequence_length, reward_density, terminal_state_density, num_layers, layer_width,
DQN 8 8 0 1 0.25 0.25 2 8 8692 45.79 69.74
# Algorithm, state_space_size, action_space_size, delay, sequence_length, reward_density, terminal_state_density, num_layers, layer_width,
DQN 8 8 0 1 0.25 0.25 2 8 9268 45.79 69.74
# Algorithm, state_space_size, action_space_size, delay, sequence_length, reward_density, terminal_state_density, num_layers, layer_width,
DQN 8 8 0 1 0.25 0.25 2 8 9884 49.39 81.16
# Algorithm, state_space_size, action_space_size, delay, sequence_length, reward_density, terminal_state_density, num_layers, layer_width,
DQN 8 8 0 1 0.25 0.25 2 8 10500 52.41 85.94
# Algorithm, state_space_size, action_space_size, delay, sequence_length, reward_density, terminal_state_density, num_layers, layer_width,
DQN 8 8 0 1 0.25 0.25 2 8 11116 53.73 92.51
# Algorithm, state_space_size, action_space_size, delay, sequence_length, reward_density, terminal_state_density, num_layers, layer_width,
DQN 8 8 0 1 0.25 0.25 2 8 11700 55.09 96.08
# Algorithm, state_space_size, action_space_size, delay, sequence_length, reward_density, terminal_state_density, num_layers, layer_width,
DQN 8 8 0 1 0.25 0.25 2 8 12236 58.21 100.24
# Algorithm, state_space_size, action_space_size, delay, sequence_length, reward_density, terminal_state_density, num_layers, layer_width,
DQN 8 8 0 1 0.25 0.25 2 8 12852 64.19 108.4
# Algorithm, state_space_size, action_space_size, delay, sequence_length, reward_density, terminal_state_density, num_layers, layer_width,
DQN 8 8 0 1 0.25 0.25 2 8 13464 68.26 114.98
# Algorithm, state_space_size, action_space_size, delay, sequence_length, reward_density, terminal_state_density, num_layers, layer_width,
DQN 8 8 0 1 0.25 0.25 2 8 14064 71.4 119.74
# Algorithm, state_space_size, action_space_size, delay, sequence_length, reward_density, terminal_state_density, num_layers, layer_width,
DQN 8 8 0 1 0.25 0.25 2 8 14676 71.4 119.74
# Algorithm, state_space_size, action_space_size, delay, sequence_length, reward_density, terminal_state_density, num_layers, layer_width,
DQN 8 8 0 1 0.25 0.25 2 8 15236 74.9 133.36
# Algorithm, state_space_size, action_space_size, delay, sequence_length, reward_density, terminal_state_density, num_layers, layer_width,
DQN 8 8 0 1 0.25 0.25 2 8 15848 77.14 137.64
# Algorithm, state_space_size, action_space_size, delay, sequence_length, reward_density, terminal_state_density, num_layers, layer_width,
DQN 8 8 0 1 0.25 0.25 2 8 16448 80.11 144.65
# Algorithm, state_space_size, action_space_size, delay, sequence_length, reward_density, terminal_state_density, num_layers, layer_width,
DQN 8 8 0 1 0.25 0.25 2 8 17060 80.57 150.15
# Algorithm, state_space_size, action_space_size, delay, sequence_length, reward_density, terminal_state_density, num_layers, layer_width,
DQN 8 8 0 1 0.25 0.25 2 8 17668 84.59 156.99
# Algorithm, state_space_size, action_space_size, delay, sequence_length, reward_density, terminal_state_density, num_layers, layer_width,
DQN 8 8 0 1 0.25 0.25 2 8 18276 87.1 161.9
# Algorithm, state_space_size, action_space_size, delay, sequence_length, reward_density, terminal_state_density, num_layers, layer_width,
DQN 8 8 0 1 0.25 0.25 2 8 18864 89.1 167.7
# Algorithm, state_space_size, action_space_size, delay, sequence_length, reward_density, terminal_state_density, num_layers, layer_width,
DQN 8 8 0 1 0.25 0.25 2 8 19476 91.21 170.72
# Algorithm, state_space_size, action_space_size, delay, sequence_length, reward_density, terminal_state_density, num_layers, layer_width,
DQN 8 8 0 1 0.25 0.25 2 8 20080 94.7 180.17
# Algorithm, state_space_size, action_space_size, delay, sequence_length, reward_density, terminal_state_density, num_layers, layer_width,
DQN 8 8 0 1 0.25 0.25 2 32 948 0.6007751937984496 3.6627906976744184
# Algorithm, state_space_size, action_space_size, delay, sequence_length, reward_density, terminal_state_density, num_layers, layer_width,
DQN 8 8 0 1 0.25 0.25 2 32 1980 0.5267857142857143 3.050595238095238
# Algorithm, state_space_size, action_space_size, delay, sequence_length, reward_density, terminal_state_density, num_layers, layer_width,
DQN 8 8 0 1 0.25 0.25 2 32 2544 0.5 6.83
# Algorithm, state_space_size, action_space_size, delay, sequence_length, reward_density, terminal_state_density, num_layers, layer_width,
DQN 8 8 0 1 0.25 0.25 2 32 3152 0.47 11.24
# Algorithm, state_space_size, action_space_size, delay, sequence_length, reward_density, terminal_state_density, num_layers, layer_width,
DQN 8 8 0 1 0.25 0.25 2 32 3764 3.6 18.31
# Algorithm, state_space_size, action_space_size, delay, sequence_length, reward_density, terminal_state_density, num_layers, layer_width,
DQN 8 8 0 1 0.25 0.25 2 32 4340 6.42 23.95
# Algorithm, state_space_size, action_space_size, delay, sequence_length, reward_density, terminal_state_density, num_layers, layer_width,
DQN 8 8 0 1 0.25 0.25 2 32 4952 7.89 26.92
# Algorithm, state_space_size, action_space_size, delay, sequence_length, reward_density, terminal_state_density, num_layers, layer_width,
DQN 8 8 0 1 0.25 0.25 2 32 5536 12.45 36.1
# Algorithm, state_space_size, action_space_size, delay, sequence_length, reward_density, terminal_state_density, num_layers, layer_width,
DQN 8 8 0 1 0.25 0.25 2 32 6124 12.8 36.79
# Algorithm, state_space_size, action_space_size, delay, sequence_length, reward_density, terminal_state_density, num_layers, layer_width,
DQN 8 8 0 1 0.25 0.25 2 32 6736 14.47 46.06
# Algorithm, state_space_size, action_space_size, delay, sequence_length, reward_density, terminal_state_density, num_layers, layer_width,
DQN 8 8 0 1 0.25 0.25 2 32 7336 14.67 53.59
# Algorithm, state_space_size, action_space_size, delay, sequence_length, reward_density, terminal_state_density, num_layers, layer_width,
DQN 8 8 0 1 0.25 0.25 2 32 7932 16.22 58.07
# Algorithm, state_space_size, action_space_size, delay, sequence_length, reward_density, terminal_state_density, num_layers, layer_width,
DQN 8 8 0 1 0.25 0.25 2 32 8548 16.22 58.07
# Algorithm, state_space_size, action_space_size, delay, sequence_length, reward_density, terminal_state_density, num_layers, layer_width,
DQN 8 8 0 1 0.25 0.25 2 32 9168 16.22 58.07
# Algorithm, state_space_size, action_space_size, delay, sequence_length, reward_density, terminal_state_density, num_layers, layer_width,
DQN 8 8 0 1 0.25 0.25 2 32 9768 16.22 58.07
# Algorithm, state_space_size, action_space_size, delay, sequence_length, reward_density, terminal_state_density, num_layers, layer_width,
DQN 8 8 0 1 0.25 0.25 2 32 10352 29.12 84.26
# Algorithm, state_space_size, action_space_size, delay, sequence_length, reward_density, terminal_state_density, num_layers, layer_width,
DQN 8 8 0 1 0.25 0.25 2 32 10916 29.27 84.55
# Algorithm, state_space_size, action_space_size, delay, sequence_length, reward_density, terminal_state_density, num_layers, layer_width,
DQN 8 8 0 1 0.25 0.25 2 32 11512 32.79 94.46
# Algorithm, state_space_size, action_space_size, delay, sequence_length, reward_density, terminal_state_density, num_layers, layer_width,
DQN 8 8 0 1 0.25 0.25 2 32 12116 34.42 101.12
# Algorithm, state_space_size, action_space_size, delay, sequence_length, reward_density, terminal_state_density, num_layers, layer_width,
DQN 8 8 0 1 0.25 0.25 2 32 12728 35.52 103.58
# Algorithm, state_space_size, action_space_size, delay, sequence_length, reward_density, terminal_state_density, num_layers, layer_width,
DQN 8 8 0 1 0.25 0.25 2 32 13340 39.45 113.68
# Algorithm, state_space_size, action_space_size, delay, sequence_length, reward_density, terminal_state_density, num_layers, layer_width,
DQN 8 8 0 1 0.25 0.25 2 32 13924 41.83 118.43
# Algorithm, state_space_size, action_space_size, delay, sequence_length, reward_density, terminal_state_density, num_layers, layer_width,
DQN 8 8 0 1 0.25 0.25 2 32 14532 41.83 118.43
# Algorithm, state_space_size, action_space_size, delay, sequence_length, reward_density, terminal_state_density, num_layers, layer_width,
DQN 8 8 0 1 0.25 0.25 2 32 15132 46.41 128.91
# Algorithm, state_space_size, action_space_size, delay, sequence_length, reward_density, terminal_state_density, num_layers, layer_width,
DQN 8 8 0 1 0.25 0.25 2 32 15740 48.67 135.65
# Algorithm, state_space_size, action_space_size, delay, sequence_length, reward_density, terminal_state_density, num_layers, layer_width,
DQN 8 8 0 1 0.25 0.25 2 32 16348 50.72 142.73
# Algorithm, state_space_size, action_space_size, delay, sequence_length, reward_density, terminal_state_density, num_layers, layer_width,
DQN 8 8 0 1 0.25 0.25 2 32 16916 50.72 142.83
# Algorithm, state_space_size, action_space_size, delay, sequence_length, reward_density, terminal_state_density, num_layers, layer_width,
DQN 8 8 0 1 0.25 0.25 2 32 17520 53.78 151.81
# Algorithm, state_space_size, action_space_size, delay, sequence_length, reward_density, terminal_state_density, num_layers, layer_width,
DQN 8 8 0 1 0.25 0.25 2 32 18132 56.54 157.37
# Algorithm, state_space_size, action_space_size, delay, sequence_length, reward_density, terminal_state_density, num_layers, layer_width,
DQN 8 8 0 1 0.25 0.25 2 32 18748 59.04 164.01
# Algorithm, state_space_size, action_space_size, delay, sequence_length, reward_density, terminal_state_density, num_layers, layer_width,
DQN 8 8 0 1 0.25 0.25 2 32 19332 61.18 168.48
# Algorithm, state_space_size, action_space_size, delay, sequence_length, reward_density, terminal_state_density, num_layers, layer_width,
DQN 8 8 0 1 0.25 0.25 2 32 19912 61.18 168.48
# Algorithm, state_space_size, action_space_size, delay, sequence_length, reward_density, terminal_state_density, num_layers, layer_width,
DQN 8 8 0 1 0.25 0.25 2 32 20520 64.85 179.22
# Algorithm, state_space_size, action_space_size, delay, sequence_length, reward_density, terminal_state_density, num_layers, layer_width,
DQN 8 8 0 1 0.25 0.25 2 128 1008 0.5869565217391305 3.6340579710144927
# Algorithm, state_space_size, action_space_size, delay, sequence_length, reward_density, terminal_state_density, num_layers, layer_width,
DQN 8 8 0 1 0.25 0.25 2 128 2004 0.5263157894736842 5.2368421052631575
# Algorithm, state_space_size, action_space_size, delay, sequence_length, reward_density, terminal_state_density, num_layers, layer_width,
DQN 8 8 0 1 0.25 0.25 2 128 2560 0.9 7.1
# Algorithm, state_space_size, action_space_size, delay, sequence_length, reward_density, terminal_state_density, num_layers, layer_width,
DQN 8 8 0 1 0.25 0.25 2 128 3108 1.0 2.191235059760956
# Algorithm, state_space_size, action_space_size, delay, sequence_length, reward_density, terminal_state_density, num_layers, layer_width,
DQN 8 8 0 1 0.25 0.25 2 128 3656 1.0 2.145098039215686
# Algorithm, state_space_size, action_space_size, delay, sequence_length, reward_density, terminal_state_density, num_layers, layer_width,
DQN 8 8 0 1 0.25 0.25 2 128 4236 1.18 2.56
# Algorithm, state_space_size, action_space_size, delay, sequence_length, reward_density, terminal_state_density, num_layers, layer_width,
DQN 8 8 0 1 0.25 0.25 2 128 4824 5.22 10.65
# Algorithm, state_space_size, action_space_size, delay, sequence_length, reward_density, terminal_state_density, num_layers, layer_width,
DQN 8 8 0 1 0.25 0.25 2 128 5384 6.77 13.76
# Algorithm, state_space_size, action_space_size, delay, sequence_length, reward_density, terminal_state_density, num_layers, layer_width,
DQN 8 8 0 1 0.25 0.25 2 128 5984 11.12 22.48
# Algorithm, state_space_size, action_space_size, delay, sequence_length, reward_density, terminal_state_density, num_layers, layer_width,
DQN 8 8 0 1 0.25 0.25 2 128 6536 14.07 28.38
# Algorithm, state_space_size, action_space_size, delay, sequence_length, reward_density, terminal_state_density, num_layers, layer_width,
DQN 8 8 0 1 0.25 0.25 2 128 7032 15.66 31.59
# Algorithm, state_space_size, action_space_size, delay, sequence_length, reward_density, terminal_state_density, num_layers, layer_width,
DQN 8 8 0 1 0.25 0.25 2 128 7572 19.06 38.4
# Algorithm, state_space_size, action_space_size, delay, sequence_length, reward_density, terminal_state_density, num_layers, layer_width,
DQN 8 8 0 1 0.25 0.25 2 128 8096 20.05 40.4
# Algorithm, state_space_size, action_space_size, delay, sequence_length, reward_density, terminal_state_density, num_layers, layer_width,
DQN 8 8 0 1 0.25 0.25 2 128 8696 21.9 46.06
# Algorithm, state_space_size, action_space_size, delay, sequence_length, reward_density, terminal_state_density, num_layers, layer_width,
DQN 8 8 0 1 0.25 0.25 2 128 9284 23.96 50.28
# Algorithm, state_space_size, action_space_size, delay, sequence_length, reward_density, terminal_state_density, num_layers, layer_width,
DQN 8 8 0 1 0.25 0.25 2 128 9868 23.96 50.28
# Algorithm, state_space_size, action_space_size, delay, sequence_length, reward_density, terminal_state_density, num_layers, layer_width,
DQN 8 8 0 1 0.25 0.25 2 128 10424 30.53 66.85
# Algorithm, state_space_size, action_space_size, delay, sequence_length, reward_density, terminal_state_density, num_layers, layer_width,
DQN 8 8 0 1 0.25 0.25 2 128 10960 32.63 71.21
# Algorithm, state_space_size, action_space_size, delay, sequence_length, reward_density, terminal_state_density, num_layers, layer_width,
DQN 8 8 0 1 0.25 0.25 2 128 11540 35.33 76.7
# Algorithm, state_space_size, action_space_size, delay, sequence_length, reward_density, terminal_state_density, num_layers, layer_width,
DQN 8 8 0 1 0.25 0.25 2 128 12112 38.28 82.64
# Algorithm, state_space_size, action_space_size, delay, sequence_length, reward_density, terminal_state_density, num_layers, layer_width,
DQN 8 8 0 1 0.25 0.25 2 128 12688 39.8 85.78
# Algorithm, state_space_size, action_space_size, delay, sequence_length, reward_density, terminal_state_density, num_layers, layer_width,
DQN 8 8 0 1 0.25 0.25 2 128 13264 44.37 95.22
# Algorithm, state_space_size, action_space_size, delay, sequence_length, reward_density, terminal_state_density, num_layers, layer_width,
DQN 8 8 0 1 0.25 0.25 2 128 13808 45.14 96.78
# Algorithm, state_space_size, action_space_size, delay, sequence_length, reward_density, terminal_state_density, num_layers, layer_width,
DQN 8 8 0 1 0.25 0.25 2 128 14380 49.87 106.31
# Algorithm, state_space_size, action_space_size, delay, sequence_length, reward_density, terminal_state_density, num_layers, layer_width,
DQN 8 8 0 1 0.25 0.25 2 128 14964 52.29 111.18
# Algorithm, state_space_size, action_space_size, delay, sequence_length, reward_density, terminal_state_density, num_layers, layer_width,
DQN 8 8 0 1 0.25 0.25 2 128 15552 55.56 117.78
# Algorithm, state_space_size, action_space_size, delay, sequence_length, reward_density, terminal_state_density, num_layers, layer_width,
DQN 8 8 0 1 0.25 0.25 2 128 16140 56.01 118.71
# Algorithm, state_space_size, action_space_size, delay, sequence_length, reward_density, terminal_state_density, num_layers, layer_width,
DQN 8 8 0 1 0.25 0.25 2 128 16684 60.83 128.4
# Algorithm, state_space_size, action_space_size, delay, sequence_length, reward_density, terminal_state_density, num_layers, layer_width,
DQN 8 8 0 1 0.25 0.25 2 128 17228 63.67 134.2
# Algorithm, state_space_size, action_space_size, delay, sequence_length, reward_density, terminal_state_density, num_layers, layer_width,
DQN 8 8 0 1 0.25 0.25 2 128 17816 65.59 138.12
# Algorithm, state_space_size, action_space_size, delay, sequence_length, reward_density, terminal_state_density, num_layers, layer_width,
DQN 8 8 0 1 0.25 0.25 2 128 18408 68.72 144.48
# Algorithm, state_space_size, action_space_size, delay, sequence_length, reward_density, terminal_state_density, num_layers, layer_width,
DQN 8 8 0 1 0.25 0.25 2 128 18984 71.89 150.93
# Algorithm, state_space_size, action_space_size, delay, sequence_length, reward_density, terminal_state_density, num_layers, layer_width,
DQN 8 8 0 1 0.25 0.25 2 128 19556 73.19 153.64
# Algorithm, state_space_size, action_space_size, delay, sequence_length, reward_density, terminal_state_density, num_layers, layer_width,
DQN 8 8 0 1 0.25 0.25 2 128 20136 77.34 162.13
# Algorithm, state_space_size, action_space_size, delay, sequence_length, reward_density, terminal_state_density, num_layers, layer_width,
DQN 8 8 0 1 0.25 0.25 3 8 1044 0.6151202749140894 3.584192439862543
# Algorithm, state_space_size, action_space_size, delay, sequence_length, reward_density, terminal_state_density, num_layers, layer_width,
DQN 8 8 0 1 0.25 0.25 3 8 2004 0.48184019370460046 2.3268765133171914
# Algorithm, state_space_size, action_space_size, delay, sequence_length, reward_density, terminal_state_density, num_layers, layer_width,
DQN 8 8 0 1 0.25 0.25 3 8 2508 0.3541666666666667 1.5
# Algorithm, state_space_size, action_space_size, delay, sequence_length, reward_density, terminal_state_density, num_layers, layer_width,
DQN 8 8 0 1 0.25 0.25 3 8 3052 0.36163522012578614 1.7044025157232705
# Algorithm, state_space_size, action_space_size, delay, sequence_length, reward_density, terminal_state_density, num_layers, layer_width,
DQN 8 8 0 1 0.25 0.25 3 8 3596 0.39090909090909093 1.6515151515151516
# Algorithm, state_space_size, action_space_size, delay, sequence_length, reward_density, terminal_state_density, num_layers, layer_width,
DQN 8 8 0 1 0.25 0.25 3 8 4144 0.3724340175953079 1.6099706744868034
# Algorithm, state_space_size, action_space_size, delay, sequence_length, reward_density, terminal_state_density, num_layers, layer_width,
DQN 8 8 0 1 0.25 0.25 3 8 4664 0.3447204968944099 1.6118012422360248
# Algorithm, state_space_size, action_space_size, delay, sequence_length, reward_density, terminal_state_density, num_layers, layer_width,
DQN 8 8 0 1 0.25 0.25 3 8 5140 0.40344827586206894 1.6448275862068966
# Algorithm, state_space_size, action_space_size, delay, sequence_length, reward_density, terminal_state_density, num_layers, layer_width,
DQN 8 8 0 1 0.25 0.25 3 8 5676 0.31446540880503143 1.679245283018868
# Algorithm, state_space_size, action_space_size, delay, sequence_length, reward_density, terminal_state_density, num_layers, layer_width,
DQN 8 8 0 1 0.25 0.25 3 8 6196 0.3707482993197279 1.772108843537415
# Algorithm, state_space_size, action_space_size, delay, sequence_length, reward_density, terminal_state_density, num_layers, layer_width,
DQN 8 8 0 1 0.25 0.25 3 8 6712 0.3898305084745763 1.7525423728813558
# Algorithm, state_space_size, action_space_size, delay, sequence_length, reward_density, terminal_state_density, num_layers, layer_width,
DQN 8 8 0 1 0.25 0.25 3 8 7224 0.3504823151125402 1.6463022508038585
# Algorithm, state_space_size, action_space_size, delay, sequence_length, reward_density, terminal_state_density, num_layers, layer_width,
DQN 8 8 0 1 0.25 0.25 3 8 7756 0.5397923875432526 1.8096885813148789
# Algorithm, state_space_size, action_space_size, delay, sequence_length, reward_density, terminal_state_density, num_layers, layer_width,
DQN 8 8 0 1 0.25 0.25 3 8 8300 0.54 1.68
# Algorithm, state_space_size, action_space_size, delay, sequence_length, reward_density, terminal_state_density, num_layers, layer_width,
DQN 8 8 0 1 0.25 0.25 3 8 8888 0.57 12.46
# Algorithm, state_space_size, action_space_size, delay, sequence_length, reward_density, terminal_state_density, num_layers, layer_width,
DQN 8 8 0 1 0.25 0.25 3 8 9484 0.57 13.1
# Algorithm, state_space_size, action_space_size, delay, sequence_length, reward_density, terminal_state_density, num_layers, layer_width,
DQN 8 8 0 1 0.25 0.25 3 8 10080 0.58 22.04
# Algorithm, state_space_size, action_space_size, delay, sequence_length, reward_density, terminal_state_density, num_layers, layer_width,
DQN 8 8 0 1 0.25 0.25 3 8 10676 0.6 30.08
# Algorithm, state_space_size, action_space_size, delay, sequence_length, reward_density, terminal_state_density, num_layers, layer_width,
DQN 8 8 0 1 0.25 0.25 3 8 11200 0.63 35.06
# Algorithm, state_space_size, action_space_size, delay, sequence_length, reward_density, terminal_state_density, num_layers, layer_width,
DQN 8 8 0 1 0.25 0.25 3 8 11756 0.9887640449438202 3.49438202247191
# Algorithm, state_space_size, action_space_size, delay, sequence_length, reward_density, terminal_state_density, num_layers, layer_width,
DQN 8 8 0 1 0.25 0.25 3 8 12304 1.0 2.2821576763485476
# Algorithm, state_space_size, action_space_size, delay, sequence_length, reward_density, terminal_state_density, num_layers, layer_width,
DQN 8 8 0 1 0.25 0.25 3 8 12856 0.9868421052631579 2.425438596491228
# Algorithm, state_space_size, action_space_size, delay, sequence_length, reward_density, terminal_state_density, num_layers, layer_width,
DQN 8 8 0 1 0.25 0.25 3 8 13404 1.0118577075098814 2.16600790513834
# Algorithm, state_space_size, action_space_size, delay, sequence_length, reward_density, terminal_state_density, num_layers, layer_width,
DQN 8 8 0 1 0.25 0.25 3 8 13900 1.0044052863436124 2.1762114537444934
# Algorithm, state_space_size, action_space_size, delay, sequence_length, reward_density, terminal_state_density, num_layers, layer_width,
DQN 8 8 0 1 0.25 0.25 3 8 14456 1.025974025974026 2.4155844155844157
# Algorithm, state_space_size, action_space_size, delay, sequence_length, reward_density, terminal_state_density, num_layers, layer_width,
DQN 8 8 0 1 0.25 0.25 3 8 15008 1.0042918454935623 2.3605150214592276
# Algorithm, state_space_size, action_space_size, delay, sequence_length, reward_density, terminal_state_density, num_layers, layer_width,
DQN 8 8 0 1 0.25 0.25 3 8 15560 0.9957081545064378 2.3776824034334765
# Algorithm, state_space_size, action_space_size, delay, sequence_length, reward_density, terminal_state_density, num_layers, layer_width,
DQN 8 8 0 1 0.25 0.25 3 8 16112 1.0172413793103448 2.375
# Algorithm, state_space_size, action_space_size, delay, sequence_length, reward_density, terminal_state_density, num_layers, layer_width,
DQN 8 8 0 1 0.25 0.25 3 8 16624 1.0138248847926268 2.3640552995391704
# Algorithm, state_space_size, action_space_size, delay, sequence_length, reward_density, terminal_state_density, num_layers, layer_width,
DQN 8 8 0 1 0.25 0.25 3 8 17180 1.0043103448275863 2.396551724137931
# Algorithm, state_space_size, action_space_size, delay, sequence_length, reward_density, terminal_state_density, num_layers, layer_width,
DQN 8 8 0 1 0.25 0.25 3 8 17728 1.0 2.574162679425837
# Algorithm, state_space_size, action_space_size, delay, sequence_length, reward_density, terminal_state_density, num_layers, layer_width,
DQN 8 8 0 1 0.25 0.25 3 8 18320 2.14 7.47
# Algorithm, state_space_size, action_space_size, delay, sequence_length, reward_density, terminal_state_density, num_layers, layer_width,
DQN 8 8 0 1 0.25 0.25 3 8 18912 3.61 13.41
# Algorithm, state_space_size, action_space_size, delay, sequence_length, reward_density, terminal_state_density, num_layers, layer_width,
DQN 8 8 0 1 0.25 0.25 3 8 19468 5.2 19.82
# Algorithm, state_space_size, action_space_size, delay, sequence_length, reward_density, terminal_state_density, num_layers, layer_width,
DQN 8 8 0 1 0.25 0.25 3 8 20064 5.2 19.82
# Algorithm, state_space_size, action_space_size, delay, sequence_length, reward_density, terminal_state_density, num_layers, layer_width,
DQN 8 8 0 1 0.25 0.25 3 32 984 0.6123188405797102 3.5434782608695654
# Algorithm, state_space_size, action_space_size, delay, sequence_length, reward_density, terminal_state_density, num_layers, layer_width,
DQN 8 8 0 1 0.25 0.25 3 32 1936 0.3633633633633634 2.876876876876877
# Algorithm, state_space_size, action_space_size, delay, sequence_length, reward_density, terminal_state_density, num_layers, layer_width,
DQN 8 8 0 1 0.25 0.25 3 32 2416 0.4945054945054945 2.587912087912088
# Algorithm, state_space_size, action_space_size, delay, sequence_length, reward_density, terminal_state_density, num_layers, layer_width,
DQN 8 8 0 1 0.25 0.25 3 32 3004 1.58 6.08
# Algorithm, state_space_size, action_space_size, delay, sequence_length, reward_density, terminal_state_density, num_layers, layer_width,
DQN 8 8 0 1 0.25 0.25 3 32 3596 2.17 7.84
# Algorithm, state_space_size, action_space_size, delay, sequence_length, reward_density, terminal_state_density, num_layers, layer_width,
DQN 8 8 0 1 0.25 0.25 3 32 4192 5.7 18.4
# Algorithm, state_space_size, action_space_size, delay, sequence_length, reward_density, terminal_state_density, num_layers, layer_width,
DQN 8 8 0 1 0.25 0.25 3 32 4760 0.7835820895522388 3.537313432835821
# Algorithm, state_space_size, action_space_size, delay, sequence_length, reward_density, terminal_state_density, num_layers, layer_width,
DQN 8 8 0 1 0.25 0.25 3 32 5324 2.43 8.48
# Algorithm, state_space_size, action_space_size, delay, sequence_length, reward_density, terminal_state_density, num_layers, layer_width,
DQN 8 8 0 1 0.25 0.25 3 32 5912 4.32 14.16
# Algorithm, state_space_size, action_space_size, delay, sequence_length, reward_density, terminal_state_density, num_layers, layer_width,
DQN 8 8 0 1 0.25 0.25 3 32 6512 5.39 17.36
# Algorithm, state_space_size, action_space_size, delay, sequence_length, reward_density, terminal_state_density, num_layers, layer_width,
DQN 8 8 0 1 0.25 0.25 3 32 7108 5.39 17.36
# Algorithm, state_space_size, action_space_size, delay, sequence_length, reward_density, terminal_state_density, num_layers, layer_width,
DQN 8 8 0 1 0.25 0.25 3 32 7704 10.75 33.43
# Algorithm, state_space_size, action_space_size, delay, sequence_length, reward_density, terminal_state_density, num_layers, layer_width,
DQN 8 8 0 1 0.25 0.25 3 32 8268 11.12 34.52
# Algorithm, state_space_size, action_space_size, delay, sequence_length, reward_density, terminal_state_density, num_layers, layer_width,
DQN 8 8 0 1 0.25 0.25 3 32 8860 13.42 41.43
# Algorithm, state_space_size, action_space_size, delay, sequence_length, reward_density, terminal_state_density, num_layers, layer_width,
DQN 8 8 0 1 0.25 0.25 3 32 9460 14.7 45.28
# Algorithm, state_space_size, action_space_size, delay, sequence_length, reward_density, terminal_state_density, num_layers, layer_width,
DQN 8 8 0 1 0.25 0.25 3 32 10056 17.7 54.21
# Algorithm, state_space_size, action_space_size, delay, sequence_length, reward_density, terminal_state_density, num_layers, layer_width,
DQN 8 8 0 1 0.25 0.25 3 32 10648 20.35 62.16
# Algorithm, state_space_size, action_space_size, delay, sequence_length, reward_density, terminal_state_density, num_layers, layer_width,
DQN 8 8 0 1 0.25 0.25 3 32 11204 21.04 64.22
# Algorithm, state_space_size, action_space_size, delay, sequence_length, reward_density, terminal_state_density, num_layers, layer_width,
DQN 8 8 0 1 0.25 0.25 3 32 11804 23.61 71.96
# Algorithm, state_space_size, action_space_size, delay, sequence_length, reward_density, terminal_state_density, num_layers, layer_width,
DQN 8 8 0 1 0.25 0.25 3 32 12404 23.61 71.96
# Algorithm, state_space_size, action_space_size, delay, sequence_length, reward_density, terminal_state_density, num_layers, layer_width,
DQN 8 8 0 1 0.25 0.25 3 32 13008 27.7 84.15
# Algorithm, state_space_size, action_space_size, delay, sequence_length, reward_density, terminal_state_density, num_layers, layer_width,
DQN 8 8 0 1 0.25 0.25 3 32 13580 28.87 87.68
# Algorithm, state_space_size, action_space_size, delay, sequence_length, reward_density, terminal_state_density, num_layers, layer_width,
DQN 8 8 0 1 0.25 0.25 3 32 14148 32.08 97.33
# Algorithm, state_space_size, action_space_size, delay, sequence_length, reward_density, terminal_state_density, num_layers, layer_width,
DQN 8 8 0 1 0.25 0.25 3 32 14744 33.56 101.76
# Algorithm, state_space_size, action_space_size, delay, sequence_length, reward_density, terminal_state_density, num_layers, layer_width,
DQN 8 8 0 1 0.25 0.25 3 32 15336 35.31 107.01
# Algorithm, state_space_size, action_space_size, delay, sequence_length, reward_density, terminal_state_density, num_layers, layer_width,
DQN 8 8 0 1 0.25 0.25 3 32 15936 37.94 114.96
# Algorithm, state_space_size, action_space_size, delay, sequence_length, reward_density, terminal_state_density, num_layers, layer_width,
DQN 8 8 0 1 0.25 0.25 3 32 16528 39.56 119.79
# Algorithm, state_space_size, action_space_size, delay, sequence_length, reward_density, terminal_state_density, num_layers, layer_width,
DQN 8 8 0 1 0.25 0.25 3 32 17088 41.52 125.64
# Algorithm, state_space_size, action_space_size, delay, sequence_length, reward_density, terminal_state_density, num_layers, layer_width,
DQN 8 8 0 1 0.25 0.25 3 32 17676 42.8 129.48
# Algorithm, state_space_size, action_space_size, delay, sequence_length, reward_density, terminal_state_density, num_layers, layer_width,
DQN 8 8 0 1 0.25 0.25 3 32 18272 45.33 137.06
# Algorithm, state_space_size, action_space_size, delay, sequence_length, reward_density, terminal_state_density, num_layers, layer_width,
DQN 8 8 0 1 0.25 0.25 3 32 18876 45.9 138.76
# Algorithm, state_space_size, action_space_size, delay, sequence_length, reward_density, terminal_state_density, num_layers, layer_width,
DQN 8 8 0 1 0.25 0.25 3 32 19456 48.33 146.0
# Algorithm, state_space_size, action_space_size, delay, sequence_length, reward_density, terminal_state_density, num_layers, layer_width,
DQN 8 8 0 1 0.25 0.25 3 32 19968 48.33 146.0
# Algorithm, state_space_size, action_space_size, delay, sequence_length, reward_density, terminal_state_density, num_layers, layer_width,
DQN 8 8 0 1 0.25 0.25 3 32 20556 52.94 159.82
# Algorithm, state_space_size, action_space_size, delay, sequence_length, reward_density, terminal_state_density, num_layers, layer_width,
DQN 8 8 0 1 0.25 0.25 3 128 984 0.6123188405797102 3.5434782608695654
# Algorithm, state_space_size, action_space_size, delay, sequence_length, reward_density, terminal_state_density, num_layers, layer_width,
DQN 8 8 0 1 0.25 0.25 3 128 2004 0.5412371134020618 5.211340206185567
# Algorithm, state_space_size, action_space_size, delay, sequence_length, reward_density, terminal_state_density, num_layers, layer_width,
DQN 8 8 0 1 0.25 0.25 3 128 2528 0.74 8.06
# Algorithm, state_space_size, action_space_size, delay, sequence_length, reward_density, terminal_state_density, num_layers, layer_width,
DQN 8 8 0 1 0.25 0.25 3 128 3060 1.0116731517509727 2.0739299610894943
# Algorithm, state_space_size, action_space_size, delay, sequence_length, reward_density, terminal_state_density, num_layers, layer_width,
DQN 8 8 0 1 0.25 0.25 3 128 3604 1.0161290322580645 2.0268817204301075
# Algorithm, state_space_size, action_space_size, delay, sequence_length, reward_density, terminal_state_density, num_layers, layer_width,
DQN 8 8 0 1 0.25 0.25 3 128 4172 3.7 8.35
# Algorithm, state_space_size, action_space_size, delay, sequence_length, reward_density, terminal_state_density, num_layers, layer_width,
DQN 8 8 0 1 0.25 0.25 3 128 4748 6.02 13.56
# Algorithm, state_space_size, action_space_size, delay, sequence_length, reward_density, terminal_state_density, num_layers, layer_width,
DQN 8 8 0 1 0.25 0.25 3 128 5280 8.79 19.46
# Algorithm, state_space_size, action_space_size, delay, sequence_length, reward_density, terminal_state_density, num_layers, layer_width,
DQN 8 8 0 1 0.25 0.25 3 128 5860 10.78 25.07
# Algorithm, state_space_size, action_space_size, delay, sequence_length, reward_density, terminal_state_density, num_layers, layer_width,
DQN 8 8 0 1 0.25 0.25 3 128 6432 12.51 28.54
# Algorithm, state_space_size, action_space_size, delay, sequence_length, reward_density, terminal_state_density, num_layers, layer_width,
DQN 8 8 0 1 0.25 0.25 3 128 7008 16.35 36.24
# Algorithm, state_space_size, action_space_size, delay, sequence_length, reward_density, terminal_state_density, num_layers, layer_width,
DQN 8 8 0 1 0.25 0.25 3 128 7576 18.57 43.03
# Algorithm, state_space_size, action_space_size, delay, sequence_length, reward_density, terminal_state_density, num_layers, layer_width,
DQN 8 8 0 1 0.25 0.25 3 128 8116 20.16 46.29
# Algorithm, state_space_size, action_space_size, delay, sequence_length, reward_density, terminal_state_density, num_layers, layer_width,
DQN 8 8 0 1 0.25 0.25 3 128 8692 23.17 52.32
# Algorithm, state_space_size, action_space_size, delay, sequence_length, reward_density, terminal_state_density, num_layers, layer_width,
DQN 8 8 0 1 0.25 0.25 3 128 9268 23.97 56.92
# Algorithm, state_space_size, action_space_size, delay, sequence_length, reward_density, terminal_state_density, num_layers, layer_width,
DQN 8 8 0 1 0.25 0.25 3 128 9836 27.48 65.08
# Algorithm, state_space_size, action_space_size, delay, sequence_length, reward_density, terminal_state_density, num_layers, layer_width,
DQN 8 8 0 1 0.25 0.25 3 128 10416 27.48 65.08
# Algorithm, state_space_size, action_space_size, delay, sequence_length, reward_density, terminal_state_density, num_layers, layer_width,
DQN 8 8 0 1 0.25 0.25 3 128 10960 32.77 75.76
# Algorithm, state_space_size, action_space_size, delay, sequence_length, reward_density, terminal_state_density, num_layers, layer_width,
DQN 8 8 0 1 0.25 0.25 3 128 11536 34.5 81.73
# Algorithm, state_space_size, action_space_size, delay, sequence_length, reward_density, terminal_state_density, num_layers, layer_width,
DQN 8 8 0 1 0.25 0.25 3 128 12104 36.58 85.93
# Algorithm, state_space_size, action_space_size, delay, sequence_length, reward_density, terminal_state_density, num_layers, layer_width,
DQN 8 8 0 1 0.25 0.25 3 128 12680 39.53 91.9
# Algorithm, state_space_size, action_space_size, delay, sequence_length, reward_density, terminal_state_density, num_layers, layer_width,
DQN 8 8 0 1 0.25 0.25 3 128 13224 41.82 98.07
# Algorithm, state_space_size, action_space_size, delay, sequence_length, reward_density, terminal_state_density, num_layers, layer_width,
DQN 8 8 0 1 0.25 0.25 3 128 13788 41.96 98.78
# Algorithm, state_space_size, action_space_size, delay, sequence_length, reward_density, terminal_state_density, num_layers, layer_width,
DQN 8 8 0 1 0.25 0.25 3 128 14336 44.47 108.63
# Algorithm, state_space_size, action_space_size, delay, sequence_length, reward_density, terminal_state_density, num_layers, layer_width,
DQN 8 8 0 1 0.25 0.25 3 128 14912 47.0 114.71
# Algorithm, state_space_size, action_space_size, delay, sequence_length, reward_density, terminal_state_density, num_layers, layer_width,
DQN 8 8 0 1 0.25 0.25 3 128 15484 49.05 120.71
# Algorithm, state_space_size, action_space_size, delay, sequence_length, reward_density, terminal_state_density, num_layers, layer_width,
DQN 8 8 0 1 0.25 0.25 3 128 16056 51.04 125.1
# Algorithm, state_space_size, action_space_size, delay, sequence_length, reward_density, terminal_state_density, num_layers, layer_width,
DQN 8 8 0 1 0.25 0.25 3 128 16596 53.86 131.52
# Algorithm, state_space_size, action_space_size, delay, sequence_length, reward_density, terminal_state_density, num_layers, layer_width,
DQN 8 8 0 1 0.25 0.25 3 128 17104 56.21 136.7
# Algorithm, state_space_size, action_space_size, delay, sequence_length, reward_density, terminal_state_density, num_layers, layer_width,
DQN 8 8 0 1 0.25 0.25 3 128 17680 58.28 140.91
# Algorithm, state_space_size, action_space_size, delay, sequence_length, reward_density, terminal_state_density, num_layers, layer_width,
DQN 8 8 0 1 0.25 0.25 3 128 18252 52.9 128.73
# Algorithm, state_space_size, action_space_size, delay, sequence_length, reward_density, terminal_state_density, num_layers, layer_width,
DQN 8 8 0 1 0.25 0.25 3 128 18824 48.49 118.4
# Algorithm, state_space_size, action_space_size, delay, sequence_length, reward_density, terminal_state_density, num_layers, layer_width,
DQN 8 8 0 1 0.25 0.25 3 128 19400 48.81 117.24
# Algorithm, state_space_size, action_space_size, delay, sequence_length, reward_density, terminal_state_density, num_layers, layer_width,
DQN 8 8 0 1 0.25 0.25 3 128 19936 49.47 118.52
# Algorithm, state_space_size, action_space_size, delay, sequence_length, reward_density, terminal_state_density, num_layers, layer_width,
DQN 8 8 0 1 0.25 0.25 3 128 20508 49.67 119.56
# Algorithm, state_space_size, action_space_size, delay, sequence_length, reward_density, terminal_state_density, num_layers, layer_width,
DQN 8 8 0 1 0.25 0.25 4 8 1020 0.8247863247863247 4.337606837606837
# Algorithm, state_space_size, action_space_size, delay, sequence_length, reward_density, terminal_state_density, num_layers, layer_width,
DQN 8 8 0 1 0.25 0.25 4 8 2008 0.6403508771929824 4.342105263157895
# Algorithm, state_space_size, action_space_size, delay, sequence_length, reward_density, terminal_state_density, num_layers, layer_width,
DQN 8 8 0 1 0.25 0.25 4 8 2560 0.59 9.21
# Algorithm, state_space_size, action_space_size, delay, sequence_length, reward_density, terminal_state_density, num_layers, layer_width,
DQN 8 8 0 1 0.25 0.25 4 8 3152 0.61 13.9
# Algorithm, state_space_size, action_space_size, delay, sequence_length, reward_density, terminal_state_density, num_layers, layer_width,
DQN 8 8 0 1 0.25 0.25 4 8 3740 0.59 16.13
# Algorithm, state_space_size, action_space_size, delay, sequence_length, reward_density, terminal_state_density, num_layers, layer_width,
DQN 8 8 0 1 0.25 0.25 4 8 4328 0.58 25.36
# Algorithm, state_space_size, action_space_size, delay, sequence_length, reward_density, terminal_state_density, num_layers, layer_width,
DQN 8 8 0 1 0.25 0.25 4 8 4912 0.49 29.38
# Algorithm, state_space_size, action_space_size, delay, sequence_length, reward_density, terminal_state_density, num_layers, layer_width,
DQN 8 8 0 1 0.25 0.25 4 8 5456 0.43 33.83
# Algorithm, state_space_size, action_space_size, delay, sequence_length, reward_density, terminal_state_density, num_layers, layer_width,
DQN 8 8 0 1 0.25 0.25 4 8 6040 0.33 27.72
# Algorithm, state_space_size, action_space_size, delay, sequence_length, reward_density, terminal_state_density, num_layers, layer_width,
DQN 8 8 0 1 0.25 0.25 4 8 6620 0.31 17.42
# Algorithm, state_space_size, action_space_size, delay, sequence_length, reward_density, terminal_state_density, num_layers, layer_width,
DQN 8 8 0 1 0.25 0.25 4 8 7200 0.34 15.78
# Algorithm, state_space_size, action_space_size, delay, sequence_length, reward_density, terminal_state_density, num_layers, layer_width,
DQN 8 8 0 1 0.25 0.25 4 8 7784 0.36 14.18
# Algorithm, state_space_size, action_space_size, delay, sequence_length, reward_density, terminal_state_density, num_layers, layer_width,
DQN 8 8 0 1 0.25 0.25 4 8 8336 0.39 19.25
# Algorithm, state_space_size, action_space_size, delay, sequence_length, reward_density, terminal_state_density, num_layers, layer_width,
DQN 8 8 0 1 0.25 0.25 4 8 8920 0.39 22.97
# Algorithm, state_space_size, action_space_size, delay, sequence_length, reward_density, terminal_state_density, num_layers, layer_width,
DQN 8 8 0 1 0.25 0.25 4 8 9484 0.39 22.97
# Algorithm, state_space_size, action_space_size, delay, sequence_length, reward_density, terminal_state_density, num_layers, layer_width,
DQN 8 8 0 1 0.25 0.25 4 8 10056 0.39 23.67
# Algorithm, state_space_size, action_space_size, delay, sequence_length, reward_density, terminal_state_density, num_layers, layer_width,
DQN 8 8 0 1 0.25 0.25 4 8 10640 0.41 22.18
# Algorithm, state_space_size, action_space_size, delay, sequence_length, reward_density, terminal_state_density, num_layers, layer_width,
DQN 8 8 0 1 0.25 0.25 4 8 11188 0.4 22.23
# Algorithm, state_space_size, action_space_size, delay, sequence_length, reward_density, terminal_state_density, num_layers, layer_width,
DQN 8 8 0 1 0.25 0.25 4 8 11772 0.89 27.07
# Algorithm, state_space_size, action_space_size, delay, sequence_length, reward_density, terminal_state_density, num_layers, layer_width,
DQN 8 8 0 1 0.25 0.25 4 8 12360 0.89 27.07
# Algorithm, state_space_size, action_space_size, delay, sequence_length, reward_density, terminal_state_density, num_layers, layer_width,
DQN 8 8 0 1 0.25 0.25 4 8 12940 6.22 42.87
# Algorithm, state_space_size, action_space_size, delay, sequence_length, reward_density, terminal_state_density, num_layers, layer_width,
DQN 8 8 0 1 0.25 0.25 4 8 13492 6.63 44.09
# Algorithm, state_space_size, action_space_size, delay, sequence_length, reward_density, terminal_state_density, num_layers, layer_width,
DQN 8 8 0 1 0.25 0.25 4 8 14008 8.67 50.2
# Algorithm, state_space_size, action_space_size, delay, sequence_length, reward_density, terminal_state_density, num_layers, layer_width,
DQN 8 8 0 1 0.25 0.25 4 8 14596 10.17 55.21
# Algorithm, state_space_size, action_space_size, delay, sequence_length, reward_density, terminal_state_density, num_layers, layer_width,
DQN 8 8 0 1 0.25 0.25 4 8 15180 12.48 62.13
# Algorithm, state_space_size, action_space_size, delay, sequence_length, reward_density, terminal_state_density, num_layers, layer_width,
DQN 8 8 0 1 0.25 0.25 4 8 15760 14.24 67.33
# Algorithm, state_space_size, action_space_size, delay, sequence_length, reward_density, terminal_state_density, num_layers, layer_width,
DQN 8 8 0 1 0.25 0.25 4 8 16348 16.77 73.83
# Algorithm, state_space_size, action_space_size, delay, sequence_length, reward_density, terminal_state_density, num_layers, layer_width,
DQN 8 8 0 1 0.25 0.25 4 8 16900 16.77 73.83
# Algorithm, state_space_size, action_space_size, delay, sequence_length, reward_density, terminal_state_density, num_layers, layer_width,
DQN 8 8 0 1 0.25 0.25 4 8 17480 21.1 86.77
# Algorithm, state_space_size, action_space_size, delay, sequence_length, reward_density, terminal_state_density, num_layers, layer_width,
DQN 8 8 0 1 0.25 0.25 4 8 18072 23.11 92.53
# Algorithm, state_space_size, action_space_size, delay, sequence_length, reward_density, terminal_state_density, num_layers, layer_width,
DQN 8 8 0 1 0.25 0.25 4 8 18656 24.84 97.7
# Algorithm, state_space_size, action_space_size, delay, sequence_length, reward_density, terminal_state_density, num_layers, layer_width,
DQN 8 8 0 1 0.25 0.25 4 8 19244 26.7 95.55
# Algorithm, state_space_size, action_space_size, delay, sequence_length, reward_density, terminal_state_density, num_layers, layer_width,
DQN 8 8 0 1 0.25 0.25 4 8 19796 27.71 98.61
# Algorithm, state_space_size, action_space_size, delay, sequence_length, reward_density, terminal_state_density, num_layers, layer_width,
DQN 8 8 0 1 0.25 0.25 4 8 20384 30.34 106.54
# Algorithm, state_space_size, action_space_size, delay, sequence_length, reward_density, terminal_state_density, num_layers, layer_width,
DQN 8 8 0 1 0.25 0.25 4 32 1012 0.8197424892703863 4.317596566523605
# Algorithm, state_space_size, action_space_size, delay, sequence_length, reward_density, terminal_state_density, num_layers, layer_width,
DQN 8 8 0 1 0.25 0.25 4 32 2004 0.8600823045267489 4.074074074074074
# Algorithm, state_space_size, action_space_size, delay, sequence_length, reward_density, terminal_state_density, num_layers, layer_width,
DQN 8 8 0 1 0.25 0.25 4 32 2544 0.86 6.0
# Algorithm, state_space_size, action_space_size, delay, sequence_length, reward_density, terminal_state_density, num_layers, layer_width,
DQN 8 8 0 1 0.25 0.25 4 32 3132 1.63 10.2
# Algorithm, state_space_size, action_space_size, delay, sequence_length, reward_density, terminal_state_density, num_layers, layer_width,
DQN 8 8 0 1 0.25 0.25 4 32 3716 4.99 20.31
# Algorithm, state_space_size, action_space_size, delay, sequence_length, reward_density, terminal_state_density, num_layers, layer_width,
DQN 8 8 0 1 0.25 0.25 4 32 4304 5.95 23.17
# Algorithm, state_space_size, action_space_size, delay, sequence_length, reward_density, terminal_state_density, num_layers, layer_width,
DQN 8 8 0 1 0.25 0.25 4 32 4888 7.96 32.19
# Algorithm, state_space_size, action_space_size, delay, sequence_length, reward_density, terminal_state_density, num_layers, layer_width,
DQN 8 8 0 1 0.25 0.25 4 32 5428 7.94 36.86
# Algorithm, state_space_size, action_space_size, delay, sequence_length, reward_density, terminal_state_density, num_layers, layer_width,
DQN 8 8 0 1 0.25 0.25 4 32 6012 7.93 38.4
# Algorithm, state_space_size, action_space_size, delay, sequence_length, reward_density, terminal_state_density, num_layers, layer_width,
DQN 8 8 0 1 0.25 0.25 4 32 6600 7.93 47.27
# Algorithm, state_space_size, action_space_size, delay, sequence_length, reward_density, terminal_state_density, num_layers, layer_width,
DQN 8 8 0 1 0.25 0.25 4 32 7184 7.93 47.27
# Algorithm, state_space_size, action_space_size, delay, sequence_length, reward_density, terminal_state_density, num_layers, layer_width,
DQN 8 8 0 1 0.25 0.25 4 32 7768 7.93 56.24
# Algorithm, state_space_size, action_space_size, delay, sequence_length, reward_density, terminal_state_density, num_layers, layer_width,
DQN 8 8 0 1 0.25 0.25 4 32 8312 7.94 65.49
# Algorithm, state_space_size, action_space_size, delay, sequence_length, reward_density, terminal_state_density, num_layers, layer_width,
DQN 8 8 0 1 0.25 0.25 4 32 8876 9.1 68.94
# Algorithm, state_space_size, action_space_size, delay, sequence_length, reward_density, terminal_state_density, num_layers, layer_width,
DQN 8 8 0 1 0.25 0.25 4 32 9456 9.1 68.94
# Algorithm, state_space_size, action_space_size, delay, sequence_length, reward_density, terminal_state_density, num_layers, layer_width,
DQN 8 8 0 1 0.25 0.25 4 32 10040 12.1 82.69
# Algorithm, state_space_size, action_space_size, delay, sequence_length, reward_density, terminal_state_density, num_layers, layer_width,
DQN 8 8 0 1 0.25 0.25 4 32 10604 12.23 84.06
# Algorithm, state_space_size, action_space_size, delay, sequence_length, reward_density, terminal_state_density, num_layers, layer_width,
DQN 8 8 0 1 0.25 0.25 4 32 11096 14.36 93.99
# Algorithm, state_space_size, action_space_size, delay, sequence_length, reward_density, terminal_state_density, num_layers, layer_width,
DQN 8 8 0 1 0.25 0.25 4 32 11672 14.36 93.99
# Algorithm, state_space_size, action_space_size, delay, sequence_length, reward_density, terminal_state_density, num_layers, layer_width,
DQN 8 8 0 1 0.25 0.25 4 32 12256 14.36 93.99
# Algorithm, state_space_size, action_space_size, delay, sequence_length, reward_density, terminal_state_density, num_layers, layer_width,
DQN 8 8 0 1 0.25 0.25 4 32 12836 17.32 109.42
# Algorithm, state_space_size, action_space_size, delay, sequence_length, reward_density, terminal_state_density, num_layers, layer_width,
DQN 8 8 0 1 0.25 0.25 4 32 13420 17.93 112.52
# Algorithm, state_space_size, action_space_size, delay, sequence_length, reward_density, terminal_state_density, num_layers, layer_width,
DQN 8 8 0 1 0.25 0.25 4 32 13956 19.06 118.62
# Algorithm, state_space_size, action_space_size, delay, sequence_length, reward_density, terminal_state_density, num_layers, layer_width,
DQN 8 8 0 1 0.25 0.25 4 32 14540 19.83 128.22
# Algorithm, state_space_size, action_space_size, delay, sequence_length, reward_density, terminal_state_density, num_layers, layer_width,
DQN 8 8 0 1 0.25 0.25 4 32 15120 21.42 133.56
# Algorithm, state_space_size, action_space_size, delay, sequence_length, reward_density, terminal_state_density, num_layers, layer_width,
DQN 8 8 0 1 0.25 0.25 4 32 15696 21.74 138.06
# Algorithm, state_space_size, action_space_size, delay, sequence_length, reward_density, terminal_state_density, num_layers, layer_width,
DQN 8 8 0 1 0.25 0.25 4 32 16276 21.98 140.97
# Algorithm, state_space_size, action_space_size, delay, sequence_length, reward_density, terminal_state_density, num_layers, layer_width,
DQN 8 8 0 1 0.25 0.25 4 32 16848 22.71 145.47
# Algorithm, state_space_size, action_space_size, delay, sequence_length, reward_density, terminal_state_density, num_layers, layer_width,
DQN 8 8 0 1 0.25 0.25 4 32 17408 22.78 153.5
# Algorithm, state_space_size, action_space_size, delay, sequence_length, reward_density, terminal_state_density, num_layers, layer_width,
DQN 8 8 0 1 0.25 0.25 4 32 17988 25.53 162.05
# Algorithm, state_space_size, action_space_size, delay, sequence_length, reward_density, terminal_state_density, num_layers, layer_width,
DQN 8 8 0 1 0.25 0.25 4 32 18568 27.24 167.21
# Algorithm, state_space_size, action_space_size, delay, sequence_length, reward_density, terminal_state_density, num_layers, layer_width,
DQN 8 8 0 1 0.25 0.25 4 32 19104 29.06 172.61
# Algorithm, state_space_size, action_space_size, delay, sequence_length, reward_density, terminal_state_density, num_layers, layer_width,
DQN 8 8 0 1 0.25 0.25 4 32 19680 29.96 175.03
# Algorithm, state_space_size, action_space_size, delay, sequence_length, reward_density, terminal_state_density, num_layers, layer_width,
DQN 8 8 0 1 0.25 0.25 4 32 20208 32.55 182.8
# Algorithm, state_space_size, action_space_size, delay, sequence_length, reward_density, terminal_state_density, num_layers, layer_width,
DQN 8 8 0 1 0.25 0.25 4 128 988 0.8209606986899564 4.279475982532751
# Algorithm, state_space_size, action_space_size, delay, sequence_length, reward_density, terminal_state_density, num_layers, layer_width,
DQN 8 8 0 1 0.25 0.25 4 128 2004 1.0257731958762886 5.268041237113402
# Algorithm, state_space_size, action_space_size, delay, sequence_length, reward_density, terminal_state_density, num_layers, layer_width,
DQN 8 8 0 1 0.25 0.25 4 128 2524 0.93 8.22
# Algorithm, state_space_size, action_space_size, delay, sequence_length, reward_density, terminal_state_density, num_layers, layer_width,
DQN 8 8 0 1 0.25 0.25 4 128 3084 2.44 11.44
# Algorithm, state_space_size, action_space_size, delay, sequence_length, reward_density, terminal_state_density, num_layers, layer_width,
DQN 8 8 0 1 0.25 0.25 4 128 3644 4.3 15.15
# Algorithm, state_space_size, action_space_size, delay, sequence_length, reward_density, terminal_state_density, num_layers, layer_width,
DQN 8 8 0 1 0.25 0.25 4 128 4208 7.64 21.84
# Algorithm, state_space_size, action_space_size, delay, sequence_length, reward_density, terminal_state_density, num_layers, layer_width,
DQN 8 8 0 1 0.25 0.25 4 128 4772 10.32 27.26
# Algorithm, state_space_size, action_space_size, delay, sequence_length, reward_density, terminal_state_density, num_layers, layer_width,
DQN 8 8 0 1 0.25 0.25 4 128 5300 11.96 30.56
# Algorithm, state_space_size, action_space_size, delay, sequence_length, reward_density, terminal_state_density, num_layers, layer_width,
DQN 8 8 0 1 0.25 0.25 4 128 5864 15.83 38.27
# Algorithm, state_space_size, action_space_size, delay, sequence_length, reward_density, terminal_state_density, num_layers, layer_width,
DQN 8 8 0 1 0.25 0.25 4 128 6428 19.6 45.93
# Algorithm, state_space_size, action_space_size, delay, sequence_length, reward_density, terminal_state_density, num_layers, layer_width,
DQN 8 8 0 1 0.25 0.25 4 128 6988 22.11 51.02
# Algorithm, state_space_size, action_space_size, delay, sequence_length, reward_density, terminal_state_density, num_layers, layer_width,
DQN 8 8 0 1 0.25 0.25 4 128 7532 23.54 53.85
# Algorithm, state_space_size, action_space_size, delay, sequence_length, reward_density, terminal_state_density, num_layers, layer_width,
DQN 8 8 0 1 0.25 0.25 4 128 8024 25.43 57.59
# Algorithm, state_space_size, action_space_size, delay, sequence_length, reward_density, terminal_state_density, num_layers, layer_width,
DQN 8 8 0 1 0.25 0.25 4 128 8544 29.94 66.69
# Algorithm, state_space_size, action_space_size, delay, sequence_length, reward_density, terminal_state_density, num_layers, layer_width,
DQN 8 8 0 1 0.25 0.25 4 128 9104 30.61 68.01
# Algorithm, state_space_size, action_space_size, delay, sequence_length, reward_density, terminal_state_density, num_layers, layer_width,
DQN 8 8 0 1 0.25 0.25 4 128 9664 30.61 68.01
# Algorithm, state_space_size, action_space_size, delay, sequence_length, reward_density, terminal_state_density, num_layers, layer_width,
DQN 8 8 0 1 0.25 0.25 4 128 10228 37.58 83.15
# Algorithm, state_space_size, action_space_size, delay, sequence_length, reward_density, terminal_state_density, num_layers, layer_width,
DQN 8 8 0 1 0.25 0.25 4 128 10792 40.14 88.33
# Algorithm, state_space_size, action_space_size, delay, sequence_length, reward_density, terminal_state_density, num_layers, layer_width,
DQN 8 8 0 1 0.25 0.25 4 128 11320 42.99 94.11
# Algorithm, state_space_size, action_space_size, delay, sequence_length, reward_density, terminal_state_density, num_layers, layer_width,
DQN 8 8 0 1 0.25 0.25 4 128 11880 42.99 94.11
# Algorithm, state_space_size, action_space_size, delay, sequence_length, reward_density, terminal_state_density, num_layers, layer_width,
DQN 8 8 0 1 0.25 0.25 4 128 12440 42.99 94.11
# Algorithm, state_space_size, action_space_size, delay, sequence_length, reward_density, terminal_state_density, num_layers, layer_width,
DQN 8 8 0 1 0.25 0.25 4 128 13004 50.93 110.47
# Algorithm, state_space_size, action_space_size, delay, sequence_length, reward_density, terminal_state_density, num_layers, layer_width,
DQN 8 8 0 1 0.25 0.25 4 128 13568 51.26 111.11
# Algorithm, state_space_size, action_space_size, delay, sequence_length, reward_density, terminal_state_density, num_layers, layer_width,
DQN 8 8 0 1 0.25 0.25 4 128 14096 54.46 121.38
# Algorithm, state_space_size, action_space_size, delay, sequence_length, reward_density, terminal_state_density, num_layers, layer_width,
DQN 8 8 0 1 0.25 0.25 4 128 14656 54.46 121.38
# Algorithm, state_space_size, action_space_size, delay, sequence_length, reward_density, terminal_state_density, num_layers, layer_width,
DQN 8 8 0 1 0.25 0.25 4 128 15220 59.2 131.5
# Algorithm, state_space_size, action_space_size, delay, sequence_length, reward_density, terminal_state_density, num_layers, layer_width,
DQN 8 8 0 1 0.25 0.25 4 128 15780 60.62 134.51
# Algorithm, state_space_size, action_space_size, delay, sequence_length, reward_density, terminal_state_density, num_layers, layer_width,
DQN 8 8 0 1 0.25 0.25 4 128 16320 63.84 143.3
# Algorithm, state_space_size, action_space_size, delay, sequence_length, reward_density, terminal_state_density, num_layers, layer_width,
DQN 8 8 0 1 0.25 0.25 4 128 16840 66.22 148.09
# Algorithm, state_space_size, action_space_size, delay, sequence_length, reward_density, terminal_state_density, num_layers, layer_width,
DQN 8 8 0 1 0.25 0.25 4 128 17396 68.82 153.81
# Algorithm, state_space_size, action_space_size, delay, sequence_length, reward_density, terminal_state_density, num_layers, layer_width,
DQN 8 8 0 1 0.25 0.25 4 128 17952 69.72 155.63
# Algorithm, state_space_size, action_space_size, delay, sequence_length, reward_density, terminal_state_density, num_layers, layer_width,
DQN 8 8 0 1 0.25 0.25 4 128 18516 69.72 155.63
# Algorithm, state_space_size, action_space_size, delay, sequence_length, reward_density, terminal_state_density, num_layers, layer_width,
DQN 8 8 0 1 0.25 0.25 4 128 19076 76.87 170.68
# Algorithm, state_space_size, action_space_size, delay, sequence_length, reward_density, terminal_state_density, num_layers, layer_width,
DQN 8 8 0 1 0.25 0.25 4 128 19596 78.21 173.71
# Algorithm, state_space_size, action_space_size, delay, sequence_length, reward_density, terminal_state_density, num_layers, layer_width,
DQN 8 8 0 1 0.25 0.25 4 128 20152 78.21 173.71
