# Algorithm, state_space_size, action_space_size, delay, sequence_length, reward_density, terminal_state_density, num_layers, layer_width, fcnet_activation,
DQN 8 8 0 1 0.25 0.25 2 256 0 772 0.6597938144329897 3.979381443298969
# Algorithm, state_space_size, action_space_size, delay, sequence_length, reward_density, terminal_state_density, num_layers, layer_width, fcnet_activation,
DQN 8 8 0 1 0.25 0.25 2 256 0 1460 0.5303030303030303 2.602272727272727
# Algorithm, state_space_size, action_space_size, delay, sequence_length, reward_density, terminal_state_density, num_layers, layer_width, fcnet_activation,
DQN 8 8 0 1 0.25 0.25 2 256 0 2080 0.5298013245033113 2.056291390728477
# Algorithm, state_space_size, action_space_size, delay, sequence_length, reward_density, terminal_state_density, num_layers, layer_width, fcnet_activation,
DQN 8 8 0 1 0.25 0.25 2 256 0 2544 0.9887005649717514 2.615819209039548
# Algorithm, state_space_size, action_space_size, delay, sequence_length, reward_density, terminal_state_density, num_layers, layer_width, fcnet_activation,
DQN 8 8 0 1 0.25 0.25 2 256 0 2996 1.0 2.215686274509804
# Algorithm, state_space_size, action_space_size, delay, sequence_length, reward_density, terminal_state_density, num_layers, layer_width, fcnet_activation,
DQN 8 8 0 1 0.25 0.25 2 256 0 3504 1.0 1.89
# Algorithm, state_space_size, action_space_size, delay, sequence_length, reward_density, terminal_state_density, num_layers, layer_width, fcnet_activation,
DQN 8 8 0 1 0.25 0.25 2 256 0 4024 3.47 6.89
# Algorithm, state_space_size, action_space_size, delay, sequence_length, reward_density, terminal_state_density, num_layers, layer_width, fcnet_activation,
DQN 8 8 0 1 0.25 0.25 2 256 0 4500 7.63 15.28
# Algorithm, state_space_size, action_space_size, delay, sequence_length, reward_density, terminal_state_density, num_layers, layer_width, fcnet_activation,
DQN 8 8 0 1 0.25 0.25 2 256 0 5012 9.56 19.19
# Algorithm, state_space_size, action_space_size, delay, sequence_length, reward_density, terminal_state_density, num_layers, layer_width, fcnet_activation,
DQN 8 8 0 1 0.25 0.25 2 256 0 5536 12.9 25.92
# Algorithm, state_space_size, action_space_size, delay, sequence_length, reward_density, terminal_state_density, num_layers, layer_width, fcnet_activation,
DQN 8 8 0 1 0.25 0.25 2 256 0 6020 15.34 30.83
# Algorithm, state_space_size, action_space_size, delay, sequence_length, reward_density, terminal_state_density, num_layers, layer_width, fcnet_activation,
DQN 8 8 0 1 0.25 0.25 2 256 0 6512 15.34 30.83
# Algorithm, state_space_size, action_space_size, delay, sequence_length, reward_density, terminal_state_density, num_layers, layer_width, fcnet_activation,
DQN 8 8 0 1 0.25 0.25 2 256 0 6996 15.34 30.83
# Algorithm, state_space_size, action_space_size, delay, sequence_length, reward_density, terminal_state_density, num_layers, layer_width, fcnet_activation,
DQN 8 8 0 1 0.25 0.25 2 256 0 7524 22.76 45.92
# Algorithm, state_space_size, action_space_size, delay, sequence_length, reward_density, terminal_state_density, num_layers, layer_width, fcnet_activation,
DQN 8 8 0 1 0.25 0.25 2 256 0 8052 24.93 50.31
# Algorithm, state_space_size, action_space_size, delay, sequence_length, reward_density, terminal_state_density, num_layers, layer_width, fcnet_activation,
DQN 8 8 0 1 0.25 0.25 2 256 0 8580 25.94 52.36
# Algorithm, state_space_size, action_space_size, delay, sequence_length, reward_density, terminal_state_density, num_layers, layer_width, fcnet_activation,
DQN 8 8 0 1 0.25 0.25 2 256 0 9100 30.38 61.31
# Algorithm, state_space_size, action_space_size, delay, sequence_length, reward_density, terminal_state_density, num_layers, layer_width, fcnet_activation,
DQN 8 8 0 1 0.25 0.25 2 256 0 9612 30.38 61.31
# Algorithm, state_space_size, action_space_size, delay, sequence_length, reward_density, terminal_state_density, num_layers, layer_width, fcnet_activation,
DQN 8 8 0 1 0.25 0.25 2 256 0 10120 35.57 71.81
# Algorithm, state_space_size, action_space_size, delay, sequence_length, reward_density, terminal_state_density, num_layers, layer_width, fcnet_activation,
DQN 8 8 0 1 0.25 0.25 2 256 0 10644 36.31 73.31
# Algorithm, state_space_size, action_space_size, delay, sequence_length, reward_density, terminal_state_density, num_layers, layer_width, fcnet_activation,
DQN 8 8 0 1 0.25 0.25 2 256 0 11172 36.31 73.31
# Algorithm, state_space_size, action_space_size, delay, sequence_length, reward_density, terminal_state_density, num_layers, layer_width, fcnet_activation,
DQN 8 8 0 1 0.25 0.25 2 256 0 11692 43.02 86.79
# Algorithm, state_space_size, action_space_size, delay, sequence_length, reward_density, terminal_state_density, num_layers, layer_width, fcnet_activation,
DQN 8 8 0 1 0.25 0.25 2 256 0 12212 43.02 86.79
# Algorithm, state_space_size, action_space_size, delay, sequence_length, reward_density, terminal_state_density, num_layers, layer_width, fcnet_activation,
DQN 8 8 0 1 0.25 0.25 2 256 0 12700 43.02 86.79
# Algorithm, state_space_size, action_space_size, delay, sequence_length, reward_density, terminal_state_density, num_layers, layer_width, fcnet_activation,
DQN 8 8 0 1 0.25 0.25 2 256 0 13224 49.58 100.04
# Algorithm, state_space_size, action_space_size, delay, sequence_length, reward_density, terminal_state_density, num_layers, layer_width, fcnet_activation,
DQN 8 8 0 1 0.25 0.25 2 256 0 13760 49.58 100.04
# Algorithm, state_space_size, action_space_size, delay, sequence_length, reward_density, terminal_state_density, num_layers, layer_width, fcnet_activation,
DQN 8 8 0 1 0.25 0.25 2 256 0 14280 55.53 112.1
# Algorithm, state_space_size, action_space_size, delay, sequence_length, reward_density, terminal_state_density, num_layers, layer_width, fcnet_activation,
DQN 8 8 0 1 0.25 0.25 2 256 0 14808 55.53 112.1
# Algorithm, state_space_size, action_space_size, delay, sequence_length, reward_density, terminal_state_density, num_layers, layer_width, fcnet_activation,
DQN 8 8 0 1 0.25 0.25 2 256 0 15292 59.87 120.82
# Algorithm, state_space_size, action_space_size, delay, sequence_length, reward_density, terminal_state_density, num_layers, layer_width, fcnet_activation,
DQN 8 8 0 1 0.25 0.25 2 256 0 15816 63.1 127.28
# Algorithm, state_space_size, action_space_size, delay, sequence_length, reward_density, terminal_state_density, num_layers, layer_width, fcnet_activation,
DQN 8 8 0 1 0.25 0.25 2 256 0 16348 63.1 127.28
# Algorithm, state_space_size, action_space_size, delay, sequence_length, reward_density, terminal_state_density, num_layers, layer_width, fcnet_activation,
DQN 8 8 0 1 0.25 0.25 2 256 0 16864 68.55 138.35
# Algorithm, state_space_size, action_space_size, delay, sequence_length, reward_density, terminal_state_density, num_layers, layer_width, fcnet_activation,
DQN 8 8 0 1 0.25 0.25 2 256 0 17392 69.94 141.16
# Algorithm, state_space_size, action_space_size, delay, sequence_length, reward_density, terminal_state_density, num_layers, layer_width, fcnet_activation,
DQN 8 8 0 1 0.25 0.25 2 256 0 17884 69.94 141.16
# Algorithm, state_space_size, action_space_size, delay, sequence_length, reward_density, terminal_state_density, num_layers, layer_width, fcnet_activation,
DQN 8 8 0 1 0.25 0.25 2 256 0 18392 69.94 141.16
# Algorithm, state_space_size, action_space_size, delay, sequence_length, reward_density, terminal_state_density, num_layers, layer_width, fcnet_activation,
DQN 8 8 0 1 0.25 0.25 2 256 0 18916 77.21 155.83
# Algorithm, state_space_size, action_space_size, delay, sequence_length, reward_density, terminal_state_density, num_layers, layer_width, fcnet_activation,
DQN 8 8 0 1 0.25 0.25 2 256 0 19424 80.71 162.87
# Algorithm, state_space_size, action_space_size, delay, sequence_length, reward_density, terminal_state_density, num_layers, layer_width, fcnet_activation,
DQN 8 8 0 1 0.25 0.25 2 256 0 19944 80.71 162.87
# Algorithm, state_space_size, action_space_size, delay, sequence_length, reward_density, terminal_state_density, num_layers, layer_width, fcnet_activation,
DQN 8 8 0 1 0.25 0.25 2 256 0 20428 80.71 162.87
# Algorithm, state_space_size, action_space_size, delay, sequence_length, reward_density, terminal_state_density, num_layers, layer_width, fcnet_activation,
DQN 8 8 0 1 0.25 0.25 2 256 1 852 0.6977777777777778 3.76
# Algorithm, state_space_size, action_space_size, delay, sequence_length, reward_density, terminal_state_density, num_layers, layer_width, fcnet_activation,
DQN 8 8 0 1 0.25 0.25 2 256 1 1740 0.8292682926829268 7.162601626016261
# Algorithm, state_space_size, action_space_size, delay, sequence_length, reward_density, terminal_state_density, num_layers, layer_width, fcnet_activation,
DQN 8 8 0 1 0.25 0.25 2 256 1 2320 0.87 9.99
# Algorithm, state_space_size, action_space_size, delay, sequence_length, reward_density, terminal_state_density, num_layers, layer_width, fcnet_activation,
DQN 8 8 0 1 0.25 0.25 2 256 1 2804 3.04 14.33
# Algorithm, state_space_size, action_space_size, delay, sequence_length, reward_density, terminal_state_density, num_layers, layer_width, fcnet_activation,
DQN 8 8 0 1 0.25 0.25 2 256 1 3332 4.32 19.65
# Algorithm, state_space_size, action_space_size, delay, sequence_length, reward_density, terminal_state_density, num_layers, layer_width, fcnet_activation,
DQN 8 8 0 1 0.25 0.25 2 256 1 3868 4.53 19.99
# Algorithm, state_space_size, action_space_size, delay, sequence_length, reward_density, terminal_state_density, num_layers, layer_width, fcnet_activation,
DQN 8 8 0 1 0.25 0.25 2 256 1 4400 4.53 19.99
# Algorithm, state_space_size, action_space_size, delay, sequence_length, reward_density, terminal_state_density, num_layers, layer_width, fcnet_activation,
DQN 8 8 0 1 0.25 0.25 2 256 1 4924 11.12 33.01
# Algorithm, state_space_size, action_space_size, delay, sequence_length, reward_density, terminal_state_density, num_layers, layer_width, fcnet_activation,
DQN 8 8 0 1 0.25 0.25 2 256 1 5404 14.35 39.43
# Algorithm, state_space_size, action_space_size, delay, sequence_length, reward_density, terminal_state_density, num_layers, layer_width, fcnet_activation,
DQN 8 8 0 1 0.25 0.25 2 256 1 5928 15.58 42.28
# Algorithm, state_space_size, action_space_size, delay, sequence_length, reward_density, terminal_state_density, num_layers, layer_width, fcnet_activation,
DQN 8 8 0 1 0.25 0.25 2 256 1 6456 17.88 46.92
# Algorithm, state_space_size, action_space_size, delay, sequence_length, reward_density, terminal_state_density, num_layers, layer_width, fcnet_activation,
DQN 8 8 0 1 0.25 0.25 2 256 1 6984 21.4 55.28
# Algorithm, state_space_size, action_space_size, delay, sequence_length, reward_density, terminal_state_density, num_layers, layer_width, fcnet_activation,
DQN 8 8 0 1 0.25 0.25 2 256 1 7472 21.4 55.28
# Algorithm, state_space_size, action_space_size, delay, sequence_length, reward_density, terminal_state_density, num_layers, layer_width, fcnet_activation,
DQN 8 8 0 1 0.25 0.25 2 256 1 7896 21.4 55.28
# Algorithm, state_space_size, action_space_size, delay, sequence_length, reward_density, terminal_state_density, num_layers, layer_width, fcnet_activation,
DQN 8 8 0 1 0.25 0.25 2 256 1 8364 27.04 68.26
# Algorithm, state_space_size, action_space_size, delay, sequence_length, reward_density, terminal_state_density, num_layers, layer_width, fcnet_activation,
DQN 8 8 0 1 0.25 0.25 2 256 1 8844 27.04 68.26
# Algorithm, state_space_size, action_space_size, delay, sequence_length, reward_density, terminal_state_density, num_layers, layer_width, fcnet_activation,
DQN 8 8 0 1 0.25 0.25 2 256 1 9220 29.98 74.31
# Algorithm, state_space_size, action_space_size, delay, sequence_length, reward_density, terminal_state_density, num_layers, layer_width, fcnet_activation,
DQN 8 8 0 1 0.25 0.25 2 256 1 9556 32.26 79.82
# Algorithm, state_space_size, action_space_size, delay, sequence_length, reward_density, terminal_state_density, num_layers, layer_width, fcnet_activation,
DQN 8 8 0 1 0.25 0.25 2 256 1 9912 32.26 79.82
# Algorithm, state_space_size, action_space_size, delay, sequence_length, reward_density, terminal_state_density, num_layers, layer_width, fcnet_activation,
DQN 8 8 0 1 0.25 0.25 2 256 1 10256 32.26 79.82
# Algorithm, state_space_size, action_space_size, delay, sequence_length, reward_density, terminal_state_density, num_layers, layer_width, fcnet_activation,
DQN 8 8 0 1 0.25 0.25 2 256 1 10728 32.26 79.82
# Algorithm, state_space_size, action_space_size, delay, sequence_length, reward_density, terminal_state_density, num_layers, layer_width, fcnet_activation,
DQN 8 8 0 1 0.25 0.25 2 256 1 11204 32.26 79.82
# Algorithm, state_space_size, action_space_size, delay, sequence_length, reward_density, terminal_state_density, num_layers, layer_width, fcnet_activation,
DQN 8 8 0 1 0.25 0.25 2 256 1 11676 40.45 99.66
# Algorithm, state_space_size, action_space_size, delay, sequence_length, reward_density, terminal_state_density, num_layers, layer_width, fcnet_activation,
DQN 8 8 0 1 0.25 0.25 2 256 1 12156 42.23 103.57
# Algorithm, state_space_size, action_space_size, delay, sequence_length, reward_density, terminal_state_density, num_layers, layer_width, fcnet_activation,
DQN 8 8 0 1 0.25 0.25 2 256 1 12572 44.75 109.05
# Algorithm, state_space_size, action_space_size, delay, sequence_length, reward_density, terminal_state_density, num_layers, layer_width, fcnet_activation,
DQN 8 8 0 1 0.25 0.25 2 256 1 13044 46.95 114.29
# Algorithm, state_space_size, action_space_size, delay, sequence_length, reward_density, terminal_state_density, num_layers, layer_width, fcnet_activation,
DQN 8 8 0 1 0.25 0.25 2 256 1 13524 48.02 116.55
# Algorithm, state_space_size, action_space_size, delay, sequence_length, reward_density, terminal_state_density, num_layers, layer_width, fcnet_activation,
DQN 8 8 0 1 0.25 0.25 2 256 1 14000 50.35 121.74
# Algorithm, state_space_size, action_space_size, delay, sequence_length, reward_density, terminal_state_density, num_layers, layer_width, fcnet_activation,
DQN 8 8 0 1 0.25 0.25 2 256 1 14488 50.35 121.74
# Algorithm, state_space_size, action_space_size, delay, sequence_length, reward_density, terminal_state_density, num_layers, layer_width, fcnet_activation,
DQN 8 8 0 1 0.25 0.25 2 256 1 14924 50.35 121.74
# Algorithm, state_space_size, action_space_size, delay, sequence_length, reward_density, terminal_state_density, num_layers, layer_width, fcnet_activation,
DQN 8 8 0 1 0.25 0.25 2 256 1 15404 50.35 121.74
# Algorithm, state_space_size, action_space_size, delay, sequence_length, reward_density, terminal_state_density, num_layers, layer_width, fcnet_activation,
DQN 8 8 0 1 0.25 0.25 2 256 1 15840 50.35 121.74
# Algorithm, state_space_size, action_space_size, delay, sequence_length, reward_density, terminal_state_density, num_layers, layer_width, fcnet_activation,
DQN 8 8 0 1 0.25 0.25 2 256 1 16276 50.35 121.74
# Algorithm, state_space_size, action_space_size, delay, sequence_length, reward_density, terminal_state_density, num_layers, layer_width, fcnet_activation,
DQN 8 8 0 1 0.25 0.25 2 256 1 16748 62.19 148.39
# Algorithm, state_space_size, action_space_size, delay, sequence_length, reward_density, terminal_state_density, num_layers, layer_width, fcnet_activation,
DQN 8 8 0 1 0.25 0.25 2 256 1 17172 62.19 148.39
# Algorithm, state_space_size, action_space_size, delay, sequence_length, reward_density, terminal_state_density, num_layers, layer_width, fcnet_activation,
DQN 8 8 0 1 0.25 0.25 2 256 1 17648 62.19 148.39
# Algorithm, state_space_size, action_space_size, delay, sequence_length, reward_density, terminal_state_density, num_layers, layer_width, fcnet_activation,
DQN 8 8 0 1 0.25 0.25 2 256 1 18120 68.05 161.32
# Algorithm, state_space_size, action_space_size, delay, sequence_length, reward_density, terminal_state_density, num_layers, layer_width, fcnet_activation,
DQN 8 8 0 1 0.25 0.25 2 256 1 18600 68.05 161.32
# Algorithm, state_space_size, action_space_size, delay, sequence_length, reward_density, terminal_state_density, num_layers, layer_width, fcnet_activation,
DQN 8 8 0 1 0.25 0.25 2 256 1 19064 72.08 170.89
# Algorithm, state_space_size, action_space_size, delay, sequence_length, reward_density, terminal_state_density, num_layers, layer_width, fcnet_activation,
DQN 8 8 0 1 0.25 0.25 2 256 1 19492 72.08 170.89
# Algorithm, state_space_size, action_space_size, delay, sequence_length, reward_density, terminal_state_density, num_layers, layer_width, fcnet_activation,
DQN 8 8 0 1 0.25 0.25 2 256 1 19964 77.09 182.39
# Algorithm, state_space_size, action_space_size, delay, sequence_length, reward_density, terminal_state_density, num_layers, layer_width, fcnet_activation,
DQN 8 8 0 1 0.25 0.25 2 256 1 20444 78.9 186.19
# Algorithm, state_space_size, action_space_size, delay, sequence_length, reward_density, terminal_state_density, num_layers, layer_width, fcnet_activation,
DQN 8 8 0 1 0.25 0.25 2 256 2 820 0.7474747474747475 4.106060606060606
# Algorithm, state_space_size, action_space_size, delay, sequence_length, reward_density, terminal_state_density, num_layers, layer_width, fcnet_activation,
DQN 8 8 0 1 0.25 0.25 2 256 2 1552 0.5545023696682464 3.4691943127962084
# Algorithm, state_space_size, action_space_size, delay, sequence_length, reward_density, terminal_state_density, num_layers, layer_width, fcnet_activation,
DQN 8 8 0 1 0.25 0.25 2 256 2 2164 0.4226190476190476 3.5654761904761907
# Algorithm, state_space_size, action_space_size, delay, sequence_length, reward_density, terminal_state_density, num_layers, layer_width, fcnet_activation,
DQN 8 8 0 1 0.25 0.25 2 256 2 2648 0.4 4.68
# Algorithm, state_space_size, action_space_size, delay, sequence_length, reward_density, terminal_state_density, num_layers, layer_width, fcnet_activation,
DQN 8 8 0 1 0.25 0.25 2 256 2 3128 1.6 10.88
# Algorithm, state_space_size, action_space_size, delay, sequence_length, reward_density, terminal_state_density, num_layers, layer_width, fcnet_activation,
DQN 8 8 0 1 0.25 0.25 2 256 2 3604 1.6 10.88
# Algorithm, state_space_size, action_space_size, delay, sequence_length, reward_density, terminal_state_density, num_layers, layer_width, fcnet_activation,
DQN 8 8 0 1 0.25 0.25 2 256 2 4036 4.43 22.2
# Algorithm, state_space_size, action_space_size, delay, sequence_length, reward_density, terminal_state_density, num_layers, layer_width, fcnet_activation,
DQN 8 8 0 1 0.25 0.25 2 256 2 4520 4.66 23.13
# Algorithm, state_space_size, action_space_size, delay, sequence_length, reward_density, terminal_state_density, num_layers, layer_width, fcnet_activation,
DQN 8 8 0 1 0.25 0.25 2 256 2 5000 6.33 29.89
# Algorithm, state_space_size, action_space_size, delay, sequence_length, reward_density, terminal_state_density, num_layers, layer_width, fcnet_activation,
DQN 8 8 0 1 0.25 0.25 2 256 2 5480 6.33 29.89
# Algorithm, state_space_size, action_space_size, delay, sequence_length, reward_density, terminal_state_density, num_layers, layer_width, fcnet_activation,
DQN 8 8 0 1 0.25 0.25 2 256 2 5932 6.33 29.89
# Algorithm, state_space_size, action_space_size, delay, sequence_length, reward_density, terminal_state_density, num_layers, layer_width, fcnet_activation,
DQN 8 8 0 1 0.25 0.25 2 256 2 6352 9.32 41.84
# Algorithm, state_space_size, action_space_size, delay, sequence_length, reward_density, terminal_state_density, num_layers, layer_width, fcnet_activation,
DQN 8 8 0 1 0.25 0.25 2 256 2 6828 10.49 46.53
# Algorithm, state_space_size, action_space_size, delay, sequence_length, reward_density, terminal_state_density, num_layers, layer_width, fcnet_activation,
DQN 8 8 0 1 0.25 0.25 2 256 2 7320 10.49 46.53
# Algorithm, state_space_size, action_space_size, delay, sequence_length, reward_density, terminal_state_density, num_layers, layer_width, fcnet_activation,
DQN 8 8 0 1 0.25 0.25 2 256 2 7792 10.49 46.53
# Algorithm, state_space_size, action_space_size, delay, sequence_length, reward_density, terminal_state_density, num_layers, layer_width, fcnet_activation,
DQN 8 8 0 1 0.25 0.25 2 256 2 8268 14.29 61.8
# Algorithm, state_space_size, action_space_size, delay, sequence_length, reward_density, terminal_state_density, num_layers, layer_width, fcnet_activation,
DQN 8 8 0 1 0.25 0.25 2 256 2 8704 16.12 69.19
# Algorithm, state_space_size, action_space_size, delay, sequence_length, reward_density, terminal_state_density, num_layers, layer_width, fcnet_activation,
DQN 8 8 0 1 0.25 0.25 2 256 2 9152 17.01 72.8
# Algorithm, state_space_size, action_space_size, delay, sequence_length, reward_density, terminal_state_density, num_layers, layer_width, fcnet_activation,
DQN 8 8 0 1 0.25 0.25 2 256 2 9580 17.93 76.31
# Algorithm, state_space_size, action_space_size, delay, sequence_length, reward_density, terminal_state_density, num_layers, layer_width, fcnet_activation,
DQN 8 8 0 1 0.25 0.25 2 256 2 10004 18.85 79.82
# Algorithm, state_space_size, action_space_size, delay, sequence_length, reward_density, terminal_state_density, num_layers, layer_width, fcnet_activation,
DQN 8 8 0 1 0.25 0.25 2 256 2 10464 19.29 81.49
# Algorithm, state_space_size, action_space_size, delay, sequence_length, reward_density, terminal_state_density, num_layers, layer_width, fcnet_activation,
DQN 8 8 0 1 0.25 0.25 2 256 2 10924 19.29 81.49
# Algorithm, state_space_size, action_space_size, delay, sequence_length, reward_density, terminal_state_density, num_layers, layer_width, fcnet_activation,
DQN 8 8 0 1 0.25 0.25 2 256 2 11376 19.29 81.49
# Algorithm, state_space_size, action_space_size, delay, sequence_length, reward_density, terminal_state_density, num_layers, layer_width, fcnet_activation,
DQN 8 8 0 1 0.25 0.25 2 256 2 11856 23.71 99.1
# Algorithm, state_space_size, action_space_size, delay, sequence_length, reward_density, terminal_state_density, num_layers, layer_width, fcnet_activation,
DQN 8 8 0 1 0.25 0.25 2 256 2 12344 23.71 99.1
# Algorithm, state_space_size, action_space_size, delay, sequence_length, reward_density, terminal_state_density, num_layers, layer_width, fcnet_activation,
DQN 8 8 0 1 0.25 0.25 2 256 2 12820 25.47 106.13
# Algorithm, state_space_size, action_space_size, delay, sequence_length, reward_density, terminal_state_density, num_layers, layer_width, fcnet_activation,
DQN 8 8 0 1 0.25 0.25 2 256 2 13276 26.95 112.16
# Algorithm, state_space_size, action_space_size, delay, sequence_length, reward_density, terminal_state_density, num_layers, layer_width, fcnet_activation,
DQN 8 8 0 1 0.25 0.25 2 256 2 13692 26.95 112.16
# Algorithm, state_space_size, action_space_size, delay, sequence_length, reward_density, terminal_state_density, num_layers, layer_width, fcnet_activation,
DQN 8 8 0 1 0.25 0.25 2 256 2 14156 29.22 121.24
# Algorithm, state_space_size, action_space_size, delay, sequence_length, reward_density, terminal_state_density, num_layers, layer_width, fcnet_activation,
DQN 8 8 0 1 0.25 0.25 2 256 2 14632 29.22 121.24
# Algorithm, state_space_size, action_space_size, delay, sequence_length, reward_density, terminal_state_density, num_layers, layer_width, fcnet_activation,
DQN 8 8 0 1 0.25 0.25 2 256 2 15096 31.09 128.73
# Algorithm, state_space_size, action_space_size, delay, sequence_length, reward_density, terminal_state_density, num_layers, layer_width, fcnet_activation,
DQN 8 8 0 1 0.25 0.25 2 256 2 15572 32.29 133.47
# Algorithm, state_space_size, action_space_size, delay, sequence_length, reward_density, terminal_state_density, num_layers, layer_width, fcnet_activation,
DQN 8 8 0 1 0.25 0.25 2 256 2 15984 33.98 140.03
# Algorithm, state_space_size, action_space_size, delay, sequence_length, reward_density, terminal_state_density, num_layers, layer_width, fcnet_activation,
DQN 8 8 0 1 0.25 0.25 2 256 2 16456 34.82 143.41
# Algorithm, state_space_size, action_space_size, delay, sequence_length, reward_density, terminal_state_density, num_layers, layer_width, fcnet_activation,
DQN 8 8 0 1 0.25 0.25 2 256 2 16848 35.69 147.51
# Algorithm, state_space_size, action_space_size, delay, sequence_length, reward_density, terminal_state_density, num_layers, layer_width, fcnet_activation,
DQN 8 8 0 1 0.25 0.25 2 256 2 17176 36.87 152.27
# Algorithm, state_space_size, action_space_size, delay, sequence_length, reward_density, terminal_state_density, num_layers, layer_width, fcnet_activation,
DQN 8 8 0 1 0.25 0.25 2 256 2 17588 37.06 153.09
# Algorithm, state_space_size, action_space_size, delay, sequence_length, reward_density, terminal_state_density, num_layers, layer_width, fcnet_activation,
DQN 8 8 0 1 0.25 0.25 2 256 2 17984 37.06 153.09
# Algorithm, state_space_size, action_space_size, delay, sequence_length, reward_density, terminal_state_density, num_layers, layer_width, fcnet_activation,
DQN 8 8 0 1 0.25 0.25 2 256 2 18452 37.06 153.09
# Algorithm, state_space_size, action_space_size, delay, sequence_length, reward_density, terminal_state_density, num_layers, layer_width, fcnet_activation,
DQN 8 8 0 1 0.25 0.25 2 256 2 18920 40.25 166.54
# Algorithm, state_space_size, action_space_size, delay, sequence_length, reward_density, terminal_state_density, num_layers, layer_width, fcnet_activation,
DQN 8 8 0 1 0.25 0.25 2 256 2 19364 41.79 172.69
# Algorithm, state_space_size, action_space_size, delay, sequence_length, reward_density, terminal_state_density, num_layers, layer_width, fcnet_activation,
DQN 8 8 0 1 0.25 0.25 2 256 2 19828 41.79 172.69
# Algorithm, state_space_size, action_space_size, delay, sequence_length, reward_density, terminal_state_density, num_layers, layer_width, fcnet_activation,
DQN 8 8 0 1 0.25 0.25 2 256 2 20252 41.79 172.69
