# Algorithm, state_space_size, action_space_size, delay, sequence_length, reward_density, terminal_state_density, num_layers, layer_width,
DQN 8 8 0 1 0.25 0.25 1 8 916 0.6818181818181818 3.7768595041322315
# Algorithm, state_space_size, action_space_size, delay, sequence_length, reward_density, terminal_state_density, num_layers, layer_width,
DQN 8 8 0 1 0.25 0.25 1 8 1964 0.5648148148148148 4.861111111111111
# Algorithm, state_space_size, action_space_size, delay, sequence_length, reward_density, terminal_state_density, num_layers, layer_width,
DQN 8 8 0 1 0.25 0.25 1 8 2512 0.17142857142857143 3.914285714285714
# Algorithm, state_space_size, action_space_size, delay, sequence_length, reward_density, terminal_state_density, num_layers, layer_width,
DQN 8 8 0 1 0.25 0.25 1 8 3028 0.175 3.225
# Algorithm, state_space_size, action_space_size, delay, sequence_length, reward_density, terminal_state_density, num_layers, layer_width,
DQN 8 8 0 1 0.25 0.25 1 8 3588 0.16083916083916083 3.3496503496503496
# Algorithm, state_space_size, action_space_size, delay, sequence_length, reward_density, terminal_state_density, num_layers, layer_width,
DQN 8 8 0 1 0.25 0.25 1 8 4216 0.16 9.48
# Algorithm, state_space_size, action_space_size, delay, sequence_length, reward_density, terminal_state_density, num_layers, layer_width,
DQN 8 8 0 1 0.25 0.25 1 8 4824 0.2 15.14
# Algorithm, state_space_size, action_space_size, delay, sequence_length, reward_density, terminal_state_density, num_layers, layer_width,
DQN 8 8 0 1 0.25 0.25 1 8 5444 0.19 22.11
# Algorithm, state_space_size, action_space_size, delay, sequence_length, reward_density, terminal_state_density, num_layers, layer_width,
DQN 8 8 0 1 0.25 0.25 1 8 6012 0.22 27.47
# Algorithm, state_space_size, action_space_size, delay, sequence_length, reward_density, terminal_state_density, num_layers, layer_width,
DQN 8 8 0 1 0.25 0.25 1 8 6640 0.23 32.05
# Algorithm, state_space_size, action_space_size, delay, sequence_length, reward_density, terminal_state_density, num_layers, layer_width,
DQN 8 8 0 1 0.25 0.25 1 8 7268 0.22 37.12
# Algorithm, state_space_size, action_space_size, delay, sequence_length, reward_density, terminal_state_density, num_layers, layer_width,
DQN 8 8 0 1 0.25 0.25 1 8 7896 0.22 41.74
# Algorithm, state_space_size, action_space_size, delay, sequence_length, reward_density, terminal_state_density, num_layers, layer_width,
DQN 8 8 0 1 0.25 0.25 1 8 8520 0.22 47.43
# Algorithm, state_space_size, action_space_size, delay, sequence_length, reward_density, terminal_state_density, num_layers, layer_width,
DQN 8 8 0 1 0.25 0.25 1 8 9112 0.23 55.07
# Algorithm, state_space_size, action_space_size, delay, sequence_length, reward_density, terminal_state_density, num_layers, layer_width,
DQN 8 8 0 1 0.25 0.25 1 8 9736 0.24 61.91
# Algorithm, state_space_size, action_space_size, delay, sequence_length, reward_density, terminal_state_density, num_layers, layer_width,
DQN 8 8 0 1 0.25 0.25 1 8 10368 0.25 67.44
# Algorithm, state_space_size, action_space_size, delay, sequence_length, reward_density, terminal_state_density, num_layers, layer_width,
DQN 8 8 0 1 0.25 0.25 1 8 10992 0.25 73.02
# Algorithm, state_space_size, action_space_size, delay, sequence_length, reward_density, terminal_state_density, num_layers, layer_width,
DQN 8 8 0 1 0.25 0.25 1 8 11612 0.26 82.77
# Algorithm, state_space_size, action_space_size, delay, sequence_length, reward_density, terminal_state_density, num_layers, layer_width,
DQN 8 8 0 1 0.25 0.25 1 8 12220 0.26 82.77
# Algorithm, state_space_size, action_space_size, delay, sequence_length, reward_density, terminal_state_density, num_layers, layer_width,
DQN 8 8 0 1 0.25 0.25 1 8 12772 0.26 91.97
# Algorithm, state_space_size, action_space_size, delay, sequence_length, reward_density, terminal_state_density, num_layers, layer_width,
DQN 8 8 0 1 0.25 0.25 1 8 13400 0.26 96.1
# Algorithm, state_space_size, action_space_size, delay, sequence_length, reward_density, terminal_state_density, num_layers, layer_width,
DQN 8 8 0 1 0.25 0.25 1 8 14024 0.28 102.9
# Algorithm, state_space_size, action_space_size, delay, sequence_length, reward_density, terminal_state_density, num_layers, layer_width,
DQN 8 8 0 1 0.25 0.25 1 8 14656 0.28 102.9
# Algorithm, state_space_size, action_space_size, delay, sequence_length, reward_density, terminal_state_density, num_layers, layer_width,
DQN 8 8 0 1 0.25 0.25 1 8 15284 0.3 118.61
# Algorithm, state_space_size, action_space_size, delay, sequence_length, reward_density, terminal_state_density, num_layers, layer_width,
DQN 8 8 0 1 0.25 0.25 1 8 15872 0.33 123.87
# Algorithm, state_space_size, action_space_size, delay, sequence_length, reward_density, terminal_state_density, num_layers, layer_width,
DQN 8 8 0 1 0.25 0.25 1 8 16500 0.32 131.44
# Algorithm, state_space_size, action_space_size, delay, sequence_length, reward_density, terminal_state_density, num_layers, layer_width,
DQN 8 8 0 1 0.25 0.25 1 8 17124 0.32 131.44
# Algorithm, state_space_size, action_space_size, delay, sequence_length, reward_density, terminal_state_density, num_layers, layer_width,
DQN 8 8 0 1 0.25 0.25 1 8 17740 0.32 140.52
# Algorithm, state_space_size, action_space_size, delay, sequence_length, reward_density, terminal_state_density, num_layers, layer_width,
DQN 8 8 0 1 0.25 0.25 1 8 18368 0.32 149.57
# Algorithm, state_space_size, action_space_size, delay, sequence_length, reward_density, terminal_state_density, num_layers, layer_width,
DQN 8 8 0 1 0.25 0.25 1 8 18952 0.31 155.92
# Algorithm, state_space_size, action_space_size, delay, sequence_length, reward_density, terminal_state_density, num_layers, layer_width,
DQN 8 8 0 1 0.25 0.25 1 8 19572 0.49 160.21
# Algorithm, state_space_size, action_space_size, delay, sequence_length, reward_density, terminal_state_density, num_layers, layer_width,
DQN 8 8 0 1 0.25 0.25 1 8 20192 2.08 166.51
# Algorithm, state_space_size, action_space_size, delay, sequence_length, reward_density, terminal_state_density, num_layers, layer_width,
DQN 8 8 0 1 0.25 0.25 1 32 988 0.5567765567765568 3.619047619047619
# Algorithm, state_space_size, action_space_size, delay, sequence_length, reward_density, terminal_state_density, num_layers, layer_width,
DQN 8 8 0 1 0.25 0.25 1 32 1916 1.4444444444444444 3.6468253968253967
# Algorithm, state_space_size, action_space_size, delay, sequence_length, reward_density, terminal_state_density, num_layers, layer_width,
DQN 8 8 0 1 0.25 0.25 1 32 2508 6.07 8.09
# Algorithm, state_space_size, action_space_size, delay, sequence_length, reward_density, terminal_state_density, num_layers, layer_width,
DQN 8 8 0 1 0.25 0.25 1 32 3136 7.92 9.93
# Algorithm, state_space_size, action_space_size, delay, sequence_length, reward_density, terminal_state_density, num_layers, layer_width,
DQN 8 8 0 1 0.25 0.25 1 32 3752 18.1 20.13
# Algorithm, state_space_size, action_space_size, delay, sequence_length, reward_density, terminal_state_density, num_layers, layer_width,
DQN 8 8 0 1 0.25 0.25 1 32 4372 24.48 26.4
# Algorithm, state_space_size, action_space_size, delay, sequence_length, reward_density, terminal_state_density, num_layers, layer_width,
DQN 8 8 0 1 0.25 0.25 1 32 4948 27.87 29.77
# Algorithm, state_space_size, action_space_size, delay, sequence_length, reward_density, terminal_state_density, num_layers, layer_width,
DQN 8 8 0 1 0.25 0.25 1 32 5568 33.99 35.89
# Algorithm, state_space_size, action_space_size, delay, sequence_length, reward_density, terminal_state_density, num_layers, layer_width,
DQN 8 8 0 1 0.25 0.25 1 32 6184 40.74 42.67
# Algorithm, state_space_size, action_space_size, delay, sequence_length, reward_density, terminal_state_density, num_layers, layer_width,
DQN 8 8 0 1 0.25 0.25 1 32 6800 46.26 48.2
# Algorithm, state_space_size, action_space_size, delay, sequence_length, reward_density, terminal_state_density, num_layers, layer_width,
DQN 8 8 0 1 0.25 0.25 1 32 7428 53.81 55.77
# Algorithm, state_space_size, action_space_size, delay, sequence_length, reward_density, terminal_state_density, num_layers, layer_width,
DQN 8 8 0 1 0.25 0.25 1 32 8000 57.17 59.12
# Algorithm, state_space_size, action_space_size, delay, sequence_length, reward_density, terminal_state_density, num_layers, layer_width,
DQN 8 8 0 1 0.25 0.25 1 32 8620 61.76 68.32
# Algorithm, state_space_size, action_space_size, delay, sequence_length, reward_density, terminal_state_density, num_layers, layer_width,
DQN 8 8 0 1 0.25 0.25 1 32 9228 65.38 74.28
# Algorithm, state_space_size, action_space_size, delay, sequence_length, reward_density, terminal_state_density, num_layers, layer_width,
DQN 8 8 0 1 0.25 0.25 1 32 9852 66.68 75.57
# Algorithm, state_space_size, action_space_size, delay, sequence_length, reward_density, terminal_state_density, num_layers, layer_width,
DQN 8 8 0 1 0.25 0.25 1 32 10448 72.68 85.62
# Algorithm, state_space_size, action_space_size, delay, sequence_length, reward_density, terminal_state_density, num_layers, layer_width,
DQN 8 8 0 1 0.25 0.25 1 32 10988 75.52 91.1
# Algorithm, state_space_size, action_space_size, delay, sequence_length, reward_density, terminal_state_density, num_layers, layer_width,
DQN 8 8 0 1 0.25 0.25 1 32 11600 78.55 96.81
# Algorithm, state_space_size, action_space_size, delay, sequence_length, reward_density, terminal_state_density, num_layers, layer_width,
DQN 8 8 0 1 0.25 0.25 1 32 12216 79.85 101.87
# Algorithm, state_space_size, action_space_size, delay, sequence_length, reward_density, terminal_state_density, num_layers, layer_width,
DQN 8 8 0 1 0.25 0.25 1 32 12828 81.01 107.99
# Algorithm, state_space_size, action_space_size, delay, sequence_length, reward_density, terminal_state_density, num_layers, layer_width,
DQN 8 8 0 1 0.25 0.25 1 32 13444 81.97 113.93
# Algorithm, state_space_size, action_space_size, delay, sequence_length, reward_density, terminal_state_density, num_layers, layer_width,
DQN 8 8 0 1 0.25 0.25 1 32 14020 83.81 117.5
# Algorithm, state_space_size, action_space_size, delay, sequence_length, reward_density, terminal_state_density, num_layers, layer_width,
DQN 8 8 0 1 0.25 0.25 1 32 14636 86.26 126.88
# Algorithm, state_space_size, action_space_size, delay, sequence_length, reward_density, terminal_state_density, num_layers, layer_width,
DQN 8 8 0 1 0.25 0.25 1 32 15260 86.26 126.88
# Algorithm, state_space_size, action_space_size, delay, sequence_length, reward_density, terminal_state_density, num_layers, layer_width,
DQN 8 8 0 1 0.25 0.25 1 32 15872 90.96 137.48
# Algorithm, state_space_size, action_space_size, delay, sequence_length, reward_density, terminal_state_density, num_layers, layer_width,
DQN 8 8 0 1 0.25 0.25 1 32 16488 92.11 145.18
# Algorithm, state_space_size, action_space_size, delay, sequence_length, reward_density, terminal_state_density, num_layers, layer_width,
DQN 8 8 0 1 0.25 0.25 1 32 17076 92.11 145.56
# Algorithm, state_space_size, action_space_size, delay, sequence_length, reward_density, terminal_state_density, num_layers, layer_width,
DQN 8 8 0 1 0.25 0.25 1 32 17692 98.44 155.62
# Algorithm, state_space_size, action_space_size, delay, sequence_length, reward_density, terminal_state_density, num_layers, layer_width,
DQN 8 8 0 1 0.25 0.25 1 32 18312 100.65 157.83
# Algorithm, state_space_size, action_space_size, delay, sequence_length, reward_density, terminal_state_density, num_layers, layer_width,
DQN 8 8 0 1 0.25 0.25 1 32 18928 103.62 164.44
# Algorithm, state_space_size, action_space_size, delay, sequence_length, reward_density, terminal_state_density, num_layers, layer_width,
DQN 8 8 0 1 0.25 0.25 1 32 19540 105.13 172.11
# Algorithm, state_space_size, action_space_size, delay, sequence_length, reward_density, terminal_state_density, num_layers, layer_width,
DQN 8 8 0 1 0.25 0.25 1 32 20160 105.13 172.11
# Algorithm, state_space_size, action_space_size, delay, sequence_length, reward_density, terminal_state_density, num_layers, layer_width,
DQN 8 8 0 1 0.25 0.25 1 128 960 0.7911111111111111 4.262222222222222
# Algorithm, state_space_size, action_space_size, delay, sequence_length, reward_density, terminal_state_density, num_layers, layer_width,
DQN 8 8 0 1 0.25 0.25 1 128 1944 0.6467889908256881 4.518348623853211
# Algorithm, state_space_size, action_space_size, delay, sequence_length, reward_density, terminal_state_density, num_layers, layer_width,
DQN 8 8 0 1 0.25 0.25 1 128 2532 2.14 9.53
# Algorithm, state_space_size, action_space_size, delay, sequence_length, reward_density, terminal_state_density, num_layers, layer_width,
DQN 8 8 0 1 0.25 0.25 1 128 3116 4.63 14.49
# Algorithm, state_space_size, action_space_size, delay, sequence_length, reward_density, terminal_state_density, num_layers, layer_width,
DQN 8 8 0 1 0.25 0.25 1 128 3728 7.54 20.22
# Algorithm, state_space_size, action_space_size, delay, sequence_length, reward_density, terminal_state_density, num_layers, layer_width,
DQN 8 8 0 1 0.25 0.25 1 128 4356 7.54 20.22
# Algorithm, state_space_size, action_space_size, delay, sequence_length, reward_density, terminal_state_density, num_layers, layer_width,
DQN 8 8 0 1 0.25 0.25 1 128 4976 7.54 20.22
# Algorithm, state_space_size, action_space_size, delay, sequence_length, reward_density, terminal_state_density, num_layers, layer_width,
DQN 8 8 0 1 0.25 0.25 1 128 5596 15.94 37.13
# Algorithm, state_space_size, action_space_size, delay, sequence_length, reward_density, terminal_state_density, num_layers, layer_width,
DQN 8 8 0 1 0.25 0.25 1 128 6208 20.65 46.53
# Algorithm, state_space_size, action_space_size, delay, sequence_length, reward_density, terminal_state_density, num_layers, layer_width,
DQN 8 8 0 1 0.25 0.25 1 128 6792 22.2 49.57
# Algorithm, state_space_size, action_space_size, delay, sequence_length, reward_density, terminal_state_density, num_layers, layer_width,
DQN 8 8 0 1 0.25 0.25 1 128 7404 26.66 58.48
# Algorithm, state_space_size, action_space_size, delay, sequence_length, reward_density, terminal_state_density, num_layers, layer_width,
DQN 8 8 0 1 0.25 0.25 1 128 8024 29.6 64.37
# Algorithm, state_space_size, action_space_size, delay, sequence_length, reward_density, terminal_state_density, num_layers, layer_width,
DQN 8 8 0 1 0.25 0.25 1 128 8620 32.61 70.35
# Algorithm, state_space_size, action_space_size, delay, sequence_length, reward_density, terminal_state_density, num_layers, layer_width,
DQN 8 8 0 1 0.25 0.25 1 128 9188 35.43 75.73
# Algorithm, state_space_size, action_space_size, delay, sequence_length, reward_density, terminal_state_density, num_layers, layer_width,
DQN 8 8 0 1 0.25 0.25 1 128 9716 36.97 78.83
# Algorithm, state_space_size, action_space_size, delay, sequence_length, reward_density, terminal_state_density, num_layers, layer_width,
DQN 8 8 0 1 0.25 0.25 1 128 10332 39.46 83.8
# Algorithm, state_space_size, action_space_size, delay, sequence_length, reward_density, terminal_state_density, num_layers, layer_width,
DQN 8 8 0 1 0.25 0.25 1 128 10948 39.46 83.8
# Algorithm, state_space_size, action_space_size, delay, sequence_length, reward_density, terminal_state_density, num_layers, layer_width,
DQN 8 8 0 1 0.25 0.25 1 128 11572 47.1 99.02
# Algorithm, state_space_size, action_space_size, delay, sequence_length, reward_density, terminal_state_density, num_layers, layer_width,
DQN 8 8 0 1 0.25 0.25 1 128 12188 48.53 101.82
# Algorithm, state_space_size, action_space_size, delay, sequence_length, reward_density, terminal_state_density, num_layers, layer_width,
DQN 8 8 0 1 0.25 0.25 1 128 12760 51.92 108.61
# Algorithm, state_space_size, action_space_size, delay, sequence_length, reward_density, terminal_state_density, num_layers, layer_width,
DQN 8 8 0 1 0.25 0.25 1 128 13384 53.89 112.58
# Algorithm, state_space_size, action_space_size, delay, sequence_length, reward_density, terminal_state_density, num_layers, layer_width,
DQN 8 8 0 1 0.25 0.25 1 128 13992 58.86 122.49
# Algorithm, state_space_size, action_space_size, delay, sequence_length, reward_density, terminal_state_density, num_layers, layer_width,
DQN 8 8 0 1 0.25 0.25 1 128 14600 61.72 128.2
# Algorithm, state_space_size, action_space_size, delay, sequence_length, reward_density, terminal_state_density, num_layers, layer_width,
DQN 8 8 0 1 0.25 0.25 1 128 15216 64.14 133.0
# Algorithm, state_space_size, action_space_size, delay, sequence_length, reward_density, terminal_state_density, num_layers, layer_width,
DQN 8 8 0 1 0.25 0.25 1 128 15792 66.8 138.29
# Algorithm, state_space_size, action_space_size, delay, sequence_length, reward_density, terminal_state_density, num_layers, layer_width,
DQN 8 8 0 1 0.25 0.25 1 128 16412 70.82 146.35
# Algorithm, state_space_size, action_space_size, delay, sequence_length, reward_density, terminal_state_density, num_layers, layer_width,
DQN 8 8 0 1 0.25 0.25 1 128 17024 73.36 151.47
# Algorithm, state_space_size, action_space_size, delay, sequence_length, reward_density, terminal_state_density, num_layers, layer_width,
DQN 8 8 0 1 0.25 0.25 1 128 17632 76.74 158.25
# Algorithm, state_space_size, action_space_size, delay, sequence_length, reward_density, terminal_state_density, num_layers, layer_width,
DQN 8 8 0 1 0.25 0.25 1 128 18256 76.74 158.25
# Algorithm, state_space_size, action_space_size, delay, sequence_length, reward_density, terminal_state_density, num_layers, layer_width,
DQN 8 8 0 1 0.25 0.25 1 128 18840 81.1 167.02
# Algorithm, state_space_size, action_space_size, delay, sequence_length, reward_density, terminal_state_density, num_layers, layer_width,
DQN 8 8 0 1 0.25 0.25 1 128 19464 81.1 167.02
# Algorithm, state_space_size, action_space_size, delay, sequence_length, reward_density, terminal_state_density, num_layers, layer_width,
DQN 8 8 0 1 0.25 0.25 1 128 20084 88.83 182.34
# Algorithm, state_space_size, action_space_size, delay, sequence_length, reward_density, terminal_state_density, num_layers, layer_width,
DQN 8 8 0 1 0.25 0.25 2 8 992 0.7073170731707317 4.004065040650406
# Algorithm, state_space_size, action_space_size, delay, sequence_length, reward_density, terminal_state_density, num_layers, layer_width,
DQN 8 8 0 1 0.25 0.25 2 8 1900 0.3745704467353952 3.1443298969072164
# Algorithm, state_space_size, action_space_size, delay, sequence_length, reward_density, terminal_state_density, num_layers, layer_width,
DQN 8 8 0 1 0.25 0.25 2 8 2440 0.18461538461538463 2.0692307692307694
# Algorithm, state_space_size, action_space_size, delay, sequence_length, reward_density, terminal_state_density, num_layers, layer_width,
DQN 8 8 0 1 0.25 0.25 2 8 2984 0.1797752808988764 3.056179775280899
# Algorithm, state_space_size, action_space_size, delay, sequence_length, reward_density, terminal_state_density, num_layers, layer_width,
DQN 8 8 0 1 0.25 0.25 2 8 3556 0.23 5.51
# Algorithm, state_space_size, action_space_size, delay, sequence_length, reward_density, terminal_state_density, num_layers, layer_width,
DQN 8 8 0 1 0.25 0.25 2 8 4172 0.23 5.51
# Algorithm, state_space_size, action_space_size, delay, sequence_length, reward_density, terminal_state_density, num_layers, layer_width,
DQN 8 8 0 1 0.25 0.25 2 8 4752 0.23 5.51
# Algorithm, state_space_size, action_space_size, delay, sequence_length, reward_density, terminal_state_density, num_layers, layer_width,
DQN 8 8 0 1 0.25 0.25 2 8 5364 0.23 5.51
# Algorithm, state_space_size, action_space_size, delay, sequence_length, reward_density, terminal_state_density, num_layers, layer_width,
DQN 8 8 0 1 0.25 0.25 2 8 5984 0.25 27.82
# Algorithm, state_space_size, action_space_size, delay, sequence_length, reward_density, terminal_state_density, num_layers, layer_width,
DQN 8 8 0 1 0.25 0.25 2 8 6600 0.24 34.63
# Algorithm, state_space_size, action_space_size, delay, sequence_length, reward_density, terminal_state_density, num_layers, layer_width,
DQN 8 8 0 1 0.25 0.25 2 8 7176 0.24 38.95
# Algorithm, state_space_size, action_space_size, delay, sequence_length, reward_density, terminal_state_density, num_layers, layer_width,
DQN 8 8 0 1 0.25 0.25 2 8 7712 0.27 45.17
# Algorithm, state_space_size, action_space_size, delay, sequence_length, reward_density, terminal_state_density, num_layers, layer_width,
DQN 8 8 0 1 0.25 0.25 2 8 8324 0.3 50.23
# Algorithm, state_space_size, action_space_size, delay, sequence_length, reward_density, terminal_state_density, num_layers, layer_width,
DQN 8 8 0 1 0.25 0.25 2 8 8936 0.3 50.23
# Algorithm, state_space_size, action_space_size, delay, sequence_length, reward_density, terminal_state_density, num_layers, layer_width,
DQN 8 8 0 1 0.25 0.25 2 8 9544 0.3 50.23
# Algorithm, state_space_size, action_space_size, delay, sequence_length, reward_density, terminal_state_density, num_layers, layer_width,
DQN 8 8 0 1 0.25 0.25 2 8 10148 0.35 67.79
# Algorithm, state_space_size, action_space_size, delay, sequence_length, reward_density, terminal_state_density, num_layers, layer_width,
DQN 8 8 0 1 0.25 0.25 2 8 10716 0.35 67.79
# Algorithm, state_space_size, action_space_size, delay, sequence_length, reward_density, terminal_state_density, num_layers, layer_width,
DQN 8 8 0 1 0.25 0.25 2 8 11328 0.35 81.28
# Algorithm, state_space_size, action_space_size, delay, sequence_length, reward_density, terminal_state_density, num_layers, layer_width,
DQN 8 8 0 1 0.25 0.25 2 8 11932 0.34 87.25
# Algorithm, state_space_size, action_space_size, delay, sequence_length, reward_density, terminal_state_density, num_layers, layer_width,
DQN 8 8 0 1 0.25 0.25 2 8 12536 0.35 94.31
# Algorithm, state_space_size, action_space_size, delay, sequence_length, reward_density, terminal_state_density, num_layers, layer_width,
DQN 8 8 0 1 0.25 0.25 2 8 13148 0.35 101.05
# Algorithm, state_space_size, action_space_size, delay, sequence_length, reward_density, terminal_state_density, num_layers, layer_width,
DQN 8 8 0 1 0.25 0.25 2 8 13732 0.36 104.55
# Algorithm, state_space_size, action_space_size, delay, sequence_length, reward_density, terminal_state_density, num_layers, layer_width,
DQN 8 8 0 1 0.25 0.25 2 8 14316 0.36 110.5
# Algorithm, state_space_size, action_space_size, delay, sequence_length, reward_density, terminal_state_density, num_layers, layer_width,
DQN 8 8 0 1 0.25 0.25 2 8 14924 0.35 116.4
# Algorithm, state_space_size, action_space_size, delay, sequence_length, reward_density, terminal_state_density, num_layers, layer_width,
DQN 8 8 0 1 0.25 0.25 2 8 15532 0.35 116.4
# Algorithm, state_space_size, action_space_size, delay, sequence_length, reward_density, terminal_state_density, num_layers, layer_width,
DQN 8 8 0 1 0.25 0.25 2 8 16132 0.35 129.25
# Algorithm, state_space_size, action_space_size, delay, sequence_length, reward_density, terminal_state_density, num_layers, layer_width,
DQN 8 8 0 1 0.25 0.25 2 8 16736 0.34 136.34
# Algorithm, state_space_size, action_space_size, delay, sequence_length, reward_density, terminal_state_density, num_layers, layer_width,
DQN 8 8 0 1 0.25 0.25 2 8 17304 0.34 136.34
# Algorithm, state_space_size, action_space_size, delay, sequence_length, reward_density, terminal_state_density, num_layers, layer_width,
DQN 8 8 0 1 0.25 0.25 2 8 17912 0.34 136.34
# Algorithm, state_space_size, action_space_size, delay, sequence_length, reward_density, terminal_state_density, num_layers, layer_width,
DQN 8 8 0 1 0.25 0.25 2 8 18488 0.35 149.35
# Algorithm, state_space_size, action_space_size, delay, sequence_length, reward_density, terminal_state_density, num_layers, layer_width,
DQN 8 8 0 1 0.25 0.25 2 8 19100 0.35 157.25
# Algorithm, state_space_size, action_space_size, delay, sequence_length, reward_density, terminal_state_density, num_layers, layer_width,
DQN 8 8 0 1 0.25 0.25 2 8 19704 0.35 157.25
# Algorithm, state_space_size, action_space_size, delay, sequence_length, reward_density, terminal_state_density, num_layers, layer_width,
DQN 8 8 0 1 0.25 0.25 2 8 20272 0.35 157.25
# Algorithm, state_space_size, action_space_size, delay, sequence_length, reward_density, terminal_state_density, num_layers, layer_width,
DQN 8 8 0 1 0.25 0.25 2 32 964 0.7639484978540773 4.128755364806867
# Algorithm, state_space_size, action_space_size, delay, sequence_length, reward_density, terminal_state_density, num_layers, layer_width,
DQN 8 8 0 1 0.25 0.25 2 32 1980 0.4915254237288136 5.728813559322034
# Algorithm, state_space_size, action_space_size, delay, sequence_length, reward_density, terminal_state_density, num_layers, layer_width,
DQN 8 8 0 1 0.25 0.25 2 32 2528 0.35 6.77
# Algorithm, state_space_size, action_space_size, delay, sequence_length, reward_density, terminal_state_density, num_layers, layer_width,
DQN 8 8 0 1 0.25 0.25 2 32 3100 0.36 8.15
# Algorithm, state_space_size, action_space_size, delay, sequence_length, reward_density, terminal_state_density, num_layers, layer_width,
DQN 8 8 0 1 0.25 0.25 2 32 3700 0.36 8.15
# Algorithm, state_space_size, action_space_size, delay, sequence_length, reward_density, terminal_state_density, num_layers, layer_width,
DQN 8 8 0 1 0.25 0.25 2 32 4312 5.1 24.47
# Algorithm, state_space_size, action_space_size, delay, sequence_length, reward_density, terminal_state_density, num_layers, layer_width,
DQN 8 8 0 1 0.25 0.25 2 32 4908 5.72 26.28
# Algorithm, state_space_size, action_space_size, delay, sequence_length, reward_density, terminal_state_density, num_layers, layer_width,
DQN 8 8 0 1 0.25 0.25 2 32 5496 8.07 33.34
# Algorithm, state_space_size, action_space_size, delay, sequence_length, reward_density, terminal_state_density, num_layers, layer_width,
DQN 8 8 0 1 0.25 0.25 2 32 6056 10.9 41.89
# Algorithm, state_space_size, action_space_size, delay, sequence_length, reward_density, terminal_state_density, num_layers, layer_width,
DQN 8 8 0 1 0.25 0.25 2 32 6656 12.86 47.75
# Algorithm, state_space_size, action_space_size, delay, sequence_length, reward_density, terminal_state_density, num_layers, layer_width,
DQN 8 8 0 1 0.25 0.25 2 32 7260 13.99 51.04
# Algorithm, state_space_size, action_space_size, delay, sequence_length, reward_density, terminal_state_density, num_layers, layer_width,
DQN 8 8 0 1 0.25 0.25 2 32 7868 15.4 55.27
# Algorithm, state_space_size, action_space_size, delay, sequence_length, reward_density, terminal_state_density, num_layers, layer_width,
DQN 8 8 0 1 0.25 0.25 2 32 8460 18.73 65.07
# Algorithm, state_space_size, action_space_size, delay, sequence_length, reward_density, terminal_state_density, num_layers, layer_width,
DQN 8 8 0 1 0.25 0.25 2 32 9016 20.57 70.43
# Algorithm, state_space_size, action_space_size, delay, sequence_length, reward_density, terminal_state_density, num_layers, layer_width,
DQN 8 8 0 1 0.25 0.25 2 32 9616 22.81 77.18
# Algorithm, state_space_size, action_space_size, delay, sequence_length, reward_density, terminal_state_density, num_layers, layer_width,
DQN 8 8 0 1 0.25 0.25 2 32 10212 24.4 81.87
# Algorithm, state_space_size, action_space_size, delay, sequence_length, reward_density, terminal_state_density, num_layers, layer_width,
DQN 8 8 0 1 0.25 0.25 2 32 10812 26.18 87.13
# Algorithm, state_space_size, action_space_size, delay, sequence_length, reward_density, terminal_state_density, num_layers, layer_width,
DQN 8 8 0 1 0.25 0.25 2 32 11408 28.67 94.55
# Algorithm, state_space_size, action_space_size, delay, sequence_length, reward_density, terminal_state_density, num_layers, layer_width,
DQN 8 8 0 1 0.25 0.25 2 32 11964 30.55 100.12
# Algorithm, state_space_size, action_space_size, delay, sequence_length, reward_density, terminal_state_density, num_layers, layer_width,
DQN 8 8 0 1 0.25 0.25 2 32 12564 31.9 104.12
# Algorithm, state_space_size, action_space_size, delay, sequence_length, reward_density, terminal_state_density, num_layers, layer_width,
DQN 8 8 0 1 0.25 0.25 2 32 13168 33.28 108.06
# Algorithm, state_space_size, action_space_size, delay, sequence_length, reward_density, terminal_state_density, num_layers, layer_width,
DQN 8 8 0 1 0.25 0.25 2 32 13772 35.98 115.85
# Algorithm, state_space_size, action_space_size, delay, sequence_length, reward_density, terminal_state_density, num_layers, layer_width,
DQN 8 8 0 1 0.25 0.25 2 32 14384 35.98 115.85
# Algorithm, state_space_size, action_space_size, delay, sequence_length, reward_density, terminal_state_density, num_layers, layer_width,
DQN 8 8 0 1 0.25 0.25 2 32 14940 39.04 124.97
# Algorithm, state_space_size, action_space_size, delay, sequence_length, reward_density, terminal_state_density, num_layers, layer_width,
DQN 8 8 0 1 0.25 0.25 2 32 15536 42.11 134.07
# Algorithm, state_space_size, action_space_size, delay, sequence_length, reward_density, terminal_state_density, num_layers, layer_width,
DQN 8 8 0 1 0.25 0.25 2 32 16132 43.98 139.65
# Algorithm, state_space_size, action_space_size, delay, sequence_length, reward_density, terminal_state_density, num_layers, layer_width,
DQN 8 8 0 1 0.25 0.25 2 32 16724 45.63 144.61
# Algorithm, state_space_size, action_space_size, delay, sequence_length, reward_density, terminal_state_density, num_layers, layer_width,
DQN 8 8 0 1 0.25 0.25 2 32 17320 47.32 149.55
# Algorithm, state_space_size, action_space_size, delay, sequence_length, reward_density, terminal_state_density, num_layers, layer_width,
DQN 8 8 0 1 0.25 0.25 2 32 17868 49.53 156.21
# Algorithm, state_space_size, action_space_size, delay, sequence_length, reward_density, terminal_state_density, num_layers, layer_width,
DQN 8 8 0 1 0.25 0.25 2 32 18472 51.62 162.42
# Algorithm, state_space_size, action_space_size, delay, sequence_length, reward_density, terminal_state_density, num_layers, layer_width,
DQN 8 8 0 1 0.25 0.25 2 32 19068 52.97 166.44
# Algorithm, state_space_size, action_space_size, delay, sequence_length, reward_density, terminal_state_density, num_layers, layer_width,
DQN 8 8 0 1 0.25 0.25 2 32 19644 55.62 174.36
# Algorithm, state_space_size, action_space_size, delay, sequence_length, reward_density, terminal_state_density, num_layers, layer_width,
DQN 8 8 0 1 0.25 0.25 2 32 20244 56.95 178.28
# Algorithm, state_space_size, action_space_size, delay, sequence_length, reward_density, terminal_state_density, num_layers, layer_width,
DQN 8 8 0 1 0.25 0.25 2 128 948 0.7252252252252253 4.27027027027027
# Algorithm, state_space_size, action_space_size, delay, sequence_length, reward_density, terminal_state_density, num_layers, layer_width,
DQN 8 8 0 1 0.25 0.25 2 128 1880 0.3813813813813814 2.798798798798799
# Algorithm, state_space_size, action_space_size, delay, sequence_length, reward_density, terminal_state_density, num_layers, layer_width,
DQN 8 8 0 1 0.25 0.25 2 128 2436 0.5625 3.5625
# Algorithm, state_space_size, action_space_size, delay, sequence_length, reward_density, terminal_state_density, num_layers, layer_width,
DQN 8 8 0 1 0.25 0.25 2 128 3012 0.75 4.35
# Algorithm, state_space_size, action_space_size, delay, sequence_length, reward_density, terminal_state_density, num_layers, layer_width,
DQN 8 8 0 1 0.25 0.25 2 128 3532 0.75 4.35
# Algorithm, state_space_size, action_space_size, delay, sequence_length, reward_density, terminal_state_density, num_layers, layer_width,
DQN 8 8 0 1 0.25 0.25 2 128 4124 8.25 19.46
# Algorithm, state_space_size, action_space_size, delay, sequence_length, reward_density, terminal_state_density, num_layers, layer_width,
DQN 8 8 0 1 0.25 0.25 2 128 4716 12.09 27.17
# Algorithm, state_space_size, action_space_size, delay, sequence_length, reward_density, terminal_state_density, num_layers, layer_width,
DQN 8 8 0 1 0.25 0.25 2 128 5312 14.63 32.73
# Algorithm, state_space_size, action_space_size, delay, sequence_length, reward_density, terminal_state_density, num_layers, layer_width,
DQN 8 8 0 1 0.25 0.25 2 128 5904 17.8 39.2
# Algorithm, state_space_size, action_space_size, delay, sequence_length, reward_density, terminal_state_density, num_layers, layer_width,
DQN 8 8 0 1 0.25 0.25 2 128 6452 19.87 43.32
# Algorithm, state_space_size, action_space_size, delay, sequence_length, reward_density, terminal_state_density, num_layers, layer_width,
DQN 8 8 0 1 0.25 0.25 2 128 7044 23.18 49.99
# Algorithm, state_space_size, action_space_size, delay, sequence_length, reward_density, terminal_state_density, num_layers, layer_width,
DQN 8 8 0 1 0.25 0.25 2 128 7640 23.18 49.99
# Algorithm, state_space_size, action_space_size, delay, sequence_length, reward_density, terminal_state_density, num_layers, layer_width,
DQN 8 8 0 1 0.25 0.25 2 128 8244 29.35 62.41
# Algorithm, state_space_size, action_space_size, delay, sequence_length, reward_density, terminal_state_density, num_layers, layer_width,
DQN 8 8 0 1 0.25 0.25 2 128 8844 29.35 62.41
# Algorithm, state_space_size, action_space_size, delay, sequence_length, reward_density, terminal_state_density, num_layers, layer_width,
DQN 8 8 0 1 0.25 0.25 2 128 9396 34.56 73.02
# Algorithm, state_space_size, action_space_size, delay, sequence_length, reward_density, terminal_state_density, num_layers, layer_width,
DQN 8 8 0 1 0.25 0.25 2 128 9992 37.04 78.06
# Algorithm, state_space_size, action_space_size, delay, sequence_length, reward_density, terminal_state_density, num_layers, layer_width,
DQN 8 8 0 1 0.25 0.25 2 128 10588 37.04 78.06
# Algorithm, state_space_size, action_space_size, delay, sequence_length, reward_density, terminal_state_density, num_layers, layer_width,
DQN 8 8 0 1 0.25 0.25 2 128 11180 42.36 91.06
# Algorithm, state_space_size, action_space_size, delay, sequence_length, reward_density, terminal_state_density, num_layers, layer_width,
DQN 8 8 0 1 0.25 0.25 2 128 11780 42.36 91.06
# Algorithm, state_space_size, action_space_size, delay, sequence_length, reward_density, terminal_state_density, num_layers, layer_width,
DQN 8 8 0 1 0.25 0.25 2 128 12368 46.39 99.15
# Algorithm, state_space_size, action_space_size, delay, sequence_length, reward_density, terminal_state_density, num_layers, layer_width,
DQN 8 8 0 1 0.25 0.25 2 128 12940 46.39 99.15
# Algorithm, state_space_size, action_space_size, delay, sequence_length, reward_density, terminal_state_density, num_layers, layer_width,
DQN 8 8 0 1 0.25 0.25 2 128 13532 54.02 114.54
# Algorithm, state_space_size, action_space_size, delay, sequence_length, reward_density, terminal_state_density, num_layers, layer_width,
DQN 8 8 0 1 0.25 0.25 2 128 14128 54.93 116.24
# Algorithm, state_space_size, action_space_size, delay, sequence_length, reward_density, terminal_state_density, num_layers, layer_width,
DQN 8 8 0 1 0.25 0.25 2 128 14728 59.68 125.77
# Algorithm, state_space_size, action_space_size, delay, sequence_length, reward_density, terminal_state_density, num_layers, layer_width,
DQN 8 8 0 1 0.25 0.25 2 128 15316 62.91 131.92
# Algorithm, state_space_size, action_space_size, delay, sequence_length, reward_density, terminal_state_density, num_layers, layer_width,
DQN 8 8 0 1 0.25 0.25 2 128 15864 65.06 136.04
# Algorithm, state_space_size, action_space_size, delay, sequence_length, reward_density, terminal_state_density, num_layers, layer_width,
DQN 8 8 0 1 0.25 0.25 2 128 16456 68.46 142.89
# Algorithm, state_space_size, action_space_size, delay, sequence_length, reward_density, terminal_state_density, num_layers, layer_width,
DQN 8 8 0 1 0.25 0.25 2 128 17044 70.6 147.38
# Algorithm, state_space_size, action_space_size, delay, sequence_length, reward_density, terminal_state_density, num_layers, layer_width,
DQN 8 8 0 1 0.25 0.25 2 128 17640 72.16 149.84
# Algorithm, state_space_size, action_space_size, delay, sequence_length, reward_density, terminal_state_density, num_layers, layer_width,
DQN 8 8 0 1 0.25 0.25 2 128 18236 74.33 154.33
# Algorithm, state_space_size, action_space_size, delay, sequence_length, reward_density, terminal_state_density, num_layers, layer_width,
DQN 8 8 0 1 0.25 0.25 2 128 18776 79.32 164.45
# Algorithm, state_space_size, action_space_size, delay, sequence_length, reward_density, terminal_state_density, num_layers, layer_width,
DQN 8 8 0 1 0.25 0.25 2 128 19372 81.04 167.95
# Algorithm, state_space_size, action_space_size, delay, sequence_length, reward_density, terminal_state_density, num_layers, layer_width,
DQN 8 8 0 1 0.25 0.25 2 128 19964 84.55 175.08
# Algorithm, state_space_size, action_space_size, delay, sequence_length, reward_density, terminal_state_density, num_layers, layer_width,
DQN 8 8 0 1 0.25 0.25 2 128 20548 85.85 177.67
# Algorithm, state_space_size, action_space_size, delay, sequence_length, reward_density, terminal_state_density, num_layers, layer_width,
DQN 8 8 0 1 0.25 0.25 3 8 972 0.6681034482758621 4.189655172413793
# Algorithm, state_space_size, action_space_size, delay, sequence_length, reward_density, terminal_state_density, num_layers, layer_width,
DQN 8 8 0 1 0.25 0.25 3 8 2004 1.3478260869565217 7.434782608695652
# Algorithm, state_space_size, action_space_size, delay, sequence_length, reward_density, terminal_state_density, num_layers, layer_width,
DQN 8 8 0 1 0.25 0.25 3 8 2608 1.29 9.77
# Algorithm, state_space_size, action_space_size, delay, sequence_length, reward_density, terminal_state_density, num_layers, layer_width,
DQN 8 8 0 1 0.25 0.25 3 8 3204 1.27 17.79
# Algorithm, state_space_size, action_space_size, delay, sequence_length, reward_density, terminal_state_density, num_layers, layer_width,
DQN 8 8 0 1 0.25 0.25 3 8 3760 1.25 20.9
# Algorithm, state_space_size, action_space_size, delay, sequence_length, reward_density, terminal_state_density, num_layers, layer_width,
DQN 8 8 0 1 0.25 0.25 3 8 4356 2.54 27.76
# Algorithm, state_space_size, action_space_size, delay, sequence_length, reward_density, terminal_state_density, num_layers, layer_width,
DQN 8 8 0 1 0.25 0.25 3 8 4952 3.05 33.4
# Algorithm, state_space_size, action_space_size, delay, sequence_length, reward_density, terminal_state_density, num_layers, layer_width,
DQN 8 8 0 1 0.25 0.25 3 8 5556 3.05 33.4
# Algorithm, state_space_size, action_space_size, delay, sequence_length, reward_density, terminal_state_density, num_layers, layer_width,
DQN 8 8 0 1 0.25 0.25 3 8 6160 3.05 33.4
# Algorithm, state_space_size, action_space_size, delay, sequence_length, reward_density, terminal_state_density, num_layers, layer_width,
DQN 8 8 0 1 0.25 0.25 3 8 6736 3.0 51.9
# Algorithm, state_space_size, action_space_size, delay, sequence_length, reward_density, terminal_state_density, num_layers, layer_width,
DQN 8 8 0 1 0.25 0.25 3 8 7320 3.0 53.91
# Algorithm, state_space_size, action_space_size, delay, sequence_length, reward_density, terminal_state_density, num_layers, layer_width,
DQN 8 8 0 1 0.25 0.25 3 8 7912 2.91 62.35
# Algorithm, state_space_size, action_space_size, delay, sequence_length, reward_density, terminal_state_density, num_layers, layer_width,
DQN 8 8 0 1 0.25 0.25 3 8 8496 2.88 68.18
# Algorithm, state_space_size, action_space_size, delay, sequence_length, reward_density, terminal_state_density, num_layers, layer_width,
DQN 8 8 0 1 0.25 0.25 3 8 9092 2.88 72.7
# Algorithm, state_space_size, action_space_size, delay, sequence_length, reward_density, terminal_state_density, num_layers, layer_width,
DQN 8 8 0 1 0.25 0.25 3 8 9676 2.88 79.76
# Algorithm, state_space_size, action_space_size, delay, sequence_length, reward_density, terminal_state_density, num_layers, layer_width,
DQN 8 8 0 1 0.25 0.25 3 8 10244 2.88 79.76
# Algorithm, state_space_size, action_space_size, delay, sequence_length, reward_density, terminal_state_density, num_layers, layer_width,
DQN 8 8 0 1 0.25 0.25 3 8 10836 2.9 92.66
# Algorithm, state_space_size, action_space_size, delay, sequence_length, reward_density, terminal_state_density, num_layers, layer_width,
DQN 8 8 0 1 0.25 0.25 3 8 11428 2.88 97.55
# Algorithm, state_space_size, action_space_size, delay, sequence_length, reward_density, terminal_state_density, num_layers, layer_width,
DQN 8 8 0 1 0.25 0.25 3 8 12024 2.88 99.3
# Algorithm, state_space_size, action_space_size, delay, sequence_length, reward_density, terminal_state_density, num_layers, layer_width,
DQN 8 8 0 1 0.25 0.25 3 8 12620 2.87 110.51
# Algorithm, state_space_size, action_space_size, delay, sequence_length, reward_density, terminal_state_density, num_layers, layer_width,
DQN 8 8 0 1 0.25 0.25 3 8 13168 2.87 113.28
# Algorithm, state_space_size, action_space_size, delay, sequence_length, reward_density, terminal_state_density, num_layers, layer_width,
DQN 8 8 0 1 0.25 0.25 3 8 13756 2.87 113.28
# Algorithm, state_space_size, action_space_size, delay, sequence_length, reward_density, terminal_state_density, num_layers, layer_width,
DQN 8 8 0 1 0.25 0.25 3 8 14340 2.85 126.78
# Algorithm, state_space_size, action_space_size, delay, sequence_length, reward_density, terminal_state_density, num_layers, layer_width,
DQN 8 8 0 1 0.25 0.25 3 8 14928 2.83 132.95
# Algorithm, state_space_size, action_space_size, delay, sequence_length, reward_density, terminal_state_density, num_layers, layer_width,
DQN 8 8 0 1 0.25 0.25 3 8 15500 2.83 133.84
# Algorithm, state_space_size, action_space_size, delay, sequence_length, reward_density, terminal_state_density, num_layers, layer_width,
DQN 8 8 0 1 0.25 0.25 3 8 16056 2.84 141.59
# Algorithm, state_space_size, action_space_size, delay, sequence_length, reward_density, terminal_state_density, num_layers, layer_width,
DQN 8 8 0 1 0.25 0.25 3 8 16648 2.85 144.77
# Algorithm, state_space_size, action_space_size, delay, sequence_length, reward_density, terminal_state_density, num_layers, layer_width,
DQN 8 8 0 1 0.25 0.25 3 8 17252 2.87 154.06
# Algorithm, state_space_size, action_space_size, delay, sequence_length, reward_density, terminal_state_density, num_layers, layer_width,
DQN 8 8 0 1 0.25 0.25 3 8 17844 2.87 154.06
# Algorithm, state_space_size, action_space_size, delay, sequence_length, reward_density, terminal_state_density, num_layers, layer_width,
DQN 8 8 0 1 0.25 0.25 3 8 18404 2.84 165.39
# Algorithm, state_space_size, action_space_size, delay, sequence_length, reward_density, terminal_state_density, num_layers, layer_width,
DQN 8 8 0 1 0.25 0.25 3 8 18932 2.81 172.4
# Algorithm, state_space_size, action_space_size, delay, sequence_length, reward_density, terminal_state_density, num_layers, layer_width,
DQN 8 8 0 1 0.25 0.25 3 8 19516 2.8 174.78
# Algorithm, state_space_size, action_space_size, delay, sequence_length, reward_density, terminal_state_density, num_layers, layer_width,
DQN 8 8 0 1 0.25 0.25 3 8 20116 2.8 174.78
# Algorithm, state_space_size, action_space_size, delay, sequence_length, reward_density, terminal_state_density, num_layers, layer_width,
DQN 8 8 0 1 0.25 0.25 3 32 956 0.6497695852534562 4.3963133640553
# Algorithm, state_space_size, action_space_size, delay, sequence_length, reward_density, terminal_state_density, num_layers, layer_width,
DQN 8 8 0 1 0.25 0.25 3 32 1884 1.2434782608695651 7.991304347826087
# Algorithm, state_space_size, action_space_size, delay, sequence_length, reward_density, terminal_state_density, num_layers, layer_width,
DQN 8 8 0 1 0.25 0.25 3 32 2448 2.26 11.76
# Algorithm, state_space_size, action_space_size, delay, sequence_length, reward_density, terminal_state_density, num_layers, layer_width,
DQN 8 8 0 1 0.25 0.25 3 32 3036 2.94 13.63
# Algorithm, state_space_size, action_space_size, delay, sequence_length, reward_density, terminal_state_density, num_layers, layer_width,
DQN 8 8 0 1 0.25 0.25 3 32 3620 5.55 21.25
# Algorithm, state_space_size, action_space_size, delay, sequence_length, reward_density, terminal_state_density, num_layers, layer_width,
DQN 8 8 0 1 0.25 0.25 3 32 4208 6.97 28.05
# Algorithm, state_space_size, action_space_size, delay, sequence_length, reward_density, terminal_state_density, num_layers, layer_width,
DQN 8 8 0 1 0.25 0.25 3 32 4760 7.82 30.5
# Algorithm, state_space_size, action_space_size, delay, sequence_length, reward_density, terminal_state_density, num_layers, layer_width,
DQN 8 8 0 1 0.25 0.25 3 32 5352 10.27 37.52
# Algorithm, state_space_size, action_space_size, delay, sequence_length, reward_density, terminal_state_density, num_layers, layer_width,
DQN 8 8 0 1 0.25 0.25 3 32 5940 11.75 42.54
# Algorithm, state_space_size, action_space_size, delay, sequence_length, reward_density, terminal_state_density, num_layers, layer_width,
DQN 8 8 0 1 0.25 0.25 3 32 6528 12.68 48.32
# Algorithm, state_space_size, action_space_size, delay, sequence_length, reward_density, terminal_state_density, num_layers, layer_width,
DQN 8 8 0 1 0.25 0.25 3 32 7112 13.97 53.01
# Algorithm, state_space_size, action_space_size, delay, sequence_length, reward_density, terminal_state_density, num_layers, layer_width,
DQN 8 8 0 1 0.25 0.25 3 32 7672 14.62 57.94
# Algorithm, state_space_size, action_space_size, delay, sequence_length, reward_density, terminal_state_density, num_layers, layer_width,
DQN 8 8 0 1 0.25 0.25 3 32 8268 16.04 65.67
# Algorithm, state_space_size, action_space_size, delay, sequence_length, reward_density, terminal_state_density, num_layers, layer_width,
DQN 8 8 0 1 0.25 0.25 3 32 8860 17.45 69.95
# Algorithm, state_space_size, action_space_size, delay, sequence_length, reward_density, terminal_state_density, num_layers, layer_width,
DQN 8 8 0 1 0.25 0.25 3 32 9452 19.58 76.09
# Algorithm, state_space_size, action_space_size, delay, sequence_length, reward_density, terminal_state_density, num_layers, layer_width,
DQN 8 8 0 1 0.25 0.25 3 32 10048 19.54 76.46
# Algorithm, state_space_size, action_space_size, delay, sequence_length, reward_density, terminal_state_density, num_layers, layer_width,
DQN 8 8 0 1 0.25 0.25 3 32 10596 21.57 82.56
# Algorithm, state_space_size, action_space_size, delay, sequence_length, reward_density, terminal_state_density, num_layers, layer_width,
DQN 8 8 0 1 0.25 0.25 3 32 11196 21.57 82.56
# Algorithm, state_space_size, action_space_size, delay, sequence_length, reward_density, terminal_state_density, num_layers, layer_width,
DQN 8 8 0 1 0.25 0.25 3 32 11796 25.51 94.3
# Algorithm, state_space_size, action_space_size, delay, sequence_length, reward_density, terminal_state_density, num_layers, layer_width,
DQN 8 8 0 1 0.25 0.25 3 32 12392 27.37 99.9
# Algorithm, state_space_size, action_space_size, delay, sequence_length, reward_density, terminal_state_density, num_layers, layer_width,
DQN 8 8 0 1 0.25 0.25 3 32 12996 31.0 111.14
# Algorithm, state_space_size, action_space_size, delay, sequence_length, reward_density, terminal_state_density, num_layers, layer_width,
DQN 8 8 0 1 0.25 0.25 3 32 13536 31.9 113.4
# Algorithm, state_space_size, action_space_size, delay, sequence_length, reward_density, terminal_state_density, num_layers, layer_width,
DQN 8 8 0 1 0.25 0.25 3 32 14132 33.13 119.46
# Algorithm, state_space_size, action_space_size, delay, sequence_length, reward_density, terminal_state_density, num_layers, layer_width,
DQN 8 8 0 1 0.25 0.25 3 32 14700 33.13 119.46
# Algorithm, state_space_size, action_space_size, delay, sequence_length, reward_density, terminal_state_density, num_layers, layer_width,
DQN 8 8 0 1 0.25 0.25 3 32 15300 33.13 119.46
# Algorithm, state_space_size, action_space_size, delay, sequence_length, reward_density, terminal_state_density, num_layers, layer_width,
DQN 8 8 0 1 0.25 0.25 3 32 15856 37.54 134.83
# Algorithm, state_space_size, action_space_size, delay, sequence_length, reward_density, terminal_state_density, num_layers, layer_width,
DQN 8 8 0 1 0.25 0.25 3 32 16376 37.54 134.83
# Algorithm, state_space_size, action_space_size, delay, sequence_length, reward_density, terminal_state_density, num_layers, layer_width,
DQN 8 8 0 1 0.25 0.25 3 32 16968 40.01 142.3
# Algorithm, state_space_size, action_space_size, delay, sequence_length, reward_density, terminal_state_density, num_layers, layer_width,
DQN 8 8 0 1 0.25 0.25 3 32 17560 42.58 151.04
# Algorithm, state_space_size, action_space_size, delay, sequence_length, reward_density, terminal_state_density, num_layers, layer_width,
DQN 8 8 0 1 0.25 0.25 3 32 18156 42.58 151.04
# Algorithm, state_space_size, action_space_size, delay, sequence_length, reward_density, terminal_state_density, num_layers, layer_width,
DQN 8 8 0 1 0.25 0.25 3 32 18748 44.43 163.01
# Algorithm, state_space_size, action_space_size, delay, sequence_length, reward_density, terminal_state_density, num_layers, layer_width,
DQN 8 8 0 1 0.25 0.25 3 32 19332 46.4 168.96
# Algorithm, state_space_size, action_space_size, delay, sequence_length, reward_density, terminal_state_density, num_layers, layer_width,
DQN 8 8 0 1 0.25 0.25 3 32 19884 47.62 172.68
# Algorithm, state_space_size, action_space_size, delay, sequence_length, reward_density, terminal_state_density, num_layers, layer_width,
DQN 8 8 0 1 0.25 0.25 3 32 20492 47.62 172.68
# Algorithm, state_space_size, action_space_size, delay, sequence_length, reward_density, terminal_state_density, num_layers, layer_width,
DQN 8 8 0 1 0.25 0.25 3 128 916 0.6935483870967742 3.653225806451613
# Algorithm, state_space_size, action_space_size, delay, sequence_length, reward_density, terminal_state_density, num_layers, layer_width,
DQN 8 8 0 1 0.25 0.25 3 128 1780 1.3532934131736527 5.209580838323354
# Algorithm, state_space_size, action_space_size, delay, sequence_length, reward_density, terminal_state_density, num_layers, layer_width,
DQN 8 8 0 1 0.25 0.25 3 128 2368 4.27 8.7
# Algorithm, state_space_size, action_space_size, delay, sequence_length, reward_density, terminal_state_density, num_layers, layer_width,
DQN 8 8 0 1 0.25 0.25 3 128 2928 8.38 12.79
# Algorithm, state_space_size, action_space_size, delay, sequence_length, reward_density, terminal_state_density, num_layers, layer_width,
DQN 8 8 0 1 0.25 0.25 3 128 3480 10.73 18.0
# Algorithm, state_space_size, action_space_size, delay, sequence_length, reward_density, terminal_state_density, num_layers, layer_width,
DQN 8 8 0 1 0.25 0.25 3 128 4048 15.25 22.51
# Algorithm, state_space_size, action_space_size, delay, sequence_length, reward_density, terminal_state_density, num_layers, layer_width,
DQN 8 8 0 1 0.25 0.25 3 128 4584 15.2 29.07
# Algorithm, state_space_size, action_space_size, delay, sequence_length, reward_density, terminal_state_density, num_layers, layer_width,
DQN 8 8 0 1 0.25 0.25 3 128 5136 15.23 33.73
# Algorithm, state_space_size, action_space_size, delay, sequence_length, reward_density, terminal_state_density, num_layers, layer_width,
DQN 8 8 0 1 0.25 0.25 3 128 5708 17.28 40.54
# Algorithm, state_space_size, action_space_size, delay, sequence_length, reward_density, terminal_state_density, num_layers, layer_width,
DQN 8 8 0 1 0.25 0.25 3 128 6268 17.28 44.31
# Algorithm, state_space_size, action_space_size, delay, sequence_length, reward_density, terminal_state_density, num_layers, layer_width,
DQN 8 8 0 1 0.25 0.25 3 128 6824 19.91 50.85
# Algorithm, state_space_size, action_space_size, delay, sequence_length, reward_density, terminal_state_density, num_layers, layer_width,
DQN 8 8 0 1 0.25 0.25 3 128 7384 22.95 56.27
# Algorithm, state_space_size, action_space_size, delay, sequence_length, reward_density, terminal_state_density, num_layers, layer_width,
DQN 8 8 0 1 0.25 0.25 3 128 7896 23.48 61.84
# Algorithm, state_space_size, action_space_size, delay, sequence_length, reward_density, terminal_state_density, num_layers, layer_width,
DQN 8 8 0 1 0.25 0.25 3 128 8460 24.91 66.88
# Algorithm, state_space_size, action_space_size, delay, sequence_length, reward_density, terminal_state_density, num_layers, layer_width,
DQN 8 8 0 1 0.25 0.25 3 128 9028 24.91 66.88
# Algorithm, state_space_size, action_space_size, delay, sequence_length, reward_density, terminal_state_density, num_layers, layer_width,
DQN 8 8 0 1 0.25 0.25 3 128 9588 26.98 75.93
# Algorithm, state_space_size, action_space_size, delay, sequence_length, reward_density, terminal_state_density, num_layers, layer_width,
DQN 8 8 0 1 0.25 0.25 3 128 10144 32.91 83.15
# Algorithm, state_space_size, action_space_size, delay, sequence_length, reward_density, terminal_state_density, num_layers, layer_width,
DQN 8 8 0 1 0.25 0.25 3 128 10668 36.29 88.82
# Algorithm, state_space_size, action_space_size, delay, sequence_length, reward_density, terminal_state_density, num_layers, layer_width,
DQN 8 8 0 1 0.25 0.25 3 128 11232 39.21 92.09
# Algorithm, state_space_size, action_space_size, delay, sequence_length, reward_density, terminal_state_density, num_layers, layer_width,
DQN 8 8 0 1 0.25 0.25 3 128 11788 41.63 99.79
# Algorithm, state_space_size, action_space_size, delay, sequence_length, reward_density, terminal_state_density, num_layers, layer_width,
DQN 8 8 0 1 0.25 0.25 3 128 12336 42.57 102.88
# Algorithm, state_space_size, action_space_size, delay, sequence_length, reward_density, terminal_state_density, num_layers, layer_width,
DQN 8 8 0 1 0.25 0.25 3 128 12860 45.69 108.55
# Algorithm, state_space_size, action_space_size, delay, sequence_length, reward_density, terminal_state_density, num_layers, layer_width,
DQN 8 8 0 1 0.25 0.25 3 128 13376 49.6 112.46
# Algorithm, state_space_size, action_space_size, delay, sequence_length, reward_density, terminal_state_density, num_layers, layer_width,
DQN 8 8 0 1 0.25 0.25 3 128 13924 49.6 112.46
# Algorithm, state_space_size, action_space_size, delay, sequence_length, reward_density, terminal_state_density, num_layers, layer_width,
DQN 8 8 0 1 0.25 0.25 3 128 14488 55.74 124.42
# Algorithm, state_space_size, action_space_size, delay, sequence_length, reward_density, terminal_state_density, num_layers, layer_width,
DQN 8 8 0 1 0.25 0.25 3 128 15052 61.38 130.21
# Algorithm, state_space_size, action_space_size, delay, sequence_length, reward_density, terminal_state_density, num_layers, layer_width,
DQN 8 8 0 1 0.25 0.25 3 128 15604 64.75 134.5
# Algorithm, state_space_size, action_space_size, delay, sequence_length, reward_density, terminal_state_density, num_layers, layer_width,
DQN 8 8 0 1 0.25 0.25 3 128 16124 67.0 136.76
# Algorithm, state_space_size, action_space_size, delay, sequence_length, reward_density, terminal_state_density, num_layers, layer_width,
DQN 8 8 0 1 0.25 0.25 3 128 16692 70.58 140.32
# Algorithm, state_space_size, action_space_size, delay, sequence_length, reward_density, terminal_state_density, num_layers, layer_width,
DQN 8 8 0 1 0.25 0.25 3 128 17248 78.37 148.14
# Algorithm, state_space_size, action_space_size, delay, sequence_length, reward_density, terminal_state_density, num_layers, layer_width,
DQN 8 8 0 1 0.25 0.25 3 128 17800 85.5 155.32
# Algorithm, state_space_size, action_space_size, delay, sequence_length, reward_density, terminal_state_density, num_layers, layer_width,
DQN 8 8 0 1 0.25 0.25 3 128 18360 87.85 157.71
# Algorithm, state_space_size, action_space_size, delay, sequence_length, reward_density, terminal_state_density, num_layers, layer_width,
DQN 8 8 0 1 0.25 0.25 3 128 18868 87.63 155.91
# Algorithm, state_space_size, action_space_size, delay, sequence_length, reward_density, terminal_state_density, num_layers, layer_width,
DQN 8 8 0 1 0.25 0.25 3 128 19424 93.86 160.38
# Algorithm, state_space_size, action_space_size, delay, sequence_length, reward_density, terminal_state_density, num_layers, layer_width,
DQN 8 8 0 1 0.25 0.25 3 128 19972 89.63 134.52
# Algorithm, state_space_size, action_space_size, delay, sequence_length, reward_density, terminal_state_density, num_layers, layer_width,
DQN 8 8 0 1 0.25 0.25 3 128 20528 90.54 129.04
# Algorithm, state_space_size, action_space_size, delay, sequence_length, reward_density, terminal_state_density, num_layers, layer_width,
DQN 8 8 0 1 0.25 0.25 4 8 868 0.648068669527897 3.699570815450644
# Algorithm, state_space_size, action_space_size, delay, sequence_length, reward_density, terminal_state_density, num_layers, layer_width,
DQN 8 8 0 1 0.25 0.25 4 8 1880 0.525 4.225
# Algorithm, state_space_size, action_space_size, delay, sequence_length, reward_density, terminal_state_density, num_layers, layer_width,
DQN 8 8 0 1 0.25 0.25 4 8 2424 0.1941747572815534 5.310679611650485
# Algorithm, state_space_size, action_space_size, delay, sequence_length, reward_density, terminal_state_density, num_layers, layer_width,
DQN 8 8 0 1 0.25 0.25 4 8 2996 0.2 9.3
# Algorithm, state_space_size, action_space_size, delay, sequence_length, reward_density, terminal_state_density, num_layers, layer_width,
DQN 8 8 0 1 0.25 0.25 4 8 3556 0.18 13.7
# Algorithm, state_space_size, action_space_size, delay, sequence_length, reward_density, terminal_state_density, num_layers, layer_width,
DQN 8 8 0 1 0.25 0.25 4 8 4108 0.18 13.7
# Algorithm, state_space_size, action_space_size, delay, sequence_length, reward_density, terminal_state_density, num_layers, layer_width,
DQN 8 8 0 1 0.25 0.25 4 8 4696 0.18 22.5
# Algorithm, state_space_size, action_space_size, delay, sequence_length, reward_density, terminal_state_density, num_layers, layer_width,
DQN 8 8 0 1 0.25 0.25 4 8 5280 0.18 22.5
# Algorithm, state_space_size, action_space_size, delay, sequence_length, reward_density, terminal_state_density, num_layers, layer_width,
DQN 8 8 0 1 0.25 0.25 4 8 5872 0.18 22.5
# Algorithm, state_space_size, action_space_size, delay, sequence_length, reward_density, terminal_state_density, num_layers, layer_width,
DQN 8 8 0 1 0.25 0.25 4 8 6452 0.19 40.51
# Algorithm, state_space_size, action_space_size, delay, sequence_length, reward_density, terminal_state_density, num_layers, layer_width,
DQN 8 8 0 1 0.25 0.25 4 8 6996 0.2 48.07
# Algorithm, state_space_size, action_space_size, delay, sequence_length, reward_density, terminal_state_density, num_layers, layer_width,
DQN 8 8 0 1 0.25 0.25 4 8 7580 0.2 51.05
# Algorithm, state_space_size, action_space_size, delay, sequence_length, reward_density, terminal_state_density, num_layers, layer_width,
DQN 8 8 0 1 0.25 0.25 4 8 8160 0.23 59.49
# Algorithm, state_space_size, action_space_size, delay, sequence_length, reward_density, terminal_state_density, num_layers, layer_width,
DQN 8 8 0 1 0.25 0.25 4 8 8736 0.24 64.62
# Algorithm, state_space_size, action_space_size, delay, sequence_length, reward_density, terminal_state_density, num_layers, layer_width,
DQN 8 8 0 1 0.25 0.25 4 8 9268 0.24 64.62
# Algorithm, state_space_size, action_space_size, delay, sequence_length, reward_density, terminal_state_density, num_layers, layer_width,
DQN 8 8 0 1 0.25 0.25 4 8 9760 0.24 64.62
# Algorithm, state_space_size, action_space_size, delay, sequence_length, reward_density, terminal_state_density, num_layers, layer_width,
DQN 8 8 0 1 0.25 0.25 4 8 10336 0.25 82.52
# Algorithm, state_space_size, action_space_size, delay, sequence_length, reward_density, terminal_state_density, num_layers, layer_width,
DQN 8 8 0 1 0.25 0.25 4 8 10920 0.25 82.52
# Algorithm, state_space_size, action_space_size, delay, sequence_length, reward_density, terminal_state_density, num_layers, layer_width,
DQN 8 8 0 1 0.25 0.25 4 8 11500 0.28 93.32
# Algorithm, state_space_size, action_space_size, delay, sequence_length, reward_density, terminal_state_density, num_layers, layer_width,
DQN 8 8 0 1 0.25 0.25 4 8 12080 0.28 95.94
# Algorithm, state_space_size, action_space_size, delay, sequence_length, reward_density, terminal_state_density, num_layers, layer_width,
DQN 8 8 0 1 0.25 0.25 4 8 12628 0.27 103.26
# Algorithm, state_space_size, action_space_size, delay, sequence_length, reward_density, terminal_state_density, num_layers, layer_width,
DQN 8 8 0 1 0.25 0.25 4 8 13204 0.27 109.71
# Algorithm, state_space_size, action_space_size, delay, sequence_length, reward_density, terminal_state_density, num_layers, layer_width,
DQN 8 8 0 1 0.25 0.25 4 8 13792 0.29 116.61
# Algorithm, state_space_size, action_space_size, delay, sequence_length, reward_density, terminal_state_density, num_layers, layer_width,
DQN 8 8 0 1 0.25 0.25 4 8 14372 0.29 119.22
# Algorithm, state_space_size, action_space_size, delay, sequence_length, reward_density, terminal_state_density, num_layers, layer_width,
DQN 8 8 0 1 0.25 0.25 4 8 14960 0.31 127.95
# Algorithm, state_space_size, action_space_size, delay, sequence_length, reward_density, terminal_state_density, num_layers, layer_width,
DQN 8 8 0 1 0.25 0.25 4 8 15520 0.31 127.95
# Algorithm, state_space_size, action_space_size, delay, sequence_length, reward_density, terminal_state_density, num_layers, layer_width,
DQN 8 8 0 1 0.25 0.25 4 8 16096 0.31 127.95
# Algorithm, state_space_size, action_space_size, delay, sequence_length, reward_density, terminal_state_density, num_layers, layer_width,
DQN 8 8 0 1 0.25 0.25 4 8 16684 0.31 127.95
# Algorithm, state_space_size, action_space_size, delay, sequence_length, reward_density, terminal_state_density, num_layers, layer_width,
DQN 8 8 0 1 0.25 0.25 4 8 17260 0.35 149.06
# Algorithm, state_space_size, action_space_size, delay, sequence_length, reward_density, terminal_state_density, num_layers, layer_width,
DQN 8 8 0 1 0.25 0.25 4 8 17844 0.35 149.06
# Algorithm, state_space_size, action_space_size, delay, sequence_length, reward_density, terminal_state_density, num_layers, layer_width,
DQN 8 8 0 1 0.25 0.25 4 8 18416 0.36 161.19
# Algorithm, state_space_size, action_space_size, delay, sequence_length, reward_density, terminal_state_density, num_layers, layer_width,
DQN 8 8 0 1 0.25 0.25 4 8 18944 0.36 166.19
# Algorithm, state_space_size, action_space_size, delay, sequence_length, reward_density, terminal_state_density, num_layers, layer_width,
DQN 8 8 0 1 0.25 0.25 4 8 19516 0.37 171.48
# Algorithm, state_space_size, action_space_size, delay, sequence_length, reward_density, terminal_state_density, num_layers, layer_width,
DQN 8 8 0 1 0.25 0.25 4 8 20092 0.38 178.45
# Algorithm, state_space_size, action_space_size, delay, sequence_length, reward_density, terminal_state_density, num_layers, layer_width,
DQN 8 8 0 1 0.25 0.25 4 32 852 0.806930693069307 4.158415841584159
# Algorithm, state_space_size, action_space_size, delay, sequence_length, reward_density, terminal_state_density, num_layers, layer_width,
DQN 8 8 0 1 0.25 0.25 4 32 1820 0.39862542955326463 3.3642611683848798
# Algorithm, state_space_size, action_space_size, delay, sequence_length, reward_density, terminal_state_density, num_layers, layer_width,
DQN 8 8 0 1 0.25 0.25 4 32 2372 0.37755102040816324 2.8214285714285716
# Algorithm, state_space_size, action_space_size, delay, sequence_length, reward_density, terminal_state_density, num_layers, layer_width,
DQN 8 8 0 1 0.25 0.25 4 32 2872 0.5134099616858238 1.9080459770114941
# Algorithm, state_space_size, action_space_size, delay, sequence_length, reward_density, terminal_state_density, num_layers, layer_width,
DQN 8 8 0 1 0.25 0.25 4 32 3364 0.5375 2.058333333333333
# Algorithm, state_space_size, action_space_size, delay, sequence_length, reward_density, terminal_state_density, num_layers, layer_width,
DQN 8 8 0 1 0.25 0.25 4 32 3852 0.5811965811965812 2.0854700854700856
# Algorithm, state_space_size, action_space_size, delay, sequence_length, reward_density, terminal_state_density, num_layers, layer_width,
DQN 8 8 0 1 0.25 0.25 4 32 4320 0.4749034749034749 1.803088803088803
# Algorithm, state_space_size, action_space_size, delay, sequence_length, reward_density, terminal_state_density, num_layers, layer_width,
DQN 8 8 0 1 0.25 0.25 4 32 4816 0.42953020134228187 1.6644295302013423
# Algorithm, state_space_size, action_space_size, delay, sequence_length, reward_density, terminal_state_density, num_layers, layer_width,
DQN 8 8 0 1 0.25 0.25 4 32 5320 1.0047846889952152 2.416267942583732
# Algorithm, state_space_size, action_space_size, delay, sequence_length, reward_density, terminal_state_density, num_layers, layer_width,
DQN 8 8 0 1 0.25 0.25 4 32 5816 1.6147540983606556 3.639344262295082
# Algorithm, state_space_size, action_space_size, delay, sequence_length, reward_density, terminal_state_density, num_layers, layer_width,
DQN 8 8 0 1 0.25 0.25 4 32 6360 3.21 8.33
# Algorithm, state_space_size, action_space_size, delay, sequence_length, reward_density, terminal_state_density, num_layers, layer_width,
DQN 8 8 0 1 0.25 0.25 4 32 6888 4.73 13.01
# Algorithm, state_space_size, action_space_size, delay, sequence_length, reward_density, terminal_state_density, num_layers, layer_width,
DQN 8 8 0 1 0.25 0.25 4 32 7472 4.73 13.01
# Algorithm, state_space_size, action_space_size, delay, sequence_length, reward_density, terminal_state_density, num_layers, layer_width,
DQN 8 8 0 1 0.25 0.25 4 32 8052 7.81 22.3
# Algorithm, state_space_size, action_space_size, delay, sequence_length, reward_density, terminal_state_density, num_layers, layer_width,
DQN 8 8 0 1 0.25 0.25 4 32 8628 10.78 31.23
# Algorithm, state_space_size, action_space_size, delay, sequence_length, reward_density, terminal_state_density, num_layers, layer_width,
DQN 8 8 0 1 0.25 0.25 4 32 9200 12.18 35.53
# Algorithm, state_space_size, action_space_size, delay, sequence_length, reward_density, terminal_state_density, num_layers, layer_width,
DQN 8 8 0 1 0.25 0.25 4 32 9740 12.18 35.53
# Algorithm, state_space_size, action_space_size, delay, sequence_length, reward_density, terminal_state_density, num_layers, layer_width,
DQN 8 8 0 1 0.25 0.25 4 32 10316 16.52 48.73
# Algorithm, state_space_size, action_space_size, delay, sequence_length, reward_density, terminal_state_density, num_layers, layer_width,
DQN 8 8 0 1 0.25 0.25 4 32 10892 17.5 51.69
# Algorithm, state_space_size, action_space_size, delay, sequence_length, reward_density, terminal_state_density, num_layers, layer_width,
DQN 8 8 0 1 0.25 0.25 4 32 11468 19.38 57.37
# Algorithm, state_space_size, action_space_size, delay, sequence_length, reward_density, terminal_state_density, num_layers, layer_width,
DQN 8 8 0 1 0.25 0.25 4 32 12036 21.76 64.6
# Algorithm, state_space_size, action_space_size, delay, sequence_length, reward_density, terminal_state_density, num_layers, layer_width,
DQN 8 8 0 1 0.25 0.25 4 32 12568 21.76 64.6
# Algorithm, state_space_size, action_space_size, delay, sequence_length, reward_density, terminal_state_density, num_layers, layer_width,
DQN 8 8 0 1 0.25 0.25 4 32 13148 25.92 77.07
# Algorithm, state_space_size, action_space_size, delay, sequence_length, reward_density, terminal_state_density, num_layers, layer_width,
DQN 8 8 0 1 0.25 0.25 4 32 13728 25.92 77.07
# Algorithm, state_space_size, action_space_size, delay, sequence_length, reward_density, terminal_state_density, num_layers, layer_width,
DQN 8 8 0 1 0.25 0.25 4 32 14296 29.64 88.37
# Algorithm, state_space_size, action_space_size, delay, sequence_length, reward_density, terminal_state_density, num_layers, layer_width,
DQN 8 8 0 1 0.25 0.25 4 32 14864 29.85 89.02
# Algorithm, state_space_size, action_space_size, delay, sequence_length, reward_density, terminal_state_density, num_layers, layer_width,
DQN 8 8 0 1 0.25 0.25 4 32 15396 32.99 98.46
# Algorithm, state_space_size, action_space_size, delay, sequence_length, reward_density, terminal_state_density, num_layers, layer_width,
DQN 8 8 0 1 0.25 0.25 4 32 15980 35.1 104.88
# Algorithm, state_space_size, action_space_size, delay, sequence_length, reward_density, terminal_state_density, num_layers, layer_width,
DQN 8 8 0 1 0.25 0.25 4 32 16556 35.1 104.88
# Algorithm, state_space_size, action_space_size, delay, sequence_length, reward_density, terminal_state_density, num_layers, layer_width,
DQN 8 8 0 1 0.25 0.25 4 32 17128 38.93 116.44
# Algorithm, state_space_size, action_space_size, delay, sequence_length, reward_density, terminal_state_density, num_layers, layer_width,
DQN 8 8 0 1 0.25 0.25 4 32 17700 40.7 121.86
# Algorithm, state_space_size, action_space_size, delay, sequence_length, reward_density, terminal_state_density, num_layers, layer_width,
DQN 8 8 0 1 0.25 0.25 4 32 18236 40.7 121.86
# Algorithm, state_space_size, action_space_size, delay, sequence_length, reward_density, terminal_state_density, num_layers, layer_width,
DQN 8 8 0 1 0.25 0.25 4 32 18812 43.63 130.69
# Algorithm, state_space_size, action_space_size, delay, sequence_length, reward_density, terminal_state_density, num_layers, layer_width,
DQN 8 8 0 1 0.25 0.25 4 32 19392 45.61 136.63
# Algorithm, state_space_size, action_space_size, delay, sequence_length, reward_density, terminal_state_density, num_layers, layer_width,
DQN 8 8 0 1 0.25 0.25 4 32 19964 48.06 144.02
# Algorithm, state_space_size, action_space_size, delay, sequence_length, reward_density, terminal_state_density, num_layers, layer_width,
DQN 8 8 0 1 0.25 0.25 4 32 20536 49.37 147.95
# Algorithm, state_space_size, action_space_size, delay, sequence_length, reward_density, terminal_state_density, num_layers, layer_width,
DQN 8 8 0 1 0.25 0.25 4 128 904 0.6043478260869565 3.9043478260869566
# Algorithm, state_space_size, action_space_size, delay, sequence_length, reward_density, terminal_state_density, num_layers, layer_width,
DQN 8 8 0 1 0.25 0.25 4 128 1832 0.8181818181818182 3.537878787878788
# Algorithm, state_space_size, action_space_size, delay, sequence_length, reward_density, terminal_state_density, num_layers, layer_width,
DQN 8 8 0 1 0.25 0.25 4 128 2376 2.85 7.92
# Algorithm, state_space_size, action_space_size, delay, sequence_length, reward_density, terminal_state_density, num_layers, layer_width,
DQN 8 8 0 1 0.25 0.25 4 128 2888 5.03 12.82
# Algorithm, state_space_size, action_space_size, delay, sequence_length, reward_density, terminal_state_density, num_layers, layer_width,
DQN 8 8 0 1 0.25 0.25 4 128 3396 7.4 17.52
# Algorithm, state_space_size, action_space_size, delay, sequence_length, reward_density, terminal_state_density, num_layers, layer_width,
DQN 8 8 0 1 0.25 0.25 4 128 3956 8.48 19.95
# Algorithm, state_space_size, action_space_size, delay, sequence_length, reward_density, terminal_state_density, num_layers, layer_width,
DQN 8 8 0 1 0.25 0.25 4 128 4508 12.12 28.25
# Algorithm, state_space_size, action_space_size, delay, sequence_length, reward_density, terminal_state_density, num_layers, layer_width,
DQN 8 8 0 1 0.25 0.25 4 128 5064 12.47 32.37
# Algorithm, state_space_size, action_space_size, delay, sequence_length, reward_density, terminal_state_density, num_layers, layer_width,
DQN 8 8 0 1 0.25 0.25 4 128 5620 13.07 36.17
# Algorithm, state_space_size, action_space_size, delay, sequence_length, reward_density, terminal_state_density, num_layers, layer_width,
DQN 8 8 0 1 0.25 0.25 4 128 6136 17.11 44.25
# Algorithm, state_space_size, action_space_size, delay, sequence_length, reward_density, terminal_state_density, num_layers, layer_width,
DQN 8 8 0 1 0.25 0.25 4 128 6672 19.56 49.19
# Algorithm, state_space_size, action_space_size, delay, sequence_length, reward_density, terminal_state_density, num_layers, layer_width,
DQN 8 8 0 1 0.25 0.25 4 128 7224 22.17 54.36
# Algorithm, state_space_size, action_space_size, delay, sequence_length, reward_density, terminal_state_density, num_layers, layer_width,
DQN 8 8 0 1 0.25 0.25 4 128 7788 22.93 57.9
# Algorithm, state_space_size, action_space_size, delay, sequence_length, reward_density, terminal_state_density, num_layers, layer_width,
DQN 8 8 0 1 0.25 0.25 4 128 8320 26.3 65.19
# Algorithm, state_space_size, action_space_size, delay, sequence_length, reward_density, terminal_state_density, num_layers, layer_width,
DQN 8 8 0 1 0.25 0.25 4 128 8836 26.28 66.01
# Algorithm, state_space_size, action_space_size, delay, sequence_length, reward_density, terminal_state_density, num_layers, layer_width,
DQN 8 8 0 1 0.25 0.25 4 128 9388 30.79 75.57
# Algorithm, state_space_size, action_space_size, delay, sequence_length, reward_density, terminal_state_density, num_layers, layer_width,
DQN 8 8 0 1 0.25 0.25 4 128 9940 32.72 80.28
# Algorithm, state_space_size, action_space_size, delay, sequence_length, reward_density, terminal_state_density, num_layers, layer_width,
DQN 8 8 0 1 0.25 0.25 4 128 10492 34.25 83.36
# Algorithm, state_space_size, action_space_size, delay, sequence_length, reward_density, terminal_state_density, num_layers, layer_width,
DQN 8 8 0 1 0.25 0.25 4 128 11044 35.34 85.55
# Algorithm, state_space_size, action_space_size, delay, sequence_length, reward_density, terminal_state_density, num_layers, layer_width,
DQN 8 8 0 1 0.25 0.25 4 128 11536 32.4 80.51
# Algorithm, state_space_size, action_space_size, delay, sequence_length, reward_density, terminal_state_density, num_layers, layer_width,
DQN 8 8 0 1 0.25 0.25 4 128 12076 31.84 79.99
# Algorithm, state_space_size, action_space_size, delay, sequence_length, reward_density, terminal_state_density, num_layers, layer_width,
DQN 8 8 0 1 0.25 0.25 4 128 12608 26.6 63.63
# Algorithm, state_space_size, action_space_size, delay, sequence_length, reward_density, terminal_state_density, num_layers, layer_width,
DQN 8 8 0 1 0.25 0.25 4 128 13160 28.04 66.52
# Algorithm, state_space_size, action_space_size, delay, sequence_length, reward_density, terminal_state_density, num_layers, layer_width,
DQN 8 8 0 1 0.25 0.25 4 128 13720 29.25 70.02
# Algorithm, state_space_size, action_space_size, delay, sequence_length, reward_density, terminal_state_density, num_layers, layer_width,
DQN 8 8 0 1 0.25 0.25 4 128 14236 29.13 69.76
# Algorithm, state_space_size, action_space_size, delay, sequence_length, reward_density, terminal_state_density, num_layers, layer_width,
DQN 8 8 0 1 0.25 0.25 4 128 14788 29.85 71.19
# Algorithm, state_space_size, action_space_size, delay, sequence_length, reward_density, terminal_state_density, num_layers, layer_width,
DQN 8 8 0 1 0.25 0.25 4 128 15336 30.59 70.25
# Algorithm, state_space_size, action_space_size, delay, sequence_length, reward_density, terminal_state_density, num_layers, layer_width,
DQN 8 8 0 1 0.25 0.25 4 128 15892 31.56 71.31
# Algorithm, state_space_size, action_space_size, delay, sequence_length, reward_density, terminal_state_density, num_layers, layer_width,
DQN 8 8 0 1 0.25 0.25 4 128 16456 32.7 73.34
# Algorithm, state_space_size, action_space_size, delay, sequence_length, reward_density, terminal_state_density, num_layers, layer_width,
DQN 8 8 0 1 0.25 0.25 4 128 17004 32.07 71.84
# Algorithm, state_space_size, action_space_size, delay, sequence_length, reward_density, terminal_state_density, num_layers, layer_width,
DQN 8 8 0 1 0.25 0.25 4 128 17524 35.37 77.55
# Algorithm, state_space_size, action_space_size, delay, sequence_length, reward_density, terminal_state_density, num_layers, layer_width,
DQN 8 8 0 1 0.25 0.25 4 128 18072 35.65 78.29
# Algorithm, state_space_size, action_space_size, delay, sequence_length, reward_density, terminal_state_density, num_layers, layer_width,
DQN 8 8 0 1 0.25 0.25 4 128 18628 35.65 78.29
# Algorithm, state_space_size, action_space_size, delay, sequence_length, reward_density, terminal_state_density, num_layers, layer_width,
DQN 8 8 0 1 0.25 0.25 4 128 19152 35.65 78.29
# Algorithm, state_space_size, action_space_size, delay, sequence_length, reward_density, terminal_state_density, num_layers, layer_width,
DQN 8 8 0 1 0.25 0.25 4 128 19668 37.87 92.3
# Algorithm, state_space_size, action_space_size, delay, sequence_length, reward_density, terminal_state_density, num_layers, layer_width,
DQN 8 8 0 1 0.25 0.25 4 128 20176 38.14 95.77
