# Algorithm, state_space_size, action_space_size, delay, sequence_length, reward_density, terminal_state_density, num_layers, layer_width, fcnet_activation, double_dqn
DQN 8 8 0 1 0.25 0.25 2 256 0 0 816 0.8860103626943006 4.196891191709844
# Algorithm, state_space_size, action_space_size, delay, sequence_length, reward_density, terminal_state_density, num_layers, layer_width, fcnet_activation, double_dqn
DQN 8 8 0 1 0.25 0.25 2 256 0 0 1232 0.8 6.06
# Algorithm, state_space_size, action_space_size, delay, sequence_length, reward_density, terminal_state_density, num_layers, layer_width, fcnet_activation, double_dqn
DQN 8 8 0 1 0.25 0.25 2 256 0 0 1988 0.64 9.59
# Algorithm, state_space_size, action_space_size, delay, sequence_length, reward_density, terminal_state_density, num_layers, layer_width, fcnet_activation, double_dqn
DQN 8 8 0 1 0.25 0.25 2 256 0 0 2340 0.64 9.89
# Algorithm, state_space_size, action_space_size, delay, sequence_length, reward_density, terminal_state_density, num_layers, layer_width, fcnet_activation, double_dqn
DQN 8 8 0 1 0.25 0.25 2 256 0 0 2804 2.86 15.93
# Algorithm, state_space_size, action_space_size, delay, sequence_length, reward_density, terminal_state_density, num_layers, layer_width, fcnet_activation, double_dqn
DQN 8 8 0 1 0.25 0.25 2 256 0 0 3316 3.7 17.58
# Algorithm, state_space_size, action_space_size, delay, sequence_length, reward_density, terminal_state_density, num_layers, layer_width, fcnet_activation, double_dqn
DQN 8 8 0 1 0.25 0.25 2 256 0 0 3780 7.35 24.88
# Algorithm, state_space_size, action_space_size, delay, sequence_length, reward_density, terminal_state_density, num_layers, layer_width, fcnet_activation, double_dqn
DQN 8 8 0 1 0.25 0.25 2 256 0 0 4244 7.35 24.88
# Algorithm, state_space_size, action_space_size, delay, sequence_length, reward_density, terminal_state_density, num_layers, layer_width, fcnet_activation, double_dqn
DQN 8 8 0 1 0.25 0.25 2 256 0 0 4764 12.75 35.63
# Algorithm, state_space_size, action_space_size, delay, sequence_length, reward_density, terminal_state_density, num_layers, layer_width, fcnet_activation, double_dqn
DQN 8 8 0 1 0.25 0.25 2 256 0 0 5272 12.75 35.63
# Algorithm, state_space_size, action_space_size, delay, sequence_length, reward_density, terminal_state_density, num_layers, layer_width, fcnet_activation, double_dqn
DQN 8 8 0 1 0.25 0.25 2 256 0 0 5776 17.8 45.75
# Algorithm, state_space_size, action_space_size, delay, sequence_length, reward_density, terminal_state_density, num_layers, layer_width, fcnet_activation, double_dqn
DQN 8 8 0 1 0.25 0.25 2 256 0 0 6276 20.41 51.36
# Algorithm, state_space_size, action_space_size, delay, sequence_length, reward_density, terminal_state_density, num_layers, layer_width, fcnet_activation, double_dqn
DQN 8 8 0 1 0.25 0.25 2 256 0 0 6728 20.41 51.36
# Algorithm, state_space_size, action_space_size, delay, sequence_length, reward_density, terminal_state_density, num_layers, layer_width, fcnet_activation, double_dqn
DQN 8 8 0 1 0.25 0.25 2 256 0 0 7228 23.32 60.49
# Algorithm, state_space_size, action_space_size, delay, sequence_length, reward_density, terminal_state_density, num_layers, layer_width, fcnet_activation, double_dqn
DQN 8 8 0 1 0.25 0.25 2 256 0 0 7736 25.21 64.3
# Algorithm, state_space_size, action_space_size, delay, sequence_length, reward_density, terminal_state_density, num_layers, layer_width, fcnet_activation, double_dqn
DQN 8 8 0 1 0.25 0.25 2 256 0 0 8256 25.21 64.3
# Algorithm, state_space_size, action_space_size, delay, sequence_length, reward_density, terminal_state_density, num_layers, layer_width, fcnet_activation, double_dqn
DQN 8 8 0 1 0.25 0.25 2 256 0 0 8780 31.48 76.87
# Algorithm, state_space_size, action_space_size, delay, sequence_length, reward_density, terminal_state_density, num_layers, layer_width, fcnet_activation, double_dqn
DQN 8 8 0 1 0.25 0.25 2 256 0 0 9232 31.48 76.87
# Algorithm, state_space_size, action_space_size, delay, sequence_length, reward_density, terminal_state_density, num_layers, layer_width, fcnet_activation, double_dqn
DQN 8 8 0 1 0.25 0.25 2 256 0 0 9756 31.48 76.87
# Algorithm, state_space_size, action_space_size, delay, sequence_length, reward_density, terminal_state_density, num_layers, layer_width, fcnet_activation, double_dqn
DQN 8 8 0 1 0.25 0.25 2 256 0 0 10264 38.13 90.24
# Algorithm, state_space_size, action_space_size, delay, sequence_length, reward_density, terminal_state_density, num_layers, layer_width, fcnet_activation, double_dqn
DQN 8 8 0 1 0.25 0.25 2 256 0 0 10784 41.36 96.56
# Algorithm, state_space_size, action_space_size, delay, sequence_length, reward_density, terminal_state_density, num_layers, layer_width, fcnet_activation, double_dqn
DQN 8 8 0 1 0.25 0.25 2 256 0 0 11276 43.01 99.82
# Algorithm, state_space_size, action_space_size, delay, sequence_length, reward_density, terminal_state_density, num_layers, layer_width, fcnet_activation, double_dqn
DQN 8 8 0 1 0.25 0.25 2 256 0 0 11728 44.85 103.42
# Algorithm, state_space_size, action_space_size, delay, sequence_length, reward_density, terminal_state_density, num_layers, layer_width, fcnet_activation, double_dqn
DQN 8 8 0 1 0.25 0.25 2 256 0 0 12244 46.68 107.08
# Algorithm, state_space_size, action_space_size, delay, sequence_length, reward_density, terminal_state_density, num_layers, layer_width, fcnet_activation, double_dqn
DQN 8 8 0 1 0.25 0.25 2 256 0 0 12748 50.48 114.55
# Algorithm, state_space_size, action_space_size, delay, sequence_length, reward_density, terminal_state_density, num_layers, layer_width, fcnet_activation, double_dqn
DQN 8 8 0 1 0.25 0.25 2 256 0 0 13256 53.38 119.89
# Algorithm, state_space_size, action_space_size, delay, sequence_length, reward_density, terminal_state_density, num_layers, layer_width, fcnet_activation, double_dqn
DQN 8 8 0 1 0.25 0.25 2 256 0 0 13776 53.92 120.93
# Algorithm, state_space_size, action_space_size, delay, sequence_length, reward_density, terminal_state_density, num_layers, layer_width, fcnet_activation, double_dqn
DQN 8 8 0 1 0.25 0.25 2 256 0 0 14256 56.08 125.22
# Algorithm, state_space_size, action_space_size, delay, sequence_length, reward_density, terminal_state_density, num_layers, layer_width, fcnet_activation, double_dqn
DQN 8 8 0 1 0.25 0.25 2 256 0 0 14732 60.47 134.0
# Algorithm, state_space_size, action_space_size, delay, sequence_length, reward_density, terminal_state_density, num_layers, layer_width, fcnet_activation, double_dqn
DQN 8 8 0 1 0.25 0.25 2 256 0 0 15136 62.77 138.59
# Algorithm, state_space_size, action_space_size, delay, sequence_length, reward_density, terminal_state_density, num_layers, layer_width, fcnet_activation, double_dqn
DQN 8 8 0 1 0.25 0.25 2 256 0 0 15584 64.76 142.48
# Algorithm, state_space_size, action_space_size, delay, sequence_length, reward_density, terminal_state_density, num_layers, layer_width, fcnet_activation, double_dqn
DQN 8 8 0 1 0.25 0.25 2 256 0 0 16088 66.04 145.05
# Algorithm, state_space_size, action_space_size, delay, sequence_length, reward_density, terminal_state_density, num_layers, layer_width, fcnet_activation, double_dqn
DQN 8 8 0 1 0.25 0.25 2 256 0 0 16604 68.96 150.94
# Algorithm, state_space_size, action_space_size, delay, sequence_length, reward_density, terminal_state_density, num_layers, layer_width, fcnet_activation, double_dqn
DQN 8 8 0 1 0.25 0.25 2 256 0 0 17116 72.4 157.59
# Algorithm, state_space_size, action_space_size, delay, sequence_length, reward_density, terminal_state_density, num_layers, layer_width, fcnet_activation, double_dqn
DQN 8 8 0 1 0.25 0.25 2 256 0 0 17564 74.41 161.52
# Algorithm, state_space_size, action_space_size, delay, sequence_length, reward_density, terminal_state_density, num_layers, layer_width, fcnet_activation, double_dqn
DQN 8 8 0 1 0.25 0.25 2 256 0 0 18040 76.29 165.15
# Algorithm, state_space_size, action_space_size, delay, sequence_length, reward_density, terminal_state_density, num_layers, layer_width, fcnet_activation, double_dqn
DQN 8 8 0 1 0.25 0.25 2 256 0 0 18552 77.54 167.32
# Algorithm, state_space_size, action_space_size, delay, sequence_length, reward_density, terminal_state_density, num_layers, layer_width, fcnet_activation, double_dqn
DQN 8 8 0 1 0.25 0.25 2 256 0 0 19068 77.54 167.32
# Algorithm, state_space_size, action_space_size, delay, sequence_length, reward_density, terminal_state_density, num_layers, layer_width, fcnet_activation, double_dqn
DQN 8 8 0 1 0.25 0.25 2 256 0 0 19572 83.27 178.72
# Algorithm, state_space_size, action_space_size, delay, sequence_length, reward_density, terminal_state_density, num_layers, layer_width, fcnet_activation, double_dqn
DQN 8 8 0 1 0.25 0.25 2 256 0 0 20016 83.27 178.72
# Algorithm, state_space_size, action_space_size, delay, sequence_length, reward_density, terminal_state_density, num_layers, layer_width, fcnet_activation, double_dqn
DQN 8 8 0 1 0.25 0.25 2 256 0 1 888 0.5648854961832062 3.3893129770992365
# Algorithm, state_space_size, action_space_size, delay, sequence_length, reward_density, terminal_state_density, num_layers, layer_width, fcnet_activation, double_dqn
DQN 8 8 0 1 0.25 0.25 2 256 0 1 1836 0.49122807017543857 5.543859649122807
# Algorithm, state_space_size, action_space_size, delay, sequence_length, reward_density, terminal_state_density, num_layers, layer_width, fcnet_activation, double_dqn
DQN 8 8 0 1 0.25 0.25 2 256 0 1 2368 2.45 10.46
# Algorithm, state_space_size, action_space_size, delay, sequence_length, reward_density, terminal_state_density, num_layers, layer_width, fcnet_activation, double_dqn
DQN 8 8 0 1 0.25 0.25 2 256 0 1 2820 3.72 11.74
# Algorithm, state_space_size, action_space_size, delay, sequence_length, reward_density, terminal_state_density, num_layers, layer_width, fcnet_activation, double_dqn
DQN 8 8 0 1 0.25 0.25 2 256 0 1 3344 10.03 18.24
# Algorithm, state_space_size, action_space_size, delay, sequence_length, reward_density, terminal_state_density, num_layers, layer_width, fcnet_activation, double_dqn
DQN 8 8 0 1 0.25 0.25 2 256 0 1 3864 10.03 18.24
# Algorithm, state_space_size, action_space_size, delay, sequence_length, reward_density, terminal_state_density, num_layers, layer_width, fcnet_activation, double_dqn
DQN 8 8 0 1 0.25 0.25 2 256 0 1 4376 12.09 25.63
# Algorithm, state_space_size, action_space_size, delay, sequence_length, reward_density, terminal_state_density, num_layers, layer_width, fcnet_activation, double_dqn
DQN 8 8 0 1 0.25 0.25 2 256 0 1 4892 17.09 32.96
# Algorithm, state_space_size, action_space_size, delay, sequence_length, reward_density, terminal_state_density, num_layers, layer_width, fcnet_activation, double_dqn
DQN 8 8 0 1 0.25 0.25 2 256 0 1 5384 17.17 38.55
# Algorithm, state_space_size, action_space_size, delay, sequence_length, reward_density, terminal_state_density, num_layers, layer_width, fcnet_activation, double_dqn
DQN 8 8 0 1 0.25 0.25 2 256 0 1 5880 17.17 38.55
# Algorithm, state_space_size, action_space_size, delay, sequence_length, reward_density, terminal_state_density, num_layers, layer_width, fcnet_activation, double_dqn
DQN 8 8 0 1 0.25 0.25 2 256 0 1 6400 22.29 45.48
# Algorithm, state_space_size, action_space_size, delay, sequence_length, reward_density, terminal_state_density, num_layers, layer_width, fcnet_activation, double_dqn
DQN 8 8 0 1 0.25 0.25 2 256 0 1 6916 32.05 55.12
# Algorithm, state_space_size, action_space_size, delay, sequence_length, reward_density, terminal_state_density, num_layers, layer_width, fcnet_activation, double_dqn
DQN 8 8 0 1 0.25 0.25 2 256 0 1 7428 35.38 58.25
# Algorithm, state_space_size, action_space_size, delay, sequence_length, reward_density, terminal_state_density, num_layers, layer_width, fcnet_activation, double_dqn
DQN 8 8 0 1 0.25 0.25 2 256 0 1 7936 40.03 62.2
# Algorithm, state_space_size, action_space_size, delay, sequence_length, reward_density, terminal_state_density, num_layers, layer_width, fcnet_activation, double_dqn
DQN 8 8 0 1 0.25 0.25 2 256 0 1 8392 46.22 68.37
# Algorithm, state_space_size, action_space_size, delay, sequence_length, reward_density, terminal_state_density, num_layers, layer_width, fcnet_activation, double_dqn
DQN 8 8 0 1 0.25 0.25 2 256 0 1 8904 47.2 69.28
# Algorithm, state_space_size, action_space_size, delay, sequence_length, reward_density, terminal_state_density, num_layers, layer_width, fcnet_activation, double_dqn
DQN 8 8 0 1 0.25 0.25 2 256 0 1 9372 52.91 74.5
# Algorithm, state_space_size, action_space_size, delay, sequence_length, reward_density, terminal_state_density, num_layers, layer_width, fcnet_activation, double_dqn
DQN 8 8 0 1 0.25 0.25 2 256 0 1 9852 52.91 74.5
# Algorithm, state_space_size, action_space_size, delay, sequence_length, reward_density, terminal_state_density, num_layers, layer_width, fcnet_activation, double_dqn
DQN 8 8 0 1 0.25 0.25 2 256 0 1 10312 63.06 85.49
# Algorithm, state_space_size, action_space_size, delay, sequence_length, reward_density, terminal_state_density, num_layers, layer_width, fcnet_activation, double_dqn
DQN 8 8 0 1 0.25 0.25 2 256 0 1 10768 63.06 85.49
# Algorithm, state_space_size, action_space_size, delay, sequence_length, reward_density, terminal_state_density, num_layers, layer_width, fcnet_activation, double_dqn
DQN 8 8 0 1 0.25 0.25 2 256 0 1 11260 69.63 95.46
# Algorithm, state_space_size, action_space_size, delay, sequence_length, reward_density, terminal_state_density, num_layers, layer_width, fcnet_activation, double_dqn
DQN 8 8 0 1 0.25 0.25 2 256 0 1 11776 72.59 98.48
# Algorithm, state_space_size, action_space_size, delay, sequence_length, reward_density, terminal_state_density, num_layers, layer_width, fcnet_activation, double_dqn
DQN 8 8 0 1 0.25 0.25 2 256 0 1 12276 72.59 98.48
# Algorithm, state_space_size, action_space_size, delay, sequence_length, reward_density, terminal_state_density, num_layers, layer_width, fcnet_activation, double_dqn
DQN 8 8 0 1 0.25 0.25 2 256 0 1 12796 84.53 110.55
# Algorithm, state_space_size, action_space_size, delay, sequence_length, reward_density, terminal_state_density, num_layers, layer_width, fcnet_activation, double_dqn
DQN 8 8 0 1 0.25 0.25 2 256 0 1 13220 88.8 114.78
# Algorithm, state_space_size, action_space_size, delay, sequence_length, reward_density, terminal_state_density, num_layers, layer_width, fcnet_activation, double_dqn
DQN 8 8 0 1 0.25 0.25 2 256 0 1 13736 89.24 115.24
# Algorithm, state_space_size, action_space_size, delay, sequence_length, reward_density, terminal_state_density, num_layers, layer_width, fcnet_activation, double_dqn
DQN 8 8 0 1 0.25 0.25 2 256 0 1 14252 95.35 121.38
# Algorithm, state_space_size, action_space_size, delay, sequence_length, reward_density, terminal_state_density, num_layers, layer_width, fcnet_activation, double_dqn
DQN 8 8 0 1 0.25 0.25 2 256 0 1 14772 103.69 129.75
# Algorithm, state_space_size, action_space_size, delay, sequence_length, reward_density, terminal_state_density, num_layers, layer_width, fcnet_activation, double_dqn
DQN 8 8 0 1 0.25 0.25 2 256 0 1 15288 103.69 129.75
# Algorithm, state_space_size, action_space_size, delay, sequence_length, reward_density, terminal_state_density, num_layers, layer_width, fcnet_activation, double_dqn
DQN 8 8 0 1 0.25 0.25 2 256 0 1 15768 103.69 129.75
# Algorithm, state_space_size, action_space_size, delay, sequence_length, reward_density, terminal_state_density, num_layers, layer_width, fcnet_activation, double_dqn
DQN 8 8 0 1 0.25 0.25 2 256 0 1 16264 114.43 140.62
# Algorithm, state_space_size, action_space_size, delay, sequence_length, reward_density, terminal_state_density, num_layers, layer_width, fcnet_activation, double_dqn
DQN 8 8 0 1 0.25 0.25 2 256 0 1 16784 114.43 140.62
# Algorithm, state_space_size, action_space_size, delay, sequence_length, reward_density, terminal_state_density, num_layers, layer_width, fcnet_activation, double_dqn
DQN 8 8 0 1 0.25 0.25 2 256 0 1 17304 127.37 153.64
# Algorithm, state_space_size, action_space_size, delay, sequence_length, reward_density, terminal_state_density, num_layers, layer_width, fcnet_activation, double_dqn
DQN 8 8 0 1 0.25 0.25 2 256 0 1 17832 127.37 153.64
# Algorithm, state_space_size, action_space_size, delay, sequence_length, reward_density, terminal_state_density, num_layers, layer_width, fcnet_activation, double_dqn
DQN 8 8 0 1 0.25 0.25 2 256 0 1 18344 135.07 161.37
# Algorithm, state_space_size, action_space_size, delay, sequence_length, reward_density, terminal_state_density, num_layers, layer_width, fcnet_activation, double_dqn
DQN 8 8 0 1 0.25 0.25 2 256 0 1 18752 142.54 168.76
# Algorithm, state_space_size, action_space_size, delay, sequence_length, reward_density, terminal_state_density, num_layers, layer_width, fcnet_activation, double_dqn
DQN 8 8 0 1 0.25 0.25 2 256 0 1 19264 146.27 172.49
# Algorithm, state_space_size, action_space_size, delay, sequence_length, reward_density, terminal_state_density, num_layers, layer_width, fcnet_activation, double_dqn
DQN 8 8 0 1 0.25 0.25 2 256 0 1 19784 153.59 179.69
# Algorithm, state_space_size, action_space_size, delay, sequence_length, reward_density, terminal_state_density, num_layers, layer_width, fcnet_activation, double_dqn
DQN 8 8 0 1 0.25 0.25 2 256 0 1 20300 157.55 183.7
