# Algorithm, state_space_size, action_space_size, delay, sequence_length, reward_density, terminal_state_density, num_layers, layer_width,
DQN 8 8 0 1 0.25 0.25 1 8 1020 0.5955056179775281 3.816479400749064
# Algorithm, state_space_size, action_space_size, delay, sequence_length, reward_density, terminal_state_density, num_layers, layer_width,
DQN 8 8 0 1 0.25 0.25 1 8 2008 1.013157894736842 4.337719298245614
# Algorithm, state_space_size, action_space_size, delay, sequence_length, reward_density, terminal_state_density, num_layers, layer_width,
DQN 8 8 0 1 0.25 0.25 1 8 2628 1.05 8.5
# Algorithm, state_space_size, action_space_size, delay, sequence_length, reward_density, terminal_state_density, num_layers, layer_width,
DQN 8 8 0 1 0.25 0.25 1 8 3224 1.08 14.46
# Algorithm, state_space_size, action_space_size, delay, sequence_length, reward_density, terminal_state_density, num_layers, layer_width,
DQN 8 8 0 1 0.25 0.25 1 8 3848 1.04 21.14
# Algorithm, state_space_size, action_space_size, delay, sequence_length, reward_density, terminal_state_density, num_layers, layer_width,
DQN 8 8 0 1 0.25 0.25 1 8 4468 1.04 21.14
# Algorithm, state_space_size, action_space_size, delay, sequence_length, reward_density, terminal_state_density, num_layers, layer_width,
DQN 8 8 0 1 0.25 0.25 1 8 5076 2.51 32.35
# Algorithm, state_space_size, action_space_size, delay, sequence_length, reward_density, terminal_state_density, num_layers, layer_width,
DQN 8 8 0 1 0.25 0.25 1 8 5660 2.62 37.09
# Algorithm, state_space_size, action_space_size, delay, sequence_length, reward_density, terminal_state_density, num_layers, layer_width,
DQN 8 8 0 1 0.25 0.25 1 8 6168 3.36 42.94
# Algorithm, state_space_size, action_space_size, delay, sequence_length, reward_density, terminal_state_density, num_layers, layer_width,
DQN 8 8 0 1 0.25 0.25 1 8 6768 5.77 48.62
# Algorithm, state_space_size, action_space_size, delay, sequence_length, reward_density, terminal_state_density, num_layers, layer_width,
DQN 8 8 0 1 0.25 0.25 1 8 7388 8.62 54.4
# Algorithm, state_space_size, action_space_size, delay, sequence_length, reward_density, terminal_state_density, num_layers, layer_width,
DQN 8 8 0 1 0.25 0.25 1 8 8004 8.62 54.4
# Algorithm, state_space_size, action_space_size, delay, sequence_length, reward_density, terminal_state_density, num_layers, layer_width,
DQN 8 8 0 1 0.25 0.25 1 8 8624 11.52 64.8
# Algorithm, state_space_size, action_space_size, delay, sequence_length, reward_density, terminal_state_density, num_layers, layer_width,
DQN 8 8 0 1 0.25 0.25 1 8 9224 16.11 74.04
# Algorithm, state_space_size, action_space_size, delay, sequence_length, reward_density, terminal_state_density, num_layers, layer_width,
DQN 8 8 0 1 0.25 0.25 1 8 9848 18.06 77.96
# Algorithm, state_space_size, action_space_size, delay, sequence_length, reward_density, terminal_state_density, num_layers, layer_width,
DQN 8 8 0 1 0.25 0.25 1 8 10476 19.88 81.57
# Algorithm, state_space_size, action_space_size, delay, sequence_length, reward_density, terminal_state_density, num_layers, layer_width,
DQN 8 8 0 1 0.25 0.25 1 8 11100 24.63 91.12
# Algorithm, state_space_size, action_space_size, delay, sequence_length, reward_density, terminal_state_density, num_layers, layer_width,
DQN 8 8 0 1 0.25 0.25 1 8 11708 26.44 94.71
# Algorithm, state_space_size, action_space_size, delay, sequence_length, reward_density, terminal_state_density, num_layers, layer_width,
DQN 8 8 0 1 0.25 0.25 1 8 12288 30.61 103.05
# Algorithm, state_space_size, action_space_size, delay, sequence_length, reward_density, terminal_state_density, num_layers, layer_width,
DQN 8 8 0 1 0.25 0.25 1 8 12908 33.56 109.01
# Algorithm, state_space_size, action_space_size, delay, sequence_length, reward_density, terminal_state_density, num_layers, layer_width,
DQN 8 8 0 1 0.25 0.25 1 8 13524 35.43 112.75
# Algorithm, state_space_size, action_space_size, delay, sequence_length, reward_density, terminal_state_density, num_layers, layer_width,
DQN 8 8 0 1 0.25 0.25 1 8 14140 39.18 120.26
# Algorithm, state_space_size, action_space_size, delay, sequence_length, reward_density, terminal_state_density, num_layers, layer_width,
DQN 8 8 0 1 0.25 0.25 1 8 14764 43.21 128.35
# Algorithm, state_space_size, action_space_size, delay, sequence_length, reward_density, terminal_state_density, num_layers, layer_width,
DQN 8 8 0 1 0.25 0.25 1 8 15360 43.21 128.35
# Algorithm, state_space_size, action_space_size, delay, sequence_length, reward_density, terminal_state_density, num_layers, layer_width,
DQN 8 8 0 1 0.25 0.25 1 8 15992 43.21 128.35
# Algorithm, state_space_size, action_space_size, delay, sequence_length, reward_density, terminal_state_density, num_layers, layer_width,
DQN 8 8 0 1 0.25 0.25 1 8 16620 51.28 144.56
# Algorithm, state_space_size, action_space_size, delay, sequence_length, reward_density, terminal_state_density, num_layers, layer_width,
DQN 8 8 0 1 0.25 0.25 1 8 17240 53.86 149.71
# Algorithm, state_space_size, action_space_size, delay, sequence_length, reward_density, terminal_state_density, num_layers, layer_width,
DQN 8 8 0 1 0.25 0.25 1 8 17864 53.86 149.71
# Algorithm, state_space_size, action_space_size, delay, sequence_length, reward_density, terminal_state_density, num_layers, layer_width,
DQN 8 8 0 1 0.25 0.25 1 8 18464 61.63 165.32
# Algorithm, state_space_size, action_space_size, delay, sequence_length, reward_density, terminal_state_density, num_layers, layer_width,
DQN 8 8 0 1 0.25 0.25 1 8 19084 64.77 171.64
# Algorithm, state_space_size, action_space_size, delay, sequence_length, reward_density, terminal_state_density, num_layers, layer_width,
DQN 8 8 0 1 0.25 0.25 1 8 19708 67.79 177.6
# Algorithm, state_space_size, action_space_size, delay, sequence_length, reward_density, terminal_state_density, num_layers, layer_width,
DQN 8 8 0 1 0.25 0.25 1 8 20332 67.79 177.6
# Algorithm, state_space_size, action_space_size, delay, sequence_length, reward_density, terminal_state_density, num_layers, layer_width,
DQN 8 8 0 1 0.25 0.25 1 32 952 0.5810276679841897 3.7549407114624507
# Algorithm, state_space_size, action_space_size, delay, sequence_length, reward_density, terminal_state_density, num_layers, layer_width,
DQN 8 8 0 1 0.25 0.25 1 32 1932 0.4679245283018868 3.69811320754717
# Algorithm, state_space_size, action_space_size, delay, sequence_length, reward_density, terminal_state_density, num_layers, layer_width,
DQN 8 8 0 1 0.25 0.25 1 32 2464 0.17333333333333334 3.546666666666667
# Algorithm, state_space_size, action_space_size, delay, sequence_length, reward_density, terminal_state_density, num_layers, layer_width,
DQN 8 8 0 1 0.25 0.25 1 32 3064 1.05 3.95
# Algorithm, state_space_size, action_space_size, delay, sequence_length, reward_density, terminal_state_density, num_layers, layer_width,
DQN 8 8 0 1 0.25 0.25 1 32 3684 5.87 13.64
# Algorithm, state_space_size, action_space_size, delay, sequence_length, reward_density, terminal_state_density, num_layers, layer_width,
DQN 8 8 0 1 0.25 0.25 1 32 4268 5.87 13.64
# Algorithm, state_space_size, action_space_size, delay, sequence_length, reward_density, terminal_state_density, num_layers, layer_width,
DQN 8 8 0 1 0.25 0.25 1 32 4884 10.13 22.11
# Algorithm, state_space_size, action_space_size, delay, sequence_length, reward_density, terminal_state_density, num_layers, layer_width,
DQN 8 8 0 1 0.25 0.25 1 32 5504 14.69 31.26
# Algorithm, state_space_size, action_space_size, delay, sequence_length, reward_density, terminal_state_density, num_layers, layer_width,
DQN 8 8 0 1 0.25 0.25 1 32 6124 17.63 37.17
# Algorithm, state_space_size, action_space_size, delay, sequence_length, reward_density, terminal_state_density, num_layers, layer_width,
DQN 8 8 0 1 0.25 0.25 1 32 6736 20.51 42.98
# Algorithm, state_space_size, action_space_size, delay, sequence_length, reward_density, terminal_state_density, num_layers, layer_width,
DQN 8 8 0 1 0.25 0.25 1 32 7328 23.38 48.77
# Algorithm, state_space_size, action_space_size, delay, sequence_length, reward_density, terminal_state_density, num_layers, layer_width,
DQN 8 8 0 1 0.25 0.25 1 32 7944 25.42 52.88
# Algorithm, state_space_size, action_space_size, delay, sequence_length, reward_density, terminal_state_density, num_layers, layer_width,
DQN 8 8 0 1 0.25 0.25 1 32 8560 28.59 59.18
# Algorithm, state_space_size, action_space_size, delay, sequence_length, reward_density, terminal_state_density, num_layers, layer_width,
DQN 8 8 0 1 0.25 0.25 1 32 9180 28.59 59.18
# Algorithm, state_space_size, action_space_size, delay, sequence_length, reward_density, terminal_state_density, num_layers, layer_width,
DQN 8 8 0 1 0.25 0.25 1 32 9784 28.59 59.18
# Algorithm, state_space_size, action_space_size, delay, sequence_length, reward_density, terminal_state_density, num_layers, layer_width,
DQN 8 8 0 1 0.25 0.25 1 32 10360 37.72 77.56
# Algorithm, state_space_size, action_space_size, delay, sequence_length, reward_density, terminal_state_density, num_layers, layer_width,
DQN 8 8 0 1 0.25 0.25 1 32 10924 40.18 82.54
# Algorithm, state_space_size, action_space_size, delay, sequence_length, reward_density, terminal_state_density, num_layers, layer_width,
DQN 8 8 0 1 0.25 0.25 1 32 11508 43.56 89.34
# Algorithm, state_space_size, action_space_size, delay, sequence_length, reward_density, terminal_state_density, num_layers, layer_width,
DQN 8 8 0 1 0.25 0.25 1 32 12116 46.46 95.11
# Algorithm, state_space_size, action_space_size, delay, sequence_length, reward_density, terminal_state_density, num_layers, layer_width,
DQN 8 8 0 1 0.25 0.25 1 32 12732 50.68 103.64
# Algorithm, state_space_size, action_space_size, delay, sequence_length, reward_density, terminal_state_density, num_layers, layer_width,
DQN 8 8 0 1 0.25 0.25 1 32 13340 52.61 107.49
# Algorithm, state_space_size, action_space_size, delay, sequence_length, reward_density, terminal_state_density, num_layers, layer_width,
DQN 8 8 0 1 0.25 0.25 1 32 13920 56.43 115.12
# Algorithm, state_space_size, action_space_size, delay, sequence_length, reward_density, terminal_state_density, num_layers, layer_width,
DQN 8 8 0 1 0.25 0.25 1 32 14540 56.43 115.12
# Algorithm, state_space_size, action_space_size, delay, sequence_length, reward_density, terminal_state_density, num_layers, layer_width,
DQN 8 8 0 1 0.25 0.25 1 32 15160 60.45 123.21
# Algorithm, state_space_size, action_space_size, delay, sequence_length, reward_density, terminal_state_density, num_layers, layer_width,
DQN 8 8 0 1 0.25 0.25 1 32 15780 60.45 123.21
# Algorithm, state_space_size, action_space_size, delay, sequence_length, reward_density, terminal_state_density, num_layers, layer_width,
DQN 8 8 0 1 0.25 0.25 1 32 16392 68.54 139.48
# Algorithm, state_space_size, action_space_size, delay, sequence_length, reward_density, terminal_state_density, num_layers, layer_width,
DQN 8 8 0 1 0.25 0.25 1 32 16968 71.14 144.68
# Algorithm, state_space_size, action_space_size, delay, sequence_length, reward_density, terminal_state_density, num_layers, layer_width,
DQN 8 8 0 1 0.25 0.25 1 32 17588 71.14 144.68
# Algorithm, state_space_size, action_space_size, delay, sequence_length, reward_density, terminal_state_density, num_layers, layer_width,
DQN 8 8 0 1 0.25 0.25 1 32 18200 76.75 156.02
# Algorithm, state_space_size, action_space_size, delay, sequence_length, reward_density, terminal_state_density, num_layers, layer_width,
DQN 8 8 0 1 0.25 0.25 1 32 18808 80.53 163.6
# Algorithm, state_space_size, action_space_size, delay, sequence_length, reward_density, terminal_state_density, num_layers, layer_width,
DQN 8 8 0 1 0.25 0.25 1 32 19392 83.0 168.6
# Algorithm, state_space_size, action_space_size, delay, sequence_length, reward_density, terminal_state_density, num_layers, layer_width,
DQN 8 8 0 1 0.25 0.25 1 32 19944 85.36 173.37
# Algorithm, state_space_size, action_space_size, delay, sequence_length, reward_density, terminal_state_density, num_layers, layer_width,
DQN 8 8 0 1 0.25 0.25 1 32 20564 85.36 173.37
# Algorithm, state_space_size, action_space_size, delay, sequence_length, reward_density, terminal_state_density, num_layers, layer_width,
DQN 8 8 0 1 0.25 0.25 1 128 832 0.5758928571428571 3.705357142857143
# Algorithm, state_space_size, action_space_size, delay, sequence_length, reward_density, terminal_state_density, num_layers, layer_width,
DQN 8 8 0 1 0.25 0.25 1 128 1640 0.8757961783439491 2.570063694267516
# Algorithm, state_space_size, action_space_size, delay, sequence_length, reward_density, terminal_state_density, num_layers, layer_width,
DQN 8 8 0 1 0.25 0.25 1 128 2220 2.625 4.4453125
# Algorithm, state_space_size, action_space_size, delay, sequence_length, reward_density, terminal_state_density, num_layers, layer_width,
DQN 8 8 0 1 0.25 0.25 1 128 2756 7.42 9.42
# Algorithm, state_space_size, action_space_size, delay, sequence_length, reward_density, terminal_state_density, num_layers, layer_width,
DQN 8 8 0 1 0.25 0.25 1 128 3364 9.61 11.61
# Algorithm, state_space_size, action_space_size, delay, sequence_length, reward_density, terminal_state_density, num_layers, layer_width,
DQN 8 8 0 1 0.25 0.25 1 128 3956 17.0 19.04
# Algorithm, state_space_size, action_space_size, delay, sequence_length, reward_density, terminal_state_density, num_layers, layer_width,
DQN 8 8 0 1 0.25 0.25 1 128 4568 25.48 27.56
# Algorithm, state_space_size, action_space_size, delay, sequence_length, reward_density, terminal_state_density, num_layers, layer_width,
DQN 8 8 0 1 0.25 0.25 1 128 5156 29.42 31.59
# Algorithm, state_space_size, action_space_size, delay, sequence_length, reward_density, terminal_state_density, num_layers, layer_width,
DQN 8 8 0 1 0.25 0.25 1 128 5756 37.06 39.26
# Algorithm, state_space_size, action_space_size, delay, sequence_length, reward_density, terminal_state_density, num_layers, layer_width,
DQN 8 8 0 1 0.25 0.25 1 128 6372 40.23 42.45
# Algorithm, state_space_size, action_space_size, delay, sequence_length, reward_density, terminal_state_density, num_layers, layer_width,
DQN 8 8 0 1 0.25 0.25 1 128 6984 45.48 51.35
# Algorithm, state_space_size, action_space_size, delay, sequence_length, reward_density, terminal_state_density, num_layers, layer_width,
DQN 8 8 0 1 0.25 0.25 1 128 7588 46.51 57.34
# Algorithm, state_space_size, action_space_size, delay, sequence_length, reward_density, terminal_state_density, num_layers, layer_width,
DQN 8 8 0 1 0.25 0.25 1 128 8156 50.56 62.17
# Algorithm, state_space_size, action_space_size, delay, sequence_length, reward_density, terminal_state_density, num_layers, layer_width,
DQN 8 8 0 1 0.25 0.25 1 128 8748 52.46 64.45
# Algorithm, state_space_size, action_space_size, delay, sequence_length, reward_density, terminal_state_density, num_layers, layer_width,
DQN 8 8 0 1 0.25 0.25 1 128 9352 58.19 72.08
# Algorithm, state_space_size, action_space_size, delay, sequence_length, reward_density, terminal_state_density, num_layers, layer_width,
DQN 8 8 0 1 0.25 0.25 1 128 9968 64.75 80.91
# Algorithm, state_space_size, action_space_size, delay, sequence_length, reward_density, terminal_state_density, num_layers, layer_width,
DQN 8 8 0 1 0.25 0.25 1 128 10588 64.75 80.91
# Algorithm, state_space_size, action_space_size, delay, sequence_length, reward_density, terminal_state_density, num_layers, layer_width,
DQN 8 8 0 1 0.25 0.25 1 128 11168 67.76 89.17
# Algorithm, state_space_size, action_space_size, delay, sequence_length, reward_density, terminal_state_density, num_layers, layer_width,
DQN 8 8 0 1 0.25 0.25 1 128 11780 70.83 94.53
# Algorithm, state_space_size, action_space_size, delay, sequence_length, reward_density, terminal_state_density, num_layers, layer_width,
DQN 8 8 0 1 0.25 0.25 1 128 12384 77.72 103.07
# Algorithm, state_space_size, action_space_size, delay, sequence_length, reward_density, terminal_state_density, num_layers, layer_width,
DQN 8 8 0 1 0.25 0.25 1 128 12992 77.57 108.57
# Algorithm, state_space_size, action_space_size, delay, sequence_length, reward_density, terminal_state_density, num_layers, layer_width,
DQN 8 8 0 1 0.25 0.25 1 128 13600 80.6 116.98
# Algorithm, state_space_size, action_space_size, delay, sequence_length, reward_density, terminal_state_density, num_layers, layer_width,
DQN 8 8 0 1 0.25 0.25 1 128 14184 82.61 118.99
# Algorithm, state_space_size, action_space_size, delay, sequence_length, reward_density, terminal_state_density, num_layers, layer_width,
DQN 8 8 0 1 0.25 0.25 1 128 14788 86.72 127.4
# Algorithm, state_space_size, action_space_size, delay, sequence_length, reward_density, terminal_state_density, num_layers, layer_width,
DQN 8 8 0 1 0.25 0.25 1 128 15408 86.72 127.4
# Algorithm, state_space_size, action_space_size, delay, sequence_length, reward_density, terminal_state_density, num_layers, layer_width,
DQN 8 8 0 1 0.25 0.25 1 128 16020 93.13 137.87
# Algorithm, state_space_size, action_space_size, delay, sequence_length, reward_density, terminal_state_density, num_layers, layer_width,
DQN 8 8 0 1 0.25 0.25 1 128 16632 97.6 143.55
# Algorithm, state_space_size, action_space_size, delay, sequence_length, reward_density, terminal_state_density, num_layers, layer_width,
DQN 8 8 0 1 0.25 0.25 1 128 17208 99.09 149.91
# Algorithm, state_space_size, action_space_size, delay, sequence_length, reward_density, terminal_state_density, num_layers, layer_width,
DQN 8 8 0 1 0.25 0.25 1 128 17816 103.6 156.65
# Algorithm, state_space_size, action_space_size, delay, sequence_length, reward_density, terminal_state_density, num_layers, layer_width,
DQN 8 8 0 1 0.25 0.25 1 128 18432 106.19 159.23
# Algorithm, state_space_size, action_space_size, delay, sequence_length, reward_density, terminal_state_density, num_layers, layer_width,
DQN 8 8 0 1 0.25 0.25 1 128 19048 108.93 164.11
# Algorithm, state_space_size, action_space_size, delay, sequence_length, reward_density, terminal_state_density, num_layers, layer_width,
DQN 8 8 0 1 0.25 0.25 1 128 19656 118.43 176.06
# Algorithm, state_space_size, action_space_size, delay, sequence_length, reward_density, terminal_state_density, num_layers, layer_width,
DQN 8 8 0 1 0.25 0.25 1 128 20248 123.36 181.81
# Algorithm, state_space_size, action_space_size, delay, sequence_length, reward_density, terminal_state_density, num_layers, layer_width,
DQN 8 8 0 1 0.25 0.25 2 8 992 0.587360594795539 3.6654275092936803
# Algorithm, state_space_size, action_space_size, delay, sequence_length, reward_density, terminal_state_density, num_layers, layer_width,
DQN 8 8 0 1 0.25 0.25 2 8 2004 1.8066298342541436 5.602209944751381
# Algorithm, state_space_size, action_space_size, delay, sequence_length, reward_density, terminal_state_density, num_layers, layer_width,
DQN 8 8 0 1 0.25 0.25 2 8 2608 4.83 8.27
# Algorithm, state_space_size, action_space_size, delay, sequence_length, reward_density, terminal_state_density, num_layers, layer_width,
DQN 8 8 0 1 0.25 0.25 2 8 3180 6.0 14.79
# Algorithm, state_space_size, action_space_size, delay, sequence_length, reward_density, terminal_state_density, num_layers, layer_width,
DQN 8 8 0 1 0.25 0.25 2 8 3784 9.92 22.42
# Algorithm, state_space_size, action_space_size, delay, sequence_length, reward_density, terminal_state_density, num_layers, layer_width,
DQN 8 8 0 1 0.25 0.25 2 8 4388 14.95 27.44
# Algorithm, state_space_size, action_space_size, delay, sequence_length, reward_density, terminal_state_density, num_layers, layer_width,
DQN 8 8 0 1 0.25 0.25 2 8 4988 18.86 32.43
# Algorithm, state_space_size, action_space_size, delay, sequence_length, reward_density, terminal_state_density, num_layers, layer_width,
DQN 8 8 0 1 0.25 0.25 2 8 5568 25.51 39.33
# Algorithm, state_space_size, action_space_size, delay, sequence_length, reward_density, terminal_state_density, num_layers, layer_width,
DQN 8 8 0 1 0.25 0.25 2 8 6060 28.82 43.35
# Algorithm, state_space_size, action_space_size, delay, sequence_length, reward_density, terminal_state_density, num_layers, layer_width,
DQN 8 8 0 1 0.25 0.25 2 8 6556 34.59 49.09
# Algorithm, state_space_size, action_space_size, delay, sequence_length, reward_density, terminal_state_density, num_layers, layer_width,
DQN 8 8 0 1 0.25 0.25 2 8 7156 36.23 54.19
# Algorithm, state_space_size, action_space_size, delay, sequence_length, reward_density, terminal_state_density, num_layers, layer_width,
DQN 8 8 0 1 0.25 0.25 2 8 7764 37.7 60.94
# Algorithm, state_space_size, action_space_size, delay, sequence_length, reward_density, terminal_state_density, num_layers, layer_width,
DQN 8 8 0 1 0.25 0.25 2 8 8368 38.27 64.18
# Algorithm, state_space_size, action_space_size, delay, sequence_length, reward_density, terminal_state_density, num_layers, layer_width,
DQN 8 8 0 1 0.25 0.25 2 8 8972 40.33 70.59
# Algorithm, state_space_size, action_space_size, delay, sequence_length, reward_density, terminal_state_density, num_layers, layer_width,
DQN 8 8 0 1 0.25 0.25 2 8 9544 43.76 78.08
# Algorithm, state_space_size, action_space_size, delay, sequence_length, reward_density, terminal_state_density, num_layers, layer_width,
DQN 8 8 0 1 0.25 0.25 2 8 10148 45.81 82.62
# Algorithm, state_space_size, action_space_size, delay, sequence_length, reward_density, terminal_state_density, num_layers, layer_width,
DQN 8 8 0 1 0.25 0.25 2 8 10748 47.52 89.52
# Algorithm, state_space_size, action_space_size, delay, sequence_length, reward_density, terminal_state_density, num_layers, layer_width,
DQN 8 8 0 1 0.25 0.25 2 8 11356 48.81 94.09
# Algorithm, state_space_size, action_space_size, delay, sequence_length, reward_density, terminal_state_density, num_layers, layer_width,
DQN 8 8 0 1 0.25 0.25 2 8 11964 49.4 101.98
# Algorithm, state_space_size, action_space_size, delay, sequence_length, reward_density, terminal_state_density, num_layers, layer_width,
DQN 8 8 0 1 0.25 0.25 2 8 12532 52.18 105.48
# Algorithm, state_space_size, action_space_size, delay, sequence_length, reward_density, terminal_state_density, num_layers, layer_width,
DQN 8 8 0 1 0.25 0.25 2 8 13144 55.94 113.57
# Algorithm, state_space_size, action_space_size, delay, sequence_length, reward_density, terminal_state_density, num_layers, layer_width,
DQN 8 8 0 1 0.25 0.25 2 8 13744 58.85 117.31
# Algorithm, state_space_size, action_space_size, delay, sequence_length, reward_density, terminal_state_density, num_layers, layer_width,
DQN 8 8 0 1 0.25 0.25 2 8 14352 61.33 120.08
# Algorithm, state_space_size, action_space_size, delay, sequence_length, reward_density, terminal_state_density, num_layers, layer_width,
DQN 8 8 0 1 0.25 0.25 2 8 14960 64.92 130.61
# Algorithm, state_space_size, action_space_size, delay, sequence_length, reward_density, terminal_state_density, num_layers, layer_width,
DQN 8 8 0 1 0.25 0.25 2 8 15528 68.09 135.61
# Algorithm, state_space_size, action_space_size, delay, sequence_length, reward_density, terminal_state_density, num_layers, layer_width,
DQN 8 8 0 1 0.25 0.25 2 8 16140 67.99 138.02
# Algorithm, state_space_size, action_space_size, delay, sequence_length, reward_density, terminal_state_density, num_layers, layer_width,
DQN 8 8 0 1 0.25 0.25 2 8 16748 70.47 147.81
# Algorithm, state_space_size, action_space_size, delay, sequence_length, reward_density, terminal_state_density, num_layers, layer_width,
DQN 8 8 0 1 0.25 0.25 2 8 17344 71.36 154.07
# Algorithm, state_space_size, action_space_size, delay, sequence_length, reward_density, terminal_state_density, num_layers, layer_width,
DQN 8 8 0 1 0.25 0.25 2 8 17948 73.16 159.36
# Algorithm, state_space_size, action_space_size, delay, sequence_length, reward_density, terminal_state_density, num_layers, layer_width,
DQN 8 8 0 1 0.25 0.25 2 8 18516 73.27 164.5
# Algorithm, state_space_size, action_space_size, delay, sequence_length, reward_density, terminal_state_density, num_layers, layer_width,
DQN 8 8 0 1 0.25 0.25 2 8 19120 75.6 170.69
# Algorithm, state_space_size, action_space_size, delay, sequence_length, reward_density, terminal_state_density, num_layers, layer_width,
DQN 8 8 0 1 0.25 0.25 2 8 19708 75.6 170.69
# Algorithm, state_space_size, action_space_size, delay, sequence_length, reward_density, terminal_state_density, num_layers, layer_width,
DQN 8 8 0 1 0.25 0.25 2 8 20304 80.52 182.38
# Algorithm, state_space_size, action_space_size, delay, sequence_length, reward_density, terminal_state_density, num_layers, layer_width,
DQN 8 8 0 1 0.25 0.25 2 32 896 0.6024590163934426 3.6721311475409837
# Algorithm, state_space_size, action_space_size, delay, sequence_length, reward_density, terminal_state_density, num_layers, layer_width,
DQN 8 8 0 1 0.25 0.25 2 32 1860 0.4906832298136646 2.9782608695652173
# Algorithm, state_space_size, action_space_size, delay, sequence_length, reward_density, terminal_state_density, num_layers, layer_width,
DQN 8 8 0 1 0.25 0.25 2 32 2440 0.40458015267175573 4.465648854961832
# Algorithm, state_space_size, action_space_size, delay, sequence_length, reward_density, terminal_state_density, num_layers, layer_width,
DQN 8 8 0 1 0.25 0.25 2 32 3036 0.4 8.26
# Algorithm, state_space_size, action_space_size, delay, sequence_length, reward_density, terminal_state_density, num_layers, layer_width,
DQN 8 8 0 1 0.25 0.25 2 32 3632 0.4 8.26
# Algorithm, state_space_size, action_space_size, delay, sequence_length, reward_density, terminal_state_density, num_layers, layer_width,
DQN 8 8 0 1 0.25 0.25 2 32 4164 0.75 15.41
# Algorithm, state_space_size, action_space_size, delay, sequence_length, reward_density, terminal_state_density, num_layers, layer_width,
DQN 8 8 0 1 0.25 0.25 2 32 4764 3.04 22.28
# Algorithm, state_space_size, action_space_size, delay, sequence_length, reward_density, terminal_state_density, num_layers, layer_width,
DQN 8 8 0 1 0.25 0.25 2 32 5376 3.04 22.28
# Algorithm, state_space_size, action_space_size, delay, sequence_length, reward_density, terminal_state_density, num_layers, layer_width,
DQN 8 8 0 1 0.25 0.25 2 32 5980 8.07 37.29
# Algorithm, state_space_size, action_space_size, delay, sequence_length, reward_density, terminal_state_density, num_layers, layer_width,
DQN 8 8 0 1 0.25 0.25 2 32 6592 8.85 39.62
# Algorithm, state_space_size, action_space_size, delay, sequence_length, reward_density, terminal_state_density, num_layers, layer_width,
DQN 8 8 0 1 0.25 0.25 2 32 7168 11.78 48.48
# Algorithm, state_space_size, action_space_size, delay, sequence_length, reward_density, terminal_state_density, num_layers, layer_width,
DQN 8 8 0 1 0.25 0.25 2 32 7772 14.04 55.25
# Algorithm, state_space_size, action_space_size, delay, sequence_length, reward_density, terminal_state_density, num_layers, layer_width,
DQN 8 8 0 1 0.25 0.25 2 32 8384 14.04 55.25
# Algorithm, state_space_size, action_space_size, delay, sequence_length, reward_density, terminal_state_density, num_layers, layer_width,
DQN 8 8 0 1 0.25 0.25 2 32 9000 14.04 55.25
# Algorithm, state_space_size, action_space_size, delay, sequence_length, reward_density, terminal_state_density, num_layers, layer_width,
DQN 8 8 0 1 0.25 0.25 2 32 9612 14.04 55.25
# Algorithm, state_space_size, action_space_size, delay, sequence_length, reward_density, terminal_state_density, num_layers, layer_width,
DQN 8 8 0 1 0.25 0.25 2 32 10176 14.04 55.25
# Algorithm, state_space_size, action_space_size, delay, sequence_length, reward_density, terminal_state_density, num_layers, layer_width,
DQN 8 8 0 1 0.25 0.25 2 32 10776 22.89 81.58
# Algorithm, state_space_size, action_space_size, delay, sequence_length, reward_density, terminal_state_density, num_layers, layer_width,
DQN 8 8 0 1 0.25 0.25 2 32 11384 26.21 91.55
# Algorithm, state_space_size, action_space_size, delay, sequence_length, reward_density, terminal_state_density, num_layers, layer_width,
DQN 8 8 0 1 0.25 0.25 2 32 11988 28.19 97.55
# Algorithm, state_space_size, action_space_size, delay, sequence_length, reward_density, terminal_state_density, num_layers, layer_width,
DQN 8 8 0 1 0.25 0.25 2 32 12588 29.18 100.5
# Algorithm, state_space_size, action_space_size, delay, sequence_length, reward_density, terminal_state_density, num_layers, layer_width,
DQN 8 8 0 1 0.25 0.25 2 32 13156 32.03 109.09
# Algorithm, state_space_size, action_space_size, delay, sequence_length, reward_density, terminal_state_density, num_layers, layer_width,
DQN 8 8 0 1 0.25 0.25 2 32 13752 32.38 110.15
# Algorithm, state_space_size, action_space_size, delay, sequence_length, reward_density, terminal_state_density, num_layers, layer_width,
DQN 8 8 0 1 0.25 0.25 2 32 14356 34.24 115.71
# Algorithm, state_space_size, action_space_size, delay, sequence_length, reward_density, terminal_state_density, num_layers, layer_width,
DQN 8 8 0 1 0.25 0.25 2 32 14952 37.77 126.29
# Algorithm, state_space_size, action_space_size, delay, sequence_length, reward_density, terminal_state_density, num_layers, layer_width,
DQN 8 8 0 1 0.25 0.25 2 32 15556 37.77 126.29
# Algorithm, state_space_size, action_space_size, delay, sequence_length, reward_density, terminal_state_density, num_layers, layer_width,
DQN 8 8 0 1 0.25 0.25 2 32 16136 37.77 126.29
# Algorithm, state_space_size, action_space_size, delay, sequence_length, reward_density, terminal_state_density, num_layers, layer_width,
DQN 8 8 0 1 0.25 0.25 2 32 16736 42.92 141.82
# Algorithm, state_space_size, action_space_size, delay, sequence_length, reward_density, terminal_state_density, num_layers, layer_width,
DQN 8 8 0 1 0.25 0.25 2 32 17332 45.64 150.03
# Algorithm, state_space_size, action_space_size, delay, sequence_length, reward_density, terminal_state_density, num_layers, layer_width,
DQN 8 8 0 1 0.25 0.25 2 32 17940 47.5 155.34
# Algorithm, state_space_size, action_space_size, delay, sequence_length, reward_density, terminal_state_density, num_layers, layer_width,
DQN 8 8 0 1 0.25 0.25 2 32 18544 48.92 159.61
# Algorithm, state_space_size, action_space_size, delay, sequence_length, reward_density, terminal_state_density, num_layers, layer_width,
DQN 8 8 0 1 0.25 0.25 2 32 19128 51.6 167.78
# Algorithm, state_space_size, action_space_size, delay, sequence_length, reward_density, terminal_state_density, num_layers, layer_width,
DQN 8 8 0 1 0.25 0.25 2 32 19692 51.96 168.87
# Algorithm, state_space_size, action_space_size, delay, sequence_length, reward_density, terminal_state_density, num_layers, layer_width,
DQN 8 8 0 1 0.25 0.25 2 32 20288 55.13 178.34
# Algorithm, state_space_size, action_space_size, delay, sequence_length, reward_density, terminal_state_density, num_layers, layer_width,
DQN 8 8 0 1 0.25 0.25 2 128 920 0.592 3.628
# Algorithm, state_space_size, action_space_size, delay, sequence_length, reward_density, terminal_state_density, num_layers, layer_width,
DQN 8 8 0 1 0.25 0.25 2 128 1844 0.5086705202312138 5.416184971098266
# Algorithm, state_space_size, action_space_size, delay, sequence_length, reward_density, terminal_state_density, num_layers, layer_width,
DQN 8 8 0 1 0.25 0.25 2 128 2352 0.57 7.54
# Algorithm, state_space_size, action_space_size, delay, sequence_length, reward_density, terminal_state_density, num_layers, layer_width,
DQN 8 8 0 1 0.25 0.25 2 128 2884 1.0151515151515151 2.813131313131313
# Algorithm, state_space_size, action_space_size, delay, sequence_length, reward_density, terminal_state_density, num_layers, layer_width,
DQN 8 8 0 1 0.25 0.25 2 128 3400 0.99609375 2.01171875
# Algorithm, state_space_size, action_space_size, delay, sequence_length, reward_density, terminal_state_density, num_layers, layer_width,
DQN 8 8 0 1 0.25 0.25 2 128 3912 0.996268656716418 1.9104477611940298
# Algorithm, state_space_size, action_space_size, delay, sequence_length, reward_density, terminal_state_density, num_layers, layer_width,
DQN 8 8 0 1 0.25 0.25 2 128 4504 3.43 6.85
# Algorithm, state_space_size, action_space_size, delay, sequence_length, reward_density, terminal_state_density, num_layers, layer_width,
DQN 8 8 0 1 0.25 0.25 2 128 5068 6.55 13.12
# Algorithm, state_space_size, action_space_size, delay, sequence_length, reward_density, terminal_state_density, num_layers, layer_width,
DQN 8 8 0 1 0.25 0.25 2 128 5660 9.2 18.46
# Algorithm, state_space_size, action_space_size, delay, sequence_length, reward_density, terminal_state_density, num_layers, layer_width,
DQN 8 8 0 1 0.25 0.25 2 128 6252 12.02 24.13
# Algorithm, state_space_size, action_space_size, delay, sequence_length, reward_density, terminal_state_density, num_layers, layer_width,
DQN 8 8 0 1 0.25 0.25 2 128 6852 15.41 30.92
# Algorithm, state_space_size, action_space_size, delay, sequence_length, reward_density, terminal_state_density, num_layers, layer_width,
DQN 8 8 0 1 0.25 0.25 2 128 7448 17.57 35.27
# Algorithm, state_space_size, action_space_size, delay, sequence_length, reward_density, terminal_state_density, num_layers, layer_width,
DQN 8 8 0 1 0.25 0.25 2 128 8008 19.8 39.75
# Algorithm, state_space_size, action_space_size, delay, sequence_length, reward_density, terminal_state_density, num_layers, layer_width,
DQN 8 8 0 1 0.25 0.25 2 128 8600 24.0 48.27
# Algorithm, state_space_size, action_space_size, delay, sequence_length, reward_density, terminal_state_density, num_layers, layer_width,
DQN 8 8 0 1 0.25 0.25 2 128 9192 26.33 53.05
# Algorithm, state_space_size, action_space_size, delay, sequence_length, reward_density, terminal_state_density, num_layers, layer_width,
DQN 8 8 0 1 0.25 0.25 2 128 9784 29.01 58.53
# Algorithm, state_space_size, action_space_size, delay, sequence_length, reward_density, terminal_state_density, num_layers, layer_width,
DQN 8 8 0 1 0.25 0.25 2 128 10376 32.54 65.68
# Algorithm, state_space_size, action_space_size, delay, sequence_length, reward_density, terminal_state_density, num_layers, layer_width,
DQN 8 8 0 1 0.25 0.25 2 128 10932 34.74 70.31
# Algorithm, state_space_size, action_space_size, delay, sequence_length, reward_density, terminal_state_density, num_layers, layer_width,
DQN 8 8 0 1 0.25 0.25 2 128 11524 37.46 75.89
# Algorithm, state_space_size, action_space_size, delay, sequence_length, reward_density, terminal_state_density, num_layers, layer_width,
DQN 8 8 0 1 0.25 0.25 2 128 12112 40.39 81.77
# Algorithm, state_space_size, action_space_size, delay, sequence_length, reward_density, terminal_state_density, num_layers, layer_width,
DQN 8 8 0 1 0.25 0.25 2 128 12700 41.99 85.06
# Algorithm, state_space_size, action_space_size, delay, sequence_length, reward_density, terminal_state_density, num_layers, layer_width,
DQN 8 8 0 1 0.25 0.25 2 128 13284 46.49 94.25
# Algorithm, state_space_size, action_space_size, delay, sequence_length, reward_density, terminal_state_density, num_layers, layer_width,
DQN 8 8 0 1 0.25 0.25 2 128 13832 49.14 99.68
# Algorithm, state_space_size, action_space_size, delay, sequence_length, reward_density, terminal_state_density, num_layers, layer_width,
DQN 8 8 0 1 0.25 0.25 2 128 14432 49.14 99.68
# Algorithm, state_space_size, action_space_size, delay, sequence_length, reward_density, terminal_state_density, num_layers, layer_width,
DQN 8 8 0 1 0.25 0.25 2 128 15020 54.34 110.23
# Algorithm, state_space_size, action_space_size, delay, sequence_length, reward_density, terminal_state_density, num_layers, layer_width,
DQN 8 8 0 1 0.25 0.25 2 128 15608 57.7 117.06
# Algorithm, state_space_size, action_space_size, delay, sequence_length, reward_density, terminal_state_density, num_layers, layer_width,
DQN 8 8 0 1 0.25 0.25 2 128 16208 57.7 117.06
# Algorithm, state_space_size, action_space_size, delay, sequence_length, reward_density, terminal_state_density, num_layers, layer_width,
DQN 8 8 0 1 0.25 0.25 2 128 16768 62.79 127.44
# Algorithm, state_space_size, action_space_size, delay, sequence_length, reward_density, terminal_state_density, num_layers, layer_width,
DQN 8 8 0 1 0.25 0.25 2 128 17356 65.89 133.78
# Algorithm, state_space_size, action_space_size, delay, sequence_length, reward_density, terminal_state_density, num_layers, layer_width,
DQN 8 8 0 1 0.25 0.25 2 128 17916 68.6 139.31
# Algorithm, state_space_size, action_space_size, delay, sequence_length, reward_density, terminal_state_density, num_layers, layer_width,
DQN 8 8 0 1 0.25 0.25 2 128 18512 70.7 143.57
# Algorithm, state_space_size, action_space_size, delay, sequence_length, reward_density, terminal_state_density, num_layers, layer_width,
DQN 8 8 0 1 0.25 0.25 2 128 19072 74.65 151.67
# Algorithm, state_space_size, action_space_size, delay, sequence_length, reward_density, terminal_state_density, num_layers, layer_width,
DQN 8 8 0 1 0.25 0.25 2 128 19612 74.87 152.11
# Algorithm, state_space_size, action_space_size, delay, sequence_length, reward_density, terminal_state_density, num_layers, layer_width,
DQN 8 8 0 1 0.25 0.25 2 128 20180 78.05 158.65
# Algorithm, state_space_size, action_space_size, delay, sequence_length, reward_density, terminal_state_density, num_layers, layer_width,
DQN 8 8 0 1 0.25 0.25 3 8 964 0.6117216117216118 3.5238095238095237
# Algorithm, state_space_size, action_space_size, delay, sequence_length, reward_density, terminal_state_density, num_layers, layer_width,
DQN 8 8 0 1 0.25 0.25 3 8 1936 0.49122807017543857 2.43609022556391
# Algorithm, state_space_size, action_space_size, delay, sequence_length, reward_density, terminal_state_density, num_layers, layer_width,
DQN 8 8 0 1 0.25 0.25 3 8 2392 0.3225806451612903 1.4741935483870967
# Algorithm, state_space_size, action_space_size, delay, sequence_length, reward_density, terminal_state_density, num_layers, layer_width,
DQN 8 8 0 1 0.25 0.25 3 8 2900 0.3825503355704698 1.7080536912751678
# Algorithm, state_space_size, action_space_size, delay, sequence_length, reward_density, terminal_state_density, num_layers, layer_width,
DQN 8 8 0 1 0.25 0.25 3 8 3400 0.39603960396039606 1.6501650165016502
# Algorithm, state_space_size, action_space_size, delay, sequence_length, reward_density, terminal_state_density, num_layers, layer_width,
DQN 8 8 0 1 0.25 0.25 3 8 3904 0.37012987012987014 1.6363636363636365
# Algorithm, state_space_size, action_space_size, delay, sequence_length, reward_density, terminal_state_density, num_layers, layer_width,
DQN 8 8 0 1 0.25 0.25 3 8 4412 0.34527687296416937 1.6449511400651466
# Algorithm, state_space_size, action_space_size, delay, sequence_length, reward_density, terminal_state_density, num_layers, layer_width,
DQN 8 8 0 1 0.25 0.25 3 8 4888 0.3931034482758621 1.6517241379310346
# Algorithm, state_space_size, action_space_size, delay, sequence_length, reward_density, terminal_state_density, num_layers, layer_width,
DQN 8 8 0 1 0.25 0.25 3 8 5396 0.34098360655737703 1.662295081967213
# Algorithm, state_space_size, action_space_size, delay, sequence_length, reward_density, terminal_state_density, num_layers, layer_width,
DQN 8 8 0 1 0.25 0.25 3 8 5904 0.35714285714285715 1.6525974025974026
# Algorithm, state_space_size, action_space_size, delay, sequence_length, reward_density, terminal_state_density, num_layers, layer_width,
DQN 8 8 0 1 0.25 0.25 3 8 6396 0.38321167883211676 1.7956204379562044
# Algorithm, state_space_size, action_space_size, delay, sequence_length, reward_density, terminal_state_density, num_layers, layer_width,
DQN 8 8 0 1 0.25 0.25 3 8 6904 0.3527397260273973 1.7397260273972603
# Algorithm, state_space_size, action_space_size, delay, sequence_length, reward_density, terminal_state_density, num_layers, layer_width,
DQN 8 8 0 1 0.25 0.25 3 8 7372 0.4068965517241379 1.6137931034482758
# Algorithm, state_space_size, action_space_size, delay, sequence_length, reward_density, terminal_state_density, num_layers, layer_width,
DQN 8 8 0 1 0.25 0.25 3 8 7880 0.5 1.8130081300813008
# Algorithm, state_space_size, action_space_size, delay, sequence_length, reward_density, terminal_state_density, num_layers, layer_width,
DQN 8 8 0 1 0.25 0.25 3 8 8472 0.49 1.81
# Algorithm, state_space_size, action_space_size, delay, sequence_length, reward_density, terminal_state_density, num_layers, layer_width,
DQN 8 8 0 1 0.25 0.25 3 8 9056 0.51 13.32
# Algorithm, state_space_size, action_space_size, delay, sequence_length, reward_density, terminal_state_density, num_layers, layer_width,
DQN 8 8 0 1 0.25 0.25 3 8 9640 0.5 19.75
# Algorithm, state_space_size, action_space_size, delay, sequence_length, reward_density, terminal_state_density, num_layers, layer_width,
DQN 8 8 0 1 0.25 0.25 3 8 10184 0.5 21.49
# Algorithm, state_space_size, action_space_size, delay, sequence_length, reward_density, terminal_state_density, num_layers, layer_width,
DQN 8 8 0 1 0.25 0.25 3 8 10772 0.48 29.42
# Algorithm, state_space_size, action_space_size, delay, sequence_length, reward_density, terminal_state_density, num_layers, layer_width,
DQN 8 8 0 1 0.25 0.25 3 8 11360 0.5 36.37
# Algorithm, state_space_size, action_space_size, delay, sequence_length, reward_density, terminal_state_density, num_layers, layer_width,
DQN 8 8 0 1 0.25 0.25 3 8 11876 1.0101010101010102 2.8838383838383836
# Algorithm, state_space_size, action_space_size, delay, sequence_length, reward_density, terminal_state_density, num_layers, layer_width,
DQN 8 8 0 1 0.25 0.25 3 8 12388 1.0 2.397196261682243
# Algorithm, state_space_size, action_space_size, delay, sequence_length, reward_density, terminal_state_density, num_layers, layer_width,
DQN 8 8 0 1 0.25 0.25 3 8 12860 0.9952153110047847 2.2535885167464116
# Algorithm, state_space_size, action_space_size, delay, sequence_length, reward_density, terminal_state_density, num_layers, layer_width,
DQN 8 8 0 1 0.25 0.25 3 8 13372 1.0127118644067796 2.169491525423729
# Algorithm, state_space_size, action_space_size, delay, sequence_length, reward_density, terminal_state_density, num_layers, layer_width,
DQN 8 8 0 1 0.25 0.25 3 8 13880 0.9957805907172996 2.1434599156118144
# Algorithm, state_space_size, action_space_size, delay, sequence_length, reward_density, terminal_state_density, num_layers, layer_width,
DQN 8 8 0 1 0.25 0.25 3 8 14388 0.9957081545064378 2.1759656652360513
# Algorithm, state_space_size, action_space_size, delay, sequence_length, reward_density, terminal_state_density, num_layers, layer_width,
DQN 8 8 0 1 0.25 0.25 3 8 14888 1.0043859649122806 2.1973684210526314
# Algorithm, state_space_size, action_space_size, delay, sequence_length, reward_density, terminal_state_density, num_layers, layer_width,
DQN 8 8 0 1 0.25 0.25 3 8 15336 1.02020202020202 2.257575757575758
# Algorithm, state_space_size, action_space_size, delay, sequence_length, reward_density, terminal_state_density, num_layers, layer_width,
DQN 8 8 0 1 0.25 0.25 3 8 15824 1.0045454545454546 2.2181818181818183
# Algorithm, state_space_size, action_space_size, delay, sequence_length, reward_density, terminal_state_density, num_layers, layer_width,
DQN 8 8 0 1 0.25 0.25 3 8 16332 1.0044247787610618 2.252212389380531
# Algorithm, state_space_size, action_space_size, delay, sequence_length, reward_density, terminal_state_density, num_layers, layer_width,
DQN 8 8 0 1 0.25 0.25 3 8 16836 0.9952380952380953 2.4
# Algorithm, state_space_size, action_space_size, delay, sequence_length, reward_density, terminal_state_density, num_layers, layer_width,
DQN 8 8 0 1 0.25 0.25 3 8 17356 1.0 2.6568047337278107
# Algorithm, state_space_size, action_space_size, delay, sequence_length, reward_density, terminal_state_density, num_layers, layer_width,
DQN 8 8 0 1 0.25 0.25 3 8 17940 2.26 7.91
# Algorithm, state_space_size, action_space_size, delay, sequence_length, reward_density, terminal_state_density, num_layers, layer_width,
DQN 8 8 0 1 0.25 0.25 3 8 18492 3.19 11.71
# Algorithm, state_space_size, action_space_size, delay, sequence_length, reward_density, terminal_state_density, num_layers, layer_width,
DQN 8 8 0 1 0.25 0.25 3 8 19080 4.66 17.65
# Algorithm, state_space_size, action_space_size, delay, sequence_length, reward_density, terminal_state_density, num_layers, layer_width,
DQN 8 8 0 1 0.25 0.25 3 8 19660 6.26 24.07
# Algorithm, state_space_size, action_space_size, delay, sequence_length, reward_density, terminal_state_density, num_layers, layer_width,
DQN 8 8 0 1 0.25 0.25 3 8 20240 8.06 31.27
# Algorithm, state_space_size, action_space_size, delay, sequence_length, reward_density, terminal_state_density, num_layers, layer_width,
DQN 8 8 0 1 0.25 0.25 3 32 940 0.6273764258555133 3.570342205323194
# Algorithm, state_space_size, action_space_size, delay, sequence_length, reward_density, terminal_state_density, num_layers, layer_width,
DQN 8 8 0 1 0.25 0.25 3 32 1916 0.3954983922829582 3.1382636655948555
# Algorithm, state_space_size, action_space_size, delay, sequence_length, reward_density, terminal_state_density, num_layers, layer_width,
DQN 8 8 0 1 0.25 0.25 3 32 2436 0.2565217391304348 2.265217391304348
# Algorithm, state_space_size, action_space_size, delay, sequence_length, reward_density, terminal_state_density, num_layers, layer_width,
DQN 8 8 0 1 0.25 0.25 3 32 2988 0.8761061946902655 3.15929203539823
# Algorithm, state_space_size, action_space_size, delay, sequence_length, reward_density, terminal_state_density, num_layers, layer_width,
DQN 8 8 0 1 0.25 0.25 3 32 3548 1.95 6.32
# Algorithm, state_space_size, action_space_size, delay, sequence_length, reward_density, terminal_state_density, num_layers, layer_width,
DQN 8 8 0 1 0.25 0.25 3 32 4132 4.94 15.4
# Algorithm, state_space_size, action_space_size, delay, sequence_length, reward_density, terminal_state_density, num_layers, layer_width,
DQN 8 8 0 1 0.25 0.25 3 32 4660 0.71875 3.30625
# Algorithm, state_space_size, action_space_size, delay, sequence_length, reward_density, terminal_state_density, num_layers, layer_width,
DQN 8 8 0 1 0.25 0.25 3 32 5224 1.87 6.75
# Algorithm, state_space_size, action_space_size, delay, sequence_length, reward_density, terminal_state_density, num_layers, layer_width,
DQN 8 8 0 1 0.25 0.25 3 32 5816 3.14 10.56
# Algorithm, state_space_size, action_space_size, delay, sequence_length, reward_density, terminal_state_density, num_layers, layer_width,
DQN 8 8 0 1 0.25 0.25 3 32 6384 4.89 15.81
# Algorithm, state_space_size, action_space_size, delay, sequence_length, reward_density, terminal_state_density, num_layers, layer_width,
DQN 8 8 0 1 0.25 0.25 3 32 6980 4.89 15.81
# Algorithm, state_space_size, action_space_size, delay, sequence_length, reward_density, terminal_state_density, num_layers, layer_width,
DQN 8 8 0 1 0.25 0.25 3 32 7572 9.75 30.37
# Algorithm, state_space_size, action_space_size, delay, sequence_length, reward_density, terminal_state_density, num_layers, layer_width,
DQN 8 8 0 1 0.25 0.25 3 32 8164 10.57 32.82
# Algorithm, state_space_size, action_space_size, delay, sequence_length, reward_density, terminal_state_density, num_layers, layer_width,
DQN 8 8 0 1 0.25 0.25 3 32 8768 12.89 39.75
# Algorithm, state_space_size, action_space_size, delay, sequence_length, reward_density, terminal_state_density, num_layers, layer_width,
DQN 8 8 0 1 0.25 0.25 3 32 9344 15.37 47.21
# Algorithm, state_space_size, action_space_size, delay, sequence_length, reward_density, terminal_state_density, num_layers, layer_width,
DQN 8 8 0 1 0.25 0.25 3 32 9924 17.12 52.47
# Algorithm, state_space_size, action_space_size, delay, sequence_length, reward_density, terminal_state_density, num_layers, layer_width,
DQN 8 8 0 1 0.25 0.25 3 32 10516 17.12 52.47
# Algorithm, state_space_size, action_space_size, delay, sequence_length, reward_density, terminal_state_density, num_layers, layer_width,
DQN 8 8 0 1 0.25 0.25 3 32 11108 20.45 62.47
# Algorithm, state_space_size, action_space_size, delay, sequence_length, reward_density, terminal_state_density, num_layers, layer_width,
DQN 8 8 0 1 0.25 0.25 3 32 11708 23.01 70.21
# Algorithm, state_space_size, action_space_size, delay, sequence_length, reward_density, terminal_state_density, num_layers, layer_width,
DQN 8 8 0 1 0.25 0.25 3 32 12276 23.01 70.21
# Algorithm, state_space_size, action_space_size, delay, sequence_length, reward_density, terminal_state_density, num_layers, layer_width,
DQN 8 8 0 1 0.25 0.25 3 32 12804 26.63 81.08
# Algorithm, state_space_size, action_space_size, delay, sequence_length, reward_density, terminal_state_density, num_layers, layer_width,
DQN 8 8 0 1 0.25 0.25 3 32 13368 28.28 85.95
# Algorithm, state_space_size, action_space_size, delay, sequence_length, reward_density, terminal_state_density, num_layers, layer_width,
DQN 8 8 0 1 0.25 0.25 3 32 13956 30.66 93.09
# Algorithm, state_space_size, action_space_size, delay, sequence_length, reward_density, terminal_state_density, num_layers, layer_width,
DQN 8 8 0 1 0.25 0.25 3 32 14548 31.58 95.86
# Algorithm, state_space_size, action_space_size, delay, sequence_length, reward_density, terminal_state_density, num_layers, layer_width,
DQN 8 8 0 1 0.25 0.25 3 32 15140 34.71 105.23
# Algorithm, state_space_size, action_space_size, delay, sequence_length, reward_density, terminal_state_density, num_layers, layer_width,
DQN 8 8 0 1 0.25 0.25 3 32 15692 36.53 110.69
# Algorithm, state_space_size, action_space_size, delay, sequence_length, reward_density, terminal_state_density, num_layers, layer_width,
DQN 8 8 0 1 0.25 0.25 3 32 16276 37.84 114.66
# Algorithm, state_space_size, action_space_size, delay, sequence_length, reward_density, terminal_state_density, num_layers, layer_width,
DQN 8 8 0 1 0.25 0.25 3 32 16860 39.63 119.99
# Algorithm, state_space_size, action_space_size, delay, sequence_length, reward_density, terminal_state_density, num_layers, layer_width,
DQN 8 8 0 1 0.25 0.25 3 32 17452 42.24 127.85
# Algorithm, state_space_size, action_space_size, delay, sequence_length, reward_density, terminal_state_density, num_layers, layer_width,
DQN 8 8 0 1 0.25 0.25 3 32 18036 43.51 131.63
# Algorithm, state_space_size, action_space_size, delay, sequence_length, reward_density, terminal_state_density, num_layers, layer_width,
DQN 8 8 0 1 0.25 0.25 3 32 18592 45.77 138.42
# Algorithm, state_space_size, action_space_size, delay, sequence_length, reward_density, terminal_state_density, num_layers, layer_width,
DQN 8 8 0 1 0.25 0.25 3 32 19184 47.74 144.29
# Algorithm, state_space_size, action_space_size, delay, sequence_length, reward_density, terminal_state_density, num_layers, layer_width,
DQN 8 8 0 1 0.25 0.25 3 32 19784 47.74 144.29
# Algorithm, state_space_size, action_space_size, delay, sequence_length, reward_density, terminal_state_density, num_layers, layer_width,
DQN 8 8 0 1 0.25 0.25 3 32 20380 47.74 144.29
# Algorithm, state_space_size, action_space_size, delay, sequence_length, reward_density, terminal_state_density, num_layers, layer_width,
DQN 8 8 0 1 0.25 0.25 3 128 836 0.6127659574468085 3.557446808510638
# Algorithm, state_space_size, action_space_size, delay, sequence_length, reward_density, terminal_state_density, num_layers, layer_width,
DQN 8 8 0 1 0.25 0.25 3 128 1792 0.5988700564971752 5.288135593220339
# Algorithm, state_space_size, action_space_size, delay, sequence_length, reward_density, terminal_state_density, num_layers, layer_width,
DQN 8 8 0 1 0.25 0.25 3 128 2368 0.73 7.32
# Algorithm, state_space_size, action_space_size, delay, sequence_length, reward_density, terminal_state_density, num_layers, layer_width,
DQN 8 8 0 1 0.25 0.25 3 128 2868 0.9620853080568721 2.3886255924170614
# Algorithm, state_space_size, action_space_size, delay, sequence_length, reward_density, terminal_state_density, num_layers, layer_width,
DQN 8 8 0 1 0.25 0.25 3 128 3368 1.0140845070422535 2.3427230046948355
# Algorithm, state_space_size, action_space_size, delay, sequence_length, reward_density, terminal_state_density, num_layers, layer_width,
DQN 8 8 0 1 0.25 0.25 3 128 3868 3.87 5.27
# Algorithm, state_space_size, action_space_size, delay, sequence_length, reward_density, terminal_state_density, num_layers, layer_width,
DQN 8 8 0 1 0.25 0.25 3 128 4432 7.76 10.58
# Algorithm, state_space_size, action_space_size, delay, sequence_length, reward_density, terminal_state_density, num_layers, layer_width,
DQN 8 8 0 1 0.25 0.25 3 128 4996 9.34 16.53
# Algorithm, state_space_size, action_space_size, delay, sequence_length, reward_density, terminal_state_density, num_layers, layer_width,
DQN 8 8 0 1 0.25 0.25 3 128 5552 11.29 19.56
# Algorithm, state_space_size, action_space_size, delay, sequence_length, reward_density, terminal_state_density, num_layers, layer_width,
DQN 8 8 0 1 0.25 0.25 3 128 6120 11.33 23.77
# Algorithm, state_space_size, action_space_size, delay, sequence_length, reward_density, terminal_state_density, num_layers, layer_width,
DQN 8 8 0 1 0.25 0.25 3 128 6672 11.33 23.77
# Algorithm, state_space_size, action_space_size, delay, sequence_length, reward_density, terminal_state_density, num_layers, layer_width,
DQN 8 8 0 1 0.25 0.25 3 128 7240 20.06 35.71
# Algorithm, state_space_size, action_space_size, delay, sequence_length, reward_density, terminal_state_density, num_layers, layer_width,
DQN 8 8 0 1 0.25 0.25 3 128 7816 23.72 42.06
# Algorithm, state_space_size, action_space_size, delay, sequence_length, reward_density, terminal_state_density, num_layers, layer_width,
DQN 8 8 0 1 0.25 0.25 3 128 8388 25.39 44.53
# Algorithm, state_space_size, action_space_size, delay, sequence_length, reward_density, terminal_state_density, num_layers, layer_width,
DQN 8 8 0 1 0.25 0.25 3 128 8944 33.1 55.29
# Algorithm, state_space_size, action_space_size, delay, sequence_length, reward_density, terminal_state_density, num_layers, layer_width,
DQN 8 8 0 1 0.25 0.25 3 128 9452 33.1 55.29
# Algorithm, state_space_size, action_space_size, delay, sequence_length, reward_density, terminal_state_density, num_layers, layer_width,
DQN 8 8 0 1 0.25 0.25 3 128 10024 40.36 65.92
# Algorithm, state_space_size, action_space_size, delay, sequence_length, reward_density, terminal_state_density, num_layers, layer_width,
DQN 8 8 0 1 0.25 0.25 3 128 10600 40.36 65.92
# Algorithm, state_space_size, action_space_size, delay, sequence_length, reward_density, terminal_state_density, num_layers, layer_width,
DQN 8 8 0 1 0.25 0.25 3 128 11168 47.52 77.46
# Algorithm, state_space_size, action_space_size, delay, sequence_length, reward_density, terminal_state_density, num_layers, layer_width,
DQN 8 8 0 1 0.25 0.25 3 128 11720 48.79 81.62
# Algorithm, state_space_size, action_space_size, delay, sequence_length, reward_density, terminal_state_density, num_layers, layer_width,
DQN 8 8 0 1 0.25 0.25 3 128 12260 48.72 85.03
# Algorithm, state_space_size, action_space_size, delay, sequence_length, reward_density, terminal_state_density, num_layers, layer_width,
DQN 8 8 0 1 0.25 0.25 3 128 12800 48.66 92.37
# Algorithm, state_space_size, action_space_size, delay, sequence_length, reward_density, terminal_state_density, num_layers, layer_width,
DQN 8 8 0 1 0.25 0.25 3 128 13360 53.46 97.55
# Algorithm, state_space_size, action_space_size, delay, sequence_length, reward_density, terminal_state_density, num_layers, layer_width,
DQN 8 8 0 1 0.25 0.25 3 128 13924 58.33 103.83
# Algorithm, state_space_size, action_space_size, delay, sequence_length, reward_density, terminal_state_density, num_layers, layer_width,
DQN 8 8 0 1 0.25 0.25 3 128 14484 61.68 107.26
# Algorithm, state_space_size, action_space_size, delay, sequence_length, reward_density, terminal_state_density, num_layers, layer_width,
DQN 8 8 0 1 0.25 0.25 3 128 15020 69.01 114.71
# Algorithm, state_space_size, action_space_size, delay, sequence_length, reward_density, terminal_state_density, num_layers, layer_width,
DQN 8 8 0 1 0.25 0.25 3 128 15584 73.58 119.25
# Algorithm, state_space_size, action_space_size, delay, sequence_length, reward_density, terminal_state_density, num_layers, layer_width,
DQN 8 8 0 1 0.25 0.25 3 128 16144 70.99 113.06
# Algorithm, state_space_size, action_space_size, delay, sequence_length, reward_density, terminal_state_density, num_layers, layer_width,
DQN 8 8 0 1 0.25 0.25 3 128 16704 59.93 88.12
# Algorithm, state_space_size, action_space_size, delay, sequence_length, reward_density, terminal_state_density, num_layers, layer_width,
DQN 8 8 0 1 0.25 0.25 3 128 17268 50.32 73.81
# Algorithm, state_space_size, action_space_size, delay, sequence_length, reward_density, terminal_state_density, num_layers, layer_width,
DQN 8 8 0 1 0.25 0.25 3 128 17808 49.15 68.91
# Algorithm, state_space_size, action_space_size, delay, sequence_length, reward_density, terminal_state_density, num_layers, layer_width,
DQN 8 8 0 1 0.25 0.25 3 128 18372 54.01 69.91
# Algorithm, state_space_size, action_space_size, delay, sequence_length, reward_density, terminal_state_density, num_layers, layer_width,
DQN 8 8 0 1 0.25 0.25 3 128 18944 58.19 73.23
# Algorithm, state_space_size, action_space_size, delay, sequence_length, reward_density, terminal_state_density, num_layers, layer_width,
DQN 8 8 0 1 0.25 0.25 3 128 19508 63.58 74.89
# Algorithm, state_space_size, action_space_size, delay, sequence_length, reward_density, terminal_state_density, num_layers, layer_width,
DQN 8 8 0 1 0.25 0.25 3 128 20080 67.52 78.83
# Algorithm, state_space_size, action_space_size, delay, sequence_length, reward_density, terminal_state_density, num_layers, layer_width,
DQN 8 8 0 1 0.25 0.25 4 8 1000 0.8225108225108225 4.324675324675325
# Algorithm, state_space_size, action_space_size, delay, sequence_length, reward_density, terminal_state_density, num_layers, layer_width,
DQN 8 8 0 1 0.25 0.25 4 8 2004 0.6043478260869565 4.304347826086956
# Algorithm, state_space_size, action_space_size, delay, sequence_length, reward_density, terminal_state_density, num_layers, layer_width,
DQN 8 8 0 1 0.25 0.25 4 8 2580 0.61 9.6
# Algorithm, state_space_size, action_space_size, delay, sequence_length, reward_density, terminal_state_density, num_layers, layer_width,
DQN 8 8 0 1 0.25 0.25 4 8 3144 0.61 14.14
# Algorithm, state_space_size, action_space_size, delay, sequence_length, reward_density, terminal_state_density, num_layers, layer_width,
DQN 8 8 0 1 0.25 0.25 4 8 3696 0.59 16.13
# Algorithm, state_space_size, action_space_size, delay, sequence_length, reward_density, terminal_state_density, num_layers, layer_width,
DQN 8 8 0 1 0.25 0.25 4 8 4284 0.61 22.76
# Algorithm, state_space_size, action_space_size, delay, sequence_length, reward_density, terminal_state_density, num_layers, layer_width,
DQN 8 8 0 1 0.25 0.25 4 8 4856 0.58 30.33
# Algorithm, state_space_size, action_space_size, delay, sequence_length, reward_density, terminal_state_density, num_layers, layer_width,
DQN 8 8 0 1 0.25 0.25 4 8 5432 0.49 34.51
# Algorithm, state_space_size, action_space_size, delay, sequence_length, reward_density, terminal_state_density, num_layers, layer_width,
DQN 8 8 0 1 0.25 0.25 4 8 5980 0.34 29.56
# Algorithm, state_space_size, action_space_size, delay, sequence_length, reward_density, terminal_state_density, num_layers, layer_width,
DQN 8 8 0 1 0.25 0.25 4 8 6492 0.3 11.75
# Algorithm, state_space_size, action_space_size, delay, sequence_length, reward_density, terminal_state_density, num_layers, layer_width,
DQN 8 8 0 1 0.25 0.25 4 8 7048 0.32 14.61
# Algorithm, state_space_size, action_space_size, delay, sequence_length, reward_density, terminal_state_density, num_layers, layer_width,
DQN 8 8 0 1 0.25 0.25 4 8 7624 0.31 19.76
# Algorithm, state_space_size, action_space_size, delay, sequence_length, reward_density, terminal_state_density, num_layers, layer_width,
DQN 8 8 0 1 0.25 0.25 4 8 8208 0.34 22.53
# Algorithm, state_space_size, action_space_size, delay, sequence_length, reward_density, terminal_state_density, num_layers, layer_width,
DQN 8 8 0 1 0.25 0.25 4 8 8760 0.38 22.83
# Algorithm, state_space_size, action_space_size, delay, sequence_length, reward_density, terminal_state_density, num_layers, layer_width,
DQN 8 8 0 1 0.25 0.25 4 8 9288 0.38 22.83
# Algorithm, state_space_size, action_space_size, delay, sequence_length, reward_density, terminal_state_density, num_layers, layer_width,
DQN 8 8 0 1 0.25 0.25 4 8 9852 0.37 18.02
# Algorithm, state_space_size, action_space_size, delay, sequence_length, reward_density, terminal_state_density, num_layers, layer_width,
DQN 8 8 0 1 0.25 0.25 4 8 10432 1.01 21.66
# Algorithm, state_space_size, action_space_size, delay, sequence_length, reward_density, terminal_state_density, num_layers, layer_width,
DQN 8 8 0 1 0.25 0.25 4 8 11020 2.72 26.79
# Algorithm, state_space_size, action_space_size, delay, sequence_length, reward_density, terminal_state_density, num_layers, layer_width,
DQN 8 8 0 1 0.25 0.25 4 8 11592 3.57 29.37
# Algorithm, state_space_size, action_space_size, delay, sequence_length, reward_density, terminal_state_density, num_layers, layer_width,
DQN 8 8 0 1 0.25 0.25 4 8 12148 3.58 32.32
# Algorithm, state_space_size, action_space_size, delay, sequence_length, reward_density, terminal_state_density, num_layers, layer_width,
DQN 8 8 0 1 0.25 0.25 4 8 12732 6.46 40.98
# Algorithm, state_space_size, action_space_size, delay, sequence_length, reward_density, terminal_state_density, num_layers, layer_width,
DQN 8 8 0 1 0.25 0.25 4 8 13312 7.08 42.84
# Algorithm, state_space_size, action_space_size, delay, sequence_length, reward_density, terminal_state_density, num_layers, layer_width,
DQN 8 8 0 1 0.25 0.25 4 8 13892 9.15 50.04
# Algorithm, state_space_size, action_space_size, delay, sequence_length, reward_density, terminal_state_density, num_layers, layer_width,
DQN 8 8 0 1 0.25 0.25 4 8 14472 10.81 55.05
# Algorithm, state_space_size, action_space_size, delay, sequence_length, reward_density, terminal_state_density, num_layers, layer_width,
DQN 8 8 0 1 0.25 0.25 4 8 15032 13.09 61.95
# Algorithm, state_space_size, action_space_size, delay, sequence_length, reward_density, terminal_state_density, num_layers, layer_width,
DQN 8 8 0 1 0.25 0.25 4 8 15608 15.15 68.18
# Algorithm, state_space_size, action_space_size, delay, sequence_length, reward_density, terminal_state_density, num_layers, layer_width,
DQN 8 8 0 1 0.25 0.25 4 8 16180 17.35 74.79
# Algorithm, state_space_size, action_space_size, delay, sequence_length, reward_density, terminal_state_density, num_layers, layer_width,
DQN 8 8 0 1 0.25 0.25 4 8 16764 18.11 76.12
# Algorithm, state_space_size, action_space_size, delay, sequence_length, reward_density, terminal_state_density, num_layers, layer_width,
DQN 8 8 0 1 0.25 0.25 4 8 17348 20.86 84.2
# Algorithm, state_space_size, action_space_size, delay, sequence_length, reward_density, terminal_state_density, num_layers, layer_width,
DQN 8 8 0 1 0.25 0.25 4 8 17928 22.26 88.21
# Algorithm, state_space_size, action_space_size, delay, sequence_length, reward_density, terminal_state_density, num_layers, layer_width,
DQN 8 8 0 1 0.25 0.25 4 8 18484 23.69 92.53
# Algorithm, state_space_size, action_space_size, delay, sequence_length, reward_density, terminal_state_density, num_layers, layer_width,
DQN 8 8 0 1 0.25 0.25 4 8 19068 27.27 95.52
# Algorithm, state_space_size, action_space_size, delay, sequence_length, reward_density, terminal_state_density, num_layers, layer_width,
DQN 8 8 0 1 0.25 0.25 4 8 19648 28.28 98.57
# Algorithm, state_space_size, action_space_size, delay, sequence_length, reward_density, terminal_state_density, num_layers, layer_width,
DQN 8 8 0 1 0.25 0.25 4 8 20236 30.91 106.49
# Algorithm, state_space_size, action_space_size, delay, sequence_length, reward_density, terminal_state_density, num_layers, layer_width,
DQN 8 8 0 1 0.25 0.25 4 32 936 0.8194444444444444 4.305555555555555
# Algorithm, state_space_size, action_space_size, delay, sequence_length, reward_density, terminal_state_density, num_layers, layer_width,
DQN 8 8 0 1 0.25 0.25 4 32 1900 0.8016194331983806 3.923076923076923
# Algorithm, state_space_size, action_space_size, delay, sequence_length, reward_density, terminal_state_density, num_layers, layer_width,
DQN 8 8 0 1 0.25 0.25 4 32 2444 0.85 7.86
# Algorithm, state_space_size, action_space_size, delay, sequence_length, reward_density, terminal_state_density, num_layers, layer_width,
DQN 8 8 0 1 0.25 0.25 4 32 3016 2.08 12.76
# Algorithm, state_space_size, action_space_size, delay, sequence_length, reward_density, terminal_state_density, num_layers, layer_width,
DQN 8 8 0 1 0.25 0.25 4 32 3528 3.02 16.5
# Algorithm, state_space_size, action_space_size, delay, sequence_length, reward_density, terminal_state_density, num_layers, layer_width,
DQN 8 8 0 1 0.25 0.25 4 32 4092 4.67 23.1
# Algorithm, state_space_size, action_space_size, delay, sequence_length, reward_density, terminal_state_density, num_layers, layer_width,
DQN 8 8 0 1 0.25 0.25 4 32 4664 6.34 29.77
# Algorithm, state_space_size, action_space_size, delay, sequence_length, reward_density, terminal_state_density, num_layers, layer_width,
DQN 8 8 0 1 0.25 0.25 4 32 5232 6.83 31.69
# Algorithm, state_space_size, action_space_size, delay, sequence_length, reward_density, terminal_state_density, num_layers, layer_width,
DQN 8 8 0 1 0.25 0.25 4 32 5808 8.0 36.39
# Algorithm, state_space_size, action_space_size, delay, sequence_length, reward_density, terminal_state_density, num_layers, layer_width,
DQN 8 8 0 1 0.25 0.25 4 32 6372 8.0 36.39
# Algorithm, state_space_size, action_space_size, delay, sequence_length, reward_density, terminal_state_density, num_layers, layer_width,
DQN 8 8 0 1 0.25 0.25 4 32 6936 11.38 49.8
# Algorithm, state_space_size, action_space_size, delay, sequence_length, reward_density, terminal_state_density, num_layers, layer_width,
DQN 8 8 0 1 0.25 0.25 4 32 7508 12.02 52.42
# Algorithm, state_space_size, action_space_size, delay, sequence_length, reward_density, terminal_state_density, num_layers, layer_width,
DQN 8 8 0 1 0.25 0.25 4 32 8084 13.95 60.21
# Algorithm, state_space_size, action_space_size, delay, sequence_length, reward_density, terminal_state_density, num_layers, layer_width,
DQN 8 8 0 1 0.25 0.25 4 32 8636 16.03 68.54
# Algorithm, state_space_size, action_space_size, delay, sequence_length, reward_density, terminal_state_density, num_layers, layer_width,
DQN 8 8 0 1 0.25 0.25 4 32 9204 16.32 69.61
# Algorithm, state_space_size, action_space_size, delay, sequence_length, reward_density, terminal_state_density, num_layers, layer_width,
DQN 8 8 0 1 0.25 0.25 4 32 9748 18.38 77.9
# Algorithm, state_space_size, action_space_size, delay, sequence_length, reward_density, terminal_state_density, num_layers, layer_width,
DQN 8 8 0 1 0.25 0.25 4 32 10316 20.1 84.71
# Algorithm, state_space_size, action_space_size, delay, sequence_length, reward_density, terminal_state_density, num_layers, layer_width,
DQN 8 8 0 1 0.25 0.25 4 32 10880 21.39 89.85
# Algorithm, state_space_size, action_space_size, delay, sequence_length, reward_density, terminal_state_density, num_layers, layer_width,
DQN 8 8 0 1 0.25 0.25 4 32 11448 22.83 95.62
# Algorithm, state_space_size, action_space_size, delay, sequence_length, reward_density, terminal_state_density, num_layers, layer_width,
DQN 8 8 0 1 0.25 0.25 4 32 12020 23.23 97.26
# Algorithm, state_space_size, action_space_size, delay, sequence_length, reward_density, terminal_state_density, num_layers, layer_width,
DQN 8 8 0 1 0.25 0.25 4 32 12564 23.23 97.26
# Algorithm, state_space_size, action_space_size, delay, sequence_length, reward_density, terminal_state_density, num_layers, layer_width,
DQN 8 8 0 1 0.25 0.25 4 32 13128 26.87 111.85
# Algorithm, state_space_size, action_space_size, delay, sequence_length, reward_density, terminal_state_density, num_layers, layer_width,
DQN 8 8 0 1 0.25 0.25 4 32 13700 28.4 117.93
# Algorithm, state_space_size, action_space_size, delay, sequence_length, reward_density, terminal_state_density, num_layers, layer_width,
DQN 8 8 0 1 0.25 0.25 4 32 14276 29.57 122.64
# Algorithm, state_space_size, action_space_size, delay, sequence_length, reward_density, terminal_state_density, num_layers, layer_width,
DQN 8 8 0 1 0.25 0.25 4 32 14844 31.34 129.81
# Algorithm, state_space_size, action_space_size, delay, sequence_length, reward_density, terminal_state_density, num_layers, layer_width,
DQN 8 8 0 1 0.25 0.25 4 32 15380 32.67 135.12
# Algorithm, state_space_size, action_space_size, delay, sequence_length, reward_density, terminal_state_density, num_layers, layer_width,
DQN 8 8 0 1 0.25 0.25 4 32 15952 33.99 140.46
# Algorithm, state_space_size, action_space_size, delay, sequence_length, reward_density, terminal_state_density, num_layers, layer_width,
DQN 8 8 0 1 0.25 0.25 4 32 16524 35.12 144.98
# Algorithm, state_space_size, action_space_size, delay, sequence_length, reward_density, terminal_state_density, num_layers, layer_width,
DQN 8 8 0 1 0.25 0.25 4 32 17096 36.64 151.02
# Algorithm, state_space_size, action_space_size, delay, sequence_length, reward_density, terminal_state_density, num_layers, layer_width,
DQN 8 8 0 1 0.25 0.25 4 32 17660 37.77 155.58
# Algorithm, state_space_size, action_space_size, delay, sequence_length, reward_density, terminal_state_density, num_layers, layer_width,
DQN 8 8 0 1 0.25 0.25 4 32 18200 37.77 155.58
# Algorithm, state_space_size, action_space_size, delay, sequence_length, reward_density, terminal_state_density, num_layers, layer_width,
DQN 8 8 0 1 0.25 0.25 4 32 18776 37.77 155.58
# Algorithm, state_space_size, action_space_size, delay, sequence_length, reward_density, terminal_state_density, num_layers, layer_width,
DQN 8 8 0 1 0.25 0.25 4 32 19344 42.01 172.43
# Algorithm, state_space_size, action_space_size, delay, sequence_length, reward_density, terminal_state_density, num_layers, layer_width,
DQN 8 8 0 1 0.25 0.25 4 32 19912 42.78 175.44
# Algorithm, state_space_size, action_space_size, delay, sequence_length, reward_density, terminal_state_density, num_layers, layer_width,
DQN 8 8 0 1 0.25 0.25 4 32 20460 44.77 183.38
# Algorithm, state_space_size, action_space_size, delay, sequence_length, reward_density, terminal_state_density, num_layers, layer_width,
DQN 8 8 0 1 0.25 0.25 4 128 892 0.8357487922705314 4.304347826086956
# Algorithm, state_space_size, action_space_size, delay, sequence_length, reward_density, terminal_state_density, num_layers, layer_width,
DQN 8 8 0 1 0.25 0.25 4 128 1836 0.8067632850241546 4.5603864734299515
# Algorithm, state_space_size, action_space_size, delay, sequence_length, reward_density, terminal_state_density, num_layers, layer_width,
DQN 8 8 0 1 0.25 0.25 4 128 2372 0.98 6.9
# Algorithm, state_space_size, action_space_size, delay, sequence_length, reward_density, terminal_state_density, num_layers, layer_width,
DQN 8 8 0 1 0.25 0.25 4 128 2920 1.37 12.37
# Algorithm, state_space_size, action_space_size, delay, sequence_length, reward_density, terminal_state_density, num_layers, layer_width,
DQN 8 8 0 1 0.25 0.25 4 128 3440 3.21 16.01
# Algorithm, state_space_size, action_space_size, delay, sequence_length, reward_density, terminal_state_density, num_layers, layer_width,
DQN 8 8 0 1 0.25 0.25 4 128 4000 6.37 22.28
# Algorithm, state_space_size, action_space_size, delay, sequence_length, reward_density, terminal_state_density, num_layers, layer_width,
DQN 8 8 0 1 0.25 0.25 4 128 4556 9.05 27.99
# Algorithm, state_space_size, action_space_size, delay, sequence_length, reward_density, terminal_state_density, num_layers, layer_width,
DQN 8 8 0 1 0.25 0.25 4 128 5112 10.67 31.22
# Algorithm, state_space_size, action_space_size, delay, sequence_length, reward_density, terminal_state_density, num_layers, layer_width,
DQN 8 8 0 1 0.25 0.25 4 128 5664 14.57 39.0
# Algorithm, state_space_size, action_space_size, delay, sequence_length, reward_density, terminal_state_density, num_layers, layer_width,
DQN 8 8 0 1 0.25 0.25 4 128 6196 14.57 39.0
# Algorithm, state_space_size, action_space_size, delay, sequence_length, reward_density, terminal_state_density, num_layers, layer_width,
DQN 8 8 0 1 0.25 0.25 4 128 6748 17.64 46.54
# Algorithm, state_space_size, action_space_size, delay, sequence_length, reward_density, terminal_state_density, num_layers, layer_width,
DQN 8 8 0 1 0.25 0.25 4 128 7304 21.6 55.07
# Algorithm, state_space_size, action_space_size, delay, sequence_length, reward_density, terminal_state_density, num_layers, layer_width,
DQN 8 8 0 1 0.25 0.25 4 128 7856 23.25 58.35
# Algorithm, state_space_size, action_space_size, delay, sequence_length, reward_density, terminal_state_density, num_layers, layer_width,
DQN 8 8 0 1 0.25 0.25 4 128 8392 23.25 58.35
# Algorithm, state_space_size, action_space_size, delay, sequence_length, reward_density, terminal_state_density, num_layers, layer_width,
DQN 8 8 0 1 0.25 0.25 4 128 8904 25.17 68.82
# Algorithm, state_space_size, action_space_size, delay, sequence_length, reward_density, terminal_state_density, num_layers, layer_width,
DQN 8 8 0 1 0.25 0.25 4 128 9456 25.17 68.82
# Algorithm, state_space_size, action_space_size, delay, sequence_length, reward_density, terminal_state_density, num_layers, layer_width,
DQN 8 8 0 1 0.25 0.25 4 128 10008 30.22 78.94
# Algorithm, state_space_size, action_space_size, delay, sequence_length, reward_density, terminal_state_density, num_layers, layer_width,
DQN 8 8 0 1 0.25 0.25 4 128 10564 32.71 83.95
# Algorithm, state_space_size, action_space_size, delay, sequence_length, reward_density, terminal_state_density, num_layers, layer_width,
DQN 8 8 0 1 0.25 0.25 4 128 11112 37.06 92.69
# Algorithm, state_space_size, action_space_size, delay, sequence_length, reward_density, terminal_state_density, num_layers, layer_width,
DQN 8 8 0 1 0.25 0.25 4 128 11628 38.17 94.86
# Algorithm, state_space_size, action_space_size, delay, sequence_length, reward_density, terminal_state_density, num_layers, layer_width,
DQN 8 8 0 1 0.25 0.25 4 128 12188 38.17 94.86
# Algorithm, state_space_size, action_space_size, delay, sequence_length, reward_density, terminal_state_density, num_layers, layer_width,
DQN 8 8 0 1 0.25 0.25 4 128 12740 38.17 94.86
# Algorithm, state_space_size, action_space_size, delay, sequence_length, reward_density, terminal_state_density, num_layers, layer_width,
DQN 8 8 0 1 0.25 0.25 4 128 13288 46.59 111.81
# Algorithm, state_space_size, action_space_size, delay, sequence_length, reward_density, terminal_state_density, num_layers, layer_width,
DQN 8 8 0 1 0.25 0.25 4 128 13848 46.59 111.81
# Algorithm, state_space_size, action_space_size, delay, sequence_length, reward_density, terminal_state_density, num_layers, layer_width,
DQN 8 8 0 1 0.25 0.25 4 128 14372 51.81 122.25
# Algorithm, state_space_size, action_space_size, delay, sequence_length, reward_density, terminal_state_density, num_layers, layer_width,
DQN 8 8 0 1 0.25 0.25 4 128 14928 51.81 122.25
# Algorithm, state_space_size, action_space_size, delay, sequence_length, reward_density, terminal_state_density, num_layers, layer_width,
DQN 8 8 0 1 0.25 0.25 4 128 15472 58.27 135.2
# Algorithm, state_space_size, action_space_size, delay, sequence_length, reward_density, terminal_state_density, num_layers, layer_width,
DQN 8 8 0 1 0.25 0.25 4 128 16028 60.45 139.6
# Algorithm, state_space_size, action_space_size, delay, sequence_length, reward_density, terminal_state_density, num_layers, layer_width,
DQN 8 8 0 1 0.25 0.25 4 128 16560 62.61 143.72
# Algorithm, state_space_size, action_space_size, delay, sequence_length, reward_density, terminal_state_density, num_layers, layer_width,
DQN 8 8 0 1 0.25 0.25 4 128 17036 65.53 149.42
# Algorithm, state_space_size, action_space_size, delay, sequence_length, reward_density, terminal_state_density, num_layers, layer_width,
DQN 8 8 0 1 0.25 0.25 4 128 17576 68.0 154.77
# Algorithm, state_space_size, action_space_size, delay, sequence_length, reward_density, terminal_state_density, num_layers, layer_width,
DQN 8 8 0 1 0.25 0.25 4 128 18124 68.0 154.77
# Algorithm, state_space_size, action_space_size, delay, sequence_length, reward_density, terminal_state_density, num_layers, layer_width,
DQN 8 8 0 1 0.25 0.25 4 128 18676 68.0 154.77
# Algorithm, state_space_size, action_space_size, delay, sequence_length, reward_density, terminal_state_density, num_layers, layer_width,
DQN 8 8 0 1 0.25 0.25 4 128 19232 75.25 169.92
# Algorithm, state_space_size, action_space_size, delay, sequence_length, reward_density, terminal_state_density, num_layers, layer_width,
DQN 8 8 0 1 0.25 0.25 4 128 19748 76.23 171.87
# Algorithm, state_space_size, action_space_size, delay, sequence_length, reward_density, terminal_state_density, num_layers, layer_width,
DQN 8 8 0 1 0.25 0.25 4 128 20296 80.65 180.85
