# Algorithm, state_space_size, action_space_size, delay, sequence_length, reward_density, terminal_state_density, num_layers, layer_width, learning_starts, target_network_update_freq,
DQN 8 8 0 1 0.25 0.25 2 256 1000 80 884 0.5800865800865801 3.8225108225108224
# Algorithm, state_space_size, action_space_size, delay, sequence_length, reward_density, terminal_state_density, num_layers, layer_width, learning_starts, target_network_update_freq,
DQN 8 8 0 1 0.25 0.25 2 256 1000 80 1372 1.096551724137931 3.3655172413793104
# Algorithm, state_space_size, action_space_size, delay, sequence_length, reward_density, terminal_state_density, num_layers, layer_width, learning_starts, target_network_update_freq,
DQN 8 8 0 1 0.25 0.25 2 256 1000 80 1768 1.025974025974026 2.5454545454545454
# Algorithm, state_space_size, action_space_size, delay, sequence_length, reward_density, terminal_state_density, num_layers, layer_width, learning_starts, target_network_update_freq,
DQN 8 8 0 1 0.25 0.25 2 256 1000 80 2244 1.9416666666666667 3.925
# Algorithm, state_space_size, action_space_size, delay, sequence_length, reward_density, terminal_state_density, num_layers, layer_width, learning_starts, target_network_update_freq,
DQN 8 8 0 1 0.25 0.25 2 256 1000 80 2772 2.1 4.24
# Algorithm, state_space_size, action_space_size, delay, sequence_length, reward_density, terminal_state_density, num_layers, layer_width, learning_starts, target_network_update_freq,
DQN 8 8 0 1 0.25 0.25 2 256 1000 80 3284 5.6 11.4
# Algorithm, state_space_size, action_space_size, delay, sequence_length, reward_density, terminal_state_density, num_layers, layer_width, learning_starts, target_network_update_freq,
DQN 8 8 0 1 0.25 0.25 2 256 1000 80 3804 8.93 19.76
# Algorithm, state_space_size, action_space_size, delay, sequence_length, reward_density, terminal_state_density, num_layers, layer_width, learning_starts, target_network_update_freq,
DQN 8 8 0 1 0.25 0.25 2 256 1000 80 4228 8.92 21.24
# Algorithm, state_space_size, action_space_size, delay, sequence_length, reward_density, terminal_state_density, num_layers, layer_width, learning_starts, target_network_update_freq,
DQN 8 8 0 1 0.25 0.25 2 256 1000 80 4692 11.54 26.5
# Algorithm, state_space_size, action_space_size, delay, sequence_length, reward_density, terminal_state_density, num_layers, layer_width, learning_starts, target_network_update_freq,
DQN 8 8 0 1 0.25 0.25 2 256 1000 80 5120 11.54 26.5
# Algorithm, state_space_size, action_space_size, delay, sequence_length, reward_density, terminal_state_density, num_layers, layer_width, learning_starts, target_network_update_freq,
DQN 8 8 0 1 0.25 0.25 2 256 1000 80 5600 16.59 36.65
# Algorithm, state_space_size, action_space_size, delay, sequence_length, reward_density, terminal_state_density, num_layers, layer_width, learning_starts, target_network_update_freq,
DQN 8 8 0 1 0.25 0.25 2 256 1000 80 6076 19.29 42.14
# Algorithm, state_space_size, action_space_size, delay, sequence_length, reward_density, terminal_state_density, num_layers, layer_width, learning_starts, target_network_update_freq,
DQN 8 8 0 1 0.25 0.25 2 256 1000 80 6496 21.19 45.98
# Algorithm, state_space_size, action_space_size, delay, sequence_length, reward_density, terminal_state_density, num_layers, layer_width, learning_starts, target_network_update_freq,
DQN 8 8 0 1 0.25 0.25 2 256 1000 80 6944 21.19 45.98
# Algorithm, state_space_size, action_space_size, delay, sequence_length, reward_density, terminal_state_density, num_layers, layer_width, learning_starts, target_network_update_freq,
DQN 8 8 0 1 0.25 0.25 2 256 1000 80 7416 24.92 54.63
# Algorithm, state_space_size, action_space_size, delay, sequence_length, reward_density, terminal_state_density, num_layers, layer_width, learning_starts, target_network_update_freq,
DQN 8 8 0 1 0.25 0.25 2 256 1000 80 7888 24.92 54.63
# Algorithm, state_space_size, action_space_size, delay, sequence_length, reward_density, terminal_state_density, num_layers, layer_width, learning_starts, target_network_update_freq,
DQN 8 8 0 1 0.25 0.25 2 256 1000 80 8356 24.92 54.63
# Algorithm, state_space_size, action_space_size, delay, sequence_length, reward_density, terminal_state_density, num_layers, layer_width, learning_starts, target_network_update_freq,
DQN 8 8 0 1 0.25 0.25 2 256 1000 80 8828 31.09 67.1
# Algorithm, state_space_size, action_space_size, delay, sequence_length, reward_density, terminal_state_density, num_layers, layer_width, learning_starts, target_network_update_freq,
DQN 8 8 0 1 0.25 0.25 2 256 1000 80 9220 33.63 72.24
# Algorithm, state_space_size, action_space_size, delay, sequence_length, reward_density, terminal_state_density, num_layers, layer_width, learning_starts, target_network_update_freq,
DQN 8 8 0 1 0.25 0.25 2 256 1000 80 9656 36.1 77.23
# Algorithm, state_space_size, action_space_size, delay, sequence_length, reward_density, terminal_state_density, num_layers, layer_width, learning_starts, target_network_update_freq,
DQN 8 8 0 1 0.25 0.25 2 256 1000 80 10056 36.1 77.23
# Algorithm, state_space_size, action_space_size, delay, sequence_length, reward_density, terminal_state_density, num_layers, layer_width, learning_starts, target_network_update_freq,
DQN 8 8 0 1 0.25 0.25 2 256 1000 80 10532 40.14 85.37
# Algorithm, state_space_size, action_space_size, delay, sequence_length, reward_density, terminal_state_density, num_layers, layer_width, learning_starts, target_network_update_freq,
DQN 8 8 0 1 0.25 0.25 2 256 1000 80 10968 42.3 89.71
# Algorithm, state_space_size, action_space_size, delay, sequence_length, reward_density, terminal_state_density, num_layers, layer_width, learning_starts, target_network_update_freq,
DQN 8 8 0 1 0.25 0.25 2 256 1000 80 11324 42.3 89.71
# Algorithm, state_space_size, action_space_size, delay, sequence_length, reward_density, terminal_state_density, num_layers, layer_width, learning_starts, target_network_update_freq,
DQN 8 8 0 1 0.25 0.25 2 256 1000 80 11752 46.44 98.07
# Algorithm, state_space_size, action_space_size, delay, sequence_length, reward_density, terminal_state_density, num_layers, layer_width, learning_starts, target_network_update_freq,
DQN 8 8 0 1 0.25 0.25 2 256 1000 80 12172 47.51 100.22
# Algorithm, state_space_size, action_space_size, delay, sequence_length, reward_density, terminal_state_density, num_layers, layer_width, learning_starts, target_network_update_freq,
DQN 8 8 0 1 0.25 0.25 2 256 1000 80 12572 47.51 100.22
# Algorithm, state_space_size, action_space_size, delay, sequence_length, reward_density, terminal_state_density, num_layers, layer_width, learning_starts, target_network_update_freq,
DQN 8 8 0 1 0.25 0.25 2 256 1000 80 13000 51.35 107.98
# Algorithm, state_space_size, action_space_size, delay, sequence_length, reward_density, terminal_state_density, num_layers, layer_width, learning_starts, target_network_update_freq,
DQN 8 8 0 1 0.25 0.25 2 256 1000 80 13400 54.26 113.85
# Algorithm, state_space_size, action_space_size, delay, sequence_length, reward_density, terminal_state_density, num_layers, layer_width, learning_starts, target_network_update_freq,
DQN 8 8 0 1 0.25 0.25 2 256 1000 80 13856 56.32 118.09
# Algorithm, state_space_size, action_space_size, delay, sequence_length, reward_density, terminal_state_density, num_layers, layer_width, learning_starts, target_network_update_freq,
DQN 8 8 0 1 0.25 0.25 2 256 1000 80 14324 58.41 122.32
# Algorithm, state_space_size, action_space_size, delay, sequence_length, reward_density, terminal_state_density, num_layers, layer_width, learning_starts, target_network_update_freq,
DQN 8 8 0 1 0.25 0.25 2 256 1000 80 14776 61.02 127.58
# Algorithm, state_space_size, action_space_size, delay, sequence_length, reward_density, terminal_state_density, num_layers, layer_width, learning_starts, target_network_update_freq,
DQN 8 8 0 1 0.25 0.25 2 256 1000 80 15216 63.64 132.87
# Algorithm, state_space_size, action_space_size, delay, sequence_length, reward_density, terminal_state_density, num_layers, layer_width, learning_starts, target_network_update_freq,
DQN 8 8 0 1 0.25 0.25 2 256 1000 80 15680 65.87 137.39
# Algorithm, state_space_size, action_space_size, delay, sequence_length, reward_density, terminal_state_density, num_layers, layer_width, learning_starts, target_network_update_freq,
DQN 8 8 0 1 0.25 0.25 2 256 1000 80 16032 65.87 137.39
# Algorithm, state_space_size, action_space_size, delay, sequence_length, reward_density, terminal_state_density, num_layers, layer_width, learning_starts, target_network_update_freq,
DQN 8 8 0 1 0.25 0.25 2 256 1000 80 16492 65.87 137.39
# Algorithm, state_space_size, action_space_size, delay, sequence_length, reward_density, terminal_state_density, num_layers, layer_width, learning_starts, target_network_update_freq,
DQN 8 8 0 1 0.25 0.25 2 256 1000 80 16940 65.87 137.39
# Algorithm, state_space_size, action_space_size, delay, sequence_length, reward_density, terminal_state_density, num_layers, layer_width, learning_starts, target_network_update_freq,
DQN 8 8 0 1 0.25 0.25 2 256 1000 80 17396 73.14 152.02
# Algorithm, state_space_size, action_space_size, delay, sequence_length, reward_density, terminal_state_density, num_layers, layer_width, learning_starts, target_network_update_freq,
DQN 8 8 0 1 0.25 0.25 2 256 1000 80 17864 76.35 158.5
# Algorithm, state_space_size, action_space_size, delay, sequence_length, reward_density, terminal_state_density, num_layers, layer_width, learning_starts, target_network_update_freq,
DQN 8 8 0 1 0.25 0.25 2 256 1000 80 18244 76.91 159.61
# Algorithm, state_space_size, action_space_size, delay, sequence_length, reward_density, terminal_state_density, num_layers, layer_width, learning_starts, target_network_update_freq,
DQN 8 8 0 1 0.25 0.25 2 256 1000 80 18700 79.81 165.41
# Algorithm, state_space_size, action_space_size, delay, sequence_length, reward_density, terminal_state_density, num_layers, layer_width, learning_starts, target_network_update_freq,
DQN 8 8 0 1 0.25 0.25 2 256 1000 80 19144 79.81 165.41
# Algorithm, state_space_size, action_space_size, delay, sequence_length, reward_density, terminal_state_density, num_layers, layer_width, learning_starts, target_network_update_freq,
DQN 8 8 0 1 0.25 0.25 2 256 1000 80 19604 84.72 175.33
# Algorithm, state_space_size, action_space_size, delay, sequence_length, reward_density, terminal_state_density, num_layers, layer_width, learning_starts, target_network_update_freq,
DQN 8 8 0 1 0.25 0.25 2 256 1000 80 20072 86.18 178.27
# Algorithm, state_space_size, action_space_size, delay, sequence_length, reward_density, terminal_state_density, num_layers, layer_width, learning_starts, target_network_update_freq,
DQN 8 8 0 1 0.25 0.25 2 256 1000 800 804 0.6308411214953271 3.7196261682242993
# Algorithm, state_space_size, action_space_size, delay, sequence_length, reward_density, terminal_state_density, num_layers, layer_width, learning_starts, target_network_update_freq,
DQN 8 8 0 1 0.25 0.25 2 256 1000 800 1268 0.40853658536585363 2.8719512195121952
# Algorithm, state_space_size, action_space_size, delay, sequence_length, reward_density, terminal_state_density, num_layers, layer_width, learning_starts, target_network_update_freq,
DQN 8 8 0 1 0.25 0.25 2 256 1000 800 1672 0.4807692307692308 3.894230769230769
# Algorithm, state_space_size, action_space_size, delay, sequence_length, reward_density, terminal_state_density, num_layers, layer_width, learning_starts, target_network_update_freq,
DQN 8 8 0 1 0.25 0.25 2 256 1000 800 2056 1.1040462427745665 2.2196531791907512
# Algorithm, state_space_size, action_space_size, delay, sequence_length, reward_density, terminal_state_density, num_layers, layer_width, learning_starts, target_network_update_freq,
DQN 8 8 0 1 0.25 0.25 2 256 1000 800 2456 1.14 2.25
# Algorithm, state_space_size, action_space_size, delay, sequence_length, reward_density, terminal_state_density, num_layers, layer_width, learning_starts, target_network_update_freq,
DQN 8 8 0 1 0.25 0.25 2 256 1000 800 2824 7.19 8.34
# Algorithm, state_space_size, action_space_size, delay, sequence_length, reward_density, terminal_state_density, num_layers, layer_width, learning_starts, target_network_update_freq,
DQN 8 8 0 1 0.25 0.25 2 256 1000 800 3232 12.14 13.32
# Algorithm, state_space_size, action_space_size, delay, sequence_length, reward_density, terminal_state_density, num_layers, layer_width, learning_starts, target_network_update_freq,
DQN 8 8 0 1 0.25 0.25 2 256 1000 800 3692 12.14 13.32
# Algorithm, state_space_size, action_space_size, delay, sequence_length, reward_density, terminal_state_density, num_layers, layer_width, learning_starts, target_network_update_freq,
DQN 8 8 0 1 0.25 0.25 2 256 1000 800 4168 12.14 13.32
# Algorithm, state_space_size, action_space_size, delay, sequence_length, reward_density, terminal_state_density, num_layers, layer_width, learning_starts, target_network_update_freq,
DQN 8 8 0 1 0.25 0.25 2 256 1000 800 4588 24.3 25.54
# Algorithm, state_space_size, action_space_size, delay, sequence_length, reward_density, terminal_state_density, num_layers, layer_width, learning_starts, target_network_update_freq,
DQN 8 8 0 1 0.25 0.25 2 256 1000 800 5004 28.47 29.71
# Algorithm, state_space_size, action_space_size, delay, sequence_length, reward_density, terminal_state_density, num_layers, layer_width, learning_starts, target_network_update_freq,
DQN 8 8 0 1 0.25 0.25 2 256 1000 800 5384 33.85 35.12
# Algorithm, state_space_size, action_space_size, delay, sequence_length, reward_density, terminal_state_density, num_layers, layer_width, learning_starts, target_network_update_freq,
DQN 8 8 0 1 0.25 0.25 2 256 1000 800 5776 33.85 35.12
# Algorithm, state_space_size, action_space_size, delay, sequence_length, reward_density, terminal_state_density, num_layers, layer_width, learning_starts, target_network_update_freq,
DQN 8 8 0 1 0.25 0.25 2 256 1000 800 6140 40.58 41.9
# Algorithm, state_space_size, action_space_size, delay, sequence_length, reward_density, terminal_state_density, num_layers, layer_width, learning_starts, target_network_update_freq,
DQN 8 8 0 1 0.25 0.25 2 256 1000 800 6552 45.08 46.44
# Algorithm, state_space_size, action_space_size, delay, sequence_length, reward_density, terminal_state_density, num_layers, layer_width, learning_starts, target_network_update_freq,
DQN 8 8 0 1 0.25 0.25 2 256 1000 800 7024 45.08 46.44
# Algorithm, state_space_size, action_space_size, delay, sequence_length, reward_density, terminal_state_density, num_layers, layer_width, learning_starts, target_network_update_freq,
DQN 8 8 0 1 0.25 0.25 2 256 1000 800 7472 53.66 55.04
# Algorithm, state_space_size, action_space_size, delay, sequence_length, reward_density, terminal_state_density, num_layers, layer_width, learning_starts, target_network_update_freq,
DQN 8 8 0 1 0.25 0.25 2 256 1000 800 7868 53.66 55.04
# Algorithm, state_space_size, action_space_size, delay, sequence_length, reward_density, terminal_state_density, num_layers, layer_width, learning_starts, target_network_update_freq,
DQN 8 8 0 1 0.25 0.25 2 256 1000 800 8324 60.54 61.95
# Algorithm, state_space_size, action_space_size, delay, sequence_length, reward_density, terminal_state_density, num_layers, layer_width, learning_starts, target_network_update_freq,
DQN 8 8 0 1 0.25 0.25 2 256 1000 800 8792 64.61 66.03
# Algorithm, state_space_size, action_space_size, delay, sequence_length, reward_density, terminal_state_density, num_layers, layer_width, learning_starts, target_network_update_freq,
DQN 8 8 0 1 0.25 0.25 2 256 1000 800 9268 64.61 66.03
# Algorithm, state_space_size, action_space_size, delay, sequence_length, reward_density, terminal_state_density, num_layers, layer_width, learning_starts, target_network_update_freq,
DQN 8 8 0 1 0.25 0.25 2 256 1000 800 9724 75.88 77.35
# Algorithm, state_space_size, action_space_size, delay, sequence_length, reward_density, terminal_state_density, num_layers, layer_width, learning_starts, target_network_update_freq,
DQN 8 8 0 1 0.25 0.25 2 256 1000 800 10108 75.88 77.35
# Algorithm, state_space_size, action_space_size, delay, sequence_length, reward_density, terminal_state_density, num_layers, layer_width, learning_starts, target_network_update_freq,
DQN 8 8 0 1 0.25 0.25 2 256 1000 800 10484 84.57 86.12
# Algorithm, state_space_size, action_space_size, delay, sequence_length, reward_density, terminal_state_density, num_layers, layer_width, learning_starts, target_network_update_freq,
DQN 8 8 0 1 0.25 0.25 2 256 1000 800 10860 84.57 86.12
# Algorithm, state_space_size, action_space_size, delay, sequence_length, reward_density, terminal_state_density, num_layers, layer_width, learning_starts, target_network_update_freq,
DQN 8 8 0 1 0.25 0.25 2 256 1000 800 11248 90.0 91.58
# Algorithm, state_space_size, action_space_size, delay, sequence_length, reward_density, terminal_state_density, num_layers, layer_width, learning_starts, target_network_update_freq,
DQN 8 8 0 1 0.25 0.25 2 256 1000 800 11696 93.15 94.79
# Algorithm, state_space_size, action_space_size, delay, sequence_length, reward_density, terminal_state_density, num_layers, layer_width, learning_starts, target_network_update_freq,
DQN 8 8 0 1 0.25 0.25 2 256 1000 800 12128 96.8 98.45
# Algorithm, state_space_size, action_space_size, delay, sequence_length, reward_density, terminal_state_density, num_layers, layer_width, learning_starts, target_network_update_freq,
DQN 8 8 0 1 0.25 0.25 2 256 1000 800 12572 96.8 98.45
# Algorithm, state_space_size, action_space_size, delay, sequence_length, reward_density, terminal_state_density, num_layers, layer_width, learning_starts, target_network_update_freq,
DQN 8 8 0 1 0.25 0.25 2 256 1000 800 13036 108.21 109.88
# Algorithm, state_space_size, action_space_size, delay, sequence_length, reward_density, terminal_state_density, num_layers, layer_width, learning_starts, target_network_update_freq,
DQN 8 8 0 1 0.25 0.25 2 256 1000 800 13480 108.21 109.88
# Algorithm, state_space_size, action_space_size, delay, sequence_length, reward_density, terminal_state_density, num_layers, layer_width, learning_starts, target_network_update_freq,
DQN 8 8 0 1 0.25 0.25 2 256 1000 800 13948 117.92 119.67
# Algorithm, state_space_size, action_space_size, delay, sequence_length, reward_density, terminal_state_density, num_layers, layer_width, learning_starts, target_network_update_freq,
DQN 8 8 0 1 0.25 0.25 2 256 1000 800 14416 123.14 124.9
# Algorithm, state_space_size, action_space_size, delay, sequence_length, reward_density, terminal_state_density, num_layers, layer_width, learning_starts, target_network_update_freq,
DQN 8 8 0 1 0.25 0.25 2 256 1000 800 14816 123.14 124.9
# Algorithm, state_space_size, action_space_size, delay, sequence_length, reward_density, terminal_state_density, num_layers, layer_width, learning_starts, target_network_update_freq,
DQN 8 8 0 1 0.25 0.25 2 256 1000 800 15280 131.92 133.73
# Algorithm, state_space_size, action_space_size, delay, sequence_length, reward_density, terminal_state_density, num_layers, layer_width, learning_starts, target_network_update_freq,
DQN 8 8 0 1 0.25 0.25 2 256 1000 800 15744 136.29 138.11
# Algorithm, state_space_size, action_space_size, delay, sequence_length, reward_density, terminal_state_density, num_layers, layer_width, learning_starts, target_network_update_freq,
DQN 8 8 0 1 0.25 0.25 2 256 1000 800 16216 136.29 138.11
# Algorithm, state_space_size, action_space_size, delay, sequence_length, reward_density, terminal_state_density, num_layers, layer_width, learning_starts, target_network_update_freq,
DQN 8 8 0 1 0.25 0.25 2 256 1000 800 16692 136.29 138.11
# Algorithm, state_space_size, action_space_size, delay, sequence_length, reward_density, terminal_state_density, num_layers, layer_width, learning_starts, target_network_update_freq,
DQN 8 8 0 1 0.25 0.25 2 256 1000 800 17088 146.54 148.44
# Algorithm, state_space_size, action_space_size, delay, sequence_length, reward_density, terminal_state_density, num_layers, layer_width, learning_starts, target_network_update_freq,
DQN 8 8 0 1 0.25 0.25 2 256 1000 800 17544 150.35 152.3
# Algorithm, state_space_size, action_space_size, delay, sequence_length, reward_density, terminal_state_density, num_layers, layer_width, learning_starts, target_network_update_freq,
DQN 8 8 0 1 0.25 0.25 2 256 1000 800 17984 158.22 160.23
# Algorithm, state_space_size, action_space_size, delay, sequence_length, reward_density, terminal_state_density, num_layers, layer_width, learning_starts, target_network_update_freq,
DQN 8 8 0 1 0.25 0.25 2 256 1000 800 18420 159.87 161.93
# Algorithm, state_space_size, action_space_size, delay, sequence_length, reward_density, terminal_state_density, num_layers, layer_width, learning_starts, target_network_update_freq,
DQN 8 8 0 1 0.25 0.25 2 256 1000 800 18864 159.87 161.93
# Algorithm, state_space_size, action_space_size, delay, sequence_length, reward_density, terminal_state_density, num_layers, layer_width, learning_starts, target_network_update_freq,
DQN 8 8 0 1 0.25 0.25 2 256 1000 800 19256 167.71 169.82
# Algorithm, state_space_size, action_space_size, delay, sequence_length, reward_density, terminal_state_density, num_layers, layer_width, learning_starts, target_network_update_freq,
DQN 8 8 0 1 0.25 0.25 2 256 1000 800 19712 174.88 177.02
# Algorithm, state_space_size, action_space_size, delay, sequence_length, reward_density, terminal_state_density, num_layers, layer_width, learning_starts, target_network_update_freq,
DQN 8 8 0 1 0.25 0.25 2 256 1000 800 20172 177.63 179.78
# Algorithm, state_space_size, action_space_size, delay, sequence_length, reward_density, terminal_state_density, num_layers, layer_width, learning_starts, target_network_update_freq,
DQN 8 8 0 1 0.25 0.25 2 256 1000 8000 804 0.7171717171717171 4.0353535353535355
# Algorithm, state_space_size, action_space_size, delay, sequence_length, reward_density, terminal_state_density, num_layers, layer_width, learning_starts, target_network_update_freq,
DQN 8 8 0 1 0.25 0.25 2 256 1000 8000 1204 0.82 4.86
# Algorithm, state_space_size, action_space_size, delay, sequence_length, reward_density, terminal_state_density, num_layers, layer_width, learning_starts, target_network_update_freq,
DQN 8 8 0 1 0.25 0.25 2 256 1000 8000 1604 0.6857142857142857 2.857142857142857
# Algorithm, state_space_size, action_space_size, delay, sequence_length, reward_density, terminal_state_density, num_layers, layer_width, learning_starts, target_network_update_freq,
DQN 8 8 0 1 0.25 0.25 2 256 1000 8000 2004 0.496551724137931 2.7517241379310344
# Algorithm, state_space_size, action_space_size, delay, sequence_length, reward_density, terminal_state_density, num_layers, layer_width, learning_starts, target_network_update_freq,
DQN 8 8 0 1 0.25 0.25 2 256 1000 8000 2420 0.8 4.58
# Algorithm, state_space_size, action_space_size, delay, sequence_length, reward_density, terminal_state_density, num_layers, layer_width, learning_starts, target_network_update_freq,
DQN 8 8 0 1 0.25 0.25 2 256 1000 8000 2860 1.34 7.04
# Algorithm, state_space_size, action_space_size, delay, sequence_length, reward_density, terminal_state_density, num_layers, layer_width, learning_starts, target_network_update_freq,
DQN 8 8 0 1 0.25 0.25 2 256 1000 8000 3316 1.34 7.04
# Algorithm, state_space_size, action_space_size, delay, sequence_length, reward_density, terminal_state_density, num_layers, layer_width, learning_starts, target_network_update_freq,
DQN 8 8 0 1 0.25 0.25 2 256 1000 8000 3700 3.56 16.21
# Algorithm, state_space_size, action_space_size, delay, sequence_length, reward_density, terminal_state_density, num_layers, layer_width, learning_starts, target_network_update_freq,
DQN 8 8 0 1 0.25 0.25 2 256 1000 8000 4164 6.54 22.18
# Algorithm, state_space_size, action_space_size, delay, sequence_length, reward_density, terminal_state_density, num_layers, layer_width, learning_starts, target_network_update_freq,
DQN 8 8 0 1 0.25 0.25 2 256 1000 8000 4632 10.78 26.58
# Algorithm, state_space_size, action_space_size, delay, sequence_length, reward_density, terminal_state_density, num_layers, layer_width, learning_starts, target_network_update_freq,
DQN 8 8 0 1 0.25 0.25 2 256 1000 8000 5108 10.78 26.58
# Algorithm, state_space_size, action_space_size, delay, sequence_length, reward_density, terminal_state_density, num_layers, layer_width, learning_starts, target_network_update_freq,
DQN 8 8 0 1 0.25 0.25 2 256 1000 8000 5576 10.78 26.58
# Algorithm, state_space_size, action_space_size, delay, sequence_length, reward_density, terminal_state_density, num_layers, layer_width, learning_starts, target_network_update_freq,
DQN 8 8 0 1 0.25 0.25 2 256 1000 8000 5964 23.15 39.02
# Algorithm, state_space_size, action_space_size, delay, sequence_length, reward_density, terminal_state_density, num_layers, layer_width, learning_starts, target_network_update_freq,
DQN 8 8 0 1 0.25 0.25 2 256 1000 8000 6436 28.33 44.21
# Algorithm, state_space_size, action_space_size, delay, sequence_length, reward_density, terminal_state_density, num_layers, layer_width, learning_starts, target_network_update_freq,
DQN 8 8 0 1 0.25 0.25 2 256 1000 8000 6900 32.92 48.81
# Algorithm, state_space_size, action_space_size, delay, sequence_length, reward_density, terminal_state_density, num_layers, layer_width, learning_starts, target_network_update_freq,
DQN 8 8 0 1 0.25 0.25 2 256 1000 8000 7368 32.92 48.81
# Algorithm, state_space_size, action_space_size, delay, sequence_length, reward_density, terminal_state_density, num_layers, layer_width, learning_starts, target_network_update_freq,
DQN 8 8 0 1 0.25 0.25 2 256 1000 8000 7832 40.53 56.46
# Algorithm, state_space_size, action_space_size, delay, sequence_length, reward_density, terminal_state_density, num_layers, layer_width, learning_starts, target_network_update_freq,
DQN 8 8 0 1 0.25 0.25 2 256 1000 8000 8220 40.53 56.46
# Algorithm, state_space_size, action_space_size, delay, sequence_length, reward_density, terminal_state_density, num_layers, layer_width, learning_starts, target_network_update_freq,
DQN 8 8 0 1 0.25 0.25 2 256 1000 8000 8684 50.37 66.38
# Algorithm, state_space_size, action_space_size, delay, sequence_length, reward_density, terminal_state_density, num_layers, layer_width, learning_starts, target_network_update_freq,
DQN 8 8 0 1 0.25 0.25 2 256 1000 8000 9152 50.37 66.38
# Algorithm, state_space_size, action_space_size, delay, sequence_length, reward_density, terminal_state_density, num_layers, layer_width, learning_starts, target_network_update_freq,
DQN 8 8 0 1 0.25 0.25 2 256 1000 8000 9624 59.19 75.22
# Algorithm, state_space_size, action_space_size, delay, sequence_length, reward_density, terminal_state_density, num_layers, layer_width, learning_starts, target_network_update_freq,
DQN 8 8 0 1 0.25 0.25 2 256 1000 8000 10088 59.19 75.22
# Algorithm, state_space_size, action_space_size, delay, sequence_length, reward_density, terminal_state_density, num_layers, layer_width, learning_starts, target_network_update_freq,
DQN 8 8 0 1 0.25 0.25 2 256 1000 8000 10524 59.19 75.22
# Algorithm, state_space_size, action_space_size, delay, sequence_length, reward_density, terminal_state_density, num_layers, layer_width, learning_starts, target_network_update_freq,
DQN 8 8 0 1 0.25 0.25 2 256 1000 8000 10916 59.19 75.22
# Algorithm, state_space_size, action_space_size, delay, sequence_length, reward_density, terminal_state_density, num_layers, layer_width, learning_starts, target_network_update_freq,
DQN 8 8 0 1 0.25 0.25 2 256 1000 8000 11336 75.19 91.31
# Algorithm, state_space_size, action_space_size, delay, sequence_length, reward_density, terminal_state_density, num_layers, layer_width, learning_starts, target_network_update_freq,
DQN 8 8 0 1 0.25 0.25 2 256 1000 8000 11756 81.53 97.69
# Algorithm, state_space_size, action_space_size, delay, sequence_length, reward_density, terminal_state_density, num_layers, layer_width, learning_starts, target_network_update_freq,
DQN 8 8 0 1 0.25 0.25 2 256 1000 8000 12216 81.53 97.69
# Algorithm, state_space_size, action_space_size, delay, sequence_length, reward_density, terminal_state_density, num_layers, layer_width, learning_starts, target_network_update_freq,
DQN 8 8 0 1 0.25 0.25 2 256 1000 8000 12680 81.53 97.69
# Algorithm, state_space_size, action_space_size, delay, sequence_length, reward_density, terminal_state_density, num_layers, layer_width, learning_starts, target_network_update_freq,
DQN 8 8 0 1 0.25 0.25 2 256 1000 8000 13156 95.44 111.66
# Algorithm, state_space_size, action_space_size, delay, sequence_length, reward_density, terminal_state_density, num_layers, layer_width, learning_starts, target_network_update_freq,
DQN 8 8 0 1 0.25 0.25 2 256 1000 8000 13548 95.98 112.19
# Algorithm, state_space_size, action_space_size, delay, sequence_length, reward_density, terminal_state_density, num_layers, layer_width, learning_starts, target_network_update_freq,
DQN 8 8 0 1 0.25 0.25 2 256 1000 8000 14016 102.4 118.66
# Algorithm, state_space_size, action_space_size, delay, sequence_length, reward_density, terminal_state_density, num_layers, layer_width, learning_starts, target_network_update_freq,
DQN 8 8 0 1 0.25 0.25 2 256 1000 8000 14484 102.4 118.66
# Algorithm, state_space_size, action_space_size, delay, sequence_length, reward_density, terminal_state_density, num_layers, layer_width, learning_starts, target_network_update_freq,
DQN 8 8 0 1 0.25 0.25 2 256 1000 8000 14952 109.35 125.48
# Algorithm, state_space_size, action_space_size, delay, sequence_length, reward_density, terminal_state_density, num_layers, layer_width, learning_starts, target_network_update_freq,
DQN 8 8 0 1 0.25 0.25 2 256 1000 8000 15420 109.35 125.48
# Algorithm, state_space_size, action_space_size, delay, sequence_length, reward_density, terminal_state_density, num_layers, layer_width, learning_starts, target_network_update_freq,
DQN 8 8 0 1 0.25 0.25 2 256 1000 8000 15808 118.88 135.07
# Algorithm, state_space_size, action_space_size, delay, sequence_length, reward_density, terminal_state_density, num_layers, layer_width, learning_starts, target_network_update_freq,
DQN 8 8 0 1 0.25 0.25 2 256 1000 8000 16272 125.94 141.29
# Algorithm, state_space_size, action_space_size, delay, sequence_length, reward_density, terminal_state_density, num_layers, layer_width, learning_starts, target_network_update_freq,
DQN 8 8 0 1 0.25 0.25 2 256 1000 8000 16728 130.43 145.78
# Algorithm, state_space_size, action_space_size, delay, sequence_length, reward_density, terminal_state_density, num_layers, layer_width, learning_starts, target_network_update_freq,
DQN 8 8 0 1 0.25 0.25 2 256 1000 8000 17196 130.43 145.78
# Algorithm, state_space_size, action_space_size, delay, sequence_length, reward_density, terminal_state_density, num_layers, layer_width, learning_starts, target_network_update_freq,
DQN 8 8 0 1 0.25 0.25 2 256 1000 8000 17660 130.43 145.78
# Algorithm, state_space_size, action_space_size, delay, sequence_length, reward_density, terminal_state_density, num_layers, layer_width, learning_starts, target_network_update_freq,
DQN 8 8 0 1 0.25 0.25 2 256 1000 8000 18088 130.43 145.78
# Algorithm, state_space_size, action_space_size, delay, sequence_length, reward_density, terminal_state_density, num_layers, layer_width, learning_starts, target_network_update_freq,
DQN 8 8 0 1 0.25 0.25 2 256 1000 8000 18520 146.34 161.81
# Algorithm, state_space_size, action_space_size, delay, sequence_length, reward_density, terminal_state_density, num_layers, layer_width, learning_starts, target_network_update_freq,
DQN 8 8 0 1 0.25 0.25 2 256 1000 8000 18964 150.23 165.69
# Algorithm, state_space_size, action_space_size, delay, sequence_length, reward_density, terminal_state_density, num_layers, layer_width, learning_starts, target_network_update_freq,
DQN 8 8 0 1 0.25 0.25 2 256 1000 8000 19428 154.02 169.5
# Algorithm, state_space_size, action_space_size, delay, sequence_length, reward_density, terminal_state_density, num_layers, layer_width, learning_starts, target_network_update_freq,
DQN 8 8 0 1 0.25 0.25 2 256 1000 8000 19892 154.02 169.5
# Algorithm, state_space_size, action_space_size, delay, sequence_length, reward_density, terminal_state_density, num_layers, layer_width, learning_starts, target_network_update_freq,
DQN 8 8 0 1 0.25 0.25 2 256 1000 8000 20348 166.46 182.01
# Algorithm, state_space_size, action_space_size, delay, sequence_length, reward_density, terminal_state_density, num_layers, layer_width, learning_starts, target_network_update_freq,
DQN 8 8 0 1 0.25 0.25 2 256 2000 80 796 0.645 3.97
# Algorithm, state_space_size, action_space_size, delay, sequence_length, reward_density, terminal_state_density, num_layers, layer_width, learning_starts, target_network_update_freq,
DQN 8 8 0 1 0.25 0.25 2 256 2000 80 1656 0.8857142857142857 6.1571428571428575
# Algorithm, state_space_size, action_space_size, delay, sequence_length, reward_density, terminal_state_density, num_layers, layer_width, learning_starts, target_network_update_freq,
DQN 8 8 0 1 0.25 0.25 2 256 2000 80 2244 1.69 10.56
# Algorithm, state_space_size, action_space_size, delay, sequence_length, reward_density, terminal_state_density, num_layers, layer_width, learning_starts, target_network_update_freq,
DQN 8 8 0 1 0.25 0.25 2 256 2000 80 2672 3.68 14.47
# Algorithm, state_space_size, action_space_size, delay, sequence_length, reward_density, terminal_state_density, num_layers, layer_width, learning_starts, target_network_update_freq,
DQN 8 8 0 1 0.25 0.25 2 256 2000 80 3112 5.75 18.64
# Algorithm, state_space_size, action_space_size, delay, sequence_length, reward_density, terminal_state_density, num_layers, layer_width, learning_starts, target_network_update_freq,
DQN 8 8 0 1 0.25 0.25 2 256 2000 80 3572 6.44 20.0
# Algorithm, state_space_size, action_space_size, delay, sequence_length, reward_density, terminal_state_density, num_layers, layer_width, learning_starts, target_network_update_freq,
DQN 8 8 0 1 0.25 0.25 2 256 2000 80 4024 8.52 26.92
# Algorithm, state_space_size, action_space_size, delay, sequence_length, reward_density, terminal_state_density, num_layers, layer_width, learning_starts, target_network_update_freq,
DQN 8 8 0 1 0.25 0.25 2 256 2000 80 4444 10.54 31.03
# Algorithm, state_space_size, action_space_size, delay, sequence_length, reward_density, terminal_state_density, num_layers, layer_width, learning_starts, target_network_update_freq,
DQN 8 8 0 1 0.25 0.25 2 256 2000 80 4860 12.42 34.75
# Algorithm, state_space_size, action_space_size, delay, sequence_length, reward_density, terminal_state_density, num_layers, layer_width, learning_starts, target_network_update_freq,
DQN 8 8 0 1 0.25 0.25 2 256 2000 80 5200 13.6 36.98
# Algorithm, state_space_size, action_space_size, delay, sequence_length, reward_density, terminal_state_density, num_layers, layer_width, learning_starts, target_network_update_freq,
DQN 8 8 0 1 0.25 0.25 2 256 2000 80 5664 16.28 42.4
# Algorithm, state_space_size, action_space_size, delay, sequence_length, reward_density, terminal_state_density, num_layers, layer_width, learning_starts, target_network_update_freq,
DQN 8 8 0 1 0.25 0.25 2 256 2000 80 6124 18.61 47.03
# Algorithm, state_space_size, action_space_size, delay, sequence_length, reward_density, terminal_state_density, num_layers, layer_width, learning_starts, target_network_update_freq,
DQN 8 8 0 1 0.25 0.25 2 256 2000 80 6592 21.66 53.09
# Algorithm, state_space_size, action_space_size, delay, sequence_length, reward_density, terminal_state_density, num_layers, layer_width, learning_starts, target_network_update_freq,
DQN 8 8 0 1 0.25 0.25 2 256 2000 80 7064 21.66 53.09
# Algorithm, state_space_size, action_space_size, delay, sequence_length, reward_density, terminal_state_density, num_layers, layer_width, learning_starts, target_network_update_freq,
DQN 8 8 0 1 0.25 0.25 2 256 2000 80 7484 24.73 59.28
# Algorithm, state_space_size, action_space_size, delay, sequence_length, reward_density, terminal_state_density, num_layers, layer_width, learning_starts, target_network_update_freq,
DQN 8 8 0 1 0.25 0.25 2 256 2000 80 7928 27.27 64.29
# Algorithm, state_space_size, action_space_size, delay, sequence_length, reward_density, terminal_state_density, num_layers, layer_width, learning_starts, target_network_update_freq,
DQN 8 8 0 1 0.25 0.25 2 256 2000 80 8392 29.14 67.97
# Algorithm, state_space_size, action_space_size, delay, sequence_length, reward_density, terminal_state_density, num_layers, layer_width, learning_starts, target_network_update_freq,
DQN 8 8 0 1 0.25 0.25 2 256 2000 80 8852 31.75 73.07
# Algorithm, state_space_size, action_space_size, delay, sequence_length, reward_density, terminal_state_density, num_layers, layer_width, learning_starts, target_network_update_freq,
DQN 8 8 0 1 0.25 0.25 2 256 2000 80 9320 33.52 76.51
# Algorithm, state_space_size, action_space_size, delay, sequence_length, reward_density, terminal_state_density, num_layers, layer_width, learning_starts, target_network_update_freq,
DQN 8 8 0 1 0.25 0.25 2 256 2000 80 9788 35.24 79.95
# Algorithm, state_space_size, action_space_size, delay, sequence_length, reward_density, terminal_state_density, num_layers, layer_width, learning_starts, target_network_update_freq,
DQN 8 8 0 1 0.25 0.25 2 256 2000 80 10184 35.24 79.95
# Algorithm, state_space_size, action_space_size, delay, sequence_length, reward_density, terminal_state_density, num_layers, layer_width, learning_starts, target_network_update_freq,
DQN 8 8 0 1 0.25 0.25 2 256 2000 80 10644 39.41 88.26
# Algorithm, state_space_size, action_space_size, delay, sequence_length, reward_density, terminal_state_density, num_layers, layer_width, learning_starts, target_network_update_freq,
DQN 8 8 0 1 0.25 0.25 2 256 2000 80 11108 43.11 95.67
# Algorithm, state_space_size, action_space_size, delay, sequence_length, reward_density, terminal_state_density, num_layers, layer_width, learning_starts, target_network_update_freq,
DQN 8 8 0 1 0.25 0.25 2 256 2000 80 11584 43.11 95.67
# Algorithm, state_space_size, action_space_size, delay, sequence_length, reward_density, terminal_state_density, num_layers, layer_width, learning_starts, target_network_update_freq,
DQN 8 8 0 1 0.25 0.25 2 256 2000 80 12048 46.86 103.09
# Algorithm, state_space_size, action_space_size, delay, sequence_length, reward_density, terminal_state_density, num_layers, layer_width, learning_starts, target_network_update_freq,
DQN 8 8 0 1 0.25 0.25 2 256 2000 80 12432 46.86 103.09
# Algorithm, state_space_size, action_space_size, delay, sequence_length, reward_density, terminal_state_density, num_layers, layer_width, learning_starts, target_network_update_freq,
DQN 8 8 0 1 0.25 0.25 2 256 2000 80 12884 52.66 114.71
# Algorithm, state_space_size, action_space_size, delay, sequence_length, reward_density, terminal_state_density, num_layers, layer_width, learning_starts, target_network_update_freq,
DQN 8 8 0 1 0.25 0.25 2 256 2000 80 13340 53.9 117.21
# Algorithm, state_space_size, action_space_size, delay, sequence_length, reward_density, terminal_state_density, num_layers, layer_width, learning_starts, target_network_update_freq,
DQN 8 8 0 1 0.25 0.25 2 256 2000 80 13780 53.9 117.21
# Algorithm, state_space_size, action_space_size, delay, sequence_length, reward_density, terminal_state_density, num_layers, layer_width, learning_starts, target_network_update_freq,
DQN 8 8 0 1 0.25 0.25 2 256 2000 80 14220 58.78 126.89
# Algorithm, state_space_size, action_space_size, delay, sequence_length, reward_density, terminal_state_density, num_layers, layer_width, learning_starts, target_network_update_freq,
DQN 8 8 0 1 0.25 0.25 2 256 2000 80 14604 60.55 130.33
# Algorithm, state_space_size, action_space_size, delay, sequence_length, reward_density, terminal_state_density, num_layers, layer_width, learning_starts, target_network_update_freq,
DQN 8 8 0 1 0.25 0.25 2 256 2000 80 15048 61.84 132.93
# Algorithm, state_space_size, action_space_size, delay, sequence_length, reward_density, terminal_state_density, num_layers, layer_width, learning_starts, target_network_update_freq,
DQN 8 8 0 1 0.25 0.25 2 256 2000 80 15520 63.7 136.68
# Algorithm, state_space_size, action_space_size, delay, sequence_length, reward_density, terminal_state_density, num_layers, layer_width, learning_starts, target_network_update_freq,
DQN 8 8 0 1 0.25 0.25 2 256 2000 80 15964 67.32 143.8
# Algorithm, state_space_size, action_space_size, delay, sequence_length, reward_density, terminal_state_density, num_layers, layer_width, learning_starts, target_network_update_freq,
DQN 8 8 0 1 0.25 0.25 2 256 2000 80 16420 67.32 143.8
# Algorithm, state_space_size, action_space_size, delay, sequence_length, reward_density, terminal_state_density, num_layers, layer_width, learning_starts, target_network_update_freq,
DQN 8 8 0 1 0.25 0.25 2 256 2000 80 16880 71.67 152.41
# Algorithm, state_space_size, action_space_size, delay, sequence_length, reward_density, terminal_state_density, num_layers, layer_width, learning_starts, target_network_update_freq,
DQN 8 8 0 1 0.25 0.25 2 256 2000 80 17188 71.67 152.41
# Algorithm, state_space_size, action_space_size, delay, sequence_length, reward_density, terminal_state_density, num_layers, layer_width, learning_starts, target_network_update_freq,
DQN 8 8 0 1 0.25 0.25 2 256 2000 80 17588 71.67 152.41
# Algorithm, state_space_size, action_space_size, delay, sequence_length, reward_density, terminal_state_density, num_layers, layer_width, learning_starts, target_network_update_freq,
DQN 8 8 0 1 0.25 0.25 2 256 2000 80 17980 71.67 152.41
# Algorithm, state_space_size, action_space_size, delay, sequence_length, reward_density, terminal_state_density, num_layers, layer_width, learning_starts, target_network_update_freq,
DQN 8 8 0 1 0.25 0.25 2 256 2000 80 18360 71.67 152.41
# Algorithm, state_space_size, action_space_size, delay, sequence_length, reward_density, terminal_state_density, num_layers, layer_width, learning_starts, target_network_update_freq,
DQN 8 8 0 1 0.25 0.25 2 256 2000 80 18776 80.67 170.53
# Algorithm, state_space_size, action_space_size, delay, sequence_length, reward_density, terminal_state_density, num_layers, layer_width, learning_starts, target_network_update_freq,
DQN 8 8 0 1 0.25 0.25 2 256 2000 80 19144 82.94 175.06
# Algorithm, state_space_size, action_space_size, delay, sequence_length, reward_density, terminal_state_density, num_layers, layer_width, learning_starts, target_network_update_freq,
DQN 8 8 0 1 0.25 0.25 2 256 2000 80 19564 82.94 175.06
# Algorithm, state_space_size, action_space_size, delay, sequence_length, reward_density, terminal_state_density, num_layers, layer_width, learning_starts, target_network_update_freq,
DQN 8 8 0 1 0.25 0.25 2 256 2000 80 20008 87.58 184.34
# Algorithm, state_space_size, action_space_size, delay, sequence_length, reward_density, terminal_state_density, num_layers, layer_width, learning_starts, target_network_update_freq,
DQN 8 8 0 1 0.25 0.25 2 256 2000 800 800 0.7184466019417476 3.883495145631068
# Algorithm, state_space_size, action_space_size, delay, sequence_length, reward_density, terminal_state_density, num_layers, layer_width, learning_starts, target_network_update_freq,
DQN 8 8 0 1 0.25 0.25 2 256 2000 800 1412 0.358974358974359 3.071794871794872
# Algorithm, state_space_size, action_space_size, delay, sequence_length, reward_density, terminal_state_density, num_layers, layer_width, learning_starts, target_network_update_freq,
DQN 8 8 0 1 0.25 0.25 2 256 2000 800 2080 0.2523364485981308 3.177570093457944
# Algorithm, state_space_size, action_space_size, delay, sequence_length, reward_density, terminal_state_density, num_layers, layer_width, learning_starts, target_network_update_freq,
DQN 8 8 0 1 0.25 0.25 2 256 2000 800 2488 0.66 4.13
# Algorithm, state_space_size, action_space_size, delay, sequence_length, reward_density, terminal_state_density, num_layers, layer_width, learning_starts, target_network_update_freq,
DQN 8 8 0 1 0.25 0.25 2 256 2000 800 2876 1.0 1.9795918367346939
# Algorithm, state_space_size, action_space_size, delay, sequence_length, reward_density, terminal_state_density, num_layers, layer_width, learning_starts, target_network_update_freq,
DQN 8 8 0 1 0.25 0.25 2 256 2000 800 3244 1.00990099009901 1.816831683168317
# Algorithm, state_space_size, action_space_size, delay, sequence_length, reward_density, terminal_state_density, num_layers, layer_width, learning_starts, target_network_update_freq,
DQN 8 8 0 1 0.25 0.25 2 256 2000 800 3596 1.01 1.87
# Algorithm, state_space_size, action_space_size, delay, sequence_length, reward_density, terminal_state_density, num_layers, layer_width, learning_starts, target_network_update_freq,
DQN 8 8 0 1 0.25 0.25 2 256 2000 800 4056 6.34 7.2
# Algorithm, state_space_size, action_space_size, delay, sequence_length, reward_density, terminal_state_density, num_layers, layer_width, learning_starts, target_network_update_freq,
DQN 8 8 0 1 0.25 0.25 2 256 2000 800 4472 9.53 10.41
# Algorithm, state_space_size, action_space_size, delay, sequence_length, reward_density, terminal_state_density, num_layers, layer_width, learning_starts, target_network_update_freq,
DQN 8 8 0 1 0.25 0.25 2 256 2000 800 4824 15.72 16.67
# Algorithm, state_space_size, action_space_size, delay, sequence_length, reward_density, terminal_state_density, num_layers, layer_width, learning_starts, target_network_update_freq,
DQN 8 8 0 1 0.25 0.25 2 256 2000 800 5176 15.72 16.67
# Algorithm, state_space_size, action_space_size, delay, sequence_length, reward_density, terminal_state_density, num_layers, layer_width, learning_starts, target_network_update_freq,
DQN 8 8 0 1 0.25 0.25 2 256 2000 800 5508 15.72 16.67
# Algorithm, state_space_size, action_space_size, delay, sequence_length, reward_density, terminal_state_density, num_layers, layer_width, learning_starts, target_network_update_freq,
DQN 8 8 0 1 0.25 0.25 2 256 2000 800 5836 26.13 27.17
# Algorithm, state_space_size, action_space_size, delay, sequence_length, reward_density, terminal_state_density, num_layers, layer_width, learning_starts, target_network_update_freq,
DQN 8 8 0 1 0.25 0.25 2 256 2000 800 6176 28.38 29.44
# Algorithm, state_space_size, action_space_size, delay, sequence_length, reward_density, terminal_state_density, num_layers, layer_width, learning_starts, target_network_update_freq,
DQN 8 8 0 1 0.25 0.25 2 256 2000 800 6624 32.78 33.87
# Algorithm, state_space_size, action_space_size, delay, sequence_length, reward_density, terminal_state_density, num_layers, layer_width, learning_starts, target_network_update_freq,
DQN 8 8 0 1 0.25 0.25 2 256 2000 800 7056 32.78 33.87
# Algorithm, state_space_size, action_space_size, delay, sequence_length, reward_density, terminal_state_density, num_layers, layer_width, learning_starts, target_network_update_freq,
DQN 8 8 0 1 0.25 0.25 2 256 2000 800 7520 32.78 33.87
# Algorithm, state_space_size, action_space_size, delay, sequence_length, reward_density, terminal_state_density, num_layers, layer_width, learning_starts, target_network_update_freq,
DQN 8 8 0 1 0.25 0.25 2 256 2000 800 7916 46.75 47.85
# Algorithm, state_space_size, action_space_size, delay, sequence_length, reward_density, terminal_state_density, num_layers, layer_width, learning_starts, target_network_update_freq,
DQN 8 8 0 1 0.25 0.25 2 256 2000 800 8388 47.71 48.81
# Algorithm, state_space_size, action_space_size, delay, sequence_length, reward_density, terminal_state_density, num_layers, layer_width, learning_starts, target_network_update_freq,
DQN 8 8 0 1 0.25 0.25 2 256 2000 800 8852 55.3 56.47
# Algorithm, state_space_size, action_space_size, delay, sequence_length, reward_density, terminal_state_density, num_layers, layer_width, learning_starts, target_network_update_freq,
DQN 8 8 0 1 0.25 0.25 2 256 2000 800 9320 56.99 58.15
# Algorithm, state_space_size, action_space_size, delay, sequence_length, reward_density, terminal_state_density, num_layers, layer_width, learning_starts, target_network_update_freq,
DQN 8 8 0 1 0.25 0.25 2 256 2000 800 9792 65.41 66.62
# Algorithm, state_space_size, action_space_size, delay, sequence_length, reward_density, terminal_state_density, num_layers, layer_width, learning_starts, target_network_update_freq,
DQN 8 8 0 1 0.25 0.25 2 256 2000 800 10168 66.82 68.03
# Algorithm, state_space_size, action_space_size, delay, sequence_length, reward_density, terminal_state_density, num_layers, layer_width, learning_starts, target_network_update_freq,
DQN 8 8 0 1 0.25 0.25 2 256 2000 800 10588 72.47 73.7
# Algorithm, state_space_size, action_space_size, delay, sequence_length, reward_density, terminal_state_density, num_layers, layer_width, learning_starts, target_network_update_freq,
DQN 8 8 0 1 0.25 0.25 2 256 2000 800 10964 72.47 73.7
# Algorithm, state_space_size, action_space_size, delay, sequence_length, reward_density, terminal_state_density, num_layers, layer_width, learning_starts, target_network_update_freq,
DQN 8 8 0 1 0.25 0.25 2 256 2000 800 11396 79.77 81.06
# Algorithm, state_space_size, action_space_size, delay, sequence_length, reward_density, terminal_state_density, num_layers, layer_width, learning_starts, target_network_update_freq,
DQN 8 8 0 1 0.25 0.25 2 256 2000 800 11912 85.23 86.55
# Algorithm, state_space_size, action_space_size, delay, sequence_length, reward_density, terminal_state_density, num_layers, layer_width, learning_starts, target_network_update_freq,
DQN 8 8 0 1 0.25 0.25 2 256 2000 800 12440 90.93 92.25
# Algorithm, state_space_size, action_space_size, delay, sequence_length, reward_density, terminal_state_density, num_layers, layer_width, learning_starts, target_network_update_freq,
DQN 8 8 0 1 0.25 0.25 2 256 2000 800 12904 92.55 93.89
# Algorithm, state_space_size, action_space_size, delay, sequence_length, reward_density, terminal_state_density, num_layers, layer_width, learning_starts, target_network_update_freq,
DQN 8 8 0 1 0.25 0.25 2 256 2000 800 13420 96.47 97.82
# Algorithm, state_space_size, action_space_size, delay, sequence_length, reward_density, terminal_state_density, num_layers, layer_width, learning_starts, target_network_update_freq,
DQN 8 8 0 1 0.25 0.25 2 256 2000 800 13944 105.1 106.47
# Algorithm, state_space_size, action_space_size, delay, sequence_length, reward_density, terminal_state_density, num_layers, layer_width, learning_starts, target_network_update_freq,
DQN 8 8 0 1 0.25 0.25 2 256 2000 800 14472 105.1 106.47
# Algorithm, state_space_size, action_space_size, delay, sequence_length, reward_density, terminal_state_density, num_layers, layer_width, learning_starts, target_network_update_freq,
DQN 8 8 0 1 0.25 0.25 2 256 2000 800 15000 105.1 106.47
# Algorithm, state_space_size, action_space_size, delay, sequence_length, reward_density, terminal_state_density, num_layers, layer_width, learning_starts, target_network_update_freq,
DQN 8 8 0 1 0.25 0.25 2 256 2000 800 15456 120.08 121.59
# Algorithm, state_space_size, action_space_size, delay, sequence_length, reward_density, terminal_state_density, num_layers, layer_width, learning_starts, target_network_update_freq,
DQN 8 8 0 1 0.25 0.25 2 256 2000 800 15976 120.08 121.59
# Algorithm, state_space_size, action_space_size, delay, sequence_length, reward_density, terminal_state_density, num_layers, layer_width, learning_starts, target_network_update_freq,
DQN 8 8 0 1 0.25 0.25 2 256 2000 800 16496 127.85 129.41
# Algorithm, state_space_size, action_space_size, delay, sequence_length, reward_density, terminal_state_density, num_layers, layer_width, learning_starts, target_network_update_freq,
DQN 8 8 0 1 0.25 0.25 2 256 2000 800 17008 136.3 137.9
# Algorithm, state_space_size, action_space_size, delay, sequence_length, reward_density, terminal_state_density, num_layers, layer_width, learning_starts, target_network_update_freq,
DQN 8 8 0 1 0.25 0.25 2 256 2000 800 17512 141.35 142.96
# Algorithm, state_space_size, action_space_size, delay, sequence_length, reward_density, terminal_state_density, num_layers, layer_width, learning_starts, target_network_update_freq,
DQN 8 8 0 1 0.25 0.25 2 256 2000 800 17976 141.35 142.96
# Algorithm, state_space_size, action_space_size, delay, sequence_length, reward_density, terminal_state_density, num_layers, layer_width, learning_starts, target_network_update_freq,
DQN 8 8 0 1 0.25 0.25 2 256 2000 800 18500 149.25 150.93
# Algorithm, state_space_size, action_space_size, delay, sequence_length, reward_density, terminal_state_density, num_layers, layer_width, learning_starts, target_network_update_freq,
DQN 8 8 0 1 0.25 0.25 2 256 2000 800 19024 152.68 154.37
# Algorithm, state_space_size, action_space_size, delay, sequence_length, reward_density, terminal_state_density, num_layers, layer_width, learning_starts, target_network_update_freq,
DQN 8 8 0 1 0.25 0.25 2 256 2000 800 19544 160.87 162.65
# Algorithm, state_space_size, action_space_size, delay, sequence_length, reward_density, terminal_state_density, num_layers, layer_width, learning_starts, target_network_update_freq,
DQN 8 8 0 1 0.25 0.25 2 256 2000 800 20068 160.87 162.65
# Algorithm, state_space_size, action_space_size, delay, sequence_length, reward_density, terminal_state_density, num_layers, layer_width, learning_starts, target_network_update_freq,
DQN 8 8 0 1 0.25 0.25 2 256 2000 8000 928 0.728448275862069 4.0
# Algorithm, state_space_size, action_space_size, delay, sequence_length, reward_density, terminal_state_density, num_layers, layer_width, learning_starts, target_network_update_freq,
DQN 8 8 0 1 0.25 0.25 2 256 2000 8000 1876 0.4385245901639344 3.860655737704918
# Algorithm, state_space_size, action_space_size, delay, sequence_length, reward_density, terminal_state_density, num_layers, layer_width, learning_starts, target_network_update_freq,
DQN 8 8 0 1 0.25 0.25 2 256 2000 8000 2372 0.4652777777777778 3.486111111111111
# Algorithm, state_space_size, action_space_size, delay, sequence_length, reward_density, terminal_state_density, num_layers, layer_width, learning_starts, target_network_update_freq,
DQN 8 8 0 1 0.25 0.25 2 256 2000 8000 2816 0.36 1.366153846153846
# Algorithm, state_space_size, action_space_size, delay, sequence_length, reward_density, terminal_state_density, num_layers, layer_width, learning_starts, target_network_update_freq,
DQN 8 8 0 1 0.25 0.25 2 256 2000 8000 3228 0.2926829268292683 1.670731707317073
# Algorithm, state_space_size, action_space_size, delay, sequence_length, reward_density, terminal_state_density, num_layers, layer_width, learning_starts, target_network_update_freq,
DQN 8 8 0 1 0.25 0.25 2 256 2000 8000 3724 0.25 3.12
# Algorithm, state_space_size, action_space_size, delay, sequence_length, reward_density, terminal_state_density, num_layers, layer_width, learning_starts, target_network_update_freq,
DQN 8 8 0 1 0.25 0.25 2 256 2000 8000 4240 0.79 8.69
# Algorithm, state_space_size, action_space_size, delay, sequence_length, reward_density, terminal_state_density, num_layers, layer_width, learning_starts, target_network_update_freq,
DQN 8 8 0 1 0.25 0.25 2 256 2000 8000 4764 1.18 12.97
# Algorithm, state_space_size, action_space_size, delay, sequence_length, reward_density, terminal_state_density, num_layers, layer_width, learning_starts, target_network_update_freq,
DQN 8 8 0 1 0.25 0.25 2 256 2000 8000 5280 1.18 12.97
# Algorithm, state_space_size, action_space_size, delay, sequence_length, reward_density, terminal_state_density, num_layers, layer_width, learning_starts, target_network_update_freq,
DQN 8 8 0 1 0.25 0.25 2 256 2000 8000 5772 1.2 21.08
# Algorithm, state_space_size, action_space_size, delay, sequence_length, reward_density, terminal_state_density, num_layers, layer_width, learning_starts, target_network_update_freq,
DQN 8 8 0 1 0.25 0.25 2 256 2000 8000 6236 1.22 27.45
# Algorithm, state_space_size, action_space_size, delay, sequence_length, reward_density, terminal_state_density, num_layers, layer_width, learning_starts, target_network_update_freq,
DQN 8 8 0 1 0.25 0.25 2 256 2000 8000 6712 1.23 34.93
# Algorithm, state_space_size, action_space_size, delay, sequence_length, reward_density, terminal_state_density, num_layers, layer_width, learning_starts, target_network_update_freq,
DQN 8 8 0 1 0.25 0.25 2 256 2000 8000 7240 1.23 35.54
# Algorithm, state_space_size, action_space_size, delay, sequence_length, reward_density, terminal_state_density, num_layers, layer_width, learning_starts, target_network_update_freq,
DQN 8 8 0 1 0.25 0.25 2 256 2000 8000 7776 1.23 45.66
# Algorithm, state_space_size, action_space_size, delay, sequence_length, reward_density, terminal_state_density, num_layers, layer_width, learning_starts, target_network_update_freq,
DQN 8 8 0 1 0.25 0.25 2 256 2000 8000 8300 2.95 50.23
# Algorithm, state_space_size, action_space_size, delay, sequence_length, reward_density, terminal_state_density, num_layers, layer_width, learning_starts, target_network_update_freq,
DQN 8 8 0 1 0.25 0.25 2 256 2000 8000 8824 5.02 52.34
# Algorithm, state_space_size, action_space_size, delay, sequence_length, reward_density, terminal_state_density, num_layers, layer_width, learning_starts, target_network_update_freq,
DQN 8 8 0 1 0.25 0.25 2 256 2000 8000 9280 10.55 57.86
# Algorithm, state_space_size, action_space_size, delay, sequence_length, reward_density, terminal_state_density, num_layers, layer_width, learning_starts, target_network_update_freq,
DQN 8 8 0 1 0.25 0.25 2 256 2000 8000 9820 10.55 57.86
# Algorithm, state_space_size, action_space_size, delay, sequence_length, reward_density, terminal_state_density, num_layers, layer_width, learning_starts, target_network_update_freq,
DQN 8 8 0 1 0.25 0.25 2 256 2000 8000 10352 20.02 67.39
# Algorithm, state_space_size, action_space_size, delay, sequence_length, reward_density, terminal_state_density, num_layers, layer_width, learning_starts, target_network_update_freq,
DQN 8 8 0 1 0.25 0.25 2 256 2000 8000 10880 20.02 67.39
# Algorithm, state_space_size, action_space_size, delay, sequence_length, reward_density, terminal_state_density, num_layers, layer_width, learning_starts, target_network_update_freq,
DQN 8 8 0 1 0.25 0.25 2 256 2000 8000 11412 33.71 81.12
# Algorithm, state_space_size, action_space_size, delay, sequence_length, reward_density, terminal_state_density, num_layers, layer_width, learning_starts, target_network_update_freq,
DQN 8 8 0 1 0.25 0.25 2 256 2000 8000 11884 33.71 81.12
# Algorithm, state_space_size, action_space_size, delay, sequence_length, reward_density, terminal_state_density, num_layers, layer_width, learning_starts, target_network_update_freq,
DQN 8 8 0 1 0.25 0.25 2 256 2000 8000 12420 44.45 91.94
# Algorithm, state_space_size, action_space_size, delay, sequence_length, reward_density, terminal_state_density, num_layers, layer_width, learning_starts, target_network_update_freq,
DQN 8 8 0 1 0.25 0.25 2 256 2000 8000 12964 44.45 91.94
# Algorithm, state_space_size, action_space_size, delay, sequence_length, reward_density, terminal_state_density, num_layers, layer_width, learning_starts, target_network_update_freq,
DQN 8 8 0 1 0.25 0.25 2 256 2000 8000 13500 44.45 91.94
# Algorithm, state_space_size, action_space_size, delay, sequence_length, reward_density, terminal_state_density, num_layers, layer_width, learning_starts, target_network_update_freq,
DQN 8 8 0 1 0.25 0.25 2 256 2000 8000 14020 60.36 107.87
# Algorithm, state_space_size, action_space_size, delay, sequence_length, reward_density, terminal_state_density, num_layers, layer_width, learning_starts, target_network_update_freq,
DQN 8 8 0 1 0.25 0.25 2 256 2000 8000 14488 60.36 107.87
# Algorithm, state_space_size, action_space_size, delay, sequence_length, reward_density, terminal_state_density, num_layers, layer_width, learning_starts, target_network_update_freq,
DQN 8 8 0 1 0.25 0.25 2 256 2000 8000 15024 66.91 114.48
# Algorithm, state_space_size, action_space_size, delay, sequence_length, reward_density, terminal_state_density, num_layers, layer_width, learning_starts, target_network_update_freq,
DQN 8 8 0 1 0.25 0.25 2 256 2000 8000 15548 73.61 121.21
# Algorithm, state_space_size, action_space_size, delay, sequence_length, reward_density, terminal_state_density, num_layers, layer_width, learning_starts, target_network_update_freq,
DQN 8 8 0 1 0.25 0.25 2 256 2000 8000 16072 78.24 125.86
# Algorithm, state_space_size, action_space_size, delay, sequence_length, reward_density, terminal_state_density, num_layers, layer_width, learning_starts, target_network_update_freq,
DQN 8 8 0 1 0.25 0.25 2 256 2000 8000 16600 82.76 130.4
# Algorithm, state_space_size, action_space_size, delay, sequence_length, reward_density, terminal_state_density, num_layers, layer_width, learning_starts, target_network_update_freq,
DQN 8 8 0 1 0.25 0.25 2 256 2000 8000 17012 89.38 137.03
# Algorithm, state_space_size, action_space_size, delay, sequence_length, reward_density, terminal_state_density, num_layers, layer_width, learning_starts, target_network_update_freq,
DQN 8 8 0 1 0.25 0.25 2 256 2000 8000 17212 89.38 137.03
# Algorithm, state_space_size, action_space_size, delay, sequence_length, reward_density, terminal_state_density, num_layers, layer_width, learning_starts, target_network_update_freq,
DQN 8 8 0 1 0.25 0.25 2 256 2000 8000 17376 89.38 137.03
# Algorithm, state_space_size, action_space_size, delay, sequence_length, reward_density, terminal_state_density, num_layers, layer_width, learning_starts, target_network_update_freq,
DQN 8 8 0 1 0.25 0.25 2 256 2000 8000 17544 89.38 137.03
# Algorithm, state_space_size, action_space_size, delay, sequence_length, reward_density, terminal_state_density, num_layers, layer_width, learning_starts, target_network_update_freq,
DQN 8 8 0 1 0.25 0.25 2 256 2000 8000 17716 89.38 137.03
# Algorithm, state_space_size, action_space_size, delay, sequence_length, reward_density, terminal_state_density, num_layers, layer_width, learning_starts, target_network_update_freq,
DQN 8 8 0 1 0.25 0.25 2 256 2000 8000 17876 89.38 137.03
# Algorithm, state_space_size, action_space_size, delay, sequence_length, reward_density, terminal_state_density, num_layers, layer_width, learning_starts, target_network_update_freq,
DQN 8 8 0 1 0.25 0.25 2 256 2000 8000 18088 89.38 137.03
# Algorithm, state_space_size, action_space_size, delay, sequence_length, reward_density, terminal_state_density, num_layers, layer_width, learning_starts, target_network_update_freq,
DQN 8 8 0 1 0.25 0.25 2 256 2000 8000 18240 89.38 137.03
# Algorithm, state_space_size, action_space_size, delay, sequence_length, reward_density, terminal_state_density, num_layers, layer_width, learning_starts, target_network_update_freq,
DQN 8 8 0 1 0.25 0.25 2 256 2000 8000 18524 89.38 137.03
# Algorithm, state_space_size, action_space_size, delay, sequence_length, reward_density, terminal_state_density, num_layers, layer_width, learning_starts, target_network_update_freq,
DQN 8 8 0 1 0.25 0.25 2 256 2000 8000 18912 105.84 153.52
# Algorithm, state_space_size, action_space_size, delay, sequence_length, reward_density, terminal_state_density, num_layers, layer_width, learning_starts, target_network_update_freq,
DQN 8 8 0 1 0.25 0.25 2 256 2000 8000 19300 105.84 153.52
# Algorithm, state_space_size, action_space_size, delay, sequence_length, reward_density, terminal_state_density, num_layers, layer_width, learning_starts, target_network_update_freq,
DQN 8 8 0 1 0.25 0.25 2 256 2000 8000 19592 115.5 163.2
# Algorithm, state_space_size, action_space_size, delay, sequence_length, reward_density, terminal_state_density, num_layers, layer_width, learning_starts, target_network_update_freq,
DQN 8 8 0 1 0.25 0.25 2 256 2000 8000 19752 116.28 163.98
# Algorithm, state_space_size, action_space_size, delay, sequence_length, reward_density, terminal_state_density, num_layers, layer_width, learning_starts, target_network_update_freq,
DQN 8 8 0 1 0.25 0.25 2 256 2000 8000 19912 116.28 163.98
# Algorithm, state_space_size, action_space_size, delay, sequence_length, reward_density, terminal_state_density, num_layers, layer_width, learning_starts, target_network_update_freq,
DQN 8 8 0 1 0.25 0.25 2 256 2000 8000 20068 120.26 167.97
# Algorithm, state_space_size, action_space_size, delay, sequence_length, reward_density, terminal_state_density, num_layers, layer_width, learning_starts, target_network_update_freq,
DQN 8 8 0 1 0.25 0.25 2 256 4000 80 524 0.6187050359712231 3.7553956834532376
# Algorithm, state_space_size, action_space_size, delay, sequence_length, reward_density, terminal_state_density, num_layers, layer_width, learning_starts, target_network_update_freq,
DQN 8 8 0 1 0.25 0.25 2 256 4000 80 1468 0.5523465703971119 3.4151624548736463
# Algorithm, state_space_size, action_space_size, delay, sequence_length, reward_density, terminal_state_density, num_layers, layer_width, learning_starts, target_network_update_freq,
DQN 8 8 0 1 0.25 0.25 2 256 4000 80 2360 0.45145631067961167 2.1650485436893203
# Algorithm, state_space_size, action_space_size, delay, sequence_length, reward_density, terminal_state_density, num_layers, layer_width, learning_starts, target_network_update_freq,
DQN 8 8 0 1 0.25 0.25 2 256 4000 80 3220 0.36973180076628354 1.6455938697318007
# Algorithm, state_space_size, action_space_size, delay, sequence_length, reward_density, terminal_state_density, num_layers, layer_width, learning_starts, target_network_update_freq,
DQN 8 8 0 1 0.25 0.25 2 256 4000 80 4012 0.3935483870967742 1.6903225806451614
# Algorithm, state_space_size, action_space_size, delay, sequence_length, reward_density, terminal_state_density, num_layers, layer_width, learning_starts, target_network_update_freq,
DQN 8 8 0 1 0.25 0.25 2 256 4000 80 4420 0.8067226890756303 3.4873949579831933
# Algorithm, state_space_size, action_space_size, delay, sequence_length, reward_density, terminal_state_density, num_layers, layer_width, learning_starts, target_network_update_freq,
DQN 8 8 0 1 0.25 0.25 2 256 4000 80 4880 0.987012987012987 1.9870129870129871
# Algorithm, state_space_size, action_space_size, delay, sequence_length, reward_density, terminal_state_density, num_layers, layer_width, learning_starts, target_network_update_freq,
DQN 8 8 0 1 0.25 0.25 2 256 4000 80 5312 1.009009009009009 2.126126126126126
# Algorithm, state_space_size, action_space_size, delay, sequence_length, reward_density, terminal_state_density, num_layers, layer_width, learning_starts, target_network_update_freq,
DQN 8 8 0 1 0.25 0.25 2 256 4000 80 5844 1.01 2.13
# Algorithm, state_space_size, action_space_size, delay, sequence_length, reward_density, terminal_state_density, num_layers, layer_width, learning_starts, target_network_update_freq,
DQN 8 8 0 1 0.25 0.25 2 256 4000 80 6364 6.64 13.4
# Algorithm, state_space_size, action_space_size, delay, sequence_length, reward_density, terminal_state_density, num_layers, layer_width, learning_starts, target_network_update_freq,
DQN 8 8 0 1 0.25 0.25 2 256 4000 80 6880 6.64 13.4
# Algorithm, state_space_size, action_space_size, delay, sequence_length, reward_density, terminal_state_density, num_layers, layer_width, learning_starts, target_network_update_freq,
DQN 8 8 0 1 0.25 0.25 2 256 4000 80 7356 10.78 21.72
# Algorithm, state_space_size, action_space_size, delay, sequence_length, reward_density, terminal_state_density, num_layers, layer_width, learning_starts, target_network_update_freq,
DQN 8 8 0 1 0.25 0.25 2 256 4000 80 7884 14.22 28.64
# Algorithm, state_space_size, action_space_size, delay, sequence_length, reward_density, terminal_state_density, num_layers, layer_width, learning_starts, target_network_update_freq,
DQN 8 8 0 1 0.25 0.25 2 256 4000 80 8416 14.22 28.64
# Algorithm, state_space_size, action_space_size, delay, sequence_length, reward_density, terminal_state_density, num_layers, layer_width, learning_starts, target_network_update_freq,
DQN 8 8 0 1 0.25 0.25 2 256 4000 80 8944 14.22 28.64
# Algorithm, state_space_size, action_space_size, delay, sequence_length, reward_density, terminal_state_density, num_layers, layer_width, learning_starts, target_network_update_freq,
DQN 8 8 0 1 0.25 0.25 2 256 4000 80 9472 21.14 42.59
# Algorithm, state_space_size, action_space_size, delay, sequence_length, reward_density, terminal_state_density, num_layers, layer_width, learning_starts, target_network_update_freq,
DQN 8 8 0 1 0.25 0.25 2 256 4000 80 9944 21.14 42.59
# Algorithm, state_space_size, action_space_size, delay, sequence_length, reward_density, terminal_state_density, num_layers, layer_width, learning_starts, target_network_update_freq,
DQN 8 8 0 1 0.25 0.25 2 256 4000 80 10476 26.32 53.02
# Algorithm, state_space_size, action_space_size, delay, sequence_length, reward_density, terminal_state_density, num_layers, layer_width, learning_starts, target_network_update_freq,
DQN 8 8 0 1 0.25 0.25 2 256 4000 80 11008 29.65 59.72
# Algorithm, state_space_size, action_space_size, delay, sequence_length, reward_density, terminal_state_density, num_layers, layer_width, learning_starts, target_network_update_freq,
DQN 8 8 0 1 0.25 0.25 2 256 4000 80 11528 32.52 65.49
# Algorithm, state_space_size, action_space_size, delay, sequence_length, reward_density, terminal_state_density, num_layers, layer_width, learning_starts, target_network_update_freq,
DQN 8 8 0 1 0.25 0.25 2 256 4000 80 12060 32.52 65.49
# Algorithm, state_space_size, action_space_size, delay, sequence_length, reward_density, terminal_state_density, num_layers, layer_width, learning_starts, target_network_update_freq,
DQN 8 8 0 1 0.25 0.25 2 256 4000 80 12540 32.52 65.49
# Algorithm, state_space_size, action_space_size, delay, sequence_length, reward_density, terminal_state_density, num_layers, layer_width, learning_starts, target_network_update_freq,
DQN 8 8 0 1 0.25 0.25 2 256 4000 80 13028 39.77 80.09
# Algorithm, state_space_size, action_space_size, delay, sequence_length, reward_density, terminal_state_density, num_layers, layer_width, learning_starts, target_network_update_freq,
DQN 8 8 0 1 0.25 0.25 2 256 4000 80 13516 39.77 80.09
# Algorithm, state_space_size, action_space_size, delay, sequence_length, reward_density, terminal_state_density, num_layers, layer_width, learning_starts, target_network_update_freq,
DQN 8 8 0 1 0.25 0.25 2 256 4000 80 14012 39.77 80.09
# Algorithm, state_space_size, action_space_size, delay, sequence_length, reward_density, terminal_state_density, num_layers, layer_width, learning_starts, target_network_update_freq,
DQN 8 8 0 1 0.25 0.25 2 256 4000 80 14524 39.77 80.09
# Algorithm, state_space_size, action_space_size, delay, sequence_length, reward_density, terminal_state_density, num_layers, layer_width, learning_starts, target_network_update_freq,
DQN 8 8 0 1 0.25 0.25 2 256 4000 80 14984 48.12 96.9
# Algorithm, state_space_size, action_space_size, delay, sequence_length, reward_density, terminal_state_density, num_layers, layer_width, learning_starts, target_network_update_freq,
DQN 8 8 0 1 0.25 0.25 2 256 4000 80 15512 51.77 104.26
# Algorithm, state_space_size, action_space_size, delay, sequence_length, reward_density, terminal_state_density, num_layers, layer_width, learning_starts, target_network_update_freq,
DQN 8 8 0 1 0.25 0.25 2 256 4000 80 16040 54.82 110.45
# Algorithm, state_space_size, action_space_size, delay, sequence_length, reward_density, terminal_state_density, num_layers, layer_width, learning_starts, target_network_update_freq,
DQN 8 8 0 1 0.25 0.25 2 256 4000 80 16560 56.76 114.35
# Algorithm, state_space_size, action_space_size, delay, sequence_length, reward_density, terminal_state_density, num_layers, layer_width, learning_starts, target_network_update_freq,
DQN 8 8 0 1 0.25 0.25 2 256 4000 80 17092 59.99 120.85
# Algorithm, state_space_size, action_space_size, delay, sequence_length, reward_density, terminal_state_density, num_layers, layer_width, learning_starts, target_network_update_freq,
DQN 8 8 0 1 0.25 0.25 2 256 4000 80 17608 59.99 120.85
# Algorithm, state_space_size, action_space_size, delay, sequence_length, reward_density, terminal_state_density, num_layers, layer_width, learning_starts, target_network_update_freq,
DQN 8 8 0 1 0.25 0.25 2 256 4000 80 18100 63.86 128.68
# Algorithm, state_space_size, action_space_size, delay, sequence_length, reward_density, terminal_state_density, num_layers, layer_width, learning_starts, target_network_update_freq,
DQN 8 8 0 1 0.25 0.25 2 256 4000 80 18628 65.34 131.7
# Algorithm, state_space_size, action_space_size, delay, sequence_length, reward_density, terminal_state_density, num_layers, layer_width, learning_starts, target_network_update_freq,
DQN 8 8 0 1 0.25 0.25 2 256 4000 80 19152 70.06 141.2
# Algorithm, state_space_size, action_space_size, delay, sequence_length, reward_density, terminal_state_density, num_layers, layer_width, learning_starts, target_network_update_freq,
DQN 8 8 0 1 0.25 0.25 2 256 4000 80 19680 71.66 144.43
# Algorithm, state_space_size, action_space_size, delay, sequence_length, reward_density, terminal_state_density, num_layers, layer_width, learning_starts, target_network_update_freq,
DQN 8 8 0 1 0.25 0.25 2 256 4000 80 20196 74.94 151.02
# Algorithm, state_space_size, action_space_size, delay, sequence_length, reward_density, terminal_state_density, num_layers, layer_width, learning_starts, target_network_update_freq,
DQN 8 8 0 1 0.25 0.25 2 256 4000 800 920 0.6317829457364341 3.554263565891473
# Algorithm, state_space_size, action_space_size, delay, sequence_length, reward_density, terminal_state_density, num_layers, layer_width, learning_starts, target_network_update_freq,
DQN 8 8 0 1 0.25 0.25 2 256 4000 800 1880 0.9512195121951219 4.663414634146341
# Algorithm, state_space_size, action_space_size, delay, sequence_length, reward_density, terminal_state_density, num_layers, layer_width, learning_starts, target_network_update_freq,
DQN 8 8 0 1 0.25 0.25 2 256 4000 800 2860 2.9074074074074074 6.0246913580246915
# Algorithm, state_space_size, action_space_size, delay, sequence_length, reward_density, terminal_state_density, num_layers, layer_width, learning_starts, target_network_update_freq,
DQN 8 8 0 1 0.25 0.25 2 256 4000 800 3908 10.5 13.57
# Algorithm, state_space_size, action_space_size, delay, sequence_length, reward_density, terminal_state_density, num_layers, layer_width, learning_starts, target_network_update_freq,
DQN 8 8 0 1 0.25 0.25 2 256 4000 800 4368 12.89 17.03
# Algorithm, state_space_size, action_space_size, delay, sequence_length, reward_density, terminal_state_density, num_layers, layer_width, learning_starts, target_network_update_freq,
DQN 8 8 0 1 0.25 0.25 2 256 4000 800 4908 17.68 22.39
# Algorithm, state_space_size, action_space_size, delay, sequence_length, reward_density, terminal_state_density, num_layers, layer_width, learning_starts, target_network_update_freq,
DQN 8 8 0 1 0.25 0.25 2 256 4000 800 5440 20.53 25.76
# Algorithm, state_space_size, action_space_size, delay, sequence_length, reward_density, terminal_state_density, num_layers, layer_width, learning_starts, target_network_update_freq,
DQN 8 8 0 1 0.25 0.25 2 256 4000 800 5976 24.85 30.09
# Algorithm, state_space_size, action_space_size, delay, sequence_length, reward_density, terminal_state_density, num_layers, layer_width, learning_starts, target_network_update_freq,
DQN 8 8 0 1 0.25 0.25 2 256 4000 800 6512 33.4 38.7
# Algorithm, state_space_size, action_space_size, delay, sequence_length, reward_density, terminal_state_density, num_layers, layer_width, learning_starts, target_network_update_freq,
DQN 8 8 0 1 0.25 0.25 2 256 4000 800 6980 36.78 42.05
# Algorithm, state_space_size, action_space_size, delay, sequence_length, reward_density, terminal_state_density, num_layers, layer_width, learning_starts, target_network_update_freq,
DQN 8 8 0 1 0.25 0.25 2 256 4000 800 7516 42.32 47.63
# Algorithm, state_space_size, action_space_size, delay, sequence_length, reward_density, terminal_state_density, num_layers, layer_width, learning_starts, target_network_update_freq,
DQN 8 8 0 1 0.25 0.25 2 256 4000 800 8056 42.32 47.63
# Algorithm, state_space_size, action_space_size, delay, sequence_length, reward_density, terminal_state_density, num_layers, layer_width, learning_starts, target_network_update_freq,
DQN 8 8 0 1 0.25 0.25 2 256 4000 800 8588 52.9 58.22
# Algorithm, state_space_size, action_space_size, delay, sequence_length, reward_density, terminal_state_density, num_layers, layer_width, learning_starts, target_network_update_freq,
DQN 8 8 0 1 0.25 0.25 2 256 4000 800 9128 52.9 58.22
# Algorithm, state_space_size, action_space_size, delay, sequence_length, reward_density, terminal_state_density, num_layers, layer_width, learning_starts, target_network_update_freq,
DQN 8 8 0 1 0.25 0.25 2 256 4000 800 9608 64.24 69.57
# Algorithm, state_space_size, action_space_size, delay, sequence_length, reward_density, terminal_state_density, num_layers, layer_width, learning_starts, target_network_update_freq,
DQN 8 8 0 1 0.25 0.25 2 256 4000 800 10072 64.24 69.57
# Algorithm, state_space_size, action_space_size, delay, sequence_length, reward_density, terminal_state_density, num_layers, layer_width, learning_starts, target_network_update_freq,
DQN 8 8 0 1 0.25 0.25 2 256 4000 800 10560 73.19 78.48
# Algorithm, state_space_size, action_space_size, delay, sequence_length, reward_density, terminal_state_density, num_layers, layer_width, learning_starts, target_network_update_freq,
DQN 8 8 0 1 0.25 0.25 2 256 4000 800 11072 76.92 82.25
# Algorithm, state_space_size, action_space_size, delay, sequence_length, reward_density, terminal_state_density, num_layers, layer_width, learning_starts, target_network_update_freq,
DQN 8 8 0 1 0.25 0.25 2 256 4000 800 11600 82.31 87.62
# Algorithm, state_space_size, action_space_size, delay, sequence_length, reward_density, terminal_state_density, num_layers, layer_width, learning_starts, target_network_update_freq,
DQN 8 8 0 1 0.25 0.25 2 256 4000 800 12124 88.38 93.73
# Algorithm, state_space_size, action_space_size, delay, sequence_length, reward_density, terminal_state_density, num_layers, layer_width, learning_starts, target_network_update_freq,
DQN 8 8 0 1 0.25 0.25 2 256 4000 800 12584 88.38 93.73
# Algorithm, state_space_size, action_space_size, delay, sequence_length, reward_density, terminal_state_density, num_layers, layer_width, learning_starts, target_network_update_freq,
DQN 8 8 0 1 0.25 0.25 2 256 4000 800 13112 98.09 103.51
# Algorithm, state_space_size, action_space_size, delay, sequence_length, reward_density, terminal_state_density, num_layers, layer_width, learning_starts, target_network_update_freq,
DQN 8 8 0 1 0.25 0.25 2 256 4000 800 13652 102.12 107.6
# Algorithm, state_space_size, action_space_size, delay, sequence_length, reward_density, terminal_state_density, num_layers, layer_width, learning_starts, target_network_update_freq,
DQN 8 8 0 1 0.25 0.25 2 256 4000 800 14172 106.61 112.07
# Algorithm, state_space_size, action_space_size, delay, sequence_length, reward_density, terminal_state_density, num_layers, layer_width, learning_starts, target_network_update_freq,
DQN 8 8 0 1 0.25 0.25 2 256 4000 800 14688 114.43 119.95
# Algorithm, state_space_size, action_space_size, delay, sequence_length, reward_density, terminal_state_density, num_layers, layer_width, learning_starts, target_network_update_freq,
DQN 8 8 0 1 0.25 0.25 2 256 4000 800 15212 115.93 121.44
# Algorithm, state_space_size, action_space_size, delay, sequence_length, reward_density, terminal_state_density, num_layers, layer_width, learning_starts, target_network_update_freq,
DQN 8 8 0 1 0.25 0.25 2 256 4000 800 15684 124.73 130.29
# Algorithm, state_space_size, action_space_size, delay, sequence_length, reward_density, terminal_state_density, num_layers, layer_width, learning_starts, target_network_update_freq,
DQN 8 8 0 1 0.25 0.25 2 256 4000 800 16216 129.89 135.43
# Algorithm, state_space_size, action_space_size, delay, sequence_length, reward_density, terminal_state_density, num_layers, layer_width, learning_starts, target_network_update_freq,
DQN 8 8 0 1 0.25 0.25 2 256 4000 800 16740 132.88 138.34
# Algorithm, state_space_size, action_space_size, delay, sequence_length, reward_density, terminal_state_density, num_layers, layer_width, learning_starts, target_network_update_freq,
DQN 8 8 0 1 0.25 0.25 2 256 4000 800 17272 132.88 138.34
# Algorithm, state_space_size, action_space_size, delay, sequence_length, reward_density, terminal_state_density, num_layers, layer_width, learning_starts, target_network_update_freq,
DQN 8 8 0 1 0.25 0.25 2 256 4000 800 17800 143.5 149.07
# Algorithm, state_space_size, action_space_size, delay, sequence_length, reward_density, terminal_state_density, num_layers, layer_width, learning_starts, target_network_update_freq,
DQN 8 8 0 1 0.25 0.25 2 256 4000 800 18264 147.29 152.89
# Algorithm, state_space_size, action_space_size, delay, sequence_length, reward_density, terminal_state_density, num_layers, layer_width, learning_starts, target_network_update_freq,
DQN 8 8 0 1 0.25 0.25 2 256 4000 800 18796 153.84 159.37
# Algorithm, state_space_size, action_space_size, delay, sequence_length, reward_density, terminal_state_density, num_layers, layer_width, learning_starts, target_network_update_freq,
DQN 8 8 0 1 0.25 0.25 2 256 4000 800 19300 156.77 162.3
# Algorithm, state_space_size, action_space_size, delay, sequence_length, reward_density, terminal_state_density, num_layers, layer_width, learning_starts, target_network_update_freq,
DQN 8 8 0 1 0.25 0.25 2 256 4000 800 19828 156.77 162.3
# Algorithm, state_space_size, action_space_size, delay, sequence_length, reward_density, terminal_state_density, num_layers, layer_width, learning_starts, target_network_update_freq,
DQN 8 8 0 1 0.25 0.25 2 256 4000 800 20352 167.33 172.96
# Algorithm, state_space_size, action_space_size, delay, sequence_length, reward_density, terminal_state_density, num_layers, layer_width, learning_starts, target_network_update_freq,
DQN 8 8 0 1 0.25 0.25 2 256 4000 8000 928 0.6872427983539094 3.7613168724279835
# Algorithm, state_space_size, action_space_size, delay, sequence_length, reward_density, terminal_state_density, num_layers, layer_width, learning_starts, target_network_update_freq,
DQN 8 8 0 1 0.25 0.25 2 256 4000 8000 1904 2.8088235294117645 7.25
# Algorithm, state_space_size, action_space_size, delay, sequence_length, reward_density, terminal_state_density, num_layers, layer_width, learning_starts, target_network_update_freq,
DQN 8 8 0 1 0.25 0.25 2 256 4000 8000 2944 9.99 16.39
# Algorithm, state_space_size, action_space_size, delay, sequence_length, reward_density, terminal_state_density, num_layers, layer_width, learning_starts, target_network_update_freq,
DQN 8 8 0 1 0.25 0.25 2 256 4000 8000 4004 16.45 25.99
# Algorithm, state_space_size, action_space_size, delay, sequence_length, reward_density, terminal_state_density, num_layers, layer_width, learning_starts, target_network_update_freq,
DQN 8 8 0 1 0.25 0.25 2 256 4000 8000 4472 16.45 25.99
# Algorithm, state_space_size, action_space_size, delay, sequence_length, reward_density, terminal_state_density, num_layers, layer_width, learning_starts, target_network_update_freq,
DQN 8 8 0 1 0.25 0.25 2 256 4000 8000 5008 19.25 34.34
# Algorithm, state_space_size, action_space_size, delay, sequence_length, reward_density, terminal_state_density, num_layers, layer_width, learning_starts, target_network_update_freq,
DQN 8 8 0 1 0.25 0.25 2 256 4000 8000 5540 19.25 34.34
# Algorithm, state_space_size, action_space_size, delay, sequence_length, reward_density, terminal_state_density, num_layers, layer_width, learning_starts, target_network_update_freq,
DQN 8 8 0 1 0.25 0.25 2 256 4000 8000 6060 28.39 45.39
# Algorithm, state_space_size, action_space_size, delay, sequence_length, reward_density, terminal_state_density, num_layers, layer_width, learning_starts, target_network_update_freq,
DQN 8 8 0 1 0.25 0.25 2 256 4000 8000 6548 32.51 50.22
# Algorithm, state_space_size, action_space_size, delay, sequence_length, reward_density, terminal_state_density, num_layers, layer_width, learning_starts, target_network_update_freq,
DQN 8 8 0 1 0.25 0.25 2 256 4000 8000 7048 32.51 50.22
# Algorithm, state_space_size, action_space_size, delay, sequence_length, reward_density, terminal_state_density, num_layers, layer_width, learning_starts, target_network_update_freq,
DQN 8 8 0 1 0.25 0.25 2 256 4000 8000 7492 37.13 60.77
# Algorithm, state_space_size, action_space_size, delay, sequence_length, reward_density, terminal_state_density, num_layers, layer_width, learning_starts, target_network_update_freq,
DQN 8 8 0 1 0.25 0.25 2 256 4000 8000 8020 37.13 60.77
# Algorithm, state_space_size, action_space_size, delay, sequence_length, reward_density, terminal_state_density, num_layers, layer_width, learning_starts, target_network_update_freq,
DQN 8 8 0 1 0.25 0.25 2 256 4000 8000 8556 42.3 71.22
# Algorithm, state_space_size, action_space_size, delay, sequence_length, reward_density, terminal_state_density, num_layers, layer_width, learning_starts, target_network_update_freq,
DQN 8 8 0 1 0.25 0.25 2 256 4000 8000 9096 46.56 75.49
# Algorithm, state_space_size, action_space_size, delay, sequence_length, reward_density, terminal_state_density, num_layers, layer_width, learning_starts, target_network_update_freq,
DQN 8 8 0 1 0.25 0.25 2 256 4000 8000 9628 47.85 76.8
# Algorithm, state_space_size, action_space_size, delay, sequence_length, reward_density, terminal_state_density, num_layers, layer_width, learning_starts, target_network_update_freq,
DQN 8 8 0 1 0.25 0.25 2 256 4000 8000 10100 47.85 76.8
# Algorithm, state_space_size, action_space_size, delay, sequence_length, reward_density, terminal_state_density, num_layers, layer_width, learning_starts, target_network_update_freq,
DQN 8 8 0 1 0.25 0.25 2 256 4000 8000 10648 60.04 89.08
# Algorithm, state_space_size, action_space_size, delay, sequence_length, reward_density, terminal_state_density, num_layers, layer_width, learning_starts, target_network_update_freq,
DQN 8 8 0 1 0.25 0.25 2 256 4000 8000 11184 65.05 94.13
# Algorithm, state_space_size, action_space_size, delay, sequence_length, reward_density, terminal_state_density, num_layers, layer_width, learning_starts, target_network_update_freq,
DQN 8 8 0 1 0.25 0.25 2 256 4000 8000 11724 69.01 98.11
# Algorithm, state_space_size, action_space_size, delay, sequence_length, reward_density, terminal_state_density, num_layers, layer_width, learning_starts, target_network_update_freq,
DQN 8 8 0 1 0.25 0.25 2 256 4000 8000 12264 69.01 98.11
# Algorithm, state_space_size, action_space_size, delay, sequence_length, reward_density, terminal_state_density, num_layers, layer_width, learning_starts, target_network_update_freq,
DQN 8 8 0 1 0.25 0.25 2 256 4000 8000 12744 69.01 98.11
# Algorithm, state_space_size, action_space_size, delay, sequence_length, reward_density, terminal_state_density, num_layers, layer_width, learning_starts, target_network_update_freq,
DQN 8 8 0 1 0.25 0.25 2 256 4000 8000 13272 88.77 117.91
# Algorithm, state_space_size, action_space_size, delay, sequence_length, reward_density, terminal_state_density, num_layers, layer_width, learning_starts, target_network_update_freq,
DQN 8 8 0 1 0.25 0.25 2 256 4000 8000 13808 88.77 117.91
# Algorithm, state_space_size, action_space_size, delay, sequence_length, reward_density, terminal_state_density, num_layers, layer_width, learning_starts, target_network_update_freq,
DQN 8 8 0 1 0.25 0.25 2 256 4000 8000 14336 96.74 125.9
# Algorithm, state_space_size, action_space_size, delay, sequence_length, reward_density, terminal_state_density, num_layers, layer_width, learning_starts, target_network_update_freq,
DQN 8 8 0 1 0.25 0.25 2 256 4000 8000 14864 101.18 130.24
# Algorithm, state_space_size, action_space_size, delay, sequence_length, reward_density, terminal_state_density, num_layers, layer_width, learning_starts, target_network_update_freq,
DQN 8 8 0 1 0.25 0.25 2 256 4000 8000 15356 106.8 135.88
# Algorithm, state_space_size, action_space_size, delay, sequence_length, reward_density, terminal_state_density, num_layers, layer_width, learning_starts, target_network_update_freq,
DQN 8 8 0 1 0.25 0.25 2 256 4000 8000 15872 111.12 140.2
# Algorithm, state_space_size, action_space_size, delay, sequence_length, reward_density, terminal_state_density, num_layers, layer_width, learning_starts, target_network_update_freq,
DQN 8 8 0 1 0.25 0.25 2 256 4000 8000 16404 119.63 148.74
# Algorithm, state_space_size, action_space_size, delay, sequence_length, reward_density, terminal_state_density, num_layers, layer_width, learning_starts, target_network_update_freq,
DQN 8 8 0 1 0.25 0.25 2 256 4000 8000 16940 121.28 150.33
# Algorithm, state_space_size, action_space_size, delay, sequence_length, reward_density, terminal_state_density, num_layers, layer_width, learning_starts, target_network_update_freq,
DQN 8 8 0 1 0.25 0.25 2 256 4000 8000 17472 126.95 155.92
# Algorithm, state_space_size, action_space_size, delay, sequence_length, reward_density, terminal_state_density, num_layers, layer_width, learning_starts, target_network_update_freq,
DQN 8 8 0 1 0.25 0.25 2 256 4000 8000 18000 135.57 164.59
# Algorithm, state_space_size, action_space_size, delay, sequence_length, reward_density, terminal_state_density, num_layers, layer_width, learning_starts, target_network_update_freq,
DQN 8 8 0 1 0.25 0.25 2 256 4000 8000 18468 140.21 169.27
# Algorithm, state_space_size, action_space_size, delay, sequence_length, reward_density, terminal_state_density, num_layers, layer_width, learning_starts, target_network_update_freq,
DQN 8 8 0 1 0.25 0.25 2 256 4000 8000 18996 144.89 173.98
# Algorithm, state_space_size, action_space_size, delay, sequence_length, reward_density, terminal_state_density, num_layers, layer_width, learning_starts, target_network_update_freq,
DQN 8 8 0 1 0.25 0.25 2 256 4000 8000 19528 147.72 176.74
# Algorithm, state_space_size, action_space_size, delay, sequence_length, reward_density, terminal_state_density, num_layers, layer_width, learning_starts, target_network_update_freq,
DQN 8 8 0 1 0.25 0.25 2 256 4000 8000 20048 147.72 176.74
