# Algorithm, state_space_size, action_space_size, delay, sequence_length, reward_density, terminal_state_density, num_layers, layer_width, learning_starts, target_network_update_freq,
DQN 8 8 0 1 0.25 0.25 2 256 1000 80 724 0.7325581395348837 4.186046511627907
# Algorithm, state_space_size, action_space_size, delay, sequence_length, reward_density, terminal_state_density, num_layers, layer_width, learning_starts, target_network_update_freq,
DQN 8 8 0 1 0.25 0.25 2 256 1000 80 1188 0.54 4.89
# Algorithm, state_space_size, action_space_size, delay, sequence_length, reward_density, terminal_state_density, num_layers, layer_width, learning_starts, target_network_update_freq,
DQN 8 8 0 1 0.25 0.25 2 256 1000 80 1480 1.25 2.98
# Algorithm, state_space_size, action_space_size, delay, sequence_length, reward_density, terminal_state_density, num_layers, layer_width, learning_starts, target_network_update_freq,
DQN 8 8 0 1 0.25 0.25 2 256 1000 80 1836 1.1666666666666667 2.3666666666666667
# Algorithm, state_space_size, action_space_size, delay, sequence_length, reward_density, terminal_state_density, num_layers, layer_width, learning_starts, target_network_update_freq,
DQN 8 8 0 1 0.25 0.25 2 256 1000 80 2200 1.94 3.85
# Algorithm, state_space_size, action_space_size, delay, sequence_length, reward_density, terminal_state_density, num_layers, layer_width, learning_starts, target_network_update_freq,
DQN 8 8 0 1 0.25 0.25 2 256 1000 80 2616 2.92 5.83
# Algorithm, state_space_size, action_space_size, delay, sequence_length, reward_density, terminal_state_density, num_layers, layer_width, learning_starts, target_network_update_freq,
DQN 8 8 0 1 0.25 0.25 2 256 1000 80 3028 6.09 12.17
# Algorithm, state_space_size, action_space_size, delay, sequence_length, reward_density, terminal_state_density, num_layers, layer_width, learning_starts, target_network_update_freq,
DQN 8 8 0 1 0.25 0.25 2 256 1000 80 3436 6.43 12.85
# Algorithm, state_space_size, action_space_size, delay, sequence_length, reward_density, terminal_state_density, num_layers, layer_width, learning_starts, target_network_update_freq,
DQN 8 8 0 1 0.25 0.25 2 256 1000 80 3832 6.43 12.85
# Algorithm, state_space_size, action_space_size, delay, sequence_length, reward_density, terminal_state_density, num_layers, layer_width, learning_starts, target_network_update_freq,
DQN 8 8 0 1 0.25 0.25 2 256 1000 80 4256 11.56 23.2
# Algorithm, state_space_size, action_space_size, delay, sequence_length, reward_density, terminal_state_density, num_layers, layer_width, learning_starts, target_network_update_freq,
DQN 8 8 0 1 0.25 0.25 2 256 1000 80 4700 12.48 25.45
# Algorithm, state_space_size, action_space_size, delay, sequence_length, reward_density, terminal_state_density, num_layers, layer_width, learning_starts, target_network_update_freq,
DQN 8 8 0 1 0.25 0.25 2 256 1000 80 5148 12.48 25.45
# Algorithm, state_space_size, action_space_size, delay, sequence_length, reward_density, terminal_state_density, num_layers, layer_width, learning_starts, target_network_update_freq,
DQN 8 8 0 1 0.25 0.25 2 256 1000 80 5568 15.09 37.25
# Algorithm, state_space_size, action_space_size, delay, sequence_length, reward_density, terminal_state_density, num_layers, layer_width, learning_starts, target_network_update_freq,
DQN 8 8 0 1 0.25 0.25 2 256 1000 80 5920 15.09 37.25
# Algorithm, state_space_size, action_space_size, delay, sequence_length, reward_density, terminal_state_density, num_layers, layer_width, learning_starts, target_network_update_freq,
DQN 8 8 0 1 0.25 0.25 2 256 1000 80 6320 18.07 44.01
# Algorithm, state_space_size, action_space_size, delay, sequence_length, reward_density, terminal_state_density, num_layers, layer_width, learning_starts, target_network_update_freq,
DQN 8 8 0 1 0.25 0.25 2 256 1000 80 6768 20.15 48.97
# Algorithm, state_space_size, action_space_size, delay, sequence_length, reward_density, terminal_state_density, num_layers, layer_width, learning_starts, target_network_update_freq,
DQN 8 8 0 1 0.25 0.25 2 256 1000 80 7196 21.9 52.5
# Algorithm, state_space_size, action_space_size, delay, sequence_length, reward_density, terminal_state_density, num_layers, layer_width, learning_starts, target_network_update_freq,
DQN 8 8 0 1 0.25 0.25 2 256 1000 80 7624 24.39 57.62
# Algorithm, state_space_size, action_space_size, delay, sequence_length, reward_density, terminal_state_density, num_layers, layer_width, learning_starts, target_network_update_freq,
DQN 8 8 0 1 0.25 0.25 2 256 1000 80 7964 25.39 59.63
# Algorithm, state_space_size, action_space_size, delay, sequence_length, reward_density, terminal_state_density, num_layers, layer_width, learning_starts, target_network_update_freq,
DQN 8 8 0 1 0.25 0.25 2 256 1000 80 8408 25.39 59.63
# Algorithm, state_space_size, action_space_size, delay, sequence_length, reward_density, terminal_state_density, num_layers, layer_width, learning_starts, target_network_update_freq,
DQN 8 8 0 1 0.25 0.25 2 256 1000 80 8832 25.39 59.63
# Algorithm, state_space_size, action_space_size, delay, sequence_length, reward_density, terminal_state_density, num_layers, layer_width, learning_starts, target_network_update_freq,
DQN 8 8 0 1 0.25 0.25 2 256 1000 80 9268 31.86 72.64
# Algorithm, state_space_size, action_space_size, delay, sequence_length, reward_density, terminal_state_density, num_layers, layer_width, learning_starts, target_network_update_freq,
DQN 8 8 0 1 0.25 0.25 2 256 1000 80 9708 33.35 75.68
# Algorithm, state_space_size, action_space_size, delay, sequence_length, reward_density, terminal_state_density, num_layers, layer_width, learning_starts, target_network_update_freq,
DQN 8 8 0 1 0.25 0.25 2 256 1000 80 10104 34.87 78.77
# Algorithm, state_space_size, action_space_size, delay, sequence_length, reward_density, terminal_state_density, num_layers, layer_width, learning_starts, target_network_update_freq,
DQN 8 8 0 1 0.25 0.25 2 256 1000 80 10488 34.87 78.77
# Algorithm, state_space_size, action_space_size, delay, sequence_length, reward_density, terminal_state_density, num_layers, layer_width, learning_starts, target_network_update_freq,
DQN 8 8 0 1 0.25 0.25 2 256 1000 80 10948 34.87 78.77
# Algorithm, state_space_size, action_space_size, delay, sequence_length, reward_density, terminal_state_density, num_layers, layer_width, learning_starts, target_network_update_freq,
DQN 8 8 0 1 0.25 0.25 2 256 1000 80 11384 41.28 91.74
# Algorithm, state_space_size, action_space_size, delay, sequence_length, reward_density, terminal_state_density, num_layers, layer_width, learning_starts, target_network_update_freq,
DQN 8 8 0 1 0.25 0.25 2 256 1000 80 11808 43.71 96.68
# Algorithm, state_space_size, action_space_size, delay, sequence_length, reward_density, terminal_state_density, num_layers, layer_width, learning_starts, target_network_update_freq,
DQN 8 8 0 1 0.25 0.25 2 256 1000 80 12224 46.93 103.17
# Algorithm, state_space_size, action_space_size, delay, sequence_length, reward_density, terminal_state_density, num_layers, layer_width, learning_starts, target_network_update_freq,
DQN 8 8 0 1 0.25 0.25 2 256 1000 80 12572 46.93 103.17
# Algorithm, state_space_size, action_space_size, delay, sequence_length, reward_density, terminal_state_density, num_layers, layer_width, learning_starts, target_network_update_freq,
DQN 8 8 0 1 0.25 0.25 2 256 1000 80 13008 50.91 111.21
# Algorithm, state_space_size, action_space_size, delay, sequence_length, reward_density, terminal_state_density, num_layers, layer_width, learning_starts, target_network_update_freq,
DQN 8 8 0 1 0.25 0.25 2 256 1000 80 13408 51.88 113.24
# Algorithm, state_space_size, action_space_size, delay, sequence_length, reward_density, terminal_state_density, num_layers, layer_width, learning_starts, target_network_update_freq,
DQN 8 8 0 1 0.25 0.25 2 256 1000 80 13844 54.69 118.93
# Algorithm, state_space_size, action_space_size, delay, sequence_length, reward_density, terminal_state_density, num_layers, layer_width, learning_starts, target_network_update_freq,
DQN 8 8 0 1 0.25 0.25 2 256 1000 80 14244 56.65 122.95
# Algorithm, state_space_size, action_space_size, delay, sequence_length, reward_density, terminal_state_density, num_layers, layer_width, learning_starts, target_network_update_freq,
DQN 8 8 0 1 0.25 0.25 2 256 1000 80 14648 58.53 126.79
# Algorithm, state_space_size, action_space_size, delay, sequence_length, reward_density, terminal_state_density, num_layers, layer_width, learning_starts, target_network_update_freq,
DQN 8 8 0 1 0.25 0.25 2 256 1000 80 15060 58.53 126.79
# Algorithm, state_space_size, action_space_size, delay, sequence_length, reward_density, terminal_state_density, num_layers, layer_width, learning_starts, target_network_update_freq,
DQN 8 8 0 1 0.25 0.25 2 256 1000 80 15400 61.73 133.28
# Algorithm, state_space_size, action_space_size, delay, sequence_length, reward_density, terminal_state_density, num_layers, layer_width, learning_starts, target_network_update_freq,
DQN 8 8 0 1 0.25 0.25 2 256 1000 80 15764 61.73 133.28
# Algorithm, state_space_size, action_space_size, delay, sequence_length, reward_density, terminal_state_density, num_layers, layer_width, learning_starts, target_network_update_freq,
DQN 8 8 0 1 0.25 0.25 2 256 1000 80 16180 61.73 133.28
# Algorithm, state_space_size, action_space_size, delay, sequence_length, reward_density, terminal_state_density, num_layers, layer_width, learning_starts, target_network_update_freq,
DQN 8 8 0 1 0.25 0.25 2 256 1000 80 16588 61.73 133.28
# Algorithm, state_space_size, action_space_size, delay, sequence_length, reward_density, terminal_state_density, num_layers, layer_width, learning_starts, target_network_update_freq,
DQN 8 8 0 1 0.25 0.25 2 256 1000 80 17008 61.73 133.28
# Algorithm, state_space_size, action_space_size, delay, sequence_length, reward_density, terminal_state_density, num_layers, layer_width, learning_starts, target_network_update_freq,
DQN 8 8 0 1 0.25 0.25 2 256 1000 80 17436 72.14 154.38
# Algorithm, state_space_size, action_space_size, delay, sequence_length, reward_density, terminal_state_density, num_layers, layer_width, learning_starts, target_network_update_freq,
DQN 8 8 0 1 0.25 0.25 2 256 1000 80 17744 72.14 154.38
# Algorithm, state_space_size, action_space_size, delay, sequence_length, reward_density, terminal_state_density, num_layers, layer_width, learning_starts, target_network_update_freq,
DQN 8 8 0 1 0.25 0.25 2 256 1000 80 18152 74.23 158.64
# Algorithm, state_space_size, action_space_size, delay, sequence_length, reward_density, terminal_state_density, num_layers, layer_width, learning_starts, target_network_update_freq,
DQN 8 8 0 1 0.25 0.25 2 256 1000 80 18604 77.92 166.16
# Algorithm, state_space_size, action_space_size, delay, sequence_length, reward_density, terminal_state_density, num_layers, layer_width, learning_starts, target_network_update_freq,
DQN 8 8 0 1 0.25 0.25 2 256 1000 80 19044 78.78 167.94
# Algorithm, state_space_size, action_space_size, delay, sequence_length, reward_density, terminal_state_density, num_layers, layer_width, learning_starts, target_network_update_freq,
DQN 8 8 0 1 0.25 0.25 2 256 1000 80 19496 78.78 167.94
# Algorithm, state_space_size, action_space_size, delay, sequence_length, reward_density, terminal_state_density, num_layers, layer_width, learning_starts, target_network_update_freq,
DQN 8 8 0 1 0.25 0.25 2 256 1000 80 19848 84.11 178.76
# Algorithm, state_space_size, action_space_size, delay, sequence_length, reward_density, terminal_state_density, num_layers, layer_width, learning_starts, target_network_update_freq,
DQN 8 8 0 1 0.25 0.25 2 256 1000 80 20256 86.16 182.9
# Algorithm, state_space_size, action_space_size, delay, sequence_length, reward_density, terminal_state_density, num_layers, layer_width, learning_starts, target_network_update_freq,
DQN 8 8 0 1 0.25 0.25 2 256 1000 800 776 0.7040816326530612 3.954081632653061
# Algorithm, state_space_size, action_space_size, delay, sequence_length, reward_density, terminal_state_density, num_layers, layer_width, learning_starts, target_network_update_freq,
DQN 8 8 0 1 0.25 0.25 2 256 1000 800 1244 0.45517241379310347 3.206896551724138
# Algorithm, state_space_size, action_space_size, delay, sequence_length, reward_density, terminal_state_density, num_layers, layer_width, learning_starts, target_network_update_freq,
DQN 8 8 0 1 0.25 0.25 2 256 1000 800 1564 0.34 3.38
# Algorithm, state_space_size, action_space_size, delay, sequence_length, reward_density, terminal_state_density, num_layers, layer_width, learning_starts, target_network_update_freq,
DQN 8 8 0 1 0.25 0.25 2 256 1000 800 1936 1.58 5.34
# Algorithm, state_space_size, action_space_size, delay, sequence_length, reward_density, terminal_state_density, num_layers, layer_width, learning_starts, target_network_update_freq,
DQN 8 8 0 1 0.25 0.25 2 256 1000 800 2404 3.52 8.47
# Algorithm, state_space_size, action_space_size, delay, sequence_length, reward_density, terminal_state_density, num_layers, layer_width, learning_starts, target_network_update_freq,
DQN 8 8 0 1 0.25 0.25 2 256 1000 800 2872 6.46 11.42
# Algorithm, state_space_size, action_space_size, delay, sequence_length, reward_density, terminal_state_density, num_layers, layer_width, learning_starts, target_network_update_freq,
DQN 8 8 0 1 0.25 0.25 2 256 1000 800 3324 13.03 17.99
# Algorithm, state_space_size, action_space_size, delay, sequence_length, reward_density, terminal_state_density, num_layers, layer_width, learning_starts, target_network_update_freq,
DQN 8 8 0 1 0.25 0.25 2 256 1000 800 3764 16.82 21.77
# Algorithm, state_space_size, action_space_size, delay, sequence_length, reward_density, terminal_state_density, num_layers, layer_width, learning_starts, target_network_update_freq,
DQN 8 8 0 1 0.25 0.25 2 256 1000 800 4124 20.59 25.58
# Algorithm, state_space_size, action_space_size, delay, sequence_length, reward_density, terminal_state_density, num_layers, layer_width, learning_starts, target_network_update_freq,
DQN 8 8 0 1 0.25 0.25 2 256 1000 800 4584 26.45 31.41
# Algorithm, state_space_size, action_space_size, delay, sequence_length, reward_density, terminal_state_density, num_layers, layer_width, learning_starts, target_network_update_freq,
DQN 8 8 0 1 0.25 0.25 2 256 1000 800 5024 30.9 35.85
# Algorithm, state_space_size, action_space_size, delay, sequence_length, reward_density, terminal_state_density, num_layers, layer_width, learning_starts, target_network_update_freq,
DQN 8 8 0 1 0.25 0.25 2 256 1000 800 5468 33.8 38.8
# Algorithm, state_space_size, action_space_size, delay, sequence_length, reward_density, terminal_state_density, num_layers, layer_width, learning_starts, target_network_update_freq,
DQN 8 8 0 1 0.25 0.25 2 256 1000 800 5920 36.44 41.47
# Algorithm, state_space_size, action_space_size, delay, sequence_length, reward_density, terminal_state_density, num_layers, layer_width, learning_starts, target_network_update_freq,
DQN 8 8 0 1 0.25 0.25 2 256 1000 800 6272 42.2 47.26
# Algorithm, state_space_size, action_space_size, delay, sequence_length, reward_density, terminal_state_density, num_layers, layer_width, learning_starts, target_network_update_freq,
DQN 8 8 0 1 0.25 0.25 2 256 1000 800 6688 46.52 51.55
# Algorithm, state_space_size, action_space_size, delay, sequence_length, reward_density, terminal_state_density, num_layers, layer_width, learning_starts, target_network_update_freq,
DQN 8 8 0 1 0.25 0.25 2 256 1000 800 7104 50.15 55.18
# Algorithm, state_space_size, action_space_size, delay, sequence_length, reward_density, terminal_state_density, num_layers, layer_width, learning_starts, target_network_update_freq,
DQN 8 8 0 1 0.25 0.25 2 256 1000 800 7496 50.15 55.18
# Algorithm, state_space_size, action_space_size, delay, sequence_length, reward_density, terminal_state_density, num_layers, layer_width, learning_starts, target_network_update_freq,
DQN 8 8 0 1 0.25 0.25 2 256 1000 800 7912 50.15 55.18
# Algorithm, state_space_size, action_space_size, delay, sequence_length, reward_density, terminal_state_density, num_layers, layer_width, learning_starts, target_network_update_freq,
DQN 8 8 0 1 0.25 0.25 2 256 1000 800 8380 50.15 55.18
# Algorithm, state_space_size, action_space_size, delay, sequence_length, reward_density, terminal_state_density, num_layers, layer_width, learning_starts, target_network_update_freq,
DQN 8 8 0 1 0.25 0.25 2 256 1000 800 8764 66.29 71.41
# Algorithm, state_space_size, action_space_size, delay, sequence_length, reward_density, terminal_state_density, num_layers, layer_width, learning_starts, target_network_update_freq,
DQN 8 8 0 1 0.25 0.25 2 256 1000 800 9236 66.29 71.41
# Algorithm, state_space_size, action_space_size, delay, sequence_length, reward_density, terminal_state_density, num_layers, layer_width, learning_starts, target_network_update_freq,
DQN 8 8 0 1 0.25 0.25 2 256 1000 800 9696 73.71 78.87
# Algorithm, state_space_size, action_space_size, delay, sequence_length, reward_density, terminal_state_density, num_layers, layer_width, learning_starts, target_network_update_freq,
DQN 8 8 0 1 0.25 0.25 2 256 1000 800 10140 80.08 85.2
# Algorithm, state_space_size, action_space_size, delay, sequence_length, reward_density, terminal_state_density, num_layers, layer_width, learning_starts, target_network_update_freq,
DQN 8 8 0 1 0.25 0.25 2 256 1000 800 10596 82.27 87.38
# Algorithm, state_space_size, action_space_size, delay, sequence_length, reward_density, terminal_state_density, num_layers, layer_width, learning_starts, target_network_update_freq,
DQN 8 8 0 1 0.25 0.25 2 256 1000 800 10976 82.27 87.38
# Algorithm, state_space_size, action_space_size, delay, sequence_length, reward_density, terminal_state_density, num_layers, layer_width, learning_starts, target_network_update_freq,
DQN 8 8 0 1 0.25 0.25 2 256 1000 800 11428 93.8 98.79
# Algorithm, state_space_size, action_space_size, delay, sequence_length, reward_density, terminal_state_density, num_layers, layer_width, learning_starts, target_network_update_freq,
DQN 8 8 0 1 0.25 0.25 2 256 1000 800 11876 95.79 100.78
# Algorithm, state_space_size, action_space_size, delay, sequence_length, reward_density, terminal_state_density, num_layers, layer_width, learning_starts, target_network_update_freq,
DQN 8 8 0 1 0.25 0.25 2 256 1000 800 12312 95.79 100.78
# Algorithm, state_space_size, action_space_size, delay, sequence_length, reward_density, terminal_state_density, num_layers, layer_width, learning_starts, target_network_update_freq,
DQN 8 8 0 1 0.25 0.25 2 256 1000 800 12756 104.46 109.4
# Algorithm, state_space_size, action_space_size, delay, sequence_length, reward_density, terminal_state_density, num_layers, layer_width, learning_starts, target_network_update_freq,
DQN 8 8 0 1 0.25 0.25 2 256 1000 800 13136 109.85 114.85
# Algorithm, state_space_size, action_space_size, delay, sequence_length, reward_density, terminal_state_density, num_layers, layer_width, learning_starts, target_network_update_freq,
DQN 8 8 0 1 0.25 0.25 2 256 1000 800 13580 112.32 117.33
# Algorithm, state_space_size, action_space_size, delay, sequence_length, reward_density, terminal_state_density, num_layers, layer_width, learning_starts, target_network_update_freq,
DQN 8 8 0 1 0.25 0.25 2 256 1000 800 14040 112.32 117.33
# Algorithm, state_space_size, action_space_size, delay, sequence_length, reward_density, terminal_state_density, num_layers, layer_width, learning_starts, target_network_update_freq,
DQN 8 8 0 1 0.25 0.25 2 256 1000 800 14480 122.81 127.85
# Algorithm, state_space_size, action_space_size, delay, sequence_length, reward_density, terminal_state_density, num_layers, layer_width, learning_starts, target_network_update_freq,
DQN 8 8 0 1 0.25 0.25 2 256 1000 800 14948 122.81 127.85
# Algorithm, state_space_size, action_space_size, delay, sequence_length, reward_density, terminal_state_density, num_layers, layer_width, learning_starts, target_network_update_freq,
DQN 8 8 0 1 0.25 0.25 2 256 1000 800 15396 132.09 137.15
# Algorithm, state_space_size, action_space_size, delay, sequence_length, reward_density, terminal_state_density, num_layers, layer_width, learning_starts, target_network_update_freq,
DQN 8 8 0 1 0.25 0.25 2 256 1000 800 15792 132.09 137.15
# Algorithm, state_space_size, action_space_size, delay, sequence_length, reward_density, terminal_state_density, num_layers, layer_width, learning_starts, target_network_update_freq,
DQN 8 8 0 1 0.25 0.25 2 256 1000 800 16256 139.59 144.73
# Algorithm, state_space_size, action_space_size, delay, sequence_length, reward_density, terminal_state_density, num_layers, layer_width, learning_starts, target_network_update_freq,
DQN 8 8 0 1 0.25 0.25 2 256 1000 800 16692 139.59 144.73
# Algorithm, state_space_size, action_space_size, delay, sequence_length, reward_density, terminal_state_density, num_layers, layer_width, learning_starts, target_network_update_freq,
DQN 8 8 0 1 0.25 0.25 2 256 1000 800 17144 139.59 144.73
# Algorithm, state_space_size, action_space_size, delay, sequence_length, reward_density, terminal_state_density, num_layers, layer_width, learning_starts, target_network_update_freq,
DQN 8 8 0 1 0.25 0.25 2 256 1000 800 17588 153.24 158.51
# Algorithm, state_space_size, action_space_size, delay, sequence_length, reward_density, terminal_state_density, num_layers, layer_width, learning_starts, target_network_update_freq,
DQN 8 8 0 1 0.25 0.25 2 256 1000 800 17968 153.24 158.51
# Algorithm, state_space_size, action_space_size, delay, sequence_length, reward_density, terminal_state_density, num_layers, layer_width, learning_starts, target_network_update_freq,
DQN 8 8 0 1 0.25 0.25 2 256 1000 800 18428 153.24 158.51
# Algorithm, state_space_size, action_space_size, delay, sequence_length, reward_density, terminal_state_density, num_layers, layer_width, learning_starts, target_network_update_freq,
DQN 8 8 0 1 0.25 0.25 2 256 1000 800 18872 153.24 158.51
# Algorithm, state_space_size, action_space_size, delay, sequence_length, reward_density, terminal_state_density, num_layers, layer_width, learning_starts, target_network_update_freq,
DQN 8 8 0 1 0.25 0.25 2 256 1000 800 19320 170.61 175.97
# Algorithm, state_space_size, action_space_size, delay, sequence_length, reward_density, terminal_state_density, num_layers, layer_width, learning_starts, target_network_update_freq,
DQN 8 8 0 1 0.25 0.25 2 256 1000 800 19760 173.47 178.84
# Algorithm, state_space_size, action_space_size, delay, sequence_length, reward_density, terminal_state_density, num_layers, layer_width, learning_starts, target_network_update_freq,
DQN 8 8 0 1 0.25 0.25 2 256 1000 800 20164 173.47 178.84
# Algorithm, state_space_size, action_space_size, delay, sequence_length, reward_density, terminal_state_density, num_layers, layer_width, learning_starts, target_network_update_freq,
DQN 8 8 0 1 0.25 0.25 2 256 1000 8000 804 0.7446808510638298 4.24468085106383
# Algorithm, state_space_size, action_space_size, delay, sequence_length, reward_density, terminal_state_density, num_layers, layer_width, learning_starts, target_network_update_freq,
DQN 8 8 0 1 0.25 0.25 2 256 1000 8000 1280 1.23 5.01
# Algorithm, state_space_size, action_space_size, delay, sequence_length, reward_density, terminal_state_density, num_layers, layer_width, learning_starts, target_network_update_freq,
DQN 8 8 0 1 0.25 0.25 2 256 1000 8000 1696 1.4 7.02
# Algorithm, state_space_size, action_space_size, delay, sequence_length, reward_density, terminal_state_density, num_layers, layer_width, learning_starts, target_network_update_freq,
DQN 8 8 0 1 0.25 0.25 2 256 1000 8000 2120 2.02 9.29
# Algorithm, state_space_size, action_space_size, delay, sequence_length, reward_density, terminal_state_density, num_layers, layer_width, learning_starts, target_network_update_freq,
DQN 8 8 0 1 0.25 0.25 2 256 1000 8000 2528 2.01 10.13
# Algorithm, state_space_size, action_space_size, delay, sequence_length, reward_density, terminal_state_density, num_layers, layer_width, learning_starts, target_network_update_freq,
DQN 8 8 0 1 0.25 0.25 2 256 1000 8000 2944 2.0 14.99
# Algorithm, state_space_size, action_space_size, delay, sequence_length, reward_density, terminal_state_density, num_layers, layer_width, learning_starts, target_network_update_freq,
DQN 8 8 0 1 0.25 0.25 2 256 1000 8000 3404 1.99 16.83
# Algorithm, state_space_size, action_space_size, delay, sequence_length, reward_density, terminal_state_density, num_layers, layer_width, learning_starts, target_network_update_freq,
DQN 8 8 0 1 0.25 0.25 2 256 1000 8000 3868 2.62 25.78
# Algorithm, state_space_size, action_space_size, delay, sequence_length, reward_density, terminal_state_density, num_layers, layer_width, learning_starts, target_network_update_freq,
DQN 8 8 0 1 0.25 0.25 2 256 1000 8000 4332 2.64 29.16
# Algorithm, state_space_size, action_space_size, delay, sequence_length, reward_density, terminal_state_density, num_layers, layer_width, learning_starts, target_network_update_freq,
DQN 8 8 0 1 0.25 0.25 2 256 1000 8000 4772 2.64 29.16
# Algorithm, state_space_size, action_space_size, delay, sequence_length, reward_density, terminal_state_density, num_layers, layer_width, learning_starts, target_network_update_freq,
DQN 8 8 0 1 0.25 0.25 2 256 1000 8000 5140 2.65 37.16
# Algorithm, state_space_size, action_space_size, delay, sequence_length, reward_density, terminal_state_density, num_layers, layer_width, learning_starts, target_network_update_freq,
DQN 8 8 0 1 0.25 0.25 2 256 1000 8000 5588 2.63 40.15
# Algorithm, state_space_size, action_space_size, delay, sequence_length, reward_density, terminal_state_density, num_layers, layer_width, learning_starts, target_network_update_freq,
DQN 8 8 0 1 0.25 0.25 2 256 1000 8000 6044 2.63 40.15
# Algorithm, state_space_size, action_space_size, delay, sequence_length, reward_density, terminal_state_density, num_layers, layer_width, learning_starts, target_network_update_freq,
DQN 8 8 0 1 0.25 0.25 2 256 1000 8000 6504 2.63 48.99
# Algorithm, state_space_size, action_space_size, delay, sequence_length, reward_density, terminal_state_density, num_layers, layer_width, learning_starts, target_network_update_freq,
DQN 8 8 0 1 0.25 0.25 2 256 1000 8000 6936 2.57 54.98
# Algorithm, state_space_size, action_space_size, delay, sequence_length, reward_density, terminal_state_density, num_layers, layer_width, learning_starts, target_network_update_freq,
DQN 8 8 0 1 0.25 0.25 2 256 1000 8000 7328 2.57 54.98
# Algorithm, state_space_size, action_space_size, delay, sequence_length, reward_density, terminal_state_density, num_layers, layer_width, learning_starts, target_network_update_freq,
DQN 8 8 0 1 0.25 0.25 2 256 1000 8000 7800 2.57 54.98
# Algorithm, state_space_size, action_space_size, delay, sequence_length, reward_density, terminal_state_density, num_layers, layer_width, learning_starts, target_network_update_freq,
DQN 8 8 0 1 0.25 0.25 2 256 1000 8000 8252 2.65 66.69
# Algorithm, state_space_size, action_space_size, delay, sequence_length, reward_density, terminal_state_density, num_layers, layer_width, learning_starts, target_network_update_freq,
DQN 8 8 0 1 0.25 0.25 2 256 1000 8000 8716 7.39 71.49
# Algorithm, state_space_size, action_space_size, delay, sequence_length, reward_density, terminal_state_density, num_layers, layer_width, learning_starts, target_network_update_freq,
DQN 8 8 0 1 0.25 0.25 2 256 1000 8000 9148 7.39 71.49
# Algorithm, state_space_size, action_space_size, delay, sequence_length, reward_density, terminal_state_density, num_layers, layer_width, learning_starts, target_network_update_freq,
DQN 8 8 0 1 0.25 0.25 2 256 1000 8000 9568 13.83 77.92
# Algorithm, state_space_size, action_space_size, delay, sequence_length, reward_density, terminal_state_density, num_layers, layer_width, learning_starts, target_network_update_freq,
DQN 8 8 0 1 0.25 0.25 2 256 1000 8000 9964 13.83 77.92
# Algorithm, state_space_size, action_space_size, delay, sequence_length, reward_density, terminal_state_density, num_layers, layer_width, learning_starts, target_network_update_freq,
DQN 8 8 0 1 0.25 0.25 2 256 1000 8000 10412 25.75 89.95
# Algorithm, state_space_size, action_space_size, delay, sequence_length, reward_density, terminal_state_density, num_layers, layer_width, learning_starts, target_network_update_freq,
DQN 8 8 0 1 0.25 0.25 2 256 1000 8000 10852 28.5 92.67
# Algorithm, state_space_size, action_space_size, delay, sequence_length, reward_density, terminal_state_density, num_layers, layer_width, learning_starts, target_network_update_freq,
DQN 8 8 0 1 0.25 0.25 2 256 1000 8000 11320 28.5 92.67
# Algorithm, state_space_size, action_space_size, delay, sequence_length, reward_density, terminal_state_density, num_layers, layer_width, learning_starts, target_network_update_freq,
DQN 8 8 0 1 0.25 0.25 2 256 1000 8000 11784 28.5 92.67
# Algorithm, state_space_size, action_space_size, delay, sequence_length, reward_density, terminal_state_density, num_layers, layer_width, learning_starts, target_network_update_freq,
DQN 8 8 0 1 0.25 0.25 2 256 1000 8000 12164 28.5 92.67
# Algorithm, state_space_size, action_space_size, delay, sequence_length, reward_density, terminal_state_density, num_layers, layer_width, learning_starts, target_network_update_freq,
DQN 8 8 0 1 0.25 0.25 2 256 1000 8000 12588 46.72 110.98
# Algorithm, state_space_size, action_space_size, delay, sequence_length, reward_density, terminal_state_density, num_layers, layer_width, learning_starts, target_network_update_freq,
DQN 8 8 0 1 0.25 0.25 2 256 1000 8000 12992 51.24 115.48
# Algorithm, state_space_size, action_space_size, delay, sequence_length, reward_density, terminal_state_density, num_layers, layer_width, learning_starts, target_network_update_freq,
DQN 8 8 0 1 0.25 0.25 2 256 1000 8000 13408 51.24 115.48
# Algorithm, state_space_size, action_space_size, delay, sequence_length, reward_density, terminal_state_density, num_layers, layer_width, learning_starts, target_network_update_freq,
DQN 8 8 0 1 0.25 0.25 2 256 1000 8000 13824 56.29 120.26
# Algorithm, state_space_size, action_space_size, delay, sequence_length, reward_density, terminal_state_density, num_layers, layer_width, learning_starts, target_network_update_freq,
DQN 8 8 0 1 0.25 0.25 2 256 1000 8000 14168 62.59 126.62
# Algorithm, state_space_size, action_space_size, delay, sequence_length, reward_density, terminal_state_density, num_layers, layer_width, learning_starts, target_network_update_freq,
DQN 8 8 0 1 0.25 0.25 2 256 1000 8000 14620 62.59 126.62
# Algorithm, state_space_size, action_space_size, delay, sequence_length, reward_density, terminal_state_density, num_layers, layer_width, learning_starts, target_network_update_freq,
DQN 8 8 0 1 0.25 0.25 2 256 1000 8000 15068 62.59 126.62
# Algorithm, state_space_size, action_space_size, delay, sequence_length, reward_density, terminal_state_density, num_layers, layer_width, learning_starts, target_network_update_freq,
DQN 8 8 0 1 0.25 0.25 2 256 1000 8000 15528 72.35 136.39
# Algorithm, state_space_size, action_space_size, delay, sequence_length, reward_density, terminal_state_density, num_layers, layer_width, learning_starts, target_network_update_freq,
DQN 8 8 0 1 0.25 0.25 2 256 1000 8000 15996 72.35 136.39
# Algorithm, state_space_size, action_space_size, delay, sequence_length, reward_density, terminal_state_density, num_layers, layer_width, learning_starts, target_network_update_freq,
DQN 8 8 0 1 0.25 0.25 2 256 1000 8000 16432 83.92 147.65
# Algorithm, state_space_size, action_space_size, delay, sequence_length, reward_density, terminal_state_density, num_layers, layer_width, learning_starts, target_network_update_freq,
DQN 8 8 0 1 0.25 0.25 2 256 1000 8000 16820 83.92 147.65
# Algorithm, state_space_size, action_space_size, delay, sequence_length, reward_density, terminal_state_density, num_layers, layer_width, learning_starts, target_network_update_freq,
DQN 8 8 0 1 0.25 0.25 2 256 1000 8000 17272 91.32 155.05
# Algorithm, state_space_size, action_space_size, delay, sequence_length, reward_density, terminal_state_density, num_layers, layer_width, learning_starts, target_network_update_freq,
DQN 8 8 0 1 0.25 0.25 2 256 1000 8000 17728 94.81 158.46
# Algorithm, state_space_size, action_space_size, delay, sequence_length, reward_density, terminal_state_density, num_layers, layer_width, learning_starts, target_network_update_freq,
DQN 8 8 0 1 0.25 0.25 2 256 1000 8000 18184 94.81 158.46
# Algorithm, state_space_size, action_space_size, delay, sequence_length, reward_density, terminal_state_density, num_layers, layer_width, learning_starts, target_network_update_freq,
DQN 8 8 0 1 0.25 0.25 2 256 1000 8000 18640 105.49 169.18
# Algorithm, state_space_size, action_space_size, delay, sequence_length, reward_density, terminal_state_density, num_layers, layer_width, learning_starts, target_network_update_freq,
DQN 8 8 0 1 0.25 0.25 2 256 1000 8000 19004 108.97 172.52
# Algorithm, state_space_size, action_space_size, delay, sequence_length, reward_density, terminal_state_density, num_layers, layer_width, learning_starts, target_network_update_freq,
DQN 8 8 0 1 0.25 0.25 2 256 1000 8000 19444 108.97 172.52
# Algorithm, state_space_size, action_space_size, delay, sequence_length, reward_density, terminal_state_density, num_layers, layer_width, learning_starts, target_network_update_freq,
DQN 8 8 0 1 0.25 0.25 2 256 1000 8000 19884 118.42 182.02
# Algorithm, state_space_size, action_space_size, delay, sequence_length, reward_density, terminal_state_density, num_layers, layer_width, learning_starts, target_network_update_freq,
DQN 8 8 0 1 0.25 0.25 2 256 1000 8000 20348 118.42 182.02
# Algorithm, state_space_size, action_space_size, delay, sequence_length, reward_density, terminal_state_density, num_layers, layer_width, learning_starts, target_network_update_freq,
DQN 8 8 0 1 0.25 0.25 2 256 2000 80 596 0.7210884353741497 4.040816326530612
# Algorithm, state_space_size, action_space_size, delay, sequence_length, reward_density, terminal_state_density, num_layers, layer_width, learning_starts, target_network_update_freq,
DQN 8 8 0 1 0.25 0.25 2 256 2000 80 1336 0.425 3.0833333333333335
# Algorithm, state_space_size, action_space_size, delay, sequence_length, reward_density, terminal_state_density, num_layers, layer_width, learning_starts, target_network_update_freq,
DQN 8 8 0 1 0.25 0.25 2 256 2000 80 2020 0.2786885245901639 2.2491803278688525
# Algorithm, state_space_size, action_space_size, delay, sequence_length, reward_density, terminal_state_density, num_layers, layer_width, learning_starts, target_network_update_freq,
DQN 8 8 0 1 0.25 0.25 2 256 2000 80 2424 0.9578313253012049 2.433734939759036
# Algorithm, state_space_size, action_space_size, delay, sequence_length, reward_density, terminal_state_density, num_layers, layer_width, learning_starts, target_network_update_freq,
DQN 8 8 0 1 0.25 0.25 2 256 2000 80 2808 0.9952830188679245 1.8066037735849056
# Algorithm, state_space_size, action_space_size, delay, sequence_length, reward_density, terminal_state_density, num_layers, layer_width, learning_starts, target_network_update_freq,
DQN 8 8 0 1 0.25 0.25 2 256 2000 80 3116 0.9861111111111112 1.7847222222222223
# Algorithm, state_space_size, action_space_size, delay, sequence_length, reward_density, terminal_state_density, num_layers, layer_width, learning_starts, target_network_update_freq,
DQN 8 8 0 1 0.25 0.25 2 256 2000 80 3548 0.99 1.77
# Algorithm, state_space_size, action_space_size, delay, sequence_length, reward_density, terminal_state_density, num_layers, layer_width, learning_starts, target_network_update_freq,
DQN 8 8 0 1 0.25 0.25 2 256 2000 80 4016 4.14 8.07
# Algorithm, state_space_size, action_space_size, delay, sequence_length, reward_density, terminal_state_density, num_layers, layer_width, learning_starts, target_network_update_freq,
DQN 8 8 0 1 0.25 0.25 2 256 2000 80 4476 6.21 12.22
# Algorithm, state_space_size, action_space_size, delay, sequence_length, reward_density, terminal_state_density, num_layers, layer_width, learning_starts, target_network_update_freq,
DQN 8 8 0 1 0.25 0.25 2 256 2000 80 4936 9.52 18.87
# Algorithm, state_space_size, action_space_size, delay, sequence_length, reward_density, terminal_state_density, num_layers, layer_width, learning_starts, target_network_update_freq,
DQN 8 8 0 1 0.25 0.25 2 256 2000 80 5372 10.98 21.8
# Algorithm, state_space_size, action_space_size, delay, sequence_length, reward_density, terminal_state_density, num_layers, layer_width, learning_starts, target_network_update_freq,
DQN 8 8 0 1 0.25 0.25 2 256 2000 80 5772 10.98 21.8
# Algorithm, state_space_size, action_space_size, delay, sequence_length, reward_density, terminal_state_density, num_layers, layer_width, learning_starts, target_network_update_freq,
DQN 8 8 0 1 0.25 0.25 2 256 2000 80 6188 10.98 21.8
# Algorithm, state_space_size, action_space_size, delay, sequence_length, reward_density, terminal_state_density, num_layers, layer_width, learning_starts, target_network_update_freq,
DQN 8 8 0 1 0.25 0.25 2 256 2000 80 6524 17.62 35.2
# Algorithm, state_space_size, action_space_size, delay, sequence_length, reward_density, terminal_state_density, num_layers, layer_width, learning_starts, target_network_update_freq,
DQN 8 8 0 1 0.25 0.25 2 256 2000 80 6952 19.33 38.65
# Algorithm, state_space_size, action_space_size, delay, sequence_length, reward_density, terminal_state_density, num_layers, layer_width, learning_starts, target_network_update_freq,
DQN 8 8 0 1 0.25 0.25 2 256 2000 80 7404 22.3 44.58
# Algorithm, state_space_size, action_space_size, delay, sequence_length, reward_density, terminal_state_density, num_layers, layer_width, learning_starts, target_network_update_freq,
DQN 8 8 0 1 0.25 0.25 2 256 2000 80 7844 23.36 46.71
# Algorithm, state_space_size, action_space_size, delay, sequence_length, reward_density, terminal_state_density, num_layers, layer_width, learning_starts, target_network_update_freq,
DQN 8 8 0 1 0.25 0.25 2 256 2000 80 8316 24.92 49.85
# Algorithm, state_space_size, action_space_size, delay, sequence_length, reward_density, terminal_state_density, num_layers, layer_width, learning_starts, target_network_update_freq,
DQN 8 8 0 1 0.25 0.25 2 256 2000 80 8780 27.85 55.72
# Algorithm, state_space_size, action_space_size, delay, sequence_length, reward_density, terminal_state_density, num_layers, layer_width, learning_starts, target_network_update_freq,
DQN 8 8 0 1 0.25 0.25 2 256 2000 80 9148 30.99 62.03
# Algorithm, state_space_size, action_space_size, delay, sequence_length, reward_density, terminal_state_density, num_layers, layer_width, learning_starts, target_network_update_freq,
DQN 8 8 0 1 0.25 0.25 2 256 2000 80 9592 30.99 62.03
# Algorithm, state_space_size, action_space_size, delay, sequence_length, reward_density, terminal_state_density, num_layers, layer_width, learning_starts, target_network_update_freq,
DQN 8 8 0 1 0.25 0.25 2 256 2000 80 10064 30.99 62.03
# Algorithm, state_space_size, action_space_size, delay, sequence_length, reward_density, terminal_state_density, num_layers, layer_width, learning_starts, target_network_update_freq,
DQN 8 8 0 1 0.25 0.25 2 256 2000 80 10508 37.77 75.67
# Algorithm, state_space_size, action_space_size, delay, sequence_length, reward_density, terminal_state_density, num_layers, layer_width, learning_starts, target_network_update_freq,
DQN 8 8 0 1 0.25 0.25 2 256 2000 80 10968 37.77 75.67
# Algorithm, state_space_size, action_space_size, delay, sequence_length, reward_density, terminal_state_density, num_layers, layer_width, learning_starts, target_network_update_freq,
DQN 8 8 0 1 0.25 0.25 2 256 2000 80 11312 41.54 83.23
# Algorithm, state_space_size, action_space_size, delay, sequence_length, reward_density, terminal_state_density, num_layers, layer_width, learning_starts, target_network_update_freq,
DQN 8 8 0 1 0.25 0.25 2 256 2000 80 11772 42.13 84.44
# Algorithm, state_space_size, action_space_size, delay, sequence_length, reward_density, terminal_state_density, num_layers, layer_width, learning_starts, target_network_update_freq,
DQN 8 8 0 1 0.25 0.25 2 256 2000 80 12232 45.02 90.25
# Algorithm, state_space_size, action_space_size, delay, sequence_length, reward_density, terminal_state_density, num_layers, layer_width, learning_starts, target_network_update_freq,
DQN 8 8 0 1 0.25 0.25 2 256 2000 80 12692 48.44 97.14
# Algorithm, state_space_size, action_space_size, delay, sequence_length, reward_density, terminal_state_density, num_layers, layer_width, learning_starts, target_network_update_freq,
DQN 8 8 0 1 0.25 0.25 2 256 2000 80 13148 50.85 101.97
# Algorithm, state_space_size, action_space_size, delay, sequence_length, reward_density, terminal_state_density, num_layers, layer_width, learning_starts, target_network_update_freq,
DQN 8 8 0 1 0.25 0.25 2 256 2000 80 13564 50.85 101.97
# Algorithm, state_space_size, action_space_size, delay, sequence_length, reward_density, terminal_state_density, num_layers, layer_width, learning_starts, target_network_update_freq,
DQN 8 8 0 1 0.25 0.25 2 256 2000 80 13960 54.94 110.21
# Algorithm, state_space_size, action_space_size, delay, sequence_length, reward_density, terminal_state_density, num_layers, layer_width, learning_starts, target_network_update_freq,
DQN 8 8 0 1 0.25 0.25 2 256 2000 80 14396 56.79 113.93
# Algorithm, state_space_size, action_space_size, delay, sequence_length, reward_density, terminal_state_density, num_layers, layer_width, learning_starts, target_network_update_freq,
DQN 8 8 0 1 0.25 0.25 2 256 2000 80 14840 58.52 117.4
# Algorithm, state_space_size, action_space_size, delay, sequence_length, reward_density, terminal_state_density, num_layers, layer_width, learning_starts, target_network_update_freq,
DQN 8 8 0 1 0.25 0.25 2 256 2000 80 15280 60.69 121.74
# Algorithm, state_space_size, action_space_size, delay, sequence_length, reward_density, terminal_state_density, num_layers, layer_width, learning_starts, target_network_update_freq,
DQN 8 8 0 1 0.25 0.25 2 256 2000 80 15724 60.69 121.74
# Algorithm, state_space_size, action_space_size, delay, sequence_length, reward_density, terminal_state_density, num_layers, layer_width, learning_starts, target_network_update_freq,
DQN 8 8 0 1 0.25 0.25 2 256 2000 80 16076 60.69 121.74
# Algorithm, state_space_size, action_space_size, delay, sequence_length, reward_density, terminal_state_density, num_layers, layer_width, learning_starts, target_network_update_freq,
DQN 8 8 0 1 0.25 0.25 2 256 2000 80 16544 60.69 121.74
# Algorithm, state_space_size, action_space_size, delay, sequence_length, reward_density, terminal_state_density, num_layers, layer_width, learning_starts, target_network_update_freq,
DQN 8 8 0 1 0.25 0.25 2 256 2000 80 17016 68.19 136.83
# Algorithm, state_space_size, action_space_size, delay, sequence_length, reward_density, terminal_state_density, num_layers, layer_width, learning_starts, target_network_update_freq,
DQN 8 8 0 1 0.25 0.25 2 256 2000 80 17476 68.19 136.83
# Algorithm, state_space_size, action_space_size, delay, sequence_length, reward_density, terminal_state_density, num_layers, layer_width, learning_starts, target_network_update_freq,
DQN 8 8 0 1 0.25 0.25 2 256 2000 80 17928 68.19 136.83
# Algorithm, state_space_size, action_space_size, delay, sequence_length, reward_density, terminal_state_density, num_layers, layer_width, learning_starts, target_network_update_freq,
DQN 8 8 0 1 0.25 0.25 2 256 2000 80 18276 74.99 150.48
# Algorithm, state_space_size, action_space_size, delay, sequence_length, reward_density, terminal_state_density, num_layers, layer_width, learning_starts, target_network_update_freq,
DQN 8 8 0 1 0.25 0.25 2 256 2000 80 18704 78.44 157.41
# Algorithm, state_space_size, action_space_size, delay, sequence_length, reward_density, terminal_state_density, num_layers, layer_width, learning_starts, target_network_update_freq,
DQN 8 8 0 1 0.25 0.25 2 256 2000 80 19100 80.17 160.91
# Algorithm, state_space_size, action_space_size, delay, sequence_length, reward_density, terminal_state_density, num_layers, layer_width, learning_starts, target_network_update_freq,
DQN 8 8 0 1 0.25 0.25 2 256 2000 80 19488 81.97 164.54
# Algorithm, state_space_size, action_space_size, delay, sequence_length, reward_density, terminal_state_density, num_layers, layer_width, learning_starts, target_network_update_freq,
DQN 8 8 0 1 0.25 0.25 2 256 2000 80 19916 84.11 168.85
# Algorithm, state_space_size, action_space_size, delay, sequence_length, reward_density, terminal_state_density, num_layers, layer_width, learning_starts, target_network_update_freq,
DQN 8 8 0 1 0.25 0.25 2 256 2000 80 20344 84.11 168.85
# Algorithm, state_space_size, action_space_size, delay, sequence_length, reward_density, terminal_state_density, num_layers, layer_width, learning_starts, target_network_update_freq,
DQN 8 8 0 1 0.25 0.25 2 256 2000 800 800 0.69377990430622 3.827751196172249
# Algorithm, state_space_size, action_space_size, delay, sequence_length, reward_density, terminal_state_density, num_layers, layer_width, learning_starts, target_network_update_freq,
DQN 8 8 0 1 0.25 0.25 2 256 2000 800 1584 0.6820083682008368 3.276150627615063
# Algorithm, state_space_size, action_space_size, delay, sequence_length, reward_density, terminal_state_density, num_layers, layer_width, learning_starts, target_network_update_freq,
DQN 8 8 0 1 0.25 0.25 2 256 2000 800 2148 0.8163265306122449 3.8435374149659864
# Algorithm, state_space_size, action_space_size, delay, sequence_length, reward_density, terminal_state_density, num_layers, layer_width, learning_starts, target_network_update_freq,
DQN 8 8 0 1 0.25 0.25 2 256 2000 800 2472 0.3785310734463277 1.8305084745762712
# Algorithm, state_space_size, action_space_size, delay, sequence_length, reward_density, terminal_state_density, num_layers, layer_width, learning_starts, target_network_update_freq,
DQN 8 8 0 1 0.25 0.25 2 256 2000 800 2820 1.0 1.86096256684492
# Algorithm, state_space_size, action_space_size, delay, sequence_length, reward_density, terminal_state_density, num_layers, layer_width, learning_starts, target_network_update_freq,
DQN 8 8 0 1 0.25 0.25 2 256 2000 800 3200 1.004739336492891 1.7772511848341233
# Algorithm, state_space_size, action_space_size, delay, sequence_length, reward_density, terminal_state_density, num_layers, layer_width, learning_starts, target_network_update_freq,
DQN 8 8 0 1 0.25 0.25 2 256 2000 800 3652 1.0 1.77
# Algorithm, state_space_size, action_space_size, delay, sequence_length, reward_density, terminal_state_density, num_layers, layer_width, learning_starts, target_network_update_freq,
DQN 8 8 0 1 0.25 0.25 2 256 2000 800 4096 8.5 9.36
# Algorithm, state_space_size, action_space_size, delay, sequence_length, reward_density, terminal_state_density, num_layers, layer_width, learning_starts, target_network_update_freq,
DQN 8 8 0 1 0.25 0.25 2 256 2000 800 4556 14.4 15.28
# Algorithm, state_space_size, action_space_size, delay, sequence_length, reward_density, terminal_state_density, num_layers, layer_width, learning_starts, target_network_update_freq,
DQN 8 8 0 1 0.25 0.25 2 256 2000 800 4912 14.4 15.28
# Algorithm, state_space_size, action_space_size, delay, sequence_length, reward_density, terminal_state_density, num_layers, layer_width, learning_starts, target_network_update_freq,
DQN 8 8 0 1 0.25 0.25 2 256 2000 800 5368 14.4 15.28
# Algorithm, state_space_size, action_space_size, delay, sequence_length, reward_density, terminal_state_density, num_layers, layer_width, learning_starts, target_network_update_freq,
DQN 8 8 0 1 0.25 0.25 2 256 2000 800 5820 23.62 24.58
# Algorithm, state_space_size, action_space_size, delay, sequence_length, reward_density, terminal_state_density, num_layers, layer_width, learning_starts, target_network_update_freq,
DQN 8 8 0 1 0.25 0.25 2 256 2000 800 6276 23.62 24.58
# Algorithm, state_space_size, action_space_size, delay, sequence_length, reward_density, terminal_state_density, num_layers, layer_width, learning_starts, target_network_update_freq,
DQN 8 8 0 1 0.25 0.25 2 256 2000 800 6744 23.62 24.58
# Algorithm, state_space_size, action_space_size, delay, sequence_length, reward_density, terminal_state_density, num_layers, layer_width, learning_starts, target_network_update_freq,
DQN 8 8 0 1 0.25 0.25 2 256 2000 800 7108 23.62 24.58
# Algorithm, state_space_size, action_space_size, delay, sequence_length, reward_density, terminal_state_density, num_layers, layer_width, learning_starts, target_network_update_freq,
DQN 8 8 0 1 0.25 0.25 2 256 2000 800 7564 23.62 24.58
# Algorithm, state_space_size, action_space_size, delay, sequence_length, reward_density, terminal_state_density, num_layers, layer_width, learning_starts, target_network_update_freq,
DQN 8 8 0 1 0.25 0.25 2 256 2000 800 8020 23.62 24.58
# Algorithm, state_space_size, action_space_size, delay, sequence_length, reward_density, terminal_state_density, num_layers, layer_width, learning_starts, target_network_update_freq,
DQN 8 8 0 1 0.25 0.25 2 256 2000 800 8464 52.84 53.93
# Algorithm, state_space_size, action_space_size, delay, sequence_length, reward_density, terminal_state_density, num_layers, layer_width, learning_starts, target_network_update_freq,
DQN 8 8 0 1 0.25 0.25 2 256 2000 800 8928 56.78 57.9
# Algorithm, state_space_size, action_space_size, delay, sequence_length, reward_density, terminal_state_density, num_layers, layer_width, learning_starts, target_network_update_freq,
DQN 8 8 0 1 0.25 0.25 2 256 2000 800 9336 56.78 57.9
# Algorithm, state_space_size, action_space_size, delay, sequence_length, reward_density, terminal_state_density, num_layers, layer_width, learning_starts, target_network_update_freq,
DQN 8 8 0 1 0.25 0.25 2 256 2000 800 9768 56.78 57.9
# Algorithm, state_space_size, action_space_size, delay, sequence_length, reward_density, terminal_state_density, num_layers, layer_width, learning_starts, target_network_update_freq,
DQN 8 8 0 1 0.25 0.25 2 256 2000 800 10224 67.72 68.87
# Algorithm, state_space_size, action_space_size, delay, sequence_length, reward_density, terminal_state_density, num_layers, layer_width, learning_starts, target_network_update_freq,
DQN 8 8 0 1 0.25 0.25 2 256 2000 800 10660 74.16 75.37
# Algorithm, state_space_size, action_space_size, delay, sequence_length, reward_density, terminal_state_density, num_layers, layer_width, learning_starts, target_network_update_freq,
DQN 8 8 0 1 0.25 0.25 2 256 2000 800 11120 78.58 79.8
# Algorithm, state_space_size, action_space_size, delay, sequence_length, reward_density, terminal_state_density, num_layers, layer_width, learning_starts, target_network_update_freq,
DQN 8 8 0 1 0.25 0.25 2 256 2000 800 11488 82.59 83.84
# Algorithm, state_space_size, action_space_size, delay, sequence_length, reward_density, terminal_state_density, num_layers, layer_width, learning_starts, target_network_update_freq,
DQN 8 8 0 1 0.25 0.25 2 256 2000 800 11900 82.59 83.84
# Algorithm, state_space_size, action_space_size, delay, sequence_length, reward_density, terminal_state_density, num_layers, layer_width, learning_starts, target_network_update_freq,
DQN 8 8 0 1 0.25 0.25 2 256 2000 800 12264 89.64 90.89
# Algorithm, state_space_size, action_space_size, delay, sequence_length, reward_density, terminal_state_density, num_layers, layer_width, learning_starts, target_network_update_freq,
DQN 8 8 0 1 0.25 0.25 2 256 2000 800 12620 93.95 95.22
# Algorithm, state_space_size, action_space_size, delay, sequence_length, reward_density, terminal_state_density, num_layers, layer_width, learning_starts, target_network_update_freq,
DQN 8 8 0 1 0.25 0.25 2 256 2000 800 13088 93.95 95.22
# Algorithm, state_space_size, action_space_size, delay, sequence_length, reward_density, terminal_state_density, num_layers, layer_width, learning_starts, target_network_update_freq,
DQN 8 8 0 1 0.25 0.25 2 256 2000 800 13544 93.95 95.22
# Algorithm, state_space_size, action_space_size, delay, sequence_length, reward_density, terminal_state_density, num_layers, layer_width, learning_starts, target_network_update_freq,
DQN 8 8 0 1 0.25 0.25 2 256 2000 800 14000 107.0 108.34
# Algorithm, state_space_size, action_space_size, delay, sequence_length, reward_density, terminal_state_density, num_layers, layer_width, learning_starts, target_network_update_freq,
DQN 8 8 0 1 0.25 0.25 2 256 2000 800 14444 107.0 108.34
# Algorithm, state_space_size, action_space_size, delay, sequence_length, reward_density, terminal_state_density, num_layers, layer_width, learning_starts, target_network_update_freq,
DQN 8 8 0 1 0.25 0.25 2 256 2000 800 14804 114.55 115.92
# Algorithm, state_space_size, action_space_size, delay, sequence_length, reward_density, terminal_state_density, num_layers, layer_width, learning_starts, target_network_update_freq,
DQN 8 8 0 1 0.25 0.25 2 256 2000 800 15276 114.55 115.92
# Algorithm, state_space_size, action_space_size, delay, sequence_length, reward_density, terminal_state_density, num_layers, layer_width, learning_starts, target_network_update_freq,
DQN 8 8 0 1 0.25 0.25 2 256 2000 800 15704 121.79 123.23
# Algorithm, state_space_size, action_space_size, delay, sequence_length, reward_density, terminal_state_density, num_layers, layer_width, learning_starts, target_network_update_freq,
DQN 8 8 0 1 0.25 0.25 2 256 2000 800 16144 126.91 128.38
# Algorithm, state_space_size, action_space_size, delay, sequence_length, reward_density, terminal_state_density, num_layers, layer_width, learning_starts, target_network_update_freq,
DQN 8 8 0 1 0.25 0.25 2 256 2000 800 16584 133.13 134.63
# Algorithm, state_space_size, action_space_size, delay, sequence_length, reward_density, terminal_state_density, num_layers, layer_width, learning_starts, target_network_update_freq,
DQN 8 8 0 1 0.25 0.25 2 256 2000 800 16984 133.13 134.63
# Algorithm, state_space_size, action_space_size, delay, sequence_length, reward_density, terminal_state_density, num_layers, layer_width, learning_starts, target_network_update_freq,
DQN 8 8 0 1 0.25 0.25 2 256 2000 800 17412 133.13 134.63
# Algorithm, state_space_size, action_space_size, delay, sequence_length, reward_density, terminal_state_density, num_layers, layer_width, learning_starts, target_network_update_freq,
DQN 8 8 0 1 0.25 0.25 2 256 2000 800 17828 133.13 134.63
# Algorithm, state_space_size, action_space_size, delay, sequence_length, reward_density, terminal_state_density, num_layers, layer_width, learning_starts, target_network_update_freq,
DQN 8 8 0 1 0.25 0.25 2 256 2000 800 18256 133.13 134.63
# Algorithm, state_space_size, action_space_size, delay, sequence_length, reward_density, terminal_state_density, num_layers, layer_width, learning_starts, target_network_update_freq,
DQN 8 8 0 1 0.25 0.25 2 256 2000 800 18696 150.51 152.07
# Algorithm, state_space_size, action_space_size, delay, sequence_length, reward_density, terminal_state_density, num_layers, layer_width, learning_starts, target_network_update_freq,
DQN 8 8 0 1 0.25 0.25 2 256 2000 800 19148 156.66 158.27
# Algorithm, state_space_size, action_space_size, delay, sequence_length, reward_density, terminal_state_density, num_layers, layer_width, learning_starts, target_network_update_freq,
DQN 8 8 0 1 0.25 0.25 2 256 2000 800 19516 156.66 158.27
# Algorithm, state_space_size, action_space_size, delay, sequence_length, reward_density, terminal_state_density, num_layers, layer_width, learning_starts, target_network_update_freq,
DQN 8 8 0 1 0.25 0.25 2 256 2000 800 19980 156.66 158.27
# Algorithm, state_space_size, action_space_size, delay, sequence_length, reward_density, terminal_state_density, num_layers, layer_width, learning_starts, target_network_update_freq,
DQN 8 8 0 1 0.25 0.25 2 256 2000 800 20444 156.66 158.27
# Algorithm, state_space_size, action_space_size, delay, sequence_length, reward_density, terminal_state_density, num_layers, layer_width, learning_starts, target_network_update_freq,
DQN 8 8 0 1 0.25 0.25 2 256 2000 8000 756 0.6822916666666666 3.921875
# Algorithm, state_space_size, action_space_size, delay, sequence_length, reward_density, terminal_state_density, num_layers, layer_width, learning_starts, target_network_update_freq,
DQN 8 8 0 1 0.25 0.25 2 256 2000 8000 1424 1.5338983050847457 5.601694915254237
# Algorithm, state_space_size, action_space_size, delay, sequence_length, reward_density, terminal_state_density, num_layers, layer_width, learning_starts, target_network_update_freq,
DQN 8 8 0 1 0.25 0.25 2 256 2000 8000 2096 2.8 9.28
# Algorithm, state_space_size, action_space_size, delay, sequence_length, reward_density, terminal_state_density, num_layers, layer_width, learning_starts, target_network_update_freq,
DQN 8 8 0 1 0.25 0.25 2 256 2000 8000 2544 3.41 11.7
# Algorithm, state_space_size, action_space_size, delay, sequence_length, reward_density, terminal_state_density, num_layers, layer_width, learning_starts, target_network_update_freq,
DQN 8 8 0 1 0.25 0.25 2 256 2000 8000 2984 4.53 16.06
# Algorithm, state_space_size, action_space_size, delay, sequence_length, reward_density, terminal_state_density, num_layers, layer_width, learning_starts, target_network_update_freq,
DQN 8 8 0 1 0.25 0.25 2 256 2000 8000 3436 6.31 21.37
# Algorithm, state_space_size, action_space_size, delay, sequence_length, reward_density, terminal_state_density, num_layers, layer_width, learning_starts, target_network_update_freq,
DQN 8 8 0 1 0.25 0.25 2 256 2000 8000 3824 6.31 21.37
# Algorithm, state_space_size, action_space_size, delay, sequence_length, reward_density, terminal_state_density, num_layers, layer_width, learning_starts, target_network_update_freq,
DQN 8 8 0 1 0.25 0.25 2 256 2000 8000 4240 6.92 30.42
# Algorithm, state_space_size, action_space_size, delay, sequence_length, reward_density, terminal_state_density, num_layers, layer_width, learning_starts, target_network_update_freq,
DQN 8 8 0 1 0.25 0.25 2 256 2000 8000 4652 6.94 32.94
# Algorithm, state_space_size, action_space_size, delay, sequence_length, reward_density, terminal_state_density, num_layers, layer_width, learning_starts, target_network_update_freq,
DQN 8 8 0 1 0.25 0.25 2 256 2000 8000 5044 6.94 32.94
# Algorithm, state_space_size, action_space_size, delay, sequence_length, reward_density, terminal_state_density, num_layers, layer_width, learning_starts, target_network_update_freq,
DQN 8 8 0 1 0.25 0.25 2 256 2000 8000 5484 6.94 32.94
# Algorithm, state_space_size, action_space_size, delay, sequence_length, reward_density, terminal_state_density, num_layers, layer_width, learning_starts, target_network_update_freq,
DQN 8 8 0 1 0.25 0.25 2 256 2000 8000 5868 6.94 32.94
# Algorithm, state_space_size, action_space_size, delay, sequence_length, reward_density, terminal_state_density, num_layers, layer_width, learning_starts, target_network_update_freq,
DQN 8 8 0 1 0.25 0.25 2 256 2000 8000 6324 6.93 47.03
# Algorithm, state_space_size, action_space_size, delay, sequence_length, reward_density, terminal_state_density, num_layers, layer_width, learning_starts, target_network_update_freq,
DQN 8 8 0 1 0.25 0.25 2 256 2000 8000 6780 6.92 52.03
# Algorithm, state_space_size, action_space_size, delay, sequence_length, reward_density, terminal_state_density, num_layers, layer_width, learning_starts, target_network_update_freq,
DQN 8 8 0 1 0.25 0.25 2 256 2000 8000 7212 6.87 58.43
# Algorithm, state_space_size, action_space_size, delay, sequence_length, reward_density, terminal_state_density, num_layers, layer_width, learning_starts, target_network_update_freq,
DQN 8 8 0 1 0.25 0.25 2 256 2000 8000 7684 6.85 61.22
# Algorithm, state_space_size, action_space_size, delay, sequence_length, reward_density, terminal_state_density, num_layers, layer_width, learning_starts, target_network_update_freq,
DQN 8 8 0 1 0.25 0.25 2 256 2000 8000 8148 6.85 61.22
# Algorithm, state_space_size, action_space_size, delay, sequence_length, reward_density, terminal_state_density, num_layers, layer_width, learning_starts, target_network_update_freq,
DQN 8 8 0 1 0.25 0.25 2 256 2000 8000 8520 9.14 70.37
# Algorithm, state_space_size, action_space_size, delay, sequence_length, reward_density, terminal_state_density, num_layers, layer_width, learning_starts, target_network_update_freq,
DQN 8 8 0 1 0.25 0.25 2 256 2000 8000 8980 14.57 75.83
# Algorithm, state_space_size, action_space_size, delay, sequence_length, reward_density, terminal_state_density, num_layers, layer_width, learning_starts, target_network_update_freq,
DQN 8 8 0 1 0.25 0.25 2 256 2000 8000 9424 19.77 81.03
# Algorithm, state_space_size, action_space_size, delay, sequence_length, reward_density, terminal_state_density, num_layers, layer_width, learning_starts, target_network_update_freq,
DQN 8 8 0 1 0.25 0.25 2 256 2000 8000 9880 24.61 85.8
# Algorithm, state_space_size, action_space_size, delay, sequence_length, reward_density, terminal_state_density, num_layers, layer_width, learning_starts, target_network_update_freq,
DQN 8 8 0 1 0.25 0.25 2 256 2000 8000 10328 24.61 85.8
# Algorithm, state_space_size, action_space_size, delay, sequence_length, reward_density, terminal_state_density, num_layers, layer_width, learning_starts, target_network_update_freq,
DQN 8 8 0 1 0.25 0.25 2 256 2000 8000 10692 31.22 92.42
# Algorithm, state_space_size, action_space_size, delay, sequence_length, reward_density, terminal_state_density, num_layers, layer_width, learning_starts, target_network_update_freq,
DQN 8 8 0 1 0.25 0.25 2 256 2000 8000 11160 35.2 96.44
# Algorithm, state_space_size, action_space_size, delay, sequence_length, reward_density, terminal_state_density, num_layers, layer_width, learning_starts, target_network_update_freq,
DQN 8 8 0 1 0.25 0.25 2 256 2000 8000 11600 41.76 103.04
# Algorithm, state_space_size, action_space_size, delay, sequence_length, reward_density, terminal_state_density, num_layers, layer_width, learning_starts, target_network_update_freq,
DQN 8 8 0 1 0.25 0.25 2 256 2000 8000 12060 45.47 106.74
# Algorithm, state_space_size, action_space_size, delay, sequence_length, reward_density, terminal_state_density, num_layers, layer_width, learning_starts, target_network_update_freq,
DQN 8 8 0 1 0.25 0.25 2 256 2000 8000 12524 45.47 106.74
# Algorithm, state_space_size, action_space_size, delay, sequence_length, reward_density, terminal_state_density, num_layers, layer_width, learning_starts, target_network_update_freq,
DQN 8 8 0 1 0.25 0.25 2 256 2000 8000 12920 54.84 116.1
# Algorithm, state_space_size, action_space_size, delay, sequence_length, reward_density, terminal_state_density, num_layers, layer_width, learning_starts, target_network_update_freq,
DQN 8 8 0 1 0.25 0.25 2 256 2000 8000 13356 54.84 116.1
# Algorithm, state_space_size, action_space_size, delay, sequence_length, reward_density, terminal_state_density, num_layers, layer_width, learning_starts, target_network_update_freq,
DQN 8 8 0 1 0.25 0.25 2 256 2000 8000 13804 60.35 121.62
# Algorithm, state_space_size, action_space_size, delay, sequence_length, reward_density, terminal_state_density, num_layers, layer_width, learning_starts, target_network_update_freq,
DQN 8 8 0 1 0.25 0.25 2 256 2000 8000 14268 65.46 126.71
# Algorithm, state_space_size, action_space_size, delay, sequence_length, reward_density, terminal_state_density, num_layers, layer_width, learning_starts, target_network_update_freq,
DQN 8 8 0 1 0.25 0.25 2 256 2000 8000 14716 71.32 132.53
# Algorithm, state_space_size, action_space_size, delay, sequence_length, reward_density, terminal_state_density, num_layers, layer_width, learning_starts, target_network_update_freq,
DQN 8 8 0 1 0.25 0.25 2 256 2000 8000 15168 74.9 136.07
# Algorithm, state_space_size, action_space_size, delay, sequence_length, reward_density, terminal_state_density, num_layers, layer_width, learning_starts, target_network_update_freq,
DQN 8 8 0 1 0.25 0.25 2 256 2000 8000 15532 80.4 141.59
# Algorithm, state_space_size, action_space_size, delay, sequence_length, reward_density, terminal_state_density, num_layers, layer_width, learning_starts, target_network_update_freq,
DQN 8 8 0 1 0.25 0.25 2 256 2000 8000 15972 80.4 141.59
# Algorithm, state_space_size, action_space_size, delay, sequence_length, reward_density, terminal_state_density, num_layers, layer_width, learning_starts, target_network_update_freq,
DQN 8 8 0 1 0.25 0.25 2 256 2000 8000 16432 80.4 141.59
# Algorithm, state_space_size, action_space_size, delay, sequence_length, reward_density, terminal_state_density, num_layers, layer_width, learning_starts, target_network_update_freq,
DQN 8 8 0 1 0.25 0.25 2 256 2000 8000 16884 92.7 153.92
# Algorithm, state_space_size, action_space_size, delay, sequence_length, reward_density, terminal_state_density, num_layers, layer_width, learning_starts, target_network_update_freq,
DQN 8 8 0 1 0.25 0.25 2 256 2000 8000 17328 98.54 159.77
# Algorithm, state_space_size, action_space_size, delay, sequence_length, reward_density, terminal_state_density, num_layers, layer_width, learning_starts, target_network_update_freq,
DQN 8 8 0 1 0.25 0.25 2 256 2000 8000 17736 100.32 161.54
# Algorithm, state_space_size, action_space_size, delay, sequence_length, reward_density, terminal_state_density, num_layers, layer_width, learning_starts, target_network_update_freq,
DQN 8 8 0 1 0.25 0.25 2 256 2000 8000 18152 100.32 161.54
# Algorithm, state_space_size, action_space_size, delay, sequence_length, reward_density, terminal_state_density, num_layers, layer_width, learning_starts, target_network_update_freq,
DQN 8 8 0 1 0.25 0.25 2 256 2000 8000 18476 108.97 170.21
# Algorithm, state_space_size, action_space_size, delay, sequence_length, reward_density, terminal_state_density, num_layers, layer_width, learning_starts, target_network_update_freq,
DQN 8 8 0 1 0.25 0.25 2 256 2000 8000 18920 112.41 173.62
# Algorithm, state_space_size, action_space_size, delay, sequence_length, reward_density, terminal_state_density, num_layers, layer_width, learning_starts, target_network_update_freq,
DQN 8 8 0 1 0.25 0.25 2 256 2000 8000 19368 112.41 173.62
# Algorithm, state_space_size, action_space_size, delay, sequence_length, reward_density, terminal_state_density, num_layers, layer_width, learning_starts, target_network_update_freq,
DQN 8 8 0 1 0.25 0.25 2 256 2000 8000 19808 112.41 173.62
# Algorithm, state_space_size, action_space_size, delay, sequence_length, reward_density, terminal_state_density, num_layers, layer_width, learning_starts, target_network_update_freq,
DQN 8 8 0 1 0.25 0.25 2 256 2000 8000 20228 125.11 186.34
# Algorithm, state_space_size, action_space_size, delay, sequence_length, reward_density, terminal_state_density, num_layers, layer_width, learning_starts, target_network_update_freq,
DQN 8 8 0 1 0.25 0.25 2 256 4000 80 708 0.7627118644067796 4.0
# Algorithm, state_space_size, action_space_size, delay, sequence_length, reward_density, terminal_state_density, num_layers, layer_width, learning_starts, target_network_update_freq,
DQN 8 8 0 1 0.25 0.25 2 256 4000 80 1516 1.0432098765432098 4.95679012345679
# Algorithm, state_space_size, action_space_size, delay, sequence_length, reward_density, terminal_state_density, num_layers, layer_width, learning_starts, target_network_update_freq,
DQN 8 8 0 1 0.25 0.25 2 256 4000 80 2320 2.09 10.24
# Algorithm, state_space_size, action_space_size, delay, sequence_length, reward_density, terminal_state_density, num_layers, layer_width, learning_starts, target_network_update_freq,
DQN 8 8 0 1 0.25 0.25 2 256 4000 80 3272 2.8 18.32
# Algorithm, state_space_size, action_space_size, delay, sequence_length, reward_density, terminal_state_density, num_layers, layer_width, learning_starts, target_network_update_freq,
DQN 8 8 0 1 0.25 0.25 2 256 4000 80 4004 4.8 24.48
# Algorithm, state_space_size, action_space_size, delay, sequence_length, reward_density, terminal_state_density, num_layers, layer_width, learning_starts, target_network_update_freq,
DQN 8 8 0 1 0.25 0.25 2 256 4000 80 4464 6.93 28.76
# Algorithm, state_space_size, action_space_size, delay, sequence_length, reward_density, terminal_state_density, num_layers, layer_width, learning_starts, target_network_update_freq,
DQN 8 8 0 1 0.25 0.25 2 256 4000 80 4928 6.93 28.76
# Algorithm, state_space_size, action_space_size, delay, sequence_length, reward_density, terminal_state_density, num_layers, layer_width, learning_starts, target_network_update_freq,
DQN 8 8 0 1 0.25 0.25 2 256 4000 80 5380 6.93 28.76
# Algorithm, state_space_size, action_space_size, delay, sequence_length, reward_density, terminal_state_density, num_layers, layer_width, learning_starts, target_network_update_freq,
DQN 8 8 0 1 0.25 0.25 2 256 4000 80 5844 13.79 42.46
# Algorithm, state_space_size, action_space_size, delay, sequence_length, reward_density, terminal_state_density, num_layers, layer_width, learning_starts, target_network_update_freq,
DQN 8 8 0 1 0.25 0.25 2 256 4000 80 6284 17.23 49.33
# Algorithm, state_space_size, action_space_size, delay, sequence_length, reward_density, terminal_state_density, num_layers, layer_width, learning_starts, target_network_update_freq,
DQN 8 8 0 1 0.25 0.25 2 256 4000 80 6660 17.23 49.33
# Algorithm, state_space_size, action_space_size, delay, sequence_length, reward_density, terminal_state_density, num_layers, layer_width, learning_starts, target_network_update_freq,
DQN 8 8 0 1 0.25 0.25 2 256 4000 80 7104 21.04 56.92
# Algorithm, state_space_size, action_space_size, delay, sequence_length, reward_density, terminal_state_density, num_layers, layer_width, learning_starts, target_network_update_freq,
DQN 8 8 0 1 0.25 0.25 2 256 4000 80 7528 22.35 59.52
# Algorithm, state_space_size, action_space_size, delay, sequence_length, reward_density, terminal_state_density, num_layers, layer_width, learning_starts, target_network_update_freq,
DQN 8 8 0 1 0.25 0.25 2 256 4000 80 7996 23.44 61.76
# Algorithm, state_space_size, action_space_size, delay, sequence_length, reward_density, terminal_state_density, num_layers, layer_width, learning_starts, target_network_update_freq,
DQN 8 8 0 1 0.25 0.25 2 256 4000 80 8452 23.44 61.76
# Algorithm, state_space_size, action_space_size, delay, sequence_length, reward_density, terminal_state_density, num_layers, layer_width, learning_starts, target_network_update_freq,
DQN 8 8 0 1 0.25 0.25 2 256 4000 80 8788 23.44 61.76
# Algorithm, state_space_size, action_space_size, delay, sequence_length, reward_density, terminal_state_density, num_layers, layer_width, learning_starts, target_network_update_freq,
DQN 8 8 0 1 0.25 0.25 2 256 4000 80 9240 30.02 74.89
# Algorithm, state_space_size, action_space_size, delay, sequence_length, reward_density, terminal_state_density, num_layers, layer_width, learning_starts, target_network_update_freq,
DQN 8 8 0 1 0.25 0.25 2 256 4000 80 9684 32.53 79.9
# Algorithm, state_space_size, action_space_size, delay, sequence_length, reward_density, terminal_state_density, num_layers, layer_width, learning_starts, target_network_update_freq,
DQN 8 8 0 1 0.25 0.25 2 256 4000 80 10152 35.58 86.02
# Algorithm, state_space_size, action_space_size, delay, sequence_length, reward_density, terminal_state_density, num_layers, layer_width, learning_starts, target_network_update_freq,
DQN 8 8 0 1 0.25 0.25 2 256 4000 80 10608 36.64 87.97
# Algorithm, state_space_size, action_space_size, delay, sequence_length, reward_density, terminal_state_density, num_layers, layer_width, learning_starts, target_network_update_freq,
DQN 8 8 0 1 0.25 0.25 2 256 4000 80 10988 38.55 91.82
# Algorithm, state_space_size, action_space_size, delay, sequence_length, reward_density, terminal_state_density, num_layers, layer_width, learning_starts, target_network_update_freq,
DQN 8 8 0 1 0.25 0.25 2 256 4000 80 11408 41.77 98.36
# Algorithm, state_space_size, action_space_size, delay, sequence_length, reward_density, terminal_state_density, num_layers, layer_width, learning_starts, target_network_update_freq,
DQN 8 8 0 1 0.25 0.25 2 256 4000 80 11800 43.81 102.42
# Algorithm, state_space_size, action_space_size, delay, sequence_length, reward_density, terminal_state_density, num_layers, layer_width, learning_starts, target_network_update_freq,
DQN 8 8 0 1 0.25 0.25 2 256 4000 80 12216 46.13 107.12
# Algorithm, state_space_size, action_space_size, delay, sequence_length, reward_density, terminal_state_density, num_layers, layer_width, learning_starts, target_network_update_freq,
DQN 8 8 0 1 0.25 0.25 2 256 4000 80 12616 46.13 107.12
# Algorithm, state_space_size, action_space_size, delay, sequence_length, reward_density, terminal_state_density, num_layers, layer_width, learning_starts, target_network_update_freq,
DQN 8 8 0 1 0.25 0.25 2 256 4000 80 13060 46.13 107.12
# Algorithm, state_space_size, action_space_size, delay, sequence_length, reward_density, terminal_state_density, num_layers, layer_width, learning_starts, target_network_update_freq,
DQN 8 8 0 1 0.25 0.25 2 256 4000 80 13424 51.63 118.15
# Algorithm, state_space_size, action_space_size, delay, sequence_length, reward_density, terminal_state_density, num_layers, layer_width, learning_starts, target_network_update_freq,
DQN 8 8 0 1 0.25 0.25 2 256 4000 80 13868 54.4 123.65
# Algorithm, state_space_size, action_space_size, delay, sequence_length, reward_density, terminal_state_density, num_layers, layer_width, learning_starts, target_network_update_freq,
DQN 8 8 0 1 0.25 0.25 2 256 4000 80 14324 56.62 127.99
# Algorithm, state_space_size, action_space_size, delay, sequence_length, reward_density, terminal_state_density, num_layers, layer_width, learning_starts, target_network_update_freq,
DQN 8 8 0 1 0.25 0.25 2 256 4000 80 14780 58.68 132.15
# Algorithm, state_space_size, action_space_size, delay, sequence_length, reward_density, terminal_state_density, num_layers, layer_width, learning_starts, target_network_update_freq,
DQN 8 8 0 1 0.25 0.25 2 256 4000 80 15232 58.68 132.15
# Algorithm, state_space_size, action_space_size, delay, sequence_length, reward_density, terminal_state_density, num_layers, layer_width, learning_starts, target_network_update_freq,
DQN 8 8 0 1 0.25 0.25 2 256 4000 80 15584 62.47 139.64
# Algorithm, state_space_size, action_space_size, delay, sequence_length, reward_density, terminal_state_density, num_layers, layer_width, learning_starts, target_network_update_freq,
DQN 8 8 0 1 0.25 0.25 2 256 4000 80 16028 64.98 144.48
# Algorithm, state_space_size, action_space_size, delay, sequence_length, reward_density, terminal_state_density, num_layers, layer_width, learning_starts, target_network_update_freq,
DQN 8 8 0 1 0.25 0.25 2 256 4000 80 16488 67.13 148.81
# Algorithm, state_space_size, action_space_size, delay, sequence_length, reward_density, terminal_state_density, num_layers, layer_width, learning_starts, target_network_update_freq,
DQN 8 8 0 1 0.25 0.25 2 256 4000 80 16952 67.13 148.81
# Algorithm, state_space_size, action_space_size, delay, sequence_length, reward_density, terminal_state_density, num_layers, layer_width, learning_starts, target_network_update_freq,
DQN 8 8 0 1 0.25 0.25 2 256 4000 80 17408 67.13 148.81
# Algorithm, state_space_size, action_space_size, delay, sequence_length, reward_density, terminal_state_density, num_layers, layer_width, learning_starts, target_network_update_freq,
DQN 8 8 0 1 0.25 0.25 2 256 4000 80 17788 67.13 148.81
# Algorithm, state_space_size, action_space_size, delay, sequence_length, reward_density, terminal_state_density, num_layers, layer_width, learning_starts, target_network_update_freq,
DQN 8 8 0 1 0.25 0.25 2 256 4000 80 18200 75.28 165.02
# Algorithm, state_space_size, action_space_size, delay, sequence_length, reward_density, terminal_state_density, num_layers, layer_width, learning_starts, target_network_update_freq,
DQN 8 8 0 1 0.25 0.25 2 256 4000 80 18664 75.28 165.02
# Algorithm, state_space_size, action_space_size, delay, sequence_length, reward_density, terminal_state_density, num_layers, layer_width, learning_starts, target_network_update_freq,
DQN 8 8 0 1 0.25 0.25 2 256 4000 80 19124 79.17 172.76
# Algorithm, state_space_size, action_space_size, delay, sequence_length, reward_density, terminal_state_density, num_layers, layer_width, learning_starts, target_network_update_freq,
DQN 8 8 0 1 0.25 0.25 2 256 4000 80 19580 80.66 175.65
# Algorithm, state_space_size, action_space_size, delay, sequence_length, reward_density, terminal_state_density, num_layers, layer_width, learning_starts, target_network_update_freq,
DQN 8 8 0 1 0.25 0.25 2 256 4000 80 19996 84.46 183.28
# Algorithm, state_space_size, action_space_size, delay, sequence_length, reward_density, terminal_state_density, num_layers, layer_width, learning_starts, target_network_update_freq,
DQN 8 8 0 1 0.25 0.25 2 256 4000 80 20344 84.46 183.28
# Algorithm, state_space_size, action_space_size, delay, sequence_length, reward_density, terminal_state_density, num_layers, layer_width, learning_starts, target_network_update_freq,
DQN 8 8 0 1 0.25 0.25 2 256 4000 800 792 0.65 3.95
# Algorithm, state_space_size, action_space_size, delay, sequence_length, reward_density, terminal_state_density, num_layers, layer_width, learning_starts, target_network_update_freq,
DQN 8 8 0 1 0.25 0.25 2 256 4000 800 1572 0.568075117370892 3.6572769953051645
# Algorithm, state_space_size, action_space_size, delay, sequence_length, reward_density, terminal_state_density, num_layers, layer_width, learning_starts, target_network_update_freq,
DQN 8 8 0 1 0.25 0.25 2 256 4000 800 2300 0.4421052631578947 2.5649122807017544
# Algorithm, state_space_size, action_space_size, delay, sequence_length, reward_density, terminal_state_density, num_layers, layer_width, learning_starts, target_network_update_freq,
DQN 8 8 0 1 0.25 0.25 2 256 4000 800 2864 0.33098591549295775 1.9859154929577465
# Algorithm, state_space_size, action_space_size, delay, sequence_length, reward_density, terminal_state_density, num_layers, layer_width, learning_starts, target_network_update_freq,
DQN 8 8 0 1 0.25 0.25 2 256 4000 800 3632 0.38522427440633245 2.0263852242744065
# Algorithm, state_space_size, action_space_size, delay, sequence_length, reward_density, terminal_state_density, num_layers, layer_width, learning_starts, target_network_update_freq,
DQN 8 8 0 1 0.25 0.25 2 256 4000 800 4192 0.41361256544502617 2.926701570680628
# Algorithm, state_space_size, action_space_size, delay, sequence_length, reward_density, terminal_state_density, num_layers, layer_width, learning_starts, target_network_update_freq,
DQN 8 8 0 1 0.25 0.25 2 256 4000 800 4588 0.7729468599033816 1.9082125603864735
# Algorithm, state_space_size, action_space_size, delay, sequence_length, reward_density, terminal_state_density, num_layers, layer_width, learning_starts, target_network_update_freq,
DQN 8 8 0 1 0.25 0.25 2 256 4000 800 4936 0.7233009708737864 1.6893203883495145
# Algorithm, state_space_size, action_space_size, delay, sequence_length, reward_density, terminal_state_density, num_layers, layer_width, learning_starts, target_network_update_freq,
DQN 8 8 0 1 0.25 0.25 2 256 4000 800 5296 1.0104166666666667 1.8802083333333333
# Algorithm, state_space_size, action_space_size, delay, sequence_length, reward_density, terminal_state_density, num_layers, layer_width, learning_starts, target_network_update_freq,
DQN 8 8 0 1 0.25 0.25 2 256 4000 800 5688 1.150943396226415 2.018867924528302
# Algorithm, state_space_size, action_space_size, delay, sequence_length, reward_density, terminal_state_density, num_layers, layer_width, learning_starts, target_network_update_freq,
DQN 8 8 0 1 0.25 0.25 2 256 4000 800 6032 5.13 6.04
# Algorithm, state_space_size, action_space_size, delay, sequence_length, reward_density, terminal_state_density, num_layers, layer_width, learning_starts, target_network_update_freq,
DQN 8 8 0 1 0.25 0.25 2 256 4000 800 6432 6.98 8.11
# Algorithm, state_space_size, action_space_size, delay, sequence_length, reward_density, terminal_state_density, num_layers, layer_width, learning_starts, target_network_update_freq,
DQN 8 8 0 1 0.25 0.25 2 256 4000 800 6852 11.33 13.34
# Algorithm, state_space_size, action_space_size, delay, sequence_length, reward_density, terminal_state_density, num_layers, layer_width, learning_starts, target_network_update_freq,
DQN 8 8 0 1 0.25 0.25 2 256 4000 800 7308 13.44 15.46
# Algorithm, state_space_size, action_space_size, delay, sequence_length, reward_density, terminal_state_density, num_layers, layer_width, learning_starts, target_network_update_freq,
DQN 8 8 0 1 0.25 0.25 2 256 4000 800 7776 13.44 15.46
# Algorithm, state_space_size, action_space_size, delay, sequence_length, reward_density, terminal_state_density, num_layers, layer_width, learning_starts, target_network_update_freq,
DQN 8 8 0 1 0.25 0.25 2 256 4000 800 8244 26.96 29.06
# Algorithm, state_space_size, action_space_size, delay, sequence_length, reward_density, terminal_state_density, num_layers, layer_width, learning_starts, target_network_update_freq,
DQN 8 8 0 1 0.25 0.25 2 256 4000 800 8624 26.96 29.06
# Algorithm, state_space_size, action_space_size, delay, sequence_length, reward_density, terminal_state_density, num_layers, layer_width, learning_starts, target_network_update_freq,
DQN 8 8 0 1 0.25 0.25 2 256 4000 800 9068 31.89 34.02
# Algorithm, state_space_size, action_space_size, delay, sequence_length, reward_density, terminal_state_density, num_layers, layer_width, learning_starts, target_network_update_freq,
DQN 8 8 0 1 0.25 0.25 2 256 4000 800 9524 38.36 40.52
# Algorithm, state_space_size, action_space_size, delay, sequence_length, reward_density, terminal_state_density, num_layers, layer_width, learning_starts, target_network_update_freq,
DQN 8 8 0 1 0.25 0.25 2 256 4000 800 9992 38.36 40.52
# Algorithm, state_space_size, action_space_size, delay, sequence_length, reward_density, terminal_state_density, num_layers, layer_width, learning_starts, target_network_update_freq,
DQN 8 8 0 1 0.25 0.25 2 256 4000 800 10448 38.36 40.52
# Algorithm, state_space_size, action_space_size, delay, sequence_length, reward_density, terminal_state_density, num_layers, layer_width, learning_starts, target_network_update_freq,
DQN 8 8 0 1 0.25 0.25 2 256 4000 800 10820 50.97 53.22
# Algorithm, state_space_size, action_space_size, delay, sequence_length, reward_density, terminal_state_density, num_layers, layer_width, learning_starts, target_network_update_freq,
DQN 8 8 0 1 0.25 0.25 2 256 4000 800 11276 50.97 53.22
# Algorithm, state_space_size, action_space_size, delay, sequence_length, reward_density, terminal_state_density, num_layers, layer_width, learning_starts, target_network_update_freq,
DQN 8 8 0 1 0.25 0.25 2 256 4000 800 11724 60.26 62.63
# Algorithm, state_space_size, action_space_size, delay, sequence_length, reward_density, terminal_state_density, num_layers, layer_width, learning_starts, target_network_update_freq,
DQN 8 8 0 1 0.25 0.25 2 256 4000 800 12196 60.26 62.63
# Algorithm, state_space_size, action_space_size, delay, sequence_length, reward_density, terminal_state_density, num_layers, layer_width, learning_starts, target_network_update_freq,
DQN 8 8 0 1 0.25 0.25 2 256 4000 800 12660 69.91 72.34
# Algorithm, state_space_size, action_space_size, delay, sequence_length, reward_density, terminal_state_density, num_layers, layer_width, learning_starts, target_network_update_freq,
DQN 8 8 0 1 0.25 0.25 2 256 4000 800 13088 69.91 72.34
# Algorithm, state_space_size, action_space_size, delay, sequence_length, reward_density, terminal_state_density, num_layers, layer_width, learning_starts, target_network_update_freq,
DQN 8 8 0 1 0.25 0.25 2 256 4000 800 13476 78.34 80.81
# Algorithm, state_space_size, action_space_size, delay, sequence_length, reward_density, terminal_state_density, num_layers, layer_width, learning_starts, target_network_update_freq,
DQN 8 8 0 1 0.25 0.25 2 256 4000 800 13936 81.07 83.57
# Algorithm, state_space_size, action_space_size, delay, sequence_length, reward_density, terminal_state_density, num_layers, layer_width, learning_starts, target_network_update_freq,
DQN 8 8 0 1 0.25 0.25 2 256 4000 800 14400 81.07 83.57
# Algorithm, state_space_size, action_space_size, delay, sequence_length, reward_density, terminal_state_density, num_layers, layer_width, learning_starts, target_network_update_freq,
DQN 8 8 0 1 0.25 0.25 2 256 4000 800 14852 81.07 83.57
# Algorithm, state_space_size, action_space_size, delay, sequence_length, reward_density, terminal_state_density, num_layers, layer_width, learning_starts, target_network_update_freq,
DQN 8 8 0 1 0.25 0.25 2 256 4000 800 15280 96.05 98.64
# Algorithm, state_space_size, action_space_size, delay, sequence_length, reward_density, terminal_state_density, num_layers, layer_width, learning_starts, target_network_update_freq,
DQN 8 8 0 1 0.25 0.25 2 256 4000 800 15628 96.05 98.64
# Algorithm, state_space_size, action_space_size, delay, sequence_length, reward_density, terminal_state_density, num_layers, layer_width, learning_starts, target_network_update_freq,
DQN 8 8 0 1 0.25 0.25 2 256 4000 800 16092 96.05 98.64
# Algorithm, state_space_size, action_space_size, delay, sequence_length, reward_density, terminal_state_density, num_layers, layer_width, learning_starts, target_network_update_freq,
DQN 8 8 0 1 0.25 0.25 2 256 4000 800 16544 108.24 110.98
# Algorithm, state_space_size, action_space_size, delay, sequence_length, reward_density, terminal_state_density, num_layers, layer_width, learning_starts, target_network_update_freq,
DQN 8 8 0 1 0.25 0.25 2 256 4000 800 17000 113.69 116.44
# Algorithm, state_space_size, action_space_size, delay, sequence_length, reward_density, terminal_state_density, num_layers, layer_width, learning_starts, target_network_update_freq,
DQN 8 8 0 1 0.25 0.25 2 256 4000 800 17460 116.82 119.62
# Algorithm, state_space_size, action_space_size, delay, sequence_length, reward_density, terminal_state_density, num_layers, layer_width, learning_starts, target_network_update_freq,
DQN 8 8 0 1 0.25 0.25 2 256 4000 800 17800 119.74 122.56
# Algorithm, state_space_size, action_space_size, delay, sequence_length, reward_density, terminal_state_density, num_layers, layer_width, learning_starts, target_network_update_freq,
DQN 8 8 0 1 0.25 0.25 2 256 4000 800 18232 122.18 124.99
# Algorithm, state_space_size, action_space_size, delay, sequence_length, reward_density, terminal_state_density, num_layers, layer_width, learning_starts, target_network_update_freq,
DQN 8 8 0 1 0.25 0.25 2 256 4000 800 18636 128.16 131.01
# Algorithm, state_space_size, action_space_size, delay, sequence_length, reward_density, terminal_state_density, num_layers, layer_width, learning_starts, target_network_update_freq,
DQN 8 8 0 1 0.25 0.25 2 256 4000 800 19020 131.09 133.94
# Algorithm, state_space_size, action_space_size, delay, sequence_length, reward_density, terminal_state_density, num_layers, layer_width, learning_starts, target_network_update_freq,
DQN 8 8 0 1 0.25 0.25 2 256 4000 800 19356 136.03 138.94
# Algorithm, state_space_size, action_space_size, delay, sequence_length, reward_density, terminal_state_density, num_layers, layer_width, learning_starts, target_network_update_freq,
DQN 8 8 0 1 0.25 0.25 2 256 4000 800 19784 137.74 140.68
# Algorithm, state_space_size, action_space_size, delay, sequence_length, reward_density, terminal_state_density, num_layers, layer_width, learning_starts, target_network_update_freq,
DQN 8 8 0 1 0.25 0.25 2 256 4000 800 20152 143.82 146.79
# Algorithm, state_space_size, action_space_size, delay, sequence_length, reward_density, terminal_state_density, num_layers, layer_width, learning_starts, target_network_update_freq,
DQN 8 8 0 1 0.25 0.25 2 256 4000 8000 804 0.7676767676767676 4.040404040404041
# Algorithm, state_space_size, action_space_size, delay, sequence_length, reward_density, terminal_state_density, num_layers, layer_width, learning_starts, target_network_update_freq,
DQN 8 8 0 1 0.25 0.25 2 256 4000 8000 1600 0.6517857142857143 3.5669642857142856
# Algorithm, state_space_size, action_space_size, delay, sequence_length, reward_density, terminal_state_density, num_layers, layer_width, learning_starts, target_network_update_freq,
DQN 8 8 0 1 0.25 0.25 2 256 4000 8000 2292 0.5431654676258992 2.4928057553956835
# Algorithm, state_space_size, action_space_size, delay, sequence_length, reward_density, terminal_state_density, num_layers, layer_width, learning_starts, target_network_update_freq,
DQN 8 8 0 1 0.25 0.25 2 256 4000 8000 2884 0.5 2.1496350364963503
# Algorithm, state_space_size, action_space_size, delay, sequence_length, reward_density, terminal_state_density, num_layers, layer_width, learning_starts, target_network_update_freq,
DQN 8 8 0 1 0.25 0.25 2 256 4000 8000 3652 0.5571847507331378 2.2580645161290325
# Algorithm, state_space_size, action_space_size, delay, sequence_length, reward_density, terminal_state_density, num_layers, layer_width, learning_starts, target_network_update_freq,
DQN 8 8 0 1 0.25 0.25 2 256 4000 8000 4208 0.4935064935064935 2.3896103896103895
# Algorithm, state_space_size, action_space_size, delay, sequence_length, reward_density, terminal_state_density, num_layers, layer_width, learning_starts, target_network_update_freq,
DQN 8 8 0 1 0.25 0.25 2 256 4000 8000 4648 1.87 6.33
# Algorithm, state_space_size, action_space_size, delay, sequence_length, reward_density, terminal_state_density, num_layers, layer_width, learning_starts, target_network_update_freq,
DQN 8 8 0 1 0.25 0.25 2 256 4000 8000 5104 1.87 6.33
# Algorithm, state_space_size, action_space_size, delay, sequence_length, reward_density, terminal_state_density, num_layers, layer_width, learning_starts, target_network_update_freq,
DQN 8 8 0 1 0.25 0.25 2 256 4000 8000 5488 1.87 6.33
# Algorithm, state_space_size, action_space_size, delay, sequence_length, reward_density, terminal_state_density, num_layers, layer_width, learning_starts, target_network_update_freq,
DQN 8 8 0 1 0.25 0.25 2 256 4000 8000 5940 3.98 19.77
# Algorithm, state_space_size, action_space_size, delay, sequence_length, reward_density, terminal_state_density, num_layers, layer_width, learning_starts, target_network_update_freq,
DQN 8 8 0 1 0.25 0.25 2 256 4000 8000 6404 3.98 19.77
# Algorithm, state_space_size, action_space_size, delay, sequence_length, reward_density, terminal_state_density, num_layers, layer_width, learning_starts, target_network_update_freq,
DQN 8 8 0 1 0.25 0.25 2 256 4000 8000 6848 4.04 29.65
# Algorithm, state_space_size, action_space_size, delay, sequence_length, reward_density, terminal_state_density, num_layers, layer_width, learning_starts, target_network_update_freq,
DQN 8 8 0 1 0.25 0.25 2 256 4000 8000 7296 4.04 29.65
# Algorithm, state_space_size, action_space_size, delay, sequence_length, reward_density, terminal_state_density, num_layers, layer_width, learning_starts, target_network_update_freq,
DQN 8 8 0 1 0.25 0.25 2 256 4000 8000 7684 4.06 38.31
# Algorithm, state_space_size, action_space_size, delay, sequence_length, reward_density, terminal_state_density, num_layers, layer_width, learning_starts, target_network_update_freq,
DQN 8 8 0 1 0.25 0.25 2 256 4000 8000 8144 4.09 39.64
# Algorithm, state_space_size, action_space_size, delay, sequence_length, reward_density, terminal_state_density, num_layers, layer_width, learning_starts, target_network_update_freq,
DQN 8 8 0 1 0.25 0.25 2 256 4000 8000 8596 4.09 39.64
# Algorithm, state_space_size, action_space_size, delay, sequence_length, reward_density, terminal_state_density, num_layers, layer_width, learning_starts, target_network_update_freq,
DQN 8 8 0 1 0.25 0.25 2 256 4000 8000 9032 4.09 39.64
# Algorithm, state_space_size, action_space_size, delay, sequence_length, reward_density, terminal_state_density, num_layers, layer_width, learning_starts, target_network_update_freq,
DQN 8 8 0 1 0.25 0.25 2 256 4000 8000 9472 16.54 54.74
# Algorithm, state_space_size, action_space_size, delay, sequence_length, reward_density, terminal_state_density, num_layers, layer_width, learning_starts, target_network_update_freq,
DQN 8 8 0 1 0.25 0.25 2 256 4000 8000 9928 16.54 54.74
# Algorithm, state_space_size, action_space_size, delay, sequence_length, reward_density, terminal_state_density, num_layers, layer_width, learning_starts, target_network_update_freq,
DQN 8 8 0 1 0.25 0.25 2 256 4000 8000 10308 16.54 54.74
# Algorithm, state_space_size, action_space_size, delay, sequence_length, reward_density, terminal_state_density, num_layers, layer_width, learning_starts, target_network_update_freq,
DQN 8 8 0 1 0.25 0.25 2 256 4000 8000 10752 29.47 67.7
# Algorithm, state_space_size, action_space_size, delay, sequence_length, reward_density, terminal_state_density, num_layers, layer_width, learning_starts, target_network_update_freq,
DQN 8 8 0 1 0.25 0.25 2 256 4000 8000 11184 33.89 72.13
# Algorithm, state_space_size, action_space_size, delay, sequence_length, reward_density, terminal_state_density, num_layers, layer_width, learning_starts, target_network_update_freq,
DQN 8 8 0 1 0.25 0.25 2 256 4000 8000 11616 39.2 77.49
# Algorithm, state_space_size, action_space_size, delay, sequence_length, reward_density, terminal_state_density, num_layers, layer_width, learning_starts, target_network_update_freq,
DQN 8 8 0 1 0.25 0.25 2 256 4000 8000 12052 42.02 80.3
# Algorithm, state_space_size, action_space_size, delay, sequence_length, reward_density, terminal_state_density, num_layers, layer_width, learning_starts, target_network_update_freq,
DQN 8 8 0 1 0.25 0.25 2 256 4000 8000 12476 42.02 80.3
# Algorithm, state_space_size, action_space_size, delay, sequence_length, reward_density, terminal_state_density, num_layers, layer_width, learning_starts, target_network_update_freq,
DQN 8 8 0 1 0.25 0.25 2 256 4000 8000 12888 51.17 89.49
# Algorithm, state_space_size, action_space_size, delay, sequence_length, reward_density, terminal_state_density, num_layers, layer_width, learning_starts, target_network_update_freq,
DQN 8 8 0 1 0.25 0.25 2 256 4000 8000 13188 54.99 93.31
# Algorithm, state_space_size, action_space_size, delay, sequence_length, reward_density, terminal_state_density, num_layers, layer_width, learning_starts, target_network_update_freq,
DQN 8 8 0 1 0.25 0.25 2 256 4000 8000 13636 59.08 97.4
# Algorithm, state_space_size, action_space_size, delay, sequence_length, reward_density, terminal_state_density, num_layers, layer_width, learning_starts, target_network_update_freq,
DQN 8 8 0 1 0.25 0.25 2 256 4000 8000 14108 63.57 101.85
# Algorithm, state_space_size, action_space_size, delay, sequence_length, reward_density, terminal_state_density, num_layers, layer_width, learning_starts, target_network_update_freq,
DQN 8 8 0 1 0.25 0.25 2 256 4000 8000 14564 66.82 105.13
# Algorithm, state_space_size, action_space_size, delay, sequence_length, reward_density, terminal_state_density, num_layers, layer_width, learning_starts, target_network_update_freq,
DQN 8 8 0 1 0.25 0.25 2 256 4000 8000 15000 72.97 111.33
# Algorithm, state_space_size, action_space_size, delay, sequence_length, reward_density, terminal_state_density, num_layers, layer_width, learning_starts, target_network_update_freq,
DQN 8 8 0 1 0.25 0.25 2 256 4000 8000 15444 74.82 113.2
# Algorithm, state_space_size, action_space_size, delay, sequence_length, reward_density, terminal_state_density, num_layers, layer_width, learning_starts, target_network_update_freq,
DQN 8 8 0 1 0.25 0.25 2 256 4000 8000 15832 74.82 113.2
# Algorithm, state_space_size, action_space_size, delay, sequence_length, reward_density, terminal_state_density, num_layers, layer_width, learning_starts, target_network_update_freq,
DQN 8 8 0 1 0.25 0.25 2 256 4000 8000 16296 86.01 124.42
# Algorithm, state_space_size, action_space_size, delay, sequence_length, reward_density, terminal_state_density, num_layers, layer_width, learning_starts, target_network_update_freq,
DQN 8 8 0 1 0.25 0.25 2 256 4000 8000 16728 86.01 124.42
# Algorithm, state_space_size, action_space_size, delay, sequence_length, reward_density, terminal_state_density, num_layers, layer_width, learning_starts, target_network_update_freq,
DQN 8 8 0 1 0.25 0.25 2 256 4000 8000 17188 93.57 132.01
# Algorithm, state_space_size, action_space_size, delay, sequence_length, reward_density, terminal_state_density, num_layers, layer_width, learning_starts, target_network_update_freq,
DQN 8 8 0 1 0.25 0.25 2 256 4000 8000 17624 97.17 135.6
# Algorithm, state_space_size, action_space_size, delay, sequence_length, reward_density, terminal_state_density, num_layers, layer_width, learning_starts, target_network_update_freq,
DQN 8 8 0 1 0.25 0.25 2 256 4000 8000 18004 101.6 140.05
# Algorithm, state_space_size, action_space_size, delay, sequence_length, reward_density, terminal_state_density, num_layers, layer_width, learning_starts, target_network_update_freq,
DQN 8 8 0 1 0.25 0.25 2 256 4000 8000 18468 105.78 144.22
# Algorithm, state_space_size, action_space_size, delay, sequence_length, reward_density, terminal_state_density, num_layers, layer_width, learning_starts, target_network_update_freq,
DQN 8 8 0 1 0.25 0.25 2 256 4000 8000 18916 110.07 148.54
# Algorithm, state_space_size, action_space_size, delay, sequence_length, reward_density, terminal_state_density, num_layers, layer_width, learning_starts, target_network_update_freq,
DQN 8 8 0 1 0.25 0.25 2 256 4000 8000 19372 110.07 148.54
# Algorithm, state_space_size, action_space_size, delay, sequence_length, reward_density, terminal_state_density, num_layers, layer_width, learning_starts, target_network_update_freq,
DQN 8 8 0 1 0.25 0.25 2 256 4000 8000 19804 110.07 148.54
# Algorithm, state_space_size, action_space_size, delay, sequence_length, reward_density, terminal_state_density, num_layers, layer_width, learning_starts, target_network_update_freq,
DQN 8 8 0 1 0.25 0.25 2 256 4000 8000 20200 121.9 160.48
