# Algorithm, state_space_size, action_space_size, delay, sequence_length, reward_density, terminal_state_density, num_layers, layer_width, fcnet_activation, double_dqn
DQN 8 8 0 1 0.25 0.25 2 256 0 0 920 0.7310924369747899 3.857142857142857
# Algorithm, state_space_size, action_space_size, delay, sequence_length, reward_density, terminal_state_density, num_layers, layer_width, fcnet_activation, double_dqn
DQN 8 8 0 1 0.25 0.25 2 256 0 0 1852 0.4223826714801444 3.368231046931408
# Algorithm, state_space_size, action_space_size, delay, sequence_length, reward_density, terminal_state_density, num_layers, layer_width, fcnet_activation, double_dqn
DQN 8 8 0 1 0.25 0.25 2 256 0 0 2380 0.3 4.65
# Algorithm, state_space_size, action_space_size, delay, sequence_length, reward_density, terminal_state_density, num_layers, layer_width, fcnet_activation, double_dqn
DQN 8 8 0 1 0.25 0.25 2 256 0 0 2912 3.28 10.62
# Algorithm, state_space_size, action_space_size, delay, sequence_length, reward_density, terminal_state_density, num_layers, layer_width, fcnet_activation, double_dqn
DQN 8 8 0 1 0.25 0.25 2 256 0 0 3412 3.28 10.62
# Algorithm, state_space_size, action_space_size, delay, sequence_length, reward_density, terminal_state_density, num_layers, layer_width, fcnet_activation, double_dqn
DQN 8 8 0 1 0.25 0.25 2 256 0 0 3920 3.28 10.62
# Algorithm, state_space_size, action_space_size, delay, sequence_length, reward_density, terminal_state_density, num_layers, layer_width, fcnet_activation, double_dqn
DQN 8 8 0 1 0.25 0.25 2 256 0 0 4436 9.99 24.22
# Algorithm, state_space_size, action_space_size, delay, sequence_length, reward_density, terminal_state_density, num_layers, layer_width, fcnet_activation, double_dqn
DQN 8 8 0 1 0.25 0.25 2 256 0 0 4972 13.29 31.38
# Algorithm, state_space_size, action_space_size, delay, sequence_length, reward_density, terminal_state_density, num_layers, layer_width, fcnet_activation, double_dqn
DQN 8 8 0 1 0.25 0.25 2 256 0 0 5508 13.29 31.38
# Algorithm, state_space_size, action_space_size, delay, sequence_length, reward_density, terminal_state_density, num_layers, layer_width, fcnet_activation, double_dqn
DQN 8 8 0 1 0.25 0.25 2 256 0 0 6036 17.3 39.39
# Algorithm, state_space_size, action_space_size, delay, sequence_length, reward_density, terminal_state_density, num_layers, layer_width, fcnet_activation, double_dqn
DQN 8 8 0 1 0.25 0.25 2 256 0 0 6496 19.0 42.78
# Algorithm, state_space_size, action_space_size, delay, sequence_length, reward_density, terminal_state_density, num_layers, layer_width, fcnet_activation, double_dqn
DQN 8 8 0 1 0.25 0.25 2 256 0 0 7024 19.0 42.78
# Algorithm, state_space_size, action_space_size, delay, sequence_length, reward_density, terminal_state_density, num_layers, layer_width, fcnet_activation, double_dqn
DQN 8 8 0 1 0.25 0.25 2 256 0 0 7556 24.08 52.95
# Algorithm, state_space_size, action_space_size, delay, sequence_length, reward_density, terminal_state_density, num_layers, layer_width, fcnet_activation, double_dqn
DQN 8 8 0 1 0.25 0.25 2 256 0 0 8080 24.08 52.95
# Algorithm, state_space_size, action_space_size, delay, sequence_length, reward_density, terminal_state_density, num_layers, layer_width, fcnet_activation, double_dqn
DQN 8 8 0 1 0.25 0.25 2 256 0 0 8604 24.08 52.95
# Algorithm, state_space_size, action_space_size, delay, sequence_length, reward_density, terminal_state_density, num_layers, layer_width, fcnet_activation, double_dqn
DQN 8 8 0 1 0.25 0.25 2 256 0 0 9072 24.08 52.95
# Algorithm, state_space_size, action_space_size, delay, sequence_length, reward_density, terminal_state_density, num_layers, layer_width, fcnet_activation, double_dqn
DQN 8 8 0 1 0.25 0.25 2 256 0 0 9584 34.7 74.25
# Algorithm, state_space_size, action_space_size, delay, sequence_length, reward_density, terminal_state_density, num_layers, layer_width, fcnet_activation, double_dqn
DQN 8 8 0 1 0.25 0.25 2 256 0 0 10096 37.66 80.18
# Algorithm, state_space_size, action_space_size, delay, sequence_length, reward_density, terminal_state_density, num_layers, layer_width, fcnet_activation, double_dqn
DQN 8 8 0 1 0.25 0.25 2 256 0 0 10616 37.66 80.18
# Algorithm, state_space_size, action_space_size, delay, sequence_length, reward_density, terminal_state_density, num_layers, layer_width, fcnet_activation, double_dqn
DQN 8 8 0 1 0.25 0.25 2 256 0 0 11116 37.66 80.18
# Algorithm, state_space_size, action_space_size, delay, sequence_length, reward_density, terminal_state_density, num_layers, layer_width, fcnet_activation, double_dqn
DQN 8 8 0 1 0.25 0.25 2 256 0 0 11528 37.66 80.18
# Algorithm, state_space_size, action_space_size, delay, sequence_length, reward_density, terminal_state_density, num_layers, layer_width, fcnet_activation, double_dqn
DQN 8 8 0 1 0.25 0.25 2 256 0 0 11992 46.56 98.13
# Algorithm, state_space_size, action_space_size, delay, sequence_length, reward_density, terminal_state_density, num_layers, layer_width, fcnet_activation, double_dqn
DQN 8 8 0 1 0.25 0.25 2 256 0 0 12496 49.97 104.99
# Algorithm, state_space_size, action_space_size, delay, sequence_length, reward_density, terminal_state_density, num_layers, layer_width, fcnet_activation, double_dqn
DQN 8 8 0 1 0.25 0.25 2 256 0 0 13020 49.97 104.99
# Algorithm, state_space_size, action_space_size, delay, sequence_length, reward_density, terminal_state_density, num_layers, layer_width, fcnet_activation, double_dqn
DQN 8 8 0 1 0.25 0.25 2 256 0 0 13540 49.97 104.99
# Algorithm, state_space_size, action_space_size, delay, sequence_length, reward_density, terminal_state_density, num_layers, layer_width, fcnet_activation, double_dqn
DQN 8 8 0 1 0.25 0.25 2 256 0 0 14036 58.2 121.52
# Algorithm, state_space_size, action_space_size, delay, sequence_length, reward_density, terminal_state_density, num_layers, layer_width, fcnet_activation, double_dqn
DQN 8 8 0 1 0.25 0.25 2 256 0 0 14508 60.19 125.54
# Algorithm, state_space_size, action_space_size, delay, sequence_length, reward_density, terminal_state_density, num_layers, layer_width, fcnet_activation, double_dqn
DQN 8 8 0 1 0.25 0.25 2 256 0 0 14928 62.44 130.05
# Algorithm, state_space_size, action_space_size, delay, sequence_length, reward_density, terminal_state_density, num_layers, layer_width, fcnet_activation, double_dqn
DQN 8 8 0 1 0.25 0.25 2 256 0 0 15436 64.79 134.68
# Algorithm, state_space_size, action_space_size, delay, sequence_length, reward_density, terminal_state_density, num_layers, layer_width, fcnet_activation, double_dqn
DQN 8 8 0 1 0.25 0.25 2 256 0 0 15948 67.18 139.47
# Algorithm, state_space_size, action_space_size, delay, sequence_length, reward_density, terminal_state_density, num_layers, layer_width, fcnet_activation, double_dqn
DQN 8 8 0 1 0.25 0.25 2 256 0 0 16464 68.81 142.75
# Algorithm, state_space_size, action_space_size, delay, sequence_length, reward_density, terminal_state_density, num_layers, layer_width, fcnet_activation, double_dqn
DQN 8 8 0 1 0.25 0.25 2 256 0 0 16976 72.42 149.93
# Algorithm, state_space_size, action_space_size, delay, sequence_length, reward_density, terminal_state_density, num_layers, layer_width, fcnet_activation, double_dqn
DQN 8 8 0 1 0.25 0.25 2 256 0 0 17468 72.42 149.93
# Algorithm, state_space_size, action_space_size, delay, sequence_length, reward_density, terminal_state_density, num_layers, layer_width, fcnet_activation, double_dqn
DQN 8 8 0 1 0.25 0.25 2 256 0 0 17956 77.03 159.26
# Algorithm, state_space_size, action_space_size, delay, sequence_length, reward_density, terminal_state_density, num_layers, layer_width, fcnet_activation, double_dqn
DQN 8 8 0 1 0.25 0.25 2 256 0 0 18468 79.7 164.65
# Algorithm, state_space_size, action_space_size, delay, sequence_length, reward_density, terminal_state_density, num_layers, layer_width, fcnet_activation, double_dqn
DQN 8 8 0 1 0.25 0.25 2 256 0 0 18996 79.7 164.65
# Algorithm, state_space_size, action_space_size, delay, sequence_length, reward_density, terminal_state_density, num_layers, layer_width, fcnet_activation, double_dqn
DQN 8 8 0 1 0.25 0.25 2 256 0 0 19496 79.7 164.65
# Algorithm, state_space_size, action_space_size, delay, sequence_length, reward_density, terminal_state_density, num_layers, layer_width, fcnet_activation, double_dqn
DQN 8 8 0 1 0.25 0.25 2 256 0 0 20016 87.73 180.77
# Algorithm, state_space_size, action_space_size, delay, sequence_length, reward_density, terminal_state_density, num_layers, layer_width, fcnet_activation, double_dqn
DQN 8 8 0 1 0.25 0.25 2 256 0 1 912 0.7619047619047619 4.338095238095238
# Algorithm, state_space_size, action_space_size, delay, sequence_length, reward_density, terminal_state_density, num_layers, layer_width, fcnet_activation, double_dqn
DQN 8 8 0 1 0.25 0.25 2 256 0 1 1840 0.38095238095238093 3.6746031746031744
# Algorithm, state_space_size, action_space_size, delay, sequence_length, reward_density, terminal_state_density, num_layers, layer_width, fcnet_activation, double_dqn
DQN 8 8 0 1 0.25 0.25 2 256 0 1 2368 0.8 7.21
# Algorithm, state_space_size, action_space_size, delay, sequence_length, reward_density, terminal_state_density, num_layers, layer_width, fcnet_activation, double_dqn
DQN 8 8 0 1 0.25 0.25 2 256 0 1 2856 2.8 11.14
# Algorithm, state_space_size, action_space_size, delay, sequence_length, reward_density, terminal_state_density, num_layers, layer_width, fcnet_activation, double_dqn
DQN 8 8 0 1 0.25 0.25 2 256 0 1 3348 5.72 16.98
# Algorithm, state_space_size, action_space_size, delay, sequence_length, reward_density, terminal_state_density, num_layers, layer_width, fcnet_activation, double_dqn
DQN 8 8 0 1 0.25 0.25 2 256 0 1 3868 7.53 20.54
# Algorithm, state_space_size, action_space_size, delay, sequence_length, reward_density, terminal_state_density, num_layers, layer_width, fcnet_activation, double_dqn
DQN 8 8 0 1 0.25 0.25 2 256 0 1 4380 9.5 24.45
# Algorithm, state_space_size, action_space_size, delay, sequence_length, reward_density, terminal_state_density, num_layers, layer_width, fcnet_activation, double_dqn
DQN 8 8 0 1 0.25 0.25 2 256 0 1 4912 12.27 30.04
# Algorithm, state_space_size, action_space_size, delay, sequence_length, reward_density, terminal_state_density, num_layers, layer_width, fcnet_activation, double_dqn
DQN 8 8 0 1 0.25 0.25 2 256 0 1 5436 14.74 35.03
# Algorithm, state_space_size, action_space_size, delay, sequence_length, reward_density, terminal_state_density, num_layers, layer_width, fcnet_activation, double_dqn
DQN 8 8 0 1 0.25 0.25 2 256 0 1 5892 17.59 40.71
# Algorithm, state_space_size, action_space_size, delay, sequence_length, reward_density, terminal_state_density, num_layers, layer_width, fcnet_activation, double_dqn
DQN 8 8 0 1 0.25 0.25 2 256 0 1 6404 19.75 45.0
# Algorithm, state_space_size, action_space_size, delay, sequence_length, reward_density, terminal_state_density, num_layers, layer_width, fcnet_activation, double_dqn
DQN 8 8 0 1 0.25 0.25 2 256 0 1 6924 19.75 45.0
# Algorithm, state_space_size, action_space_size, delay, sequence_length, reward_density, terminal_state_density, num_layers, layer_width, fcnet_activation, double_dqn
DQN 8 8 0 1 0.25 0.25 2 256 0 1 7448 25.86 57.39
# Algorithm, state_space_size, action_space_size, delay, sequence_length, reward_density, terminal_state_density, num_layers, layer_width, fcnet_activation, double_dqn
DQN 8 8 0 1 0.25 0.25 2 256 0 1 7964 27.35 60.4
# Algorithm, state_space_size, action_space_size, delay, sequence_length, reward_density, terminal_state_density, num_layers, layer_width, fcnet_activation, double_dqn
DQN 8 8 0 1 0.25 0.25 2 256 0 1 8428 27.35 60.4
# Algorithm, state_space_size, action_space_size, delay, sequence_length, reward_density, terminal_state_density, num_layers, layer_width, fcnet_activation, double_dqn
DQN 8 8 0 1 0.25 0.25 2 256 0 1 8952 31.24 68.28
# Algorithm, state_space_size, action_space_size, delay, sequence_length, reward_density, terminal_state_density, num_layers, layer_width, fcnet_activation, double_dqn
DQN 8 8 0 1 0.25 0.25 2 256 0 1 9444 31.24 68.28
# Algorithm, state_space_size, action_space_size, delay, sequence_length, reward_density, terminal_state_density, num_layers, layer_width, fcnet_activation, double_dqn
DQN 8 8 0 1 0.25 0.25 2 256 0 1 9928 36.89 79.68
# Algorithm, state_space_size, action_space_size, delay, sequence_length, reward_density, terminal_state_density, num_layers, layer_width, fcnet_activation, double_dqn
DQN 8 8 0 1 0.25 0.25 2 256 0 1 10404 40.22 86.39
# Algorithm, state_space_size, action_space_size, delay, sequence_length, reward_density, terminal_state_density, num_layers, layer_width, fcnet_activation, double_dqn
DQN 8 8 0 1 0.25 0.25 2 256 0 1 10868 40.22 86.39
# Algorithm, state_space_size, action_space_size, delay, sequence_length, reward_density, terminal_state_density, num_layers, layer_width, fcnet_activation, double_dqn
DQN 8 8 0 1 0.25 0.25 2 256 0 1 11396 40.22 86.39
# Algorithm, state_space_size, action_space_size, delay, sequence_length, reward_density, terminal_state_density, num_layers, layer_width, fcnet_activation, double_dqn
DQN 8 8 0 1 0.25 0.25 2 256 0 1 11908 47.74 101.49
# Algorithm, state_space_size, action_space_size, delay, sequence_length, reward_density, terminal_state_density, num_layers, layer_width, fcnet_activation, double_dqn
DQN 8 8 0 1 0.25 0.25 2 256 0 1 12428 49.48 105.02
# Algorithm, state_space_size, action_space_size, delay, sequence_length, reward_density, terminal_state_density, num_layers, layer_width, fcnet_activation, double_dqn
DQN 8 8 0 1 0.25 0.25 2 256 0 1 12948 49.48 105.02
# Algorithm, state_space_size, action_space_size, delay, sequence_length, reward_density, terminal_state_density, num_layers, layer_width, fcnet_activation, double_dqn
DQN 8 8 0 1 0.25 0.25 2 256 0 1 13416 49.48 105.02
# Algorithm, state_space_size, action_space_size, delay, sequence_length, reward_density, terminal_state_density, num_layers, layer_width, fcnet_activation, double_dqn
DQN 8 8 0 1 0.25 0.25 2 256 0 1 13928 57.16 120.33
# Algorithm, state_space_size, action_space_size, delay, sequence_length, reward_density, terminal_state_density, num_layers, layer_width, fcnet_activation, double_dqn
DQN 8 8 0 1 0.25 0.25 2 256 0 1 14460 60.43 126.99
# Algorithm, state_space_size, action_space_size, delay, sequence_length, reward_density, terminal_state_density, num_layers, layer_width, fcnet_activation, double_dqn
DQN 8 8 0 1 0.25 0.25 2 256 0 1 14984 60.43 126.99
# Algorithm, state_space_size, action_space_size, delay, sequence_length, reward_density, terminal_state_density, num_layers, layer_width, fcnet_activation, double_dqn
DQN 8 8 0 1 0.25 0.25 2 256 0 1 15508 60.43 126.99
# Algorithm, state_space_size, action_space_size, delay, sequence_length, reward_density, terminal_state_density, num_layers, layer_width, fcnet_activation, double_dqn
DQN 8 8 0 1 0.25 0.25 2 256 0 1 16020 67.06 140.41
# Algorithm, state_space_size, action_space_size, delay, sequence_length, reward_density, terminal_state_density, num_layers, layer_width, fcnet_activation, double_dqn
DQN 8 8 0 1 0.25 0.25 2 256 0 1 16488 67.06 140.41
# Algorithm, state_space_size, action_space_size, delay, sequence_length, reward_density, terminal_state_density, num_layers, layer_width, fcnet_activation, double_dqn
DQN 8 8 0 1 0.25 0.25 2 256 0 1 17020 73.07 152.53
# Algorithm, state_space_size, action_space_size, delay, sequence_length, reward_density, terminal_state_density, num_layers, layer_width, fcnet_activation, double_dqn
DQN 8 8 0 1 0.25 0.25 2 256 0 1 17532 75.13 156.64
# Algorithm, state_space_size, action_space_size, delay, sequence_length, reward_density, terminal_state_density, num_layers, layer_width, fcnet_activation, double_dqn
DQN 8 8 0 1 0.25 0.25 2 256 0 1 18036 75.13 156.64
# Algorithm, state_space_size, action_space_size, delay, sequence_length, reward_density, terminal_state_density, num_layers, layer_width, fcnet_activation, double_dqn
DQN 8 8 0 1 0.25 0.25 2 256 0 1 18544 79.4 165.33
# Algorithm, state_space_size, action_space_size, delay, sequence_length, reward_density, terminal_state_density, num_layers, layer_width, fcnet_activation, double_dqn
DQN 8 8 0 1 0.25 0.25 2 256 0 1 19000 79.4 165.33
# Algorithm, state_space_size, action_space_size, delay, sequence_length, reward_density, terminal_state_density, num_layers, layer_width, fcnet_activation, double_dqn
DQN 8 8 0 1 0.25 0.25 2 256 0 1 19520 79.4 165.33
# Algorithm, state_space_size, action_space_size, delay, sequence_length, reward_density, terminal_state_density, num_layers, layer_width, fcnet_activation, double_dqn
DQN 8 8 0 1 0.25 0.25 2 256 0 1 20040 87.12 180.94
