# Algorithm, state_space_size, action_space_size, delay, sequence_length, reward_density, terminal_state_density, num_layers, layer_width, fcnet_activation,
DQN 8 8 0 1 0.25 0.25 2 256 0 776 0.6346153846153846 3.7259615384615383
# Algorithm, state_space_size, action_space_size, delay, sequence_length, reward_density, terminal_state_density, num_layers, layer_width, fcnet_activation,
DQN 8 8 0 1 0.25 0.25 2 256 0 1564 0.5 4.426966292134831
# Algorithm, state_space_size, action_space_size, delay, sequence_length, reward_density, terminal_state_density, num_layers, layer_width, fcnet_activation,
DQN 8 8 0 1 0.25 0.25 2 256 0 2152 0.2824427480916031 4.488549618320611
# Algorithm, state_space_size, action_space_size, delay, sequence_length, reward_density, terminal_state_density, num_layers, layer_width, fcnet_activation,
DQN 8 8 0 1 0.25 0.25 2 256 0 2628 0.31 4.54
# Algorithm, state_space_size, action_space_size, delay, sequence_length, reward_density, terminal_state_density, num_layers, layer_width, fcnet_activation,
DQN 8 8 0 1 0.25 0.25 2 256 0 3072 4.37 12.63
# Algorithm, state_space_size, action_space_size, delay, sequence_length, reward_density, terminal_state_density, num_layers, layer_width, fcnet_activation,
DQN 8 8 0 1 0.25 0.25 2 256 0 3480 5.6 15.04
# Algorithm, state_space_size, action_space_size, delay, sequence_length, reward_density, terminal_state_density, num_layers, layer_width, fcnet_activation,
DQN 8 8 0 1 0.25 0.25 2 256 0 3864 8.74 21.25
# Algorithm, state_space_size, action_space_size, delay, sequence_length, reward_density, terminal_state_density, num_layers, layer_width, fcnet_activation,
DQN 8 8 0 1 0.25 0.25 2 256 0 4240 10.62 25.03
# Algorithm, state_space_size, action_space_size, delay, sequence_length, reward_density, terminal_state_density, num_layers, layer_width, fcnet_activation,
DQN 8 8 0 1 0.25 0.25 2 256 0 4668 10.62 25.03
# Algorithm, state_space_size, action_space_size, delay, sequence_length, reward_density, terminal_state_density, num_layers, layer_width, fcnet_activation,
DQN 8 8 0 1 0.25 0.25 2 256 0 5140 10.62 25.03
# Algorithm, state_space_size, action_space_size, delay, sequence_length, reward_density, terminal_state_density, num_layers, layer_width, fcnet_activation,
DQN 8 8 0 1 0.25 0.25 2 256 0 5552 15.43 34.69
# Algorithm, state_space_size, action_space_size, delay, sequence_length, reward_density, terminal_state_density, num_layers, layer_width, fcnet_activation,
DQN 8 8 0 1 0.25 0.25 2 256 0 6024 19.37 42.59
# Algorithm, state_space_size, action_space_size, delay, sequence_length, reward_density, terminal_state_density, num_layers, layer_width, fcnet_activation,
DQN 8 8 0 1 0.25 0.25 2 256 0 6496 20.29 44.41
# Algorithm, state_space_size, action_space_size, delay, sequence_length, reward_density, terminal_state_density, num_layers, layer_width, fcnet_activation,
DQN 8 8 0 1 0.25 0.25 2 256 0 6960 22.83 49.51
# Algorithm, state_space_size, action_space_size, delay, sequence_length, reward_density, terminal_state_density, num_layers, layer_width, fcnet_activation,
DQN 8 8 0 1 0.25 0.25 2 256 0 7432 22.83 49.51
# Algorithm, state_space_size, action_space_size, delay, sequence_length, reward_density, terminal_state_density, num_layers, layer_width, fcnet_activation,
DQN 8 8 0 1 0.25 0.25 2 256 0 7860 27.49 58.91
# Algorithm, state_space_size, action_space_size, delay, sequence_length, reward_density, terminal_state_density, num_layers, layer_width, fcnet_activation,
DQN 8 8 0 1 0.25 0.25 2 256 0 8340 27.49 58.91
# Algorithm, state_space_size, action_space_size, delay, sequence_length, reward_density, terminal_state_density, num_layers, layer_width, fcnet_activation,
DQN 8 8 0 1 0.25 0.25 2 256 0 8812 33.04 70.08
# Algorithm, state_space_size, action_space_size, delay, sequence_length, reward_density, terminal_state_density, num_layers, layer_width, fcnet_activation,
DQN 8 8 0 1 0.25 0.25 2 256 0 9296 35.38 74.9
# Algorithm, state_space_size, action_space_size, delay, sequence_length, reward_density, terminal_state_density, num_layers, layer_width, fcnet_activation,
DQN 8 8 0 1 0.25 0.25 2 256 0 9772 35.38 74.9
# Algorithm, state_space_size, action_space_size, delay, sequence_length, reward_density, terminal_state_density, num_layers, layer_width, fcnet_activation,
DQN 8 8 0 1 0.25 0.25 2 256 0 10204 38.79 81.83
# Algorithm, state_space_size, action_space_size, delay, sequence_length, reward_density, terminal_state_density, num_layers, layer_width, fcnet_activation,
DQN 8 8 0 1 0.25 0.25 2 256 0 10656 41.38 87.05
# Algorithm, state_space_size, action_space_size, delay, sequence_length, reward_density, terminal_state_density, num_layers, layer_width, fcnet_activation,
DQN 8 8 0 1 0.25 0.25 2 256 0 11132 42.37 88.96
# Algorithm, state_space_size, action_space_size, delay, sequence_length, reward_density, terminal_state_density, num_layers, layer_width, fcnet_activation,
DQN 8 8 0 1 0.25 0.25 2 256 0 11608 42.37 88.96
# Algorithm, state_space_size, action_space_size, delay, sequence_length, reward_density, terminal_state_density, num_layers, layer_width, fcnet_activation,
DQN 8 8 0 1 0.25 0.25 2 256 0 12088 47.75 100.06
# Algorithm, state_space_size, action_space_size, delay, sequence_length, reward_density, terminal_state_density, num_layers, layer_width, fcnet_activation,
DQN 8 8 0 1 0.25 0.25 2 256 0 12548 51.33 107.35
# Algorithm, state_space_size, action_space_size, delay, sequence_length, reward_density, terminal_state_density, num_layers, layer_width, fcnet_activation,
DQN 8 8 0 1 0.25 0.25 2 256 0 12968 52.3 109.29
# Algorithm, state_space_size, action_space_size, delay, sequence_length, reward_density, terminal_state_density, num_layers, layer_width, fcnet_activation,
DQN 8 8 0 1 0.25 0.25 2 256 0 13336 55.2 115.12
# Algorithm, state_space_size, action_space_size, delay, sequence_length, reward_density, terminal_state_density, num_layers, layer_width, fcnet_activation,
DQN 8 8 0 1 0.25 0.25 2 256 0 13804 55.28 115.25
# Algorithm, state_space_size, action_space_size, delay, sequence_length, reward_density, terminal_state_density, num_layers, layer_width, fcnet_activation,
DQN 8 8 0 1 0.25 0.25 2 256 0 14208 55.28 115.25
# Algorithm, state_space_size, action_space_size, delay, sequence_length, reward_density, terminal_state_density, num_layers, layer_width, fcnet_activation,
DQN 8 8 0 1 0.25 0.25 2 256 0 14680 60.8 126.46
# Algorithm, state_space_size, action_space_size, delay, sequence_length, reward_density, terminal_state_density, num_layers, layer_width, fcnet_activation,
DQN 8 8 0 1 0.25 0.25 2 256 0 15148 63.29 131.46
# Algorithm, state_space_size, action_space_size, delay, sequence_length, reward_density, terminal_state_density, num_layers, layer_width, fcnet_activation,
DQN 8 8 0 1 0.25 0.25 2 256 0 15572 63.29 131.46
# Algorithm, state_space_size, action_space_size, delay, sequence_length, reward_density, terminal_state_density, num_layers, layer_width, fcnet_activation,
DQN 8 8 0 1 0.25 0.25 2 256 0 16040 67.56 140.06
# Algorithm, state_space_size, action_space_size, delay, sequence_length, reward_density, terminal_state_density, num_layers, layer_width, fcnet_activation,
DQN 8 8 0 1 0.25 0.25 2 256 0 16496 70.59 146.1
# Algorithm, state_space_size, action_space_size, delay, sequence_length, reward_density, terminal_state_density, num_layers, layer_width, fcnet_activation,
DQN 8 8 0 1 0.25 0.25 2 256 0 16956 71.08 147.11
# Algorithm, state_space_size, action_space_size, delay, sequence_length, reward_density, terminal_state_density, num_layers, layer_width, fcnet_activation,
DQN 8 8 0 1 0.25 0.25 2 256 0 17280 71.08 147.11
# Algorithm, state_space_size, action_space_size, delay, sequence_length, reward_density, terminal_state_density, num_layers, layer_width, fcnet_activation,
DQN 8 8 0 1 0.25 0.25 2 256 0 17616 71.08 147.11
# Algorithm, state_space_size, action_space_size, delay, sequence_length, reward_density, terminal_state_density, num_layers, layer_width, fcnet_activation,
DQN 8 8 0 1 0.25 0.25 2 256 0 18040 78.03 161.14
# Algorithm, state_space_size, action_space_size, delay, sequence_length, reward_density, terminal_state_density, num_layers, layer_width, fcnet_activation,
DQN 8 8 0 1 0.25 0.25 2 256 0 18508 78.03 161.14
# Algorithm, state_space_size, action_space_size, delay, sequence_length, reward_density, terminal_state_density, num_layers, layer_width, fcnet_activation,
DQN 8 8 0 1 0.25 0.25 2 256 0 18956 78.03 161.14
# Algorithm, state_space_size, action_space_size, delay, sequence_length, reward_density, terminal_state_density, num_layers, layer_width, fcnet_activation,
DQN 8 8 0 1 0.25 0.25 2 256 0 19428 84.84 175.04
# Algorithm, state_space_size, action_space_size, delay, sequence_length, reward_density, terminal_state_density, num_layers, layer_width, fcnet_activation,
DQN 8 8 0 1 0.25 0.25 2 256 0 19884 84.84 175.04
# Algorithm, state_space_size, action_space_size, delay, sequence_length, reward_density, terminal_state_density, num_layers, layer_width, fcnet_activation,
DQN 8 8 0 1 0.25 0.25 2 256 0 20276 88.33 182.04
# Algorithm, state_space_size, action_space_size, delay, sequence_length, reward_density, terminal_state_density, num_layers, layer_width, fcnet_activation,
DQN 8 8 0 1 0.25 0.25 2 256 1 788 0.7474747474747475 3.9696969696969697
# Algorithm, state_space_size, action_space_size, delay, sequence_length, reward_density, terminal_state_density, num_layers, layer_width, fcnet_activation,
DQN 8 8 0 1 0.25 0.25 2 256 1 1608 0.75 3.985294117647059
# Algorithm, state_space_size, action_space_size, delay, sequence_length, reward_density, terminal_state_density, num_layers, layer_width, fcnet_activation,
DQN 8 8 0 1 0.25 0.25 2 256 1 2132 1.11 5.84
# Algorithm, state_space_size, action_space_size, delay, sequence_length, reward_density, terminal_state_density, num_layers, layer_width, fcnet_activation,
DQN 8 8 0 1 0.25 0.25 2 256 1 2568 0.97 7.97
# Algorithm, state_space_size, action_space_size, delay, sequence_length, reward_density, terminal_state_density, num_layers, layer_width, fcnet_activation,
DQN 8 8 0 1 0.25 0.25 2 256 1 3012 1.22 12.3
# Algorithm, state_space_size, action_space_size, delay, sequence_length, reward_density, terminal_state_density, num_layers, layer_width, fcnet_activation,
DQN 8 8 0 1 0.25 0.25 2 256 1 3468 2.52 16.2
# Algorithm, state_space_size, action_space_size, delay, sequence_length, reward_density, terminal_state_density, num_layers, layer_width, fcnet_activation,
DQN 8 8 0 1 0.25 0.25 2 256 1 3888 3.19 18.14
# Algorithm, state_space_size, action_space_size, delay, sequence_length, reward_density, terminal_state_density, num_layers, layer_width, fcnet_activation,
DQN 8 8 0 1 0.25 0.25 2 256 1 4320 4.17 21.08
# Algorithm, state_space_size, action_space_size, delay, sequence_length, reward_density, terminal_state_density, num_layers, layer_width, fcnet_activation,
DQN 8 8 0 1 0.25 0.25 2 256 1 4688 6.11 26.85
# Algorithm, state_space_size, action_space_size, delay, sequence_length, reward_density, terminal_state_density, num_layers, layer_width, fcnet_activation,
DQN 8 8 0 1 0.25 0.25 2 256 1 5140 7.13 29.85
# Algorithm, state_space_size, action_space_size, delay, sequence_length, reward_density, terminal_state_density, num_layers, layer_width, fcnet_activation,
DQN 8 8 0 1 0.25 0.25 2 256 1 5588 7.13 29.85
# Algorithm, state_space_size, action_space_size, delay, sequence_length, reward_density, terminal_state_density, num_layers, layer_width, fcnet_activation,
DQN 8 8 0 1 0.25 0.25 2 256 1 5948 11.85 40.27
# Algorithm, state_space_size, action_space_size, delay, sequence_length, reward_density, terminal_state_density, num_layers, layer_width, fcnet_activation,
DQN 8 8 0 1 0.25 0.25 2 256 1 6364 12.96 42.78
# Algorithm, state_space_size, action_space_size, delay, sequence_length, reward_density, terminal_state_density, num_layers, layer_width, fcnet_activation,
DQN 8 8 0 1 0.25 0.25 2 256 1 6740 12.96 42.78
# Algorithm, state_space_size, action_space_size, delay, sequence_length, reward_density, terminal_state_density, num_layers, layer_width, fcnet_activation,
DQN 8 8 0 1 0.25 0.25 2 256 1 7180 12.96 42.78
# Algorithm, state_space_size, action_space_size, delay, sequence_length, reward_density, terminal_state_density, num_layers, layer_width, fcnet_activation,
DQN 8 8 0 1 0.25 0.25 2 256 1 7648 19.2 55.81
# Algorithm, state_space_size, action_space_size, delay, sequence_length, reward_density, terminal_state_density, num_layers, layer_width, fcnet_activation,
DQN 8 8 0 1 0.25 0.25 2 256 1 8100 22.1 61.55
# Algorithm, state_space_size, action_space_size, delay, sequence_length, reward_density, terminal_state_density, num_layers, layer_width, fcnet_activation,
DQN 8 8 0 1 0.25 0.25 2 256 1 8568 22.23 61.81
# Algorithm, state_space_size, action_space_size, delay, sequence_length, reward_density, terminal_state_density, num_layers, layer_width, fcnet_activation,
DQN 8 8 0 1 0.25 0.25 2 256 1 8976 24.85 67.5
# Algorithm, state_space_size, action_space_size, delay, sequence_length, reward_density, terminal_state_density, num_layers, layer_width, fcnet_activation,
DQN 8 8 0 1 0.25 0.25 2 256 1 9376 27.94 74.09
# Algorithm, state_space_size, action_space_size, delay, sequence_length, reward_density, terminal_state_density, num_layers, layer_width, fcnet_activation,
DQN 8 8 0 1 0.25 0.25 2 256 1 9884 29.9 78.08
# Algorithm, state_space_size, action_space_size, delay, sequence_length, reward_density, terminal_state_density, num_layers, layer_width, fcnet_activation,
DQN 8 8 0 1 0.25 0.25 2 256 1 10352 31.61 81.48
# Algorithm, state_space_size, action_space_size, delay, sequence_length, reward_density, terminal_state_density, num_layers, layer_width, fcnet_activation,
DQN 8 8 0 1 0.25 0.25 2 256 1 10852 33.96 85.91
# Algorithm, state_space_size, action_space_size, delay, sequence_length, reward_density, terminal_state_density, num_layers, layer_width, fcnet_activation,
DQN 8 8 0 1 0.25 0.25 2 256 1 11308 37.0 91.82
# Algorithm, state_space_size, action_space_size, delay, sequence_length, reward_density, terminal_state_density, num_layers, layer_width, fcnet_activation,
DQN 8 8 0 1 0.25 0.25 2 256 1 11820 37.69 93.19
# Algorithm, state_space_size, action_space_size, delay, sequence_length, reward_density, terminal_state_density, num_layers, layer_width, fcnet_activation,
DQN 8 8 0 1 0.25 0.25 2 256 1 12324 41.91 101.6
# Algorithm, state_space_size, action_space_size, delay, sequence_length, reward_density, terminal_state_density, num_layers, layer_width, fcnet_activation,
DQN 8 8 0 1 0.25 0.25 2 256 1 12820 44.35 106.36
# Algorithm, state_space_size, action_space_size, delay, sequence_length, reward_density, terminal_state_density, num_layers, layer_width, fcnet_activation,
DQN 8 8 0 1 0.25 0.25 2 256 1 13328 45.96 110.06
# Algorithm, state_space_size, action_space_size, delay, sequence_length, reward_density, terminal_state_density, num_layers, layer_width, fcnet_activation,
DQN 8 8 0 1 0.25 0.25 2 256 1 13788 48.34 115.62
# Algorithm, state_space_size, action_space_size, delay, sequence_length, reward_density, terminal_state_density, num_layers, layer_width, fcnet_activation,
DQN 8 8 0 1 0.25 0.25 2 256 1 14288 48.34 115.62
# Algorithm, state_space_size, action_space_size, delay, sequence_length, reward_density, terminal_state_density, num_layers, layer_width, fcnet_activation,
DQN 8 8 0 1 0.25 0.25 2 256 1 14776 48.34 115.62
# Algorithm, state_space_size, action_space_size, delay, sequence_length, reward_density, terminal_state_density, num_layers, layer_width, fcnet_activation,
DQN 8 8 0 1 0.25 0.25 2 256 1 15236 55.65 131.03
# Algorithm, state_space_size, action_space_size, delay, sequence_length, reward_density, terminal_state_density, num_layers, layer_width, fcnet_activation,
DQN 8 8 0 1 0.25 0.25 2 256 1 15716 57.15 134.29
# Algorithm, state_space_size, action_space_size, delay, sequence_length, reward_density, terminal_state_density, num_layers, layer_width, fcnet_activation,
DQN 8 8 0 1 0.25 0.25 2 256 1 16104 58.76 137.43
# Algorithm, state_space_size, action_space_size, delay, sequence_length, reward_density, terminal_state_density, num_layers, layer_width, fcnet_activation,
DQN 8 8 0 1 0.25 0.25 2 256 1 16612 60.81 141.91
# Algorithm, state_space_size, action_space_size, delay, sequence_length, reward_density, terminal_state_density, num_layers, layer_width, fcnet_activation,
DQN 8 8 0 1 0.25 0.25 2 256 1 17132 60.81 141.91
# Algorithm, state_space_size, action_space_size, delay, sequence_length, reward_density, terminal_state_density, num_layers, layer_width, fcnet_activation,
DQN 8 8 0 1 0.25 0.25 2 256 1 17636 60.81 141.91
# Algorithm, state_space_size, action_space_size, delay, sequence_length, reward_density, terminal_state_density, num_layers, layer_width, fcnet_activation,
DQN 8 8 0 1 0.25 0.25 2 256 1 18148 67.51 155.49
# Algorithm, state_space_size, action_space_size, delay, sequence_length, reward_density, terminal_state_density, num_layers, layer_width, fcnet_activation,
DQN 8 8 0 1 0.25 0.25 2 256 1 18624 71.57 163.85
# Algorithm, state_space_size, action_space_size, delay, sequence_length, reward_density, terminal_state_density, num_layers, layer_width, fcnet_activation,
DQN 8 8 0 1 0.25 0.25 2 256 1 19136 74.46 169.68
# Algorithm, state_space_size, action_space_size, delay, sequence_length, reward_density, terminal_state_density, num_layers, layer_width, fcnet_activation,
DQN 8 8 0 1 0.25 0.25 2 256 1 19616 76.94 173.41
# Algorithm, state_space_size, action_space_size, delay, sequence_length, reward_density, terminal_state_density, num_layers, layer_width, fcnet_activation,
DQN 8 8 0 1 0.25 0.25 2 256 1 20088 81.04 178.56
# Algorithm, state_space_size, action_space_size, delay, sequence_length, reward_density, terminal_state_density, num_layers, layer_width, fcnet_activation,
DQN 8 8 0 1 0.25 0.25 2 256 2 704 0.7048192771084337 4.186746987951807
# Algorithm, state_space_size, action_space_size, delay, sequence_length, reward_density, terminal_state_density, num_layers, layer_width, fcnet_activation,
DQN 8 8 0 1 0.25 0.25 2 256 2 1536 0.9930555555555556 5.819444444444445
# Algorithm, state_space_size, action_space_size, delay, sequence_length, reward_density, terminal_state_density, num_layers, layer_width, fcnet_activation,
DQN 8 8 0 1 0.25 0.25 2 256 2 2156 1.93 9.83
# Algorithm, state_space_size, action_space_size, delay, sequence_length, reward_density, terminal_state_density, num_layers, layer_width, fcnet_activation,
DQN 8 8 0 1 0.25 0.25 2 256 2 2628 2.82 13.43
# Algorithm, state_space_size, action_space_size, delay, sequence_length, reward_density, terminal_state_density, num_layers, layer_width, fcnet_activation,
DQN 8 8 0 1 0.25 0.25 2 256 2 3124 3.42 15.83
# Algorithm, state_space_size, action_space_size, delay, sequence_length, reward_density, terminal_state_density, num_layers, layer_width, fcnet_activation,
DQN 8 8 0 1 0.25 0.25 2 256 2 3596 5.18 22.87
# Algorithm, state_space_size, action_space_size, delay, sequence_length, reward_density, terminal_state_density, num_layers, layer_width, fcnet_activation,
DQN 8 8 0 1 0.25 0.25 2 256 2 4036 5.79 25.35
# Algorithm, state_space_size, action_space_size, delay, sequence_length, reward_density, terminal_state_density, num_layers, layer_width, fcnet_activation,
DQN 8 8 0 1 0.25 0.25 2 256 2 4528 5.79 25.35
# Algorithm, state_space_size, action_space_size, delay, sequence_length, reward_density, terminal_state_density, num_layers, layer_width, fcnet_activation,
DQN 8 8 0 1 0.25 0.25 2 256 2 5036 8.64 36.65
# Algorithm, state_space_size, action_space_size, delay, sequence_length, reward_density, terminal_state_density, num_layers, layer_width, fcnet_activation,
DQN 8 8 0 1 0.25 0.25 2 256 2 5500 8.64 36.65
# Algorithm, state_space_size, action_space_size, delay, sequence_length, reward_density, terminal_state_density, num_layers, layer_width, fcnet_activation,
DQN 8 8 0 1 0.25 0.25 2 256 2 5952 8.64 36.65
# Algorithm, state_space_size, action_space_size, delay, sequence_length, reward_density, terminal_state_density, num_layers, layer_width, fcnet_activation,
DQN 8 8 0 1 0.25 0.25 2 256 2 6448 12.37 51.61
# Algorithm, state_space_size, action_space_size, delay, sequence_length, reward_density, terminal_state_density, num_layers, layer_width, fcnet_activation,
DQN 8 8 0 1 0.25 0.25 2 256 2 6892 12.65 52.51
# Algorithm, state_space_size, action_space_size, delay, sequence_length, reward_density, terminal_state_density, num_layers, layer_width, fcnet_activation,
DQN 8 8 0 1 0.25 0.25 2 256 2 7328 14.16 58.62
# Algorithm, state_space_size, action_space_size, delay, sequence_length, reward_density, terminal_state_density, num_layers, layer_width, fcnet_activation,
DQN 8 8 0 1 0.25 0.25 2 256 2 7724 15.47 63.79
# Algorithm, state_space_size, action_space_size, delay, sequence_length, reward_density, terminal_state_density, num_layers, layer_width, fcnet_activation,
DQN 8 8 0 1 0.25 0.25 2 256 2 8200 15.63 64.35
# Algorithm, state_space_size, action_space_size, delay, sequence_length, reward_density, terminal_state_density, num_layers, layer_width, fcnet_activation,
DQN 8 8 0 1 0.25 0.25 2 256 2 8640 17.16 70.48
# Algorithm, state_space_size, action_space_size, delay, sequence_length, reward_density, terminal_state_density, num_layers, layer_width, fcnet_activation,
DQN 8 8 0 1 0.25 0.25 2 256 2 9124 17.16 70.48
# Algorithm, state_space_size, action_space_size, delay, sequence_length, reward_density, terminal_state_density, num_layers, layer_width, fcnet_activation,
DQN 8 8 0 1 0.25 0.25 2 256 2 9564 17.16 70.48
# Algorithm, state_space_size, action_space_size, delay, sequence_length, reward_density, terminal_state_density, num_layers, layer_width, fcnet_activation,
DQN 8 8 0 1 0.25 0.25 2 256 2 10020 17.16 70.48
# Algorithm, state_space_size, action_space_size, delay, sequence_length, reward_density, terminal_state_density, num_layers, layer_width, fcnet_activation,
DQN 8 8 0 1 0.25 0.25 2 256 2 10536 17.16 70.48
# Algorithm, state_space_size, action_space_size, delay, sequence_length, reward_density, terminal_state_density, num_layers, layer_width, fcnet_activation,
DQN 8 8 0 1 0.25 0.25 2 256 2 11016 17.16 70.48
# Algorithm, state_space_size, action_space_size, delay, sequence_length, reward_density, terminal_state_density, num_layers, layer_width, fcnet_activation,
DQN 8 8 0 1 0.25 0.25 2 256 2 11524 25.02 102.0
# Algorithm, state_space_size, action_space_size, delay, sequence_length, reward_density, terminal_state_density, num_layers, layer_width, fcnet_activation,
DQN 8 8 0 1 0.25 0.25 2 256 2 12032 26.05 106.15
# Algorithm, state_space_size, action_space_size, delay, sequence_length, reward_density, terminal_state_density, num_layers, layer_width, fcnet_activation,
DQN 8 8 0 1 0.25 0.25 2 256 2 12536 27.49 111.92
# Algorithm, state_space_size, action_space_size, delay, sequence_length, reward_density, terminal_state_density, num_layers, layer_width, fcnet_activation,
DQN 8 8 0 1 0.25 0.25 2 256 2 13044 28.58 116.27
# Algorithm, state_space_size, action_space_size, delay, sequence_length, reward_density, terminal_state_density, num_layers, layer_width, fcnet_activation,
DQN 8 8 0 1 0.25 0.25 2 256 2 13516 29.09 118.18
# Algorithm, state_space_size, action_space_size, delay, sequence_length, reward_density, terminal_state_density, num_layers, layer_width, fcnet_activation,
DQN 8 8 0 1 0.25 0.25 2 256 2 14024 30.34 123.24
# Algorithm, state_space_size, action_space_size, delay, sequence_length, reward_density, terminal_state_density, num_layers, layer_width, fcnet_activation,
DQN 8 8 0 1 0.25 0.25 2 256 2 14512 31.54 127.91
# Algorithm, state_space_size, action_space_size, delay, sequence_length, reward_density, terminal_state_density, num_layers, layer_width, fcnet_activation,
DQN 8 8 0 1 0.25 0.25 2 256 2 14940 33.05 133.9
# Algorithm, state_space_size, action_space_size, delay, sequence_length, reward_density, terminal_state_density, num_layers, layer_width, fcnet_activation,
DQN 8 8 0 1 0.25 0.25 2 256 2 15336 33.98 137.57
# Algorithm, state_space_size, action_space_size, delay, sequence_length, reward_density, terminal_state_density, num_layers, layer_width, fcnet_activation,
DQN 8 8 0 1 0.25 0.25 2 256 2 15744 34.62 140.05
# Algorithm, state_space_size, action_space_size, delay, sequence_length, reward_density, terminal_state_density, num_layers, layer_width, fcnet_activation,
DQN 8 8 0 1 0.25 0.25 2 256 2 16188 36.4 147.18
# Algorithm, state_space_size, action_space_size, delay, sequence_length, reward_density, terminal_state_density, num_layers, layer_width, fcnet_activation,
DQN 8 8 0 1 0.25 0.25 2 256 2 16688 36.94 151.33
# Algorithm, state_space_size, action_space_size, delay, sequence_length, reward_density, terminal_state_density, num_layers, layer_width, fcnet_activation,
DQN 8 8 0 1 0.25 0.25 2 256 2 17204 37.93 155.73
# Algorithm, state_space_size, action_space_size, delay, sequence_length, reward_density, terminal_state_density, num_layers, layer_width, fcnet_activation,
DQN 8 8 0 1 0.25 0.25 2 256 2 17640 38.49 157.97
# Algorithm, state_space_size, action_space_size, delay, sequence_length, reward_density, terminal_state_density, num_layers, layer_width, fcnet_activation,
DQN 8 8 0 1 0.25 0.25 2 256 2 18048 40.41 165.65
# Algorithm, state_space_size, action_space_size, delay, sequence_length, reward_density, terminal_state_density, num_layers, layer_width, fcnet_activation,
DQN 8 8 0 1 0.25 0.25 2 256 2 18548 41.18 168.74
# Algorithm, state_space_size, action_space_size, delay, sequence_length, reward_density, terminal_state_density, num_layers, layer_width, fcnet_activation,
DQN 8 8 0 1 0.25 0.25 2 256 2 18992 42.35 173.45
# Algorithm, state_space_size, action_space_size, delay, sequence_length, reward_density, terminal_state_density, num_layers, layer_width, fcnet_activation,
DQN 8 8 0 1 0.25 0.25 2 256 2 19428 43.18 176.83
# Algorithm, state_space_size, action_space_size, delay, sequence_length, reward_density, terminal_state_density, num_layers, layer_width, fcnet_activation,
DQN 8 8 0 1 0.25 0.25 2 256 2 19912 44.29 181.26
# Algorithm, state_space_size, action_space_size, delay, sequence_length, reward_density, terminal_state_density, num_layers, layer_width, fcnet_activation,
DQN 8 8 0 1 0.25 0.25 2 256 2 20376 46.07 188.43
