# Algorithm, state_space_size, action_space_size, delay, sequence_length, reward_density, terminal_state_density, dummy_seed,
DQN 8 8 0 1 0.25 0.25 0 584 0.6566265060240963 3.5120481927710845
# Algorithm, state_space_size, action_space_size, delay, sequence_length, reward_density, terminal_state_density, dummy_seed,
DQN 8 8 0 1 0.25 0.25 0 1048 0.4701492537313433 3.4477611940298507
# Algorithm, state_space_size, action_space_size, delay, sequence_length, reward_density, terminal_state_density, dummy_seed,
DQN 8 8 0 1 0.25 0.25 0 1448 0.391304347826087 3.4956521739130433
# Algorithm, state_space_size, action_space_size, delay, sequence_length, reward_density, terminal_state_density, dummy_seed,
DQN 8 8 0 1 0.25 0.25 0 1840 0.82 4.16
# Algorithm, state_space_size, action_space_size, delay, sequence_length, reward_density, terminal_state_density, dummy_seed,
DQN 8 8 0 1 0.25 0.25 0 2232 1.71 5.72
# Algorithm, state_space_size, action_space_size, delay, sequence_length, reward_density, terminal_state_density, dummy_seed,
DQN 8 8 0 1 0.25 0.25 0 2640 2.46 7.3
# Algorithm, state_space_size, action_space_size, delay, sequence_length, reward_density, terminal_state_density, dummy_seed,
DQN 8 8 0 1 0.25 0.25 0 3040 4.04 10.52
# Algorithm, state_space_size, action_space_size, delay, sequence_length, reward_density, terminal_state_density, dummy_seed,
DQN 8 8 0 1 0.25 0.25 0 3440 4.04 10.52
# Algorithm, state_space_size, action_space_size, delay, sequence_length, reward_density, terminal_state_density, dummy_seed,
DQN 8 8 0 1 0.25 0.25 0 3840 4.04 10.52
# Algorithm, state_space_size, action_space_size, delay, sequence_length, reward_density, terminal_state_density, dummy_seed,
DQN 8 8 0 1 0.25 0.25 0 4240 10.52 23.53
# Algorithm, state_space_size, action_space_size, delay, sequence_length, reward_density, terminal_state_density, dummy_seed,
DQN 8 8 0 1 0.25 0.25 0 4648 10.52 23.53
# Algorithm, state_space_size, action_space_size, delay, sequence_length, reward_density, terminal_state_density, dummy_seed,
DQN 8 8 0 1 0.25 0.25 0 5056 10.52 23.53
# Algorithm, state_space_size, action_space_size, delay, sequence_length, reward_density, terminal_state_density, dummy_seed,
DQN 8 8 0 1 0.25 0.25 0 5456 17.29 37.16
# Algorithm, state_space_size, action_space_size, delay, sequence_length, reward_density, terminal_state_density, dummy_seed,
DQN 8 8 0 1 0.25 0.25 0 5856 17.82 38.18
# Algorithm, state_space_size, action_space_size, delay, sequence_length, reward_density, terminal_state_density, dummy_seed,
DQN 8 8 0 1 0.25 0.25 0 6272 17.82 38.18
# Algorithm, state_space_size, action_space_size, delay, sequence_length, reward_density, terminal_state_density, dummy_seed,
DQN 8 8 0 1 0.25 0.25 0 6672 17.82 38.18
# Algorithm, state_space_size, action_space_size, delay, sequence_length, reward_density, terminal_state_density, dummy_seed,
DQN 8 8 0 1 0.25 0.25 0 7072 24.72 52.03
# Algorithm, state_space_size, action_space_size, delay, sequence_length, reward_density, terminal_state_density, dummy_seed,
DQN 8 8 0 1 0.25 0.25 0 7488 24.72 52.03
# Algorithm, state_space_size, action_space_size, delay, sequence_length, reward_density, terminal_state_density, dummy_seed,
DQN 8 8 0 1 0.25 0.25 0 7904 28.71 60.16
# Algorithm, state_space_size, action_space_size, delay, sequence_length, reward_density, terminal_state_density, dummy_seed,
DQN 8 8 0 1 0.25 0.25 0 8312 29.93 62.61
# Algorithm, state_space_size, action_space_size, delay, sequence_length, reward_density, terminal_state_density, dummy_seed,
DQN 8 8 0 1 0.25 0.25 0 8736 29.93 62.61
# Algorithm, state_space_size, action_space_size, delay, sequence_length, reward_density, terminal_state_density, dummy_seed,
DQN 8 8 0 1 0.25 0.25 0 9152 34.63 72.07
# Algorithm, state_space_size, action_space_size, delay, sequence_length, reward_density, terminal_state_density, dummy_seed,
DQN 8 8 0 1 0.25 0.25 0 9560 36.08 74.97
# Algorithm, state_space_size, action_space_size, delay, sequence_length, reward_density, terminal_state_density, dummy_seed,
DQN 8 8 0 1 0.25 0.25 0 9976 36.08 74.97
# Algorithm, state_space_size, action_space_size, delay, sequence_length, reward_density, terminal_state_density, dummy_seed,
DQN 8 8 0 1 0.25 0.25 0 10392 36.08 74.97
# Algorithm, state_space_size, action_space_size, delay, sequence_length, reward_density, terminal_state_density, dummy_seed,
DQN 8 8 0 1 0.25 0.25 0 10816 36.08 74.97
# Algorithm, state_space_size, action_space_size, delay, sequence_length, reward_density, terminal_state_density, dummy_seed,
DQN 8 8 0 1 0.25 0.25 0 11232 36.08 74.97
# Algorithm, state_space_size, action_space_size, delay, sequence_length, reward_density, terminal_state_density, dummy_seed,
DQN 8 8 0 1 0.25 0.25 0 11648 47.58 98.14
# Algorithm, state_space_size, action_space_size, delay, sequence_length, reward_density, terminal_state_density, dummy_seed,
DQN 8 8 0 1 0.25 0.25 0 12048 47.58 98.14
# Algorithm, state_space_size, action_space_size, delay, sequence_length, reward_density, terminal_state_density, dummy_seed,
DQN 8 8 0 1 0.25 0.25 0 12448 50.53 104.07
# Algorithm, state_space_size, action_space_size, delay, sequence_length, reward_density, terminal_state_density, dummy_seed,
DQN 8 8 0 1 0.25 0.25 0 12856 50.53 104.07
# Algorithm, state_space_size, action_space_size, delay, sequence_length, reward_density, terminal_state_density, dummy_seed,
DQN 8 8 0 1 0.25 0.25 0 13272 55.06 113.19
# Algorithm, state_space_size, action_space_size, delay, sequence_length, reward_density, terminal_state_density, dummy_seed,
DQN 8 8 0 1 0.25 0.25 0 13704 56.15 115.37
# Algorithm, state_space_size, action_space_size, delay, sequence_length, reward_density, terminal_state_density, dummy_seed,
DQN 8 8 0 1 0.25 0.25 0 14120 56.15 115.37
# Algorithm, state_space_size, action_space_size, delay, sequence_length, reward_density, terminal_state_density, dummy_seed,
DQN 8 8 0 1 0.25 0.25 0 14536 61.59 126.41
# Algorithm, state_space_size, action_space_size, delay, sequence_length, reward_density, terminal_state_density, dummy_seed,
DQN 8 8 0 1 0.25 0.25 0 14936 61.59 126.41
# Algorithm, state_space_size, action_space_size, delay, sequence_length, reward_density, terminal_state_density, dummy_seed,
DQN 8 8 0 1 0.25 0.25 0 15336 65.24 133.73
# Algorithm, state_space_size, action_space_size, delay, sequence_length, reward_density, terminal_state_density, dummy_seed,
DQN 8 8 0 1 0.25 0.25 0 15736 67.3 137.78
# Algorithm, state_space_size, action_space_size, delay, sequence_length, reward_density, terminal_state_density, dummy_seed,
DQN 8 8 0 1 0.25 0.25 0 16112 68.55 140.25
# Algorithm, state_space_size, action_space_size, delay, sequence_length, reward_density, terminal_state_density, dummy_seed,
DQN 8 8 0 1 0.25 0.25 0 16480 71.35 145.9
# Algorithm, state_space_size, action_space_size, delay, sequence_length, reward_density, terminal_state_density, dummy_seed,
DQN 8 8 0 1 0.25 0.25 0 16872 71.35 145.9
# Algorithm, state_space_size, action_space_size, delay, sequence_length, reward_density, terminal_state_density, dummy_seed,
DQN 8 8 0 1 0.25 0.25 0 17280 71.35 145.9
# Algorithm, state_space_size, action_space_size, delay, sequence_length, reward_density, terminal_state_density, dummy_seed,
DQN 8 8 0 1 0.25 0.25 0 17640 77.45 158.11
# Algorithm, state_space_size, action_space_size, delay, sequence_length, reward_density, terminal_state_density, dummy_seed,
DQN 8 8 0 1 0.25 0.25 0 18040 78.36 159.89
# Algorithm, state_space_size, action_space_size, delay, sequence_length, reward_density, terminal_state_density, dummy_seed,
DQN 8 8 0 1 0.25 0.25 0 18400 80.54 164.27
# Algorithm, state_space_size, action_space_size, delay, sequence_length, reward_density, terminal_state_density, dummy_seed,
DQN 8 8 0 1 0.25 0.25 0 18776 81.42 165.99
# Algorithm, state_space_size, action_space_size, delay, sequence_length, reward_density, terminal_state_density, dummy_seed,
DQN 8 8 0 1 0.25 0.25 0 19144 84.11 171.48
# Algorithm, state_space_size, action_space_size, delay, sequence_length, reward_density, terminal_state_density, dummy_seed,
DQN 8 8 0 1 0.25 0.25 0 19536 84.11 171.48
# Algorithm, state_space_size, action_space_size, delay, sequence_length, reward_density, terminal_state_density, dummy_seed,
DQN 8 8 0 1 0.25 0.25 0 19936 87.49 178.25
# Algorithm, state_space_size, action_space_size, delay, sequence_length, reward_density, terminal_state_density, dummy_seed,
DQN 8 8 0 1 0.25 0.25 0 20336 87.49 178.25
# Algorithm, state_space_size, action_space_size, delay, sequence_length, reward_density, terminal_state_density, dummy_seed,
DQN 8 8 0 1 0.25 0.25 1 600 0.65 3.7375
# Algorithm, state_space_size, action_space_size, delay, sequence_length, reward_density, terminal_state_density, dummy_seed,
DQN 8 8 0 1 0.25 0.25 1 1072 0.5596330275229358 4.330275229357798
# Algorithm, state_space_size, action_space_size, delay, sequence_length, reward_density, terminal_state_density, dummy_seed,
DQN 8 8 0 1 0.25 0.25 1 1480 0.59 4.69
# Algorithm, state_space_size, action_space_size, delay, sequence_length, reward_density, terminal_state_density, dummy_seed,
DQN 8 8 0 1 0.25 0.25 1 1896 0.97 6.03
# Algorithm, state_space_size, action_space_size, delay, sequence_length, reward_density, terminal_state_density, dummy_seed,
DQN 8 8 0 1 0.25 0.25 1 2296 1.8 8.44
# Algorithm, state_space_size, action_space_size, delay, sequence_length, reward_density, terminal_state_density, dummy_seed,
DQN 8 8 0 1 0.25 0.25 1 2720 3.58 12.57
# Algorithm, state_space_size, action_space_size, delay, sequence_length, reward_density, terminal_state_density, dummy_seed,
DQN 8 8 0 1 0.25 0.25 1 3104 3.58 12.57
# Algorithm, state_space_size, action_space_size, delay, sequence_length, reward_density, terminal_state_density, dummy_seed,
DQN 8 8 0 1 0.25 0.25 1 3512 3.58 12.57
# Algorithm, state_space_size, action_space_size, delay, sequence_length, reward_density, terminal_state_density, dummy_seed,
DQN 8 8 0 1 0.25 0.25 1 3920 9.86 25.18
# Algorithm, state_space_size, action_space_size, delay, sequence_length, reward_density, terminal_state_density, dummy_seed,
DQN 8 8 0 1 0.25 0.25 1 4232 11.37 28.15
# Algorithm, state_space_size, action_space_size, delay, sequence_length, reward_density, terminal_state_density, dummy_seed,
DQN 8 8 0 1 0.25 0.25 1 4616 13.57 32.53
# Algorithm, state_space_size, action_space_size, delay, sequence_length, reward_density, terminal_state_density, dummy_seed,
DQN 8 8 0 1 0.25 0.25 1 5040 15.52 36.38
# Algorithm, state_space_size, action_space_size, delay, sequence_length, reward_density, terminal_state_density, dummy_seed,
DQN 8 8 0 1 0.25 0.25 1 5464 16.73 38.75
# Algorithm, state_space_size, action_space_size, delay, sequence_length, reward_density, terminal_state_density, dummy_seed,
DQN 8 8 0 1 0.25 0.25 1 5872 16.73 38.75
# Algorithm, state_space_size, action_space_size, delay, sequence_length, reward_density, terminal_state_density, dummy_seed,
DQN 8 8 0 1 0.25 0.25 1 6296 20.71 46.75
# Algorithm, state_space_size, action_space_size, delay, sequence_length, reward_density, terminal_state_density, dummy_seed,
DQN 8 8 0 1 0.25 0.25 1 6720 20.71 46.75
# Algorithm, state_space_size, action_space_size, delay, sequence_length, reward_density, terminal_state_density, dummy_seed,
DQN 8 8 0 1 0.25 0.25 1 7144 24.5 54.35
# Algorithm, state_space_size, action_space_size, delay, sequence_length, reward_density, terminal_state_density, dummy_seed,
DQN 8 8 0 1 0.25 0.25 1 7552 24.5 54.35
# Algorithm, state_space_size, action_space_size, delay, sequence_length, reward_density, terminal_state_density, dummy_seed,
DQN 8 8 0 1 0.25 0.25 1 7952 28.93 63.15
# Algorithm, state_space_size, action_space_size, delay, sequence_length, reward_density, terminal_state_density, dummy_seed,
DQN 8 8 0 1 0.25 0.25 1 8336 31.87 68.98
# Algorithm, state_space_size, action_space_size, delay, sequence_length, reward_density, terminal_state_density, dummy_seed,
DQN 8 8 0 1 0.25 0.25 1 8680 32.11 69.39
# Algorithm, state_space_size, action_space_size, delay, sequence_length, reward_density, terminal_state_density, dummy_seed,
DQN 8 8 0 1 0.25 0.25 1 9056 35.44 75.86
# Algorithm, state_space_size, action_space_size, delay, sequence_length, reward_density, terminal_state_density, dummy_seed,
DQN 8 8 0 1 0.25 0.25 1 9440 37.09 79.08
# Algorithm, state_space_size, action_space_size, delay, sequence_length, reward_density, terminal_state_density, dummy_seed,
DQN 8 8 0 1 0.25 0.25 1 9840 38.82 82.4
# Algorithm, state_space_size, action_space_size, delay, sequence_length, reward_density, terminal_state_density, dummy_seed,
DQN 8 8 0 1 0.25 0.25 1 10232 38.82 82.4
# Algorithm, state_space_size, action_space_size, delay, sequence_length, reward_density, terminal_state_density, dummy_seed,
DQN 8 8 0 1 0.25 0.25 1 10624 38.82 82.4
# Algorithm, state_space_size, action_space_size, delay, sequence_length, reward_density, terminal_state_density, dummy_seed,
DQN 8 8 0 1 0.25 0.25 1 11016 38.82 82.4
# Algorithm, state_space_size, action_space_size, delay, sequence_length, reward_density, terminal_state_density, dummy_seed,
DQN 8 8 0 1 0.25 0.25 1 11336 38.82 82.4
# Algorithm, state_space_size, action_space_size, delay, sequence_length, reward_density, terminal_state_density, dummy_seed,
DQN 8 8 0 1 0.25 0.25 1 11712 48.19 101.15
# Algorithm, state_space_size, action_space_size, delay, sequence_length, reward_density, terminal_state_density, dummy_seed,
DQN 8 8 0 1 0.25 0.25 1 12048 48.19 101.15
# Algorithm, state_space_size, action_space_size, delay, sequence_length, reward_density, terminal_state_density, dummy_seed,
DQN 8 8 0 1 0.25 0.25 1 12392 51.26 107.3
# Algorithm, state_space_size, action_space_size, delay, sequence_length, reward_density, terminal_state_density, dummy_seed,
DQN 8 8 0 1 0.25 0.25 1 12752 53.92 112.64
# Algorithm, state_space_size, action_space_size, delay, sequence_length, reward_density, terminal_state_density, dummy_seed,
DQN 8 8 0 1 0.25 0.25 1 13080 54.14 113.08
# Algorithm, state_space_size, action_space_size, delay, sequence_length, reward_density, terminal_state_density, dummy_seed,
DQN 8 8 0 1 0.25 0.25 1 13480 57.24 119.28
# Algorithm, state_space_size, action_space_size, delay, sequence_length, reward_density, terminal_state_density, dummy_seed,
DQN 8 8 0 1 0.25 0.25 1 13896 59.42 123.64
# Algorithm, state_space_size, action_space_size, delay, sequence_length, reward_density, terminal_state_density, dummy_seed,
DQN 8 8 0 1 0.25 0.25 1 14280 59.42 123.64
# Algorithm, state_space_size, action_space_size, delay, sequence_length, reward_density, terminal_state_density, dummy_seed,
DQN 8 8 0 1 0.25 0.25 1 14688 62.54 129.85
# Algorithm, state_space_size, action_space_size, delay, sequence_length, reward_density, terminal_state_density, dummy_seed,
DQN 8 8 0 1 0.25 0.25 1 15072 65.1 134.91
# Algorithm, state_space_size, action_space_size, delay, sequence_length, reward_density, terminal_state_density, dummy_seed,
DQN 8 8 0 1 0.25 0.25 1 15456 66.69 137.99
# Algorithm, state_space_size, action_space_size, delay, sequence_length, reward_density, terminal_state_density, dummy_seed,
DQN 8 8 0 1 0.25 0.25 1 15864 66.69 137.99
# Algorithm, state_space_size, action_space_size, delay, sequence_length, reward_density, terminal_state_density, dummy_seed,
DQN 8 8 0 1 0.25 0.25 1 16256 66.69 137.99
# Algorithm, state_space_size, action_space_size, delay, sequence_length, reward_density, terminal_state_density, dummy_seed,
DQN 8 8 0 1 0.25 0.25 1 16672 72.82 150.17
# Algorithm, state_space_size, action_space_size, delay, sequence_length, reward_density, terminal_state_density, dummy_seed,
DQN 8 8 0 1 0.25 0.25 1 17024 72.82 150.17
# Algorithm, state_space_size, action_space_size, delay, sequence_length, reward_density, terminal_state_density, dummy_seed,
DQN 8 8 0 1 0.25 0.25 1 17400 77.01 158.56
# Algorithm, state_space_size, action_space_size, delay, sequence_length, reward_density, terminal_state_density, dummy_seed,
DQN 8 8 0 1 0.25 0.25 1 17824 79.13 162.8
# Algorithm, state_space_size, action_space_size, delay, sequence_length, reward_density, terminal_state_density, dummy_seed,
DQN 8 8 0 1 0.25 0.25 1 18216 80.9 166.26
# Algorithm, state_space_size, action_space_size, delay, sequence_length, reward_density, terminal_state_density, dummy_seed,
DQN 8 8 0 1 0.25 0.25 1 18608 81.6 167.65
# Algorithm, state_space_size, action_space_size, delay, sequence_length, reward_density, terminal_state_density, dummy_seed,
DQN 8 8 0 1 0.25 0.25 1 19024 84.91 174.26
# Algorithm, state_space_size, action_space_size, delay, sequence_length, reward_density, terminal_state_density, dummy_seed,
DQN 8 8 0 1 0.25 0.25 1 19416 85.45 175.34
# Algorithm, state_space_size, action_space_size, delay, sequence_length, reward_density, terminal_state_density, dummy_seed,
DQN 8 8 0 1 0.25 0.25 1 19840 89.07 182.54
# Algorithm, state_space_size, action_space_size, delay, sequence_length, reward_density, terminal_state_density, dummy_seed,
DQN 8 8 0 1 0.25 0.25 1 20232 89.07 182.54
# Algorithm, state_space_size, action_space_size, delay, sequence_length, reward_density, terminal_state_density, dummy_seed,
DQN 8 8 0 1 0.25 0.25 2 616 0.6883116883116883 3.909090909090909
# Algorithm, state_space_size, action_space_size, delay, sequence_length, reward_density, terminal_state_density, dummy_seed,
DQN 8 8 0 1 0.25 0.25 2 1008 0.5865384615384616 3.875
# Algorithm, state_space_size, action_space_size, delay, sequence_length, reward_density, terminal_state_density, dummy_seed,
DQN 8 8 0 1 0.25 0.25 2 1368 0.77 4.6
# Algorithm, state_space_size, action_space_size, delay, sequence_length, reward_density, terminal_state_density, dummy_seed,
DQN 8 8 0 1 0.25 0.25 2 1736 1.31 5.97
# Algorithm, state_space_size, action_space_size, delay, sequence_length, reward_density, terminal_state_density, dummy_seed,
DQN 8 8 0 1 0.25 0.25 2 2144 2.88 9.42
# Algorithm, state_space_size, action_space_size, delay, sequence_length, reward_density, terminal_state_density, dummy_seed,
DQN 8 8 0 1 0.25 0.25 2 2552 3.82 11.22
# Algorithm, state_space_size, action_space_size, delay, sequence_length, reward_density, terminal_state_density, dummy_seed,
DQN 8 8 0 1 0.25 0.25 2 2968 5.97 15.49
# Algorithm, state_space_size, action_space_size, delay, sequence_length, reward_density, terminal_state_density, dummy_seed,
DQN 8 8 0 1 0.25 0.25 2 3384 8.13 19.85
# Algorithm, state_space_size, action_space_size, delay, sequence_length, reward_density, terminal_state_density, dummy_seed,
DQN 8 8 0 1 0.25 0.25 2 3800 11.06 25.74
# Algorithm, state_space_size, action_space_size, delay, sequence_length, reward_density, terminal_state_density, dummy_seed,
DQN 8 8 0 1 0.25 0.25 2 4208 13.04 29.76
# Algorithm, state_space_size, action_space_size, delay, sequence_length, reward_density, terminal_state_density, dummy_seed,
DQN 8 8 0 1 0.25 0.25 2 4624 14.19 32.08
# Algorithm, state_space_size, action_space_size, delay, sequence_length, reward_density, terminal_state_density, dummy_seed,
DQN 8 8 0 1 0.25 0.25 2 5040 14.19 32.08
# Algorithm, state_space_size, action_space_size, delay, sequence_length, reward_density, terminal_state_density, dummy_seed,
DQN 8 8 0 1 0.25 0.25 2 5456 14.19 32.08
# Algorithm, state_space_size, action_space_size, delay, sequence_length, reward_density, terminal_state_density, dummy_seed,
DQN 8 8 0 1 0.25 0.25 2 5832 19.97 43.79
# Algorithm, state_space_size, action_space_size, delay, sequence_length, reward_density, terminal_state_density, dummy_seed,
DQN 8 8 0 1 0.25 0.25 2 6248 19.97 43.79
# Algorithm, state_space_size, action_space_size, delay, sequence_length, reward_density, terminal_state_density, dummy_seed,
DQN 8 8 0 1 0.25 0.25 2 6664 24.82 53.52
# Algorithm, state_space_size, action_space_size, delay, sequence_length, reward_density, terminal_state_density, dummy_seed,
DQN 8 8 0 1 0.25 0.25 2 7080 24.82 53.52
# Algorithm, state_space_size, action_space_size, delay, sequence_length, reward_density, terminal_state_density, dummy_seed,
DQN 8 8 0 1 0.25 0.25 2 7504 29.2 62.32
# Algorithm, state_space_size, action_space_size, delay, sequence_length, reward_density, terminal_state_density, dummy_seed,
DQN 8 8 0 1 0.25 0.25 2 7920 31.13 66.12
# Algorithm, state_space_size, action_space_size, delay, sequence_length, reward_density, terminal_state_density, dummy_seed,
DQN 8 8 0 1 0.25 0.25 2 8320 33.08 70.05
# Algorithm, state_space_size, action_space_size, delay, sequence_length, reward_density, terminal_state_density, dummy_seed,
DQN 8 8 0 1 0.25 0.25 2 8736 34.78 73.48
# Algorithm, state_space_size, action_space_size, delay, sequence_length, reward_density, terminal_state_density, dummy_seed,
DQN 8 8 0 1 0.25 0.25 2 9152 34.78 73.48
# Algorithm, state_space_size, action_space_size, delay, sequence_length, reward_density, terminal_state_density, dummy_seed,
DQN 8 8 0 1 0.25 0.25 2 9576 34.78 73.48
# Algorithm, state_space_size, action_space_size, delay, sequence_length, reward_density, terminal_state_density, dummy_seed,
DQN 8 8 0 1 0.25 0.25 2 9992 34.78 73.48
# Algorithm, state_space_size, action_space_size, delay, sequence_length, reward_density, terminal_state_density, dummy_seed,
DQN 8 8 0 1 0.25 0.25 2 10408 43.09 90.12
# Algorithm, state_space_size, action_space_size, delay, sequence_length, reward_density, terminal_state_density, dummy_seed,
DQN 8 8 0 1 0.25 0.25 2 10832 45.57 94.84
# Algorithm, state_space_size, action_space_size, delay, sequence_length, reward_density, terminal_state_density, dummy_seed,
DQN 8 8 0 1 0.25 0.25 2 11224 47.19 98.02
# Algorithm, state_space_size, action_space_size, delay, sequence_length, reward_density, terminal_state_density, dummy_seed,
DQN 8 8 0 1 0.25 0.25 2 11584 48.55 100.74
# Algorithm, state_space_size, action_space_size, delay, sequence_length, reward_density, terminal_state_density, dummy_seed,
DQN 8 8 0 1 0.25 0.25 2 11984 50.19 104.03
# Algorithm, state_space_size, action_space_size, delay, sequence_length, reward_density, terminal_state_density, dummy_seed,
DQN 8 8 0 1 0.25 0.25 2 12400 52.75 109.15
# Algorithm, state_space_size, action_space_size, delay, sequence_length, reward_density, terminal_state_density, dummy_seed,
DQN 8 8 0 1 0.25 0.25 2 12816 54.96 113.57
# Algorithm, state_space_size, action_space_size, delay, sequence_length, reward_density, terminal_state_density, dummy_seed,
DQN 8 8 0 1 0.25 0.25 2 13232 54.96 113.57
# Algorithm, state_space_size, action_space_size, delay, sequence_length, reward_density, terminal_state_density, dummy_seed,
DQN 8 8 0 1 0.25 0.25 2 13656 54.96 113.57
# Algorithm, state_space_size, action_space_size, delay, sequence_length, reward_density, terminal_state_density, dummy_seed,
DQN 8 8 0 1 0.25 0.25 2 14064 61.02 125.76
# Algorithm, state_space_size, action_space_size, delay, sequence_length, reward_density, terminal_state_density, dummy_seed,
DQN 8 8 0 1 0.25 0.25 2 14448 63.46 130.53
# Algorithm, state_space_size, action_space_size, delay, sequence_length, reward_density, terminal_state_density, dummy_seed,
DQN 8 8 0 1 0.25 0.25 2 14848 63.46 130.53
# Algorithm, state_space_size, action_space_size, delay, sequence_length, reward_density, terminal_state_density, dummy_seed,
DQN 8 8 0 1 0.25 0.25 2 15264 63.46 130.53
# Algorithm, state_space_size, action_space_size, delay, sequence_length, reward_density, terminal_state_density, dummy_seed,
DQN 8 8 0 1 0.25 0.25 2 15640 67.66 139.0
# Algorithm, state_space_size, action_space_size, delay, sequence_length, reward_density, terminal_state_density, dummy_seed,
DQN 8 8 0 1 0.25 0.25 2 16056 67.66 139.0
# Algorithm, state_space_size, action_space_size, delay, sequence_length, reward_density, terminal_state_density, dummy_seed,
DQN 8 8 0 1 0.25 0.25 2 16456 73.21 150.1
# Algorithm, state_space_size, action_space_size, delay, sequence_length, reward_density, terminal_state_density, dummy_seed,
DQN 8 8 0 1 0.25 0.25 2 16824 73.55 150.81
# Algorithm, state_space_size, action_space_size, delay, sequence_length, reward_density, terminal_state_density, dummy_seed,
DQN 8 8 0 1 0.25 0.25 2 17224 73.55 150.81
# Algorithm, state_space_size, action_space_size, delay, sequence_length, reward_density, terminal_state_density, dummy_seed,
DQN 8 8 0 1 0.25 0.25 2 17632 73.55 150.81
# Algorithm, state_space_size, action_space_size, delay, sequence_length, reward_density, terminal_state_density, dummy_seed,
DQN 8 8 0 1 0.25 0.25 2 18032 73.55 150.81
# Algorithm, state_space_size, action_space_size, delay, sequence_length, reward_density, terminal_state_density, dummy_seed,
DQN 8 8 0 1 0.25 0.25 2 18416 81.52 166.78
# Algorithm, state_space_size, action_space_size, delay, sequence_length, reward_density, terminal_state_density, dummy_seed,
DQN 8 8 0 1 0.25 0.25 2 18808 81.52 166.78
# Algorithm, state_space_size, action_space_size, delay, sequence_length, reward_density, terminal_state_density, dummy_seed,
DQN 8 8 0 1 0.25 0.25 2 19200 86.33 176.42
# Algorithm, state_space_size, action_space_size, delay, sequence_length, reward_density, terminal_state_density, dummy_seed,
DQN 8 8 0 1 0.25 0.25 2 19600 88.8 181.24
# Algorithm, state_space_size, action_space_size, delay, sequence_length, reward_density, terminal_state_density, dummy_seed,
DQN 8 8 0 1 0.25 0.25 2 20008 88.8 181.24
