# Algorithm, state_space_size, action_space_size, delay, sequence_length, reward_density, terminal_state_density, dummy_seed,
DQN 8 8 0 1 0.25 0.25 0 560 0.7062937062937062 3.874125874125874
# Algorithm, state_space_size, action_space_size, delay, sequence_length, reward_density, terminal_state_density, dummy_seed,
DQN 8 8 0 1 0.25 0.25 0 1008 0.6435643564356436 4.465346534653466
# Algorithm, state_space_size, action_space_size, delay, sequence_length, reward_density, terminal_state_density, dummy_seed,
DQN 8 8 0 1 0.25 0.25 0 1344 0.57 4.62
# Algorithm, state_space_size, action_space_size, delay, sequence_length, reward_density, terminal_state_density, dummy_seed,
DQN 8 8 0 1 0.25 0.25 0 1688 0.91 6.4
# Algorithm, state_space_size, action_space_size, delay, sequence_length, reward_density, terminal_state_density, dummy_seed,
DQN 8 8 0 1 0.25 0.25 0 2040 1.71 8.62
# Algorithm, state_space_size, action_space_size, delay, sequence_length, reward_density, terminal_state_density, dummy_seed,
DQN 8 8 0 1 0.25 0.25 0 2400 1.71 8.62
# Algorithm, state_space_size, action_space_size, delay, sequence_length, reward_density, terminal_state_density, dummy_seed,
DQN 8 8 0 1 0.25 0.25 0 2744 7.09 15.35
# Algorithm, state_space_size, action_space_size, delay, sequence_length, reward_density, terminal_state_density, dummy_seed,
DQN 8 8 0 1 0.25 0.25 0 3096 7.09 15.35
# Algorithm, state_space_size, action_space_size, delay, sequence_length, reward_density, terminal_state_density, dummy_seed,
DQN 8 8 0 1 0.25 0.25 0 3440 12.97 21.25
# Algorithm, state_space_size, action_space_size, delay, sequence_length, reward_density, terminal_state_density, dummy_seed,
DQN 8 8 0 1 0.25 0.25 0 3792 12.97 21.25
# Algorithm, state_space_size, action_space_size, delay, sequence_length, reward_density, terminal_state_density, dummy_seed,
DQN 8 8 0 1 0.25 0.25 0 4152 12.97 21.25
# Algorithm, state_space_size, action_space_size, delay, sequence_length, reward_density, terminal_state_density, dummy_seed,
DQN 8 8 0 1 0.25 0.25 0 4488 24.55 32.95
# Algorithm, state_space_size, action_space_size, delay, sequence_length, reward_density, terminal_state_density, dummy_seed,
DQN 8 8 0 1 0.25 0.25 0 4848 25.73 34.12
# Algorithm, state_space_size, action_space_size, delay, sequence_length, reward_density, terminal_state_density, dummy_seed,
DQN 8 8 0 1 0.25 0.25 0 5176 25.73 34.12
# Algorithm, state_space_size, action_space_size, delay, sequence_length, reward_density, terminal_state_density, dummy_seed,
DQN 8 8 0 1 0.25 0.25 0 5520 25.73 34.12
# Algorithm, state_space_size, action_space_size, delay, sequence_length, reward_density, terminal_state_density, dummy_seed,
DQN 8 8 0 1 0.25 0.25 0 5872 36.14 44.78
# Algorithm, state_space_size, action_space_size, delay, sequence_length, reward_density, terminal_state_density, dummy_seed,
DQN 8 8 0 1 0.25 0.25 0 6216 36.14 44.78
# Algorithm, state_space_size, action_space_size, delay, sequence_length, reward_density, terminal_state_density, dummy_seed,
DQN 8 8 0 1 0.25 0.25 0 6576 44.15 52.74
# Algorithm, state_space_size, action_space_size, delay, sequence_length, reward_density, terminal_state_density, dummy_seed,
DQN 8 8 0 1 0.25 0.25 0 6912 44.15 52.74
# Algorithm, state_space_size, action_space_size, delay, sequence_length, reward_density, terminal_state_density, dummy_seed,
DQN 8 8 0 1 0.25 0.25 0 7256 44.15 52.74
# Algorithm, state_space_size, action_space_size, delay, sequence_length, reward_density, terminal_state_density, dummy_seed,
DQN 8 8 0 1 0.25 0.25 0 7648 55.67 64.33
# Algorithm, state_space_size, action_space_size, delay, sequence_length, reward_density, terminal_state_density, dummy_seed,
DQN 8 8 0 1 0.25 0.25 0 8032 57.52 66.13
# Algorithm, state_space_size, action_space_size, delay, sequence_length, reward_density, terminal_state_density, dummy_seed,
DQN 8 8 0 1 0.25 0.25 0 8416 61.76 70.45
# Algorithm, state_space_size, action_space_size, delay, sequence_length, reward_density, terminal_state_density, dummy_seed,
DQN 8 8 0 1 0.25 0.25 0 8744 64.18 72.85
# Algorithm, state_space_size, action_space_size, delay, sequence_length, reward_density, terminal_state_density, dummy_seed,
DQN 8 8 0 1 0.25 0.25 0 9072 68.96 77.51
# Algorithm, state_space_size, action_space_size, delay, sequence_length, reward_density, terminal_state_density, dummy_seed,
DQN 8 8 0 1 0.25 0.25 0 9392 72.78 81.32
# Algorithm, state_space_size, action_space_size, delay, sequence_length, reward_density, terminal_state_density, dummy_seed,
DQN 8 8 0 1 0.25 0.25 0 9728 73.55 82.13
# Algorithm, state_space_size, action_space_size, delay, sequence_length, reward_density, terminal_state_density, dummy_seed,
DQN 8 8 0 1 0.25 0.25 0 10048 79.17 87.78
# Algorithm, state_space_size, action_space_size, delay, sequence_length, reward_density, terminal_state_density, dummy_seed,
DQN 8 8 0 1 0.25 0.25 0 10376 79.17 87.78
# Algorithm, state_space_size, action_space_size, delay, sequence_length, reward_density, terminal_state_density, dummy_seed,
DQN 8 8 0 1 0.25 0.25 0 10712 79.17 87.78
# Algorithm, state_space_size, action_space_size, delay, sequence_length, reward_density, terminal_state_density, dummy_seed,
DQN 8 8 0 1 0.25 0.25 0 11048 87.0 95.65
# Algorithm, state_space_size, action_space_size, delay, sequence_length, reward_density, terminal_state_density, dummy_seed,
DQN 8 8 0 1 0.25 0.25 0 11384 90.55 99.24
# Algorithm, state_space_size, action_space_size, delay, sequence_length, reward_density, terminal_state_density, dummy_seed,
DQN 8 8 0 1 0.25 0.25 0 11720 90.55 99.24
# Algorithm, state_space_size, action_space_size, delay, sequence_length, reward_density, terminal_state_density, dummy_seed,
DQN 8 8 0 1 0.25 0.25 0 12048 90.55 99.24
# Algorithm, state_space_size, action_space_size, delay, sequence_length, reward_density, terminal_state_density, dummy_seed,
DQN 8 8 0 1 0.25 0.25 0 12376 90.55 99.24
# Algorithm, state_space_size, action_space_size, delay, sequence_length, reward_density, terminal_state_density, dummy_seed,
DQN 8 8 0 1 0.25 0.25 0 12704 104.51 113.27
# Algorithm, state_space_size, action_space_size, delay, sequence_length, reward_density, terminal_state_density, dummy_seed,
DQN 8 8 0 1 0.25 0.25 0 13048 107.39 116.08
# Algorithm, state_space_size, action_space_size, delay, sequence_length, reward_density, terminal_state_density, dummy_seed,
DQN 8 8 0 1 0.25 0.25 0 13376 111.06 119.79
# Algorithm, state_space_size, action_space_size, delay, sequence_length, reward_density, terminal_state_density, dummy_seed,
DQN 8 8 0 1 0.25 0.25 0 13712 114.86 123.62
# Algorithm, state_space_size, action_space_size, delay, sequence_length, reward_density, terminal_state_density, dummy_seed,
DQN 8 8 0 1 0.25 0.25 0 14040 115.73 124.44
# Algorithm, state_space_size, action_space_size, delay, sequence_length, reward_density, terminal_state_density, dummy_seed,
DQN 8 8 0 1 0.25 0.25 0 14368 115.73 124.44
# Algorithm, state_space_size, action_space_size, delay, sequence_length, reward_density, terminal_state_density, dummy_seed,
DQN 8 8 0 1 0.25 0.25 0 14696 115.73 124.44
# Algorithm, state_space_size, action_space_size, delay, sequence_length, reward_density, terminal_state_density, dummy_seed,
DQN 8 8 0 1 0.25 0.25 0 15008 115.73 124.44
# Algorithm, state_space_size, action_space_size, delay, sequence_length, reward_density, terminal_state_density, dummy_seed,
DQN 8 8 0 1 0.25 0.25 0 15328 115.73 124.44
# Algorithm, state_space_size, action_space_size, delay, sequence_length, reward_density, terminal_state_density, dummy_seed,
DQN 8 8 0 1 0.25 0.25 0 15648 115.73 124.44
# Algorithm, state_space_size, action_space_size, delay, sequence_length, reward_density, terminal_state_density, dummy_seed,
DQN 8 8 0 1 0.25 0.25 0 15976 115.73 124.44
# Algorithm, state_space_size, action_space_size, delay, sequence_length, reward_density, terminal_state_density, dummy_seed,
DQN 8 8 0 1 0.25 0.25 0 16256 137.98 146.83
# Algorithm, state_space_size, action_space_size, delay, sequence_length, reward_density, terminal_state_density, dummy_seed,
DQN 8 8 0 1 0.25 0.25 0 16600 141.45 150.28
# Algorithm, state_space_size, action_space_size, delay, sequence_length, reward_density, terminal_state_density, dummy_seed,
DQN 8 8 0 1 0.25 0.25 0 16944 141.45 150.28
# Algorithm, state_space_size, action_space_size, delay, sequence_length, reward_density, terminal_state_density, dummy_seed,
DQN 8 8 0 1 0.25 0.25 0 17296 148.44 157.35
# Algorithm, state_space_size, action_space_size, delay, sequence_length, reward_density, terminal_state_density, dummy_seed,
DQN 8 8 0 1 0.25 0.25 0 544 0.632258064516129 3.509677419354839
# Algorithm, state_space_size, action_space_size, delay, sequence_length, reward_density, terminal_state_density, dummy_seed,
DQN 8 8 0 1 0.25 0.25 0 1008 0.5714285714285714 3.831932773109244
# Algorithm, state_space_size, action_space_size, delay, sequence_length, reward_density, terminal_state_density, dummy_seed,
DQN 8 8 0 1 0.25 0.25 0 1272 0.86 5.08
# Algorithm, state_space_size, action_space_size, delay, sequence_length, reward_density, terminal_state_density, dummy_seed,
DQN 8 8 0 1 0.25 0.25 0 1544 1.32 5.89
# Algorithm, state_space_size, action_space_size, delay, sequence_length, reward_density, terminal_state_density, dummy_seed,
DQN 8 8 0 1 0.25 0.25 0 1816 2.17 8.03
# Algorithm, state_space_size, action_space_size, delay, sequence_length, reward_density, terminal_state_density, dummy_seed,
DQN 8 8 0 1 0.25 0.25 0 2096 3.45 9.78
# Algorithm, state_space_size, action_space_size, delay, sequence_length, reward_density, terminal_state_density, dummy_seed,
DQN 8 8 0 1 0.25 0.25 0 2368 3.45 9.78
# Algorithm, state_space_size, action_space_size, delay, sequence_length, reward_density, terminal_state_density, dummy_seed,
DQN 8 8 0 1 0.25 0.25 0 2640 3.45 9.78
# Algorithm, state_space_size, action_space_size, delay, sequence_length, reward_density, terminal_state_density, dummy_seed,
DQN 8 8 0 1 0.25 0.25 0 2912 8.24 16.42
# Algorithm, state_space_size, action_space_size, delay, sequence_length, reward_density, terminal_state_density, dummy_seed,
DQN 8 8 0 1 0.25 0.25 0 3200 8.24 16.42
# Algorithm, state_space_size, action_space_size, delay, sequence_length, reward_density, terminal_state_density, dummy_seed,
DQN 8 8 0 1 0.25 0.25 0 3512 13.68 21.84
# Algorithm, state_space_size, action_space_size, delay, sequence_length, reward_density, terminal_state_density, dummy_seed,
DQN 8 8 0 1 0.25 0.25 0 3808 13.68 21.84
# Algorithm, state_space_size, action_space_size, delay, sequence_length, reward_density, terminal_state_density, dummy_seed,
DQN 8 8 0 1 0.25 0.25 0 4080 19.15 27.32
# Algorithm, state_space_size, action_space_size, delay, sequence_length, reward_density, terminal_state_density, dummy_seed,
DQN 8 8 0 1 0.25 0.25 0 4368 22.67 30.72
# Algorithm, state_space_size, action_space_size, delay, sequence_length, reward_density, terminal_state_density, dummy_seed,
DQN 8 8 0 1 0.25 0.25 0 4640 26.96 34.98
# Algorithm, state_space_size, action_space_size, delay, sequence_length, reward_density, terminal_state_density, dummy_seed,
DQN 8 8 0 1 0.25 0.25 0 4912 26.96 34.98
# Algorithm, state_space_size, action_space_size, delay, sequence_length, reward_density, terminal_state_density, dummy_seed,
DQN 8 8 0 1 0.25 0.25 0 5184 30.2 38.23
# Algorithm, state_space_size, action_space_size, delay, sequence_length, reward_density, terminal_state_density, dummy_seed,
DQN 8 8 0 1 0.25 0.25 0 5456 32.41 40.46
# Algorithm, state_space_size, action_space_size, delay, sequence_length, reward_density, terminal_state_density, dummy_seed,
DQN 8 8 0 1 0.25 0.25 0 5736 37.6 45.69
# Algorithm, state_space_size, action_space_size, delay, sequence_length, reward_density, terminal_state_density, dummy_seed,
DQN 8 8 0 1 0.25 0.25 0 5976 39.9 47.85
# Algorithm, state_space_size, action_space_size, delay, sequence_length, reward_density, terminal_state_density, dummy_seed,
DQN 8 8 0 1 0.25 0.25 0 6232 41.52 49.42
# Algorithm, state_space_size, action_space_size, delay, sequence_length, reward_density, terminal_state_density, dummy_seed,
DQN 8 8 0 1 0.25 0.25 0 6504 41.52 49.42
# Algorithm, state_space_size, action_space_size, delay, sequence_length, reward_density, terminal_state_density, dummy_seed,
DQN 8 8 0 1 0.25 0.25 0 6768 47.78 55.63
# Algorithm, state_space_size, action_space_size, delay, sequence_length, reward_density, terminal_state_density, dummy_seed,
DQN 8 8 0 1 0.25 0.25 0 7032 48.92 56.77
# Algorithm, state_space_size, action_space_size, delay, sequence_length, reward_density, terminal_state_density, dummy_seed,
DQN 8 8 0 1 0.25 0.25 0 7296 48.92 56.77
# Algorithm, state_space_size, action_space_size, delay, sequence_length, reward_density, terminal_state_density, dummy_seed,
DQN 8 8 0 1 0.25 0.25 0 7560 53.45 61.31
# Algorithm, state_space_size, action_space_size, delay, sequence_length, reward_density, terminal_state_density, dummy_seed,
DQN 8 8 0 1 0.25 0.25 0 7816 56.41 64.33
# Algorithm, state_space_size, action_space_size, delay, sequence_length, reward_density, terminal_state_density, dummy_seed,
DQN 8 8 0 1 0.25 0.25 0 8040 60.24 68.14
# Algorithm, state_space_size, action_space_size, delay, sequence_length, reward_density, terminal_state_density, dummy_seed,
DQN 8 8 0 1 0.25 0.25 0 8280 62.31 70.2
# Algorithm, state_space_size, action_space_size, delay, sequence_length, reward_density, terminal_state_density, dummy_seed,
DQN 8 8 0 1 0.25 0.25 0 8536 62.31 70.2
# Algorithm, state_space_size, action_space_size, delay, sequence_length, reward_density, terminal_state_density, dummy_seed,
DQN 8 8 0 1 0.25 0.25 0 8800 62.31 70.2
# Algorithm, state_space_size, action_space_size, delay, sequence_length, reward_density, terminal_state_density, dummy_seed,
DQN 8 8 0 1 0.25 0.25 0 9056 68.27 76.17
# Algorithm, state_space_size, action_space_size, delay, sequence_length, reward_density, terminal_state_density, dummy_seed,
DQN 8 8 0 1 0.25 0.25 0 9320 68.27 76.17
# Algorithm, state_space_size, action_space_size, delay, sequence_length, reward_density, terminal_state_density, dummy_seed,
DQN 8 8 0 1 0.25 0.25 0 9584 68.27 76.17
# Algorithm, state_space_size, action_space_size, delay, sequence_length, reward_density, terminal_state_density, dummy_seed,
DQN 8 8 0 1 0.25 0.25 0 9840 68.27 76.17
# Algorithm, state_space_size, action_space_size, delay, sequence_length, reward_density, terminal_state_density, dummy_seed,
DQN 8 8 0 1 0.25 0.25 0 10096 68.27 76.17
# Algorithm, state_space_size, action_space_size, delay, sequence_length, reward_density, terminal_state_density, dummy_seed,
DQN 8 8 0 1 0.25 0.25 0 10360 82.82 90.62
# Algorithm, state_space_size, action_space_size, delay, sequence_length, reward_density, terminal_state_density, dummy_seed,
DQN 8 8 0 1 0.25 0.25 0 10616 85.24 93.03
# Algorithm, state_space_size, action_space_size, delay, sequence_length, reward_density, terminal_state_density, dummy_seed,
DQN 8 8 0 1 0.25 0.25 0 10880 85.24 93.03
# Algorithm, state_space_size, action_space_size, delay, sequence_length, reward_density, terminal_state_density, dummy_seed,
DQN 8 8 0 1 0.25 0.25 0 11112 90.29 98.05
# Algorithm, state_space_size, action_space_size, delay, sequence_length, reward_density, terminal_state_density, dummy_seed,
DQN 8 8 0 1 0.25 0.25 0 11368 90.29 98.05
# Algorithm, state_space_size, action_space_size, delay, sequence_length, reward_density, terminal_state_density, dummy_seed,
DQN 8 8 0 1 0.25 0.25 0 11592 94.63 102.41
# Algorithm, state_space_size, action_space_size, delay, sequence_length, reward_density, terminal_state_density, dummy_seed,
DQN 8 8 0 1 0.25 0.25 0 11808 97.5 105.29
# Algorithm, state_space_size, action_space_size, delay, sequence_length, reward_density, terminal_state_density, dummy_seed,
DQN 8 8 0 1 0.25 0.25 0 12032 99.48 107.3
# Algorithm, state_space_size, action_space_size, delay, sequence_length, reward_density, terminal_state_density, dummy_seed,
DQN 8 8 0 1 0.25 0.25 0 12272 99.48 107.3
# Algorithm, state_space_size, action_space_size, delay, sequence_length, reward_density, terminal_state_density, dummy_seed,
DQN 8 8 0 1 0.25 0.25 0 12520 103.78 111.62
# Algorithm, state_space_size, action_space_size, delay, sequence_length, reward_density, terminal_state_density, dummy_seed,
DQN 8 8 0 1 0.25 0.25 0 12760 106.54 114.35
# Algorithm, state_space_size, action_space_size, delay, sequence_length, reward_density, terminal_state_density, dummy_seed,
DQN 8 8 0 1 0.25 0.25 0 13016 107.36 115.16
# Algorithm, state_space_size, action_space_size, delay, sequence_length, reward_density, terminal_state_density, dummy_seed,
DQN 8 8 0 1 0.25 0.25 0 13264 110.14 117.78
# Algorithm, state_space_size, action_space_size, delay, sequence_length, reward_density, terminal_state_density, dummy_seed,
DQN 8 8 0 1 0.25 0.25 0 13512 110.14 117.78
# Algorithm, state_space_size, action_space_size, delay, sequence_length, reward_density, terminal_state_density, dummy_seed,
DQN 8 8 0 1 0.25 0.25 0 13768 110.14 117.78
# Algorithm, state_space_size, action_space_size, delay, sequence_length, reward_density, terminal_state_density, dummy_seed,
DQN 8 8 0 1 0.25 0.25 0 14016 110.14 117.78
# Algorithm, state_space_size, action_space_size, delay, sequence_length, reward_density, terminal_state_density, dummy_seed,
DQN 8 8 0 1 0.25 0.25 0 14272 119.29 127.08
# Algorithm, state_space_size, action_space_size, delay, sequence_length, reward_density, terminal_state_density, dummy_seed,
DQN 8 8 0 1 0.25 0.25 0 14528 119.29 127.08
# Algorithm, state_space_size, action_space_size, delay, sequence_length, reward_density, terminal_state_density, dummy_seed,
DQN 8 8 0 1 0.25 0.25 0 14784 119.29 127.08
# Algorithm, state_space_size, action_space_size, delay, sequence_length, reward_density, terminal_state_density, dummy_seed,
DQN 8 8 0 1 0.25 0.25 0 15048 119.29 127.08
# Algorithm, state_space_size, action_space_size, delay, sequence_length, reward_density, terminal_state_density, dummy_seed,
DQN 8 8 0 1 0.25 0.25 0 15312 119.29 127.08
# Algorithm, state_space_size, action_space_size, delay, sequence_length, reward_density, terminal_state_density, dummy_seed,
DQN 8 8 0 1 0.25 0.25 0 15576 119.29 127.08
# Algorithm, state_space_size, action_space_size, delay, sequence_length, reward_density, terminal_state_density, dummy_seed,
DQN 8 8 0 1 0.25 0.25 0 15832 119.29 127.08
# Algorithm, state_space_size, action_space_size, delay, sequence_length, reward_density, terminal_state_density, dummy_seed,
DQN 8 8 0 1 0.25 0.25 0 16088 138.5 146.48
# Algorithm, state_space_size, action_space_size, delay, sequence_length, reward_density, terminal_state_density, dummy_seed,
DQN 8 8 0 1 0.25 0.25 0 16352 138.5 146.48
# Algorithm, state_space_size, action_space_size, delay, sequence_length, reward_density, terminal_state_density, dummy_seed,
DQN 8 8 0 1 0.25 0.25 0 16600 138.5 146.48
# Algorithm, state_space_size, action_space_size, delay, sequence_length, reward_density, terminal_state_density, dummy_seed,
DQN 8 8 0 1 0.25 0.25 0 16848 138.5 146.48
# Algorithm, state_space_size, action_space_size, delay, sequence_length, reward_density, terminal_state_density, dummy_seed,
DQN 8 8 0 1 0.25 0.25 0 17104 138.5 146.48
# Algorithm, state_space_size, action_space_size, delay, sequence_length, reward_density, terminal_state_density, dummy_seed,
DQN 8 8 0 1 0.25 0.25 0 17368 138.5 146.48
# Algorithm, state_space_size, action_space_size, delay, sequence_length, reward_density, terminal_state_density, dummy_seed,
DQN 8 8 0 1 0.25 0.25 0 17640 154.92 163.0
# Algorithm, state_space_size, action_space_size, delay, sequence_length, reward_density, terminal_state_density, dummy_seed,
DQN 8 8 0 1 0.25 0.25 0 17912 154.92 163.0
# Algorithm, state_space_size, action_space_size, delay, sequence_length, reward_density, terminal_state_density, dummy_seed,
DQN 8 8 0 1 0.25 0.25 0 18184 160.06 168.14
# Algorithm, state_space_size, action_space_size, delay, sequence_length, reward_density, terminal_state_density, dummy_seed,
DQN 8 8 0 1 0.25 0.25 0 18448 161.75 169.78
# Algorithm, state_space_size, action_space_size, delay, sequence_length, reward_density, terminal_state_density, dummy_seed,
DQN 8 8 0 1 0.25 0.25 0 18688 162.93 170.93
# Algorithm, state_space_size, action_space_size, delay, sequence_length, reward_density, terminal_state_density, dummy_seed,
DQN 8 8 0 1 0.25 0.25 0 18952 162.93 170.93
# Algorithm, state_space_size, action_space_size, delay, sequence_length, reward_density, terminal_state_density, dummy_seed,
DQN 8 8 0 1 0.25 0.25 0 19216 168.31 176.24
# Algorithm, state_space_size, action_space_size, delay, sequence_length, reward_density, terminal_state_density, dummy_seed,
DQN 8 8 0 1 0.25 0.25 0 19416 170.75 178.7
# Algorithm, state_space_size, action_space_size, delay, sequence_length, reward_density, terminal_state_density, dummy_seed,
DQN 8 8 0 1 0.25 0.25 0 19688 170.75 178.7
# Algorithm, state_space_size, action_space_size, delay, sequence_length, reward_density, terminal_state_density, dummy_seed,
DQN 8 8 0 1 0.25 0.25 0 19968 170.75 178.7
# Algorithm, state_space_size, action_space_size, delay, sequence_length, reward_density, terminal_state_density, dummy_seed,
DQN 8 8 0 1 0.25 0.25 0 20240 179.44 187.49
# Algorithm, state_space_size, action_space_size, delay, sequence_length, reward_density, terminal_state_density, dummy_seed,
DQN 8 8 0 1 0.25 0.25 1 512 0.7142857142857143 3.8421052631578947
# Algorithm, state_space_size, action_space_size, delay, sequence_length, reward_density, terminal_state_density, dummy_seed,
DQN 8 8 0 1 0.25 0.25 1 1008 0.5575221238938053 4.371681415929204
# Algorithm, state_space_size, action_space_size, delay, sequence_length, reward_density, terminal_state_density, dummy_seed,
DQN 8 8 0 1 0.25 0.25 1 1248 0.65 4.72
# Algorithm, state_space_size, action_space_size, delay, sequence_length, reward_density, terminal_state_density, dummy_seed,
DQN 8 8 0 1 0.25 0.25 1 1480 0.77 5.76
# Algorithm, state_space_size, action_space_size, delay, sequence_length, reward_density, terminal_state_density, dummy_seed,
DQN 8 8 0 1 0.25 0.25 1 1728 1.1 7.17
# Algorithm, state_space_size, action_space_size, delay, sequence_length, reward_density, terminal_state_density, dummy_seed,
DQN 8 8 0 1 0.25 0.25 1 1968 1.43 7.93
# Algorithm, state_space_size, action_space_size, delay, sequence_length, reward_density, terminal_state_density, dummy_seed,
DQN 8 8 0 1 0.25 0.25 1 2216 2.72 10.87
# Algorithm, state_space_size, action_space_size, delay, sequence_length, reward_density, terminal_state_density, dummy_seed,
DQN 8 8 0 1 0.25 0.25 1 2472 3.3 11.89
# Algorithm, state_space_size, action_space_size, delay, sequence_length, reward_density, terminal_state_density, dummy_seed,
DQN 8 8 0 1 0.25 0.25 1 2728 3.3 11.89
# Algorithm, state_space_size, action_space_size, delay, sequence_length, reward_density, terminal_state_density, dummy_seed,
DQN 8 8 0 1 0.25 0.25 1 2984 6.16 17.45
# Algorithm, state_space_size, action_space_size, delay, sequence_length, reward_density, terminal_state_density, dummy_seed,
DQN 8 8 0 1 0.25 0.25 1 3232 6.86 18.83
# Algorithm, state_space_size, action_space_size, delay, sequence_length, reward_density, terminal_state_density, dummy_seed,
DQN 8 8 0 1 0.25 0.25 1 3464 6.86 18.83
# Algorithm, state_space_size, action_space_size, delay, sequence_length, reward_density, terminal_state_density, dummy_seed,
DQN 8 8 0 1 0.25 0.25 1 3728 6.86 18.83
# Algorithm, state_space_size, action_space_size, delay, sequence_length, reward_density, terminal_state_density, dummy_seed,
DQN 8 8 0 1 0.25 0.25 1 3992 11.28 27.72
# Algorithm, state_space_size, action_space_size, delay, sequence_length, reward_density, terminal_state_density, dummy_seed,
DQN 8 8 0 1 0.25 0.25 1 4256 11.28 27.72
# Algorithm, state_space_size, action_space_size, delay, sequence_length, reward_density, terminal_state_density, dummy_seed,
DQN 8 8 0 1 0.25 0.25 1 4512 11.28 27.72
# Algorithm, state_space_size, action_space_size, delay, sequence_length, reward_density, terminal_state_density, dummy_seed,
DQN 8 8 0 1 0.25 0.25 1 4768 11.28 27.72
# Algorithm, state_space_size, action_space_size, delay, sequence_length, reward_density, terminal_state_density, dummy_seed,
DQN 8 8 0 1 0.25 0.25 1 5024 11.28 27.72
# Algorithm, state_space_size, action_space_size, delay, sequence_length, reward_density, terminal_state_density, dummy_seed,
DQN 8 8 0 1 0.25 0.25 1 5280 17.56 40.22
# Algorithm, state_space_size, action_space_size, delay, sequence_length, reward_density, terminal_state_density, dummy_seed,
DQN 8 8 0 1 0.25 0.25 1 5544 18.77 42.56
# Algorithm, state_space_size, action_space_size, delay, sequence_length, reward_density, terminal_state_density, dummy_seed,
DQN 8 8 0 1 0.25 0.25 1 5800 19.59 44.11
# Algorithm, state_space_size, action_space_size, delay, sequence_length, reward_density, terminal_state_density, dummy_seed,
DQN 8 8 0 1 0.25 0.25 1 6048 21.08 47.08
# Algorithm, state_space_size, action_space_size, delay, sequence_length, reward_density, terminal_state_density, dummy_seed,
DQN 8 8 0 1 0.25 0.25 1 6304 21.08 47.08
# Algorithm, state_space_size, action_space_size, delay, sequence_length, reward_density, terminal_state_density, dummy_seed,
DQN 8 8 0 1 0.25 0.25 1 6552 23.33 51.59
# Algorithm, state_space_size, action_space_size, delay, sequence_length, reward_density, terminal_state_density, dummy_seed,
DQN 8 8 0 1 0.25 0.25 1 6784 23.33 51.59
# Algorithm, state_space_size, action_space_size, delay, sequence_length, reward_density, terminal_state_density, dummy_seed,
DQN 8 8 0 1 0.25 0.25 1 7024 23.33 51.59
# Algorithm, state_space_size, action_space_size, delay, sequence_length, reward_density, terminal_state_density, dummy_seed,
DQN 8 8 0 1 0.25 0.25 1 7288 23.33 51.59
# Algorithm, state_space_size, action_space_size, delay, sequence_length, reward_density, terminal_state_density, dummy_seed,
DQN 8 8 0 1 0.25 0.25 1 7560 29.16 63.3
# Algorithm, state_space_size, action_space_size, delay, sequence_length, reward_density, terminal_state_density, dummy_seed,
DQN 8 8 0 1 0.25 0.25 1 7832 29.16 63.3
# Algorithm, state_space_size, action_space_size, delay, sequence_length, reward_density, terminal_state_density, dummy_seed,
DQN 8 8 0 1 0.25 0.25 1 8096 31.02 66.98
# Algorithm, state_space_size, action_space_size, delay, sequence_length, reward_density, terminal_state_density, dummy_seed,
DQN 8 8 0 1 0.25 0.25 1 8352 31.02 66.98
# Algorithm, state_space_size, action_space_size, delay, sequence_length, reward_density, terminal_state_density, dummy_seed,
DQN 8 8 0 1 0.25 0.25 1 8592 31.02 66.98
# Algorithm, state_space_size, action_space_size, delay, sequence_length, reward_density, terminal_state_density, dummy_seed,
DQN 8 8 0 1 0.25 0.25 1 8848 35.93 76.82
# Algorithm, state_space_size, action_space_size, delay, sequence_length, reward_density, terminal_state_density, dummy_seed,
DQN 8 8 0 1 0.25 0.25 1 9080 35.93 76.82
# Algorithm, state_space_size, action_space_size, delay, sequence_length, reward_density, terminal_state_density, dummy_seed,
DQN 8 8 0 1 0.25 0.25 1 9312 35.93 76.82
# Algorithm, state_space_size, action_space_size, delay, sequence_length, reward_density, terminal_state_density, dummy_seed,
DQN 8 8 0 1 0.25 0.25 1 9568 35.93 76.82
# Algorithm, state_space_size, action_space_size, delay, sequence_length, reward_density, terminal_state_density, dummy_seed,
DQN 8 8 0 1 0.25 0.25 1 9840 35.93 76.82
# Algorithm, state_space_size, action_space_size, delay, sequence_length, reward_density, terminal_state_density, dummy_seed,
DQN 8 8 0 1 0.25 0.25 1 10112 40.97 86.91
# Algorithm, state_space_size, action_space_size, delay, sequence_length, reward_density, terminal_state_density, dummy_seed,
DQN 8 8 0 1 0.25 0.25 1 10368 43.43 91.86
# Algorithm, state_space_size, action_space_size, delay, sequence_length, reward_density, terminal_state_density, dummy_seed,
DQN 8 8 0 1 0.25 0.25 1 10608 44.48 93.91
# Algorithm, state_space_size, action_space_size, delay, sequence_length, reward_density, terminal_state_density, dummy_seed,
DQN 8 8 0 1 0.25 0.25 1 10872 44.8 94.54
# Algorithm, state_space_size, action_space_size, delay, sequence_length, reward_density, terminal_state_density, dummy_seed,
DQN 8 8 0 1 0.25 0.25 1 11128 47.22 99.39
# Algorithm, state_space_size, action_space_size, delay, sequence_length, reward_density, terminal_state_density, dummy_seed,
DQN 8 8 0 1 0.25 0.25 1 11384 47.22 99.39
# Algorithm, state_space_size, action_space_size, delay, sequence_length, reward_density, terminal_state_density, dummy_seed,
DQN 8 8 0 1 0.25 0.25 1 11640 47.22 99.39
# Algorithm, state_space_size, action_space_size, delay, sequence_length, reward_density, terminal_state_density, dummy_seed,
DQN 8 8 0 1 0.25 0.25 1 11896 50.13 105.19
# Algorithm, state_space_size, action_space_size, delay, sequence_length, reward_density, terminal_state_density, dummy_seed,
DQN 8 8 0 1 0.25 0.25 1 12152 50.13 105.19
# Algorithm, state_space_size, action_space_size, delay, sequence_length, reward_density, terminal_state_density, dummy_seed,
DQN 8 8 0 1 0.25 0.25 1 12400 50.13 105.19
# Algorithm, state_space_size, action_space_size, delay, sequence_length, reward_density, terminal_state_density, dummy_seed,
DQN 8 8 0 1 0.25 0.25 1 12656 50.13 105.19
# Algorithm, state_space_size, action_space_size, delay, sequence_length, reward_density, terminal_state_density, dummy_seed,
DQN 8 8 0 1 0.25 0.25 1 12928 50.13 105.19
# Algorithm, state_space_size, action_space_size, delay, sequence_length, reward_density, terminal_state_density, dummy_seed,
DQN 8 8 0 1 0.25 0.25 1 13184 56.35 117.63
# Algorithm, state_space_size, action_space_size, delay, sequence_length, reward_density, terminal_state_density, dummy_seed,
DQN 8 8 0 1 0.25 0.25 1 13440 56.35 117.63
# Algorithm, state_space_size, action_space_size, delay, sequence_length, reward_density, terminal_state_density, dummy_seed,
DQN 8 8 0 1 0.25 0.25 1 13704 59.86 124.59
# Algorithm, state_space_size, action_space_size, delay, sequence_length, reward_density, terminal_state_density, dummy_seed,
DQN 8 8 0 1 0.25 0.25 1 13960 59.86 124.59
# Algorithm, state_space_size, action_space_size, delay, sequence_length, reward_density, terminal_state_density, dummy_seed,
DQN 8 8 0 1 0.25 0.25 1 14216 62.5 129.87
# Algorithm, state_space_size, action_space_size, delay, sequence_length, reward_density, terminal_state_density, dummy_seed,
DQN 8 8 0 1 0.25 0.25 1 14464 63.53 131.83
# Algorithm, state_space_size, action_space_size, delay, sequence_length, reward_density, terminal_state_density, dummy_seed,
DQN 8 8 0 1 0.25 0.25 1 14712 64.03 132.73
# Algorithm, state_space_size, action_space_size, delay, sequence_length, reward_density, terminal_state_density, dummy_seed,
DQN 8 8 0 1 0.25 0.25 1 14968 65.54 135.72
# Algorithm, state_space_size, action_space_size, delay, sequence_length, reward_density, terminal_state_density, dummy_seed,
DQN 8 8 0 1 0.25 0.25 1 15224 66.99 138.51
# Algorithm, state_space_size, action_space_size, delay, sequence_length, reward_density, terminal_state_density, dummy_seed,
DQN 8 8 0 1 0.25 0.25 1 15480 66.99 138.51
# Algorithm, state_space_size, action_space_size, delay, sequence_length, reward_density, terminal_state_density, dummy_seed,
DQN 8 8 0 1 0.25 0.25 1 15752 69.96 144.48
# Algorithm, state_space_size, action_space_size, delay, sequence_length, reward_density, terminal_state_density, dummy_seed,
DQN 8 8 0 1 0.25 0.25 1 16024 69.96 144.48
# Algorithm, state_space_size, action_space_size, delay, sequence_length, reward_density, terminal_state_density, dummy_seed,
DQN 8 8 0 1 0.25 0.25 1 16312 69.96 144.48
# Algorithm, state_space_size, action_space_size, delay, sequence_length, reward_density, terminal_state_density, dummy_seed,
DQN 8 8 0 1 0.25 0.25 1 16576 74.29 152.94
# Algorithm, state_space_size, action_space_size, delay, sequence_length, reward_density, terminal_state_density, dummy_seed,
DQN 8 8 0 1 0.25 0.25 1 16848 74.29 152.94
# Algorithm, state_space_size, action_space_size, delay, sequence_length, reward_density, terminal_state_density, dummy_seed,
DQN 8 8 0 1 0.25 0.25 1 17096 74.29 152.94
# Algorithm, state_space_size, action_space_size, delay, sequence_length, reward_density, terminal_state_density, dummy_seed,
DQN 8 8 0 1 0.25 0.25 1 17344 76.97 158.29
# Algorithm, state_space_size, action_space_size, delay, sequence_length, reward_density, terminal_state_density, dummy_seed,
DQN 8 8 0 1 0.25 0.25 1 17608 76.97 158.29
# Algorithm, state_space_size, action_space_size, delay, sequence_length, reward_density, terminal_state_density, dummy_seed,
DQN 8 8 0 1 0.25 0.25 1 17864 76.97 158.29
# Algorithm, state_space_size, action_space_size, delay, sequence_length, reward_density, terminal_state_density, dummy_seed,
DQN 8 8 0 1 0.25 0.25 1 18120 81.2 166.72
# Algorithm, state_space_size, action_space_size, delay, sequence_length, reward_density, terminal_state_density, dummy_seed,
DQN 8 8 0 1 0.25 0.25 1 18368 81.2 166.72
# Algorithm, state_space_size, action_space_size, delay, sequence_length, reward_density, terminal_state_density, dummy_seed,
DQN 8 8 0 1 0.25 0.25 1 18624 81.2 166.72
# Algorithm, state_space_size, action_space_size, delay, sequence_length, reward_density, terminal_state_density, dummy_seed,
DQN 8 8 0 1 0.25 0.25 1 18872 81.2 166.72
# Algorithm, state_space_size, action_space_size, delay, sequence_length, reward_density, terminal_state_density, dummy_seed,
DQN 8 8 0 1 0.25 0.25 1 19128 86.11 176.65
# Algorithm, state_space_size, action_space_size, delay, sequence_length, reward_density, terminal_state_density, dummy_seed,
DQN 8 8 0 1 0.25 0.25 1 19376 86.11 176.65
# Algorithm, state_space_size, action_space_size, delay, sequence_length, reward_density, terminal_state_density, dummy_seed,
DQN 8 8 0 1 0.25 0.25 1 19624 86.11 176.65
# Algorithm, state_space_size, action_space_size, delay, sequence_length, reward_density, terminal_state_density, dummy_seed,
DQN 8 8 0 1 0.25 0.25 1 19872 90.17 184.7
# Algorithm, state_space_size, action_space_size, delay, sequence_length, reward_density, terminal_state_density, dummy_seed,
DQN 8 8 0 1 0.25 0.25 1 20128 90.17 184.7
# Algorithm, state_space_size, action_space_size, delay, sequence_length, reward_density, terminal_state_density, dummy_seed,
DQN 8 8 0 1 0.25 0.25 2 528 0.7480314960629921 4.149606299212598
# Algorithm, state_space_size, action_space_size, delay, sequence_length, reward_density, terminal_state_density, dummy_seed,
DQN 8 8 0 1 0.25 0.25 2 1008 0.6407766990291263 4.631067961165049
# Algorithm, state_space_size, action_space_size, delay, sequence_length, reward_density, terminal_state_density, dummy_seed,
DQN 8 8 0 1 0.25 0.25 2 1264 0.68 5.31
# Algorithm, state_space_size, action_space_size, delay, sequence_length, reward_density, terminal_state_density, dummy_seed,
DQN 8 8 0 1 0.25 0.25 2 1520 0.74 6.03
# Algorithm, state_space_size, action_space_size, delay, sequence_length, reward_density, terminal_state_density, dummy_seed,
DQN 8 8 0 1 0.25 0.25 2 1768 1.2 7.28
# Algorithm, state_space_size, action_space_size, delay, sequence_length, reward_density, terminal_state_density, dummy_seed,
DQN 8 8 0 1 0.25 0.25 2 2024 2.2 9.87
# Algorithm, state_space_size, action_space_size, delay, sequence_length, reward_density, terminal_state_density, dummy_seed,
DQN 8 8 0 1 0.25 0.25 2 2248 2.68 10.52
# Algorithm, state_space_size, action_space_size, delay, sequence_length, reward_density, terminal_state_density, dummy_seed,
DQN 8 8 0 1 0.25 0.25 2 2496 3.96 12.63
# Algorithm, state_space_size, action_space_size, delay, sequence_length, reward_density, terminal_state_density, dummy_seed,
DQN 8 8 0 1 0.25 0.25 2 2760 3.96 12.63
# Algorithm, state_space_size, action_space_size, delay, sequence_length, reward_density, terminal_state_density, dummy_seed,
DQN 8 8 0 1 0.25 0.25 2 3016 3.96 12.63
# Algorithm, state_space_size, action_space_size, delay, sequence_length, reward_density, terminal_state_density, dummy_seed,
DQN 8 8 0 1 0.25 0.25 2 3272 11.01 20.46
# Algorithm, state_space_size, action_space_size, delay, sequence_length, reward_density, terminal_state_density, dummy_seed,
DQN 8 8 0 1 0.25 0.25 2 3544 11.01 20.46
# Algorithm, state_space_size, action_space_size, delay, sequence_length, reward_density, terminal_state_density, dummy_seed,
DQN 8 8 0 1 0.25 0.25 2 3808 11.01 20.46
# Algorithm, state_space_size, action_space_size, delay, sequence_length, reward_density, terminal_state_density, dummy_seed,
DQN 8 8 0 1 0.25 0.25 2 4072 11.01 20.46
# Algorithm, state_space_size, action_space_size, delay, sequence_length, reward_density, terminal_state_density, dummy_seed,
DQN 8 8 0 1 0.25 0.25 2 4344 11.01 20.46
# Algorithm, state_space_size, action_space_size, delay, sequence_length, reward_density, terminal_state_density, dummy_seed,
DQN 8 8 0 1 0.25 0.25 2 4608 25.5 35.04
# Algorithm, state_space_size, action_space_size, delay, sequence_length, reward_density, terminal_state_density, dummy_seed,
DQN 8 8 0 1 0.25 0.25 2 4864 25.5 35.04
# Algorithm, state_space_size, action_space_size, delay, sequence_length, reward_density, terminal_state_density, dummy_seed,
DQN 8 8 0 1 0.25 0.25 2 5128 30.39 39.91
# Algorithm, state_space_size, action_space_size, delay, sequence_length, reward_density, terminal_state_density, dummy_seed,
DQN 8 8 0 1 0.25 0.25 2 5392 31.31 40.79
# Algorithm, state_space_size, action_space_size, delay, sequence_length, reward_density, terminal_state_density, dummy_seed,
DQN 8 8 0 1 0.25 0.25 2 5656 31.31 40.79
# Algorithm, state_space_size, action_space_size, delay, sequence_length, reward_density, terminal_state_density, dummy_seed,
DQN 8 8 0 1 0.25 0.25 2 5928 31.31 40.79
# Algorithm, state_space_size, action_space_size, delay, sequence_length, reward_density, terminal_state_density, dummy_seed,
DQN 8 8 0 1 0.25 0.25 2 6192 39.79 49.36
# Algorithm, state_space_size, action_space_size, delay, sequence_length, reward_density, terminal_state_density, dummy_seed,
DQN 8 8 0 1 0.25 0.25 2 6456 43.15 52.76
# Algorithm, state_space_size, action_space_size, delay, sequence_length, reward_density, terminal_state_density, dummy_seed,
DQN 8 8 0 1 0.25 0.25 2 6728 43.15 52.76
# Algorithm, state_space_size, action_space_size, delay, sequence_length, reward_density, terminal_state_density, dummy_seed,
DQN 8 8 0 1 0.25 0.25 2 6992 43.15 52.76
# Algorithm, state_space_size, action_space_size, delay, sequence_length, reward_density, terminal_state_density, dummy_seed,
DQN 8 8 0 1 0.25 0.25 2 7264 43.15 52.76
# Algorithm, state_space_size, action_space_size, delay, sequence_length, reward_density, terminal_state_density, dummy_seed,
DQN 8 8 0 1 0.25 0.25 2 7536 53.92 63.58
# Algorithm, state_space_size, action_space_size, delay, sequence_length, reward_density, terminal_state_density, dummy_seed,
DQN 8 8 0 1 0.25 0.25 2 7792 53.92 63.58
# Algorithm, state_space_size, action_space_size, delay, sequence_length, reward_density, terminal_state_density, dummy_seed,
DQN 8 8 0 1 0.25 0.25 2 8056 53.92 63.58
# Algorithm, state_space_size, action_space_size, delay, sequence_length, reward_density, terminal_state_density, dummy_seed,
DQN 8 8 0 1 0.25 0.25 2 8280 61.52 71.2
# Algorithm, state_space_size, action_space_size, delay, sequence_length, reward_density, terminal_state_density, dummy_seed,
DQN 8 8 0 1 0.25 0.25 2 8520 64.56 74.19
# Algorithm, state_space_size, action_space_size, delay, sequence_length, reward_density, terminal_state_density, dummy_seed,
DQN 8 8 0 1 0.25 0.25 2 8768 65.84 75.47
# Algorithm, state_space_size, action_space_size, delay, sequence_length, reward_density, terminal_state_density, dummy_seed,
DQN 8 8 0 1 0.25 0.25 2 9024 65.84 75.47
# Algorithm, state_space_size, action_space_size, delay, sequence_length, reward_density, terminal_state_density, dummy_seed,
DQN 8 8 0 1 0.25 0.25 2 9288 72.13 81.83
# Algorithm, state_space_size, action_space_size, delay, sequence_length, reward_density, terminal_state_density, dummy_seed,
DQN 8 8 0 1 0.25 0.25 2 9544 72.13 81.83
# Algorithm, state_space_size, action_space_size, delay, sequence_length, reward_density, terminal_state_density, dummy_seed,
DQN 8 8 0 1 0.25 0.25 2 9800 75.59 85.15
# Algorithm, state_space_size, action_space_size, delay, sequence_length, reward_density, terminal_state_density, dummy_seed,
DQN 8 8 0 1 0.25 0.25 2 10056 79.41 88.96
# Algorithm, state_space_size, action_space_size, delay, sequence_length, reward_density, terminal_state_density, dummy_seed,
DQN 8 8 0 1 0.25 0.25 2 10304 80.16 89.69
# Algorithm, state_space_size, action_space_size, delay, sequence_length, reward_density, terminal_state_density, dummy_seed,
DQN 8 8 0 1 0.25 0.25 2 10560 83.24 92.77
# Algorithm, state_space_size, action_space_size, delay, sequence_length, reward_density, terminal_state_density, dummy_seed,
DQN 8 8 0 1 0.25 0.25 2 10808 83.24 92.77
# Algorithm, state_space_size, action_space_size, delay, sequence_length, reward_density, terminal_state_density, dummy_seed,
DQN 8 8 0 1 0.25 0.25 2 11064 83.24 92.77
# Algorithm, state_space_size, action_space_size, delay, sequence_length, reward_density, terminal_state_density, dummy_seed,
DQN 8 8 0 1 0.25 0.25 2 11312 83.24 92.77
# Algorithm, state_space_size, action_space_size, delay, sequence_length, reward_density, terminal_state_density, dummy_seed,
DQN 8 8 0 1 0.25 0.25 2 11560 83.24 92.77
# Algorithm, state_space_size, action_space_size, delay, sequence_length, reward_density, terminal_state_density, dummy_seed,
DQN 8 8 0 1 0.25 0.25 2 11816 96.17 105.72
# Algorithm, state_space_size, action_space_size, delay, sequence_length, reward_density, terminal_state_density, dummy_seed,
DQN 8 8 0 1 0.25 0.25 2 12112 96.17 105.72
# Algorithm, state_space_size, action_space_size, delay, sequence_length, reward_density, terminal_state_density, dummy_seed,
DQN 8 8 0 1 0.25 0.25 2 12392 102.47 112.04
# Algorithm, state_space_size, action_space_size, delay, sequence_length, reward_density, terminal_state_density, dummy_seed,
DQN 8 8 0 1 0.25 0.25 2 12656 102.47 112.04
# Algorithm, state_space_size, action_space_size, delay, sequence_length, reward_density, terminal_state_density, dummy_seed,
DQN 8 8 0 1 0.25 0.25 2 12896 106.75 116.37
# Algorithm, state_space_size, action_space_size, delay, sequence_length, reward_density, terminal_state_density, dummy_seed,
DQN 8 8 0 1 0.25 0.25 2 13160 106.75 116.37
# Algorithm, state_space_size, action_space_size, delay, sequence_length, reward_density, terminal_state_density, dummy_seed,
DQN 8 8 0 1 0.25 0.25 2 13424 112.25 121.79
# Algorithm, state_space_size, action_space_size, delay, sequence_length, reward_density, terminal_state_density, dummy_seed,
DQN 8 8 0 1 0.25 0.25 2 13696 112.25 121.79
# Algorithm, state_space_size, action_space_size, delay, sequence_length, reward_density, terminal_state_density, dummy_seed,
DQN 8 8 0 1 0.25 0.25 2 13952 112.25 121.79
# Algorithm, state_space_size, action_space_size, delay, sequence_length, reward_density, terminal_state_density, dummy_seed,
DQN 8 8 0 1 0.25 0.25 2 14216 112.25 121.79
# Algorithm, state_space_size, action_space_size, delay, sequence_length, reward_density, terminal_state_density, dummy_seed,
DQN 8 8 0 1 0.25 0.25 2 14488 112.25 121.79
# Algorithm, state_space_size, action_space_size, delay, sequence_length, reward_density, terminal_state_density, dummy_seed,
DQN 8 8 0 1 0.25 0.25 2 14760 112.25 121.79
# Algorithm, state_space_size, action_space_size, delay, sequence_length, reward_density, terminal_state_density, dummy_seed,
DQN 8 8 0 1 0.25 0.25 2 15024 112.25 121.79
# Algorithm, state_space_size, action_space_size, delay, sequence_length, reward_density, terminal_state_density, dummy_seed,
DQN 8 8 0 1 0.25 0.25 2 15296 112.25 121.79
# Algorithm, state_space_size, action_space_size, delay, sequence_length, reward_density, terminal_state_density, dummy_seed,
DQN 8 8 0 1 0.25 0.25 2 15568 112.25 121.79
# Algorithm, state_space_size, action_space_size, delay, sequence_length, reward_density, terminal_state_density, dummy_seed,
DQN 8 8 0 1 0.25 0.25 2 15832 112.25 121.79
# Algorithm, state_space_size, action_space_size, delay, sequence_length, reward_density, terminal_state_density, dummy_seed,
DQN 8 8 0 1 0.25 0.25 2 16096 137.83 147.54
# Algorithm, state_space_size, action_space_size, delay, sequence_length, reward_density, terminal_state_density, dummy_seed,
DQN 8 8 0 1 0.25 0.25 2 16368 137.83 147.54
# Algorithm, state_space_size, action_space_size, delay, sequence_length, reward_density, terminal_state_density, dummy_seed,
DQN 8 8 0 1 0.25 0.25 2 16640 137.83 147.54
# Algorithm, state_space_size, action_space_size, delay, sequence_length, reward_density, terminal_state_density, dummy_seed,
DQN 8 8 0 1 0.25 0.25 2 16904 137.83 147.54
# Algorithm, state_space_size, action_space_size, delay, sequence_length, reward_density, terminal_state_density, dummy_seed,
DQN 8 8 0 1 0.25 0.25 2 17160 150.06 159.62
# Algorithm, state_space_size, action_space_size, delay, sequence_length, reward_density, terminal_state_density, dummy_seed,
DQN 8 8 0 1 0.25 0.25 2 17408 150.06 159.62
# Algorithm, state_space_size, action_space_size, delay, sequence_length, reward_density, terminal_state_density, dummy_seed,
DQN 8 8 0 1 0.25 0.25 2 17664 154.95 164.6
# Algorithm, state_space_size, action_space_size, delay, sequence_length, reward_density, terminal_state_density, dummy_seed,
DQN 8 8 0 1 0.25 0.25 2 17920 154.95 164.6
# Algorithm, state_space_size, action_space_size, delay, sequence_length, reward_density, terminal_state_density, dummy_seed,
DQN 8 8 0 1 0.25 0.25 2 18184 159.46 169.15
# Algorithm, state_space_size, action_space_size, delay, sequence_length, reward_density, terminal_state_density, dummy_seed,
DQN 8 8 0 1 0.25 0.25 2 18424 159.46 169.15
# Algorithm, state_space_size, action_space_size, delay, sequence_length, reward_density, terminal_state_density, dummy_seed,
DQN 8 8 0 1 0.25 0.25 2 18664 164.31 174.0
# Algorithm, state_space_size, action_space_size, delay, sequence_length, reward_density, terminal_state_density, dummy_seed,
DQN 8 8 0 1 0.25 0.25 2 18888 165.07 174.66
# Algorithm, state_space_size, action_space_size, delay, sequence_length, reward_density, terminal_state_density, dummy_seed,
DQN 8 8 0 1 0.25 0.25 2 19136 167.6 177.19
# Algorithm, state_space_size, action_space_size, delay, sequence_length, reward_density, terminal_state_density, dummy_seed,
DQN 8 8 0 1 0.25 0.25 2 19384 171.8 181.34
# Algorithm, state_space_size, action_space_size, delay, sequence_length, reward_density, terminal_state_density, dummy_seed,
DQN 8 8 0 1 0.25 0.25 2 19640 174.65 184.17
# Algorithm, state_space_size, action_space_size, delay, sequence_length, reward_density, terminal_state_density, dummy_seed,
DQN 8 8 0 1 0.25 0.25 2 19904 174.65 184.17
# Algorithm, state_space_size, action_space_size, delay, sequence_length, reward_density, terminal_state_density, dummy_seed,
DQN 8 8 0 1 0.25 0.25 2 20160 174.65 184.17
