# Algorithm, state_space_size, action_space_size, delay, sequence_length, reward_density, terminal_state_density, dummy_seed,
DQN 8 8 0 1 0.25 0.25 0 104 0.45454545454545453 4.681818181818182
# Algorithm, state_space_size, action_space_size, delay, sequence_length, reward_density, terminal_state_density, dummy_seed,
DQN 8 8 0 1 0.25 0.25 0 208 0.4807692307692308 3.9038461538461537
# Algorithm, state_space_size, action_space_size, delay, sequence_length, reward_density, terminal_state_density, dummy_seed,
DQN 8 8 0 1 0.25 0.25 0 312 0.45348837209302323 3.5813953488372094
# Algorithm, state_space_size, action_space_size, delay, sequence_length, reward_density, terminal_state_density, dummy_seed,
DQN 8 8 0 1 0.25 0.25 0 416 0.52 3.58
# Algorithm, state_space_size, action_space_size, delay, sequence_length, reward_density, terminal_state_density, dummy_seed,
DQN 8 8 0 1 0.25 0.25 0 520 0.55 3.86
# Algorithm, state_space_size, action_space_size, delay, sequence_length, reward_density, terminal_state_density, dummy_seed,
DQN 8 8 0 1 0.25 0.25 0 624 0.66 3.74
# Algorithm, state_space_size, action_space_size, delay, sequence_length, reward_density, terminal_state_density, dummy_seed,
DQN 8 8 0 1 0.25 0.25 0 728 0.7 3.95
# Algorithm, state_space_size, action_space_size, delay, sequence_length, reward_density, terminal_state_density, dummy_seed,
DQN 8 8 0 1 0.25 0.25 0 832 0.6 3.85
# Algorithm, state_space_size, action_space_size, delay, sequence_length, reward_density, terminal_state_density, dummy_seed,
DQN 8 8 0 1 0.25 0.25 0 936 0.57 3.85
# Algorithm, state_space_size, action_space_size, delay, sequence_length, reward_density, terminal_state_density, dummy_seed,
DQN 8 8 0 1 0.25 0.25 0 1040 0.58 4.1
# Algorithm, state_space_size, action_space_size, delay, sequence_length, reward_density, terminal_state_density, dummy_seed,
DQN 8 8 0 1 0.25 0.25 0 1144 0.5 4.0
# Algorithm, state_space_size, action_space_size, delay, sequence_length, reward_density, terminal_state_density, dummy_seed,
DQN 8 8 0 1 0.25 0.25 0 1248 0.63 4.04
# Algorithm, state_space_size, action_space_size, delay, sequence_length, reward_density, terminal_state_density, dummy_seed,
DQN 8 8 0 1 0.25 0.25 0 1352 0.69 4.58
# Algorithm, state_space_size, action_space_size, delay, sequence_length, reward_density, terminal_state_density, dummy_seed,
DQN 8 8 0 1 0.25 0.25 0 1456 0.77 4.93
# Algorithm, state_space_size, action_space_size, delay, sequence_length, reward_density, terminal_state_density, dummy_seed,
DQN 8 8 0 1 0.25 0.25 0 1560 0.89 5.22
# Algorithm, state_space_size, action_space_size, delay, sequence_length, reward_density, terminal_state_density, dummy_seed,
DQN 8 8 0 1 0.25 0.25 0 1664 1.19 6.03
# Algorithm, state_space_size, action_space_size, delay, sequence_length, reward_density, terminal_state_density, dummy_seed,
DQN 8 8 0 1 0.25 0.25 0 1768 1.43 6.75
# Algorithm, state_space_size, action_space_size, delay, sequence_length, reward_density, terminal_state_density, dummy_seed,
DQN 8 8 0 1 0.25 0.25 0 1872 1.69 7.61
# Algorithm, state_space_size, action_space_size, delay, sequence_length, reward_density, terminal_state_density, dummy_seed,
DQN 8 8 0 1 0.25 0.25 0 1976 1.86 8.03
# Algorithm, state_space_size, action_space_size, delay, sequence_length, reward_density, terminal_state_density, dummy_seed,
DQN 8 8 0 1 0.25 0.25 0 2080 2.13 8.75
# Algorithm, state_space_size, action_space_size, delay, sequence_length, reward_density, terminal_state_density, dummy_seed,
DQN 8 8 0 1 0.25 0.25 0 2184 2.13 8.75
# Algorithm, state_space_size, action_space_size, delay, sequence_length, reward_density, terminal_state_density, dummy_seed,
DQN 8 8 0 1 0.25 0.25 0 2288 2.13 8.75
# Algorithm, state_space_size, action_space_size, delay, sequence_length, reward_density, terminal_state_density, dummy_seed,
DQN 8 8 0 1 0.25 0.25 0 2392 3.44 11.77
# Algorithm, state_space_size, action_space_size, delay, sequence_length, reward_density, terminal_state_density, dummy_seed,
DQN 8 8 0 1 0.25 0.25 0 2496 4.18 13.15
# Algorithm, state_space_size, action_space_size, delay, sequence_length, reward_density, terminal_state_density, dummy_seed,
DQN 8 8 0 1 0.25 0.25 0 2600 4.18 13.15
# Algorithm, state_space_size, action_space_size, delay, sequence_length, reward_density, terminal_state_density, dummy_seed,
DQN 8 8 0 1 0.25 0.25 0 2704 4.18 13.15
# Algorithm, state_space_size, action_space_size, delay, sequence_length, reward_density, terminal_state_density, dummy_seed,
DQN 8 8 0 1 0.25 0.25 0 2808 4.18 13.15
# Algorithm, state_space_size, action_space_size, delay, sequence_length, reward_density, terminal_state_density, dummy_seed,
DQN 8 8 0 1 0.25 0.25 0 2912 4.18 13.15
# Algorithm, state_space_size, action_space_size, delay, sequence_length, reward_density, terminal_state_density, dummy_seed,
DQN 8 8 0 1 0.25 0.25 0 3016 6.8 18.1
# Algorithm, state_space_size, action_space_size, delay, sequence_length, reward_density, terminal_state_density, dummy_seed,
DQN 8 8 0 1 0.25 0.25 0 3120 6.8 18.1
# Algorithm, state_space_size, action_space_size, delay, sequence_length, reward_density, terminal_state_density, dummy_seed,
DQN 8 8 0 1 0.25 0.25 0 3224 6.8 18.1
# Algorithm, state_space_size, action_space_size, delay, sequence_length, reward_density, terminal_state_density, dummy_seed,
DQN 8 8 0 1 0.25 0.25 0 3328 8.36 21.2
# Algorithm, state_space_size, action_space_size, delay, sequence_length, reward_density, terminal_state_density, dummy_seed,
DQN 8 8 0 1 0.25 0.25 0 3432 8.36 21.2
# Algorithm, state_space_size, action_space_size, delay, sequence_length, reward_density, terminal_state_density, dummy_seed,
DQN 8 8 0 1 0.25 0.25 0 3536 9.36 23.16
# Algorithm, state_space_size, action_space_size, delay, sequence_length, reward_density, terminal_state_density, dummy_seed,
DQN 8 8 0 1 0.25 0.25 0 3640 9.36 23.16
# Algorithm, state_space_size, action_space_size, delay, sequence_length, reward_density, terminal_state_density, dummy_seed,
DQN 8 8 0 1 0.25 0.25 0 3744 9.36 23.16
# Algorithm, state_space_size, action_space_size, delay, sequence_length, reward_density, terminal_state_density, dummy_seed,
DQN 8 8 0 1 0.25 0.25 0 3848 9.36 23.16
# Algorithm, state_space_size, action_space_size, delay, sequence_length, reward_density, terminal_state_density, dummy_seed,
DQN 8 8 0 1 0.25 0.25 0 3952 11.58 27.56
# Algorithm, state_space_size, action_space_size, delay, sequence_length, reward_density, terminal_state_density, dummy_seed,
DQN 8 8 0 1 0.25 0.25 0 4056 11.58 27.56
# Algorithm, state_space_size, action_space_size, delay, sequence_length, reward_density, terminal_state_density, dummy_seed,
DQN 8 8 0 1 0.25 0.25 0 4160 11.58 27.56
# Algorithm, state_space_size, action_space_size, delay, sequence_length, reward_density, terminal_state_density, dummy_seed,
DQN 8 8 0 1 0.25 0.25 0 4264 11.58 27.56
# Algorithm, state_space_size, action_space_size, delay, sequence_length, reward_density, terminal_state_density, dummy_seed,
DQN 8 8 0 1 0.25 0.25 0 4368 13.5 31.41
# Algorithm, state_space_size, action_space_size, delay, sequence_length, reward_density, terminal_state_density, dummy_seed,
DQN 8 8 0 1 0.25 0.25 0 4472 14.19 32.75
# Algorithm, state_space_size, action_space_size, delay, sequence_length, reward_density, terminal_state_density, dummy_seed,
DQN 8 8 0 1 0.25 0.25 0 4576 14.19 32.75
# Algorithm, state_space_size, action_space_size, delay, sequence_length, reward_density, terminal_state_density, dummy_seed,
DQN 8 8 0 1 0.25 0.25 0 4680 15.38 35.14
# Algorithm, state_space_size, action_space_size, delay, sequence_length, reward_density, terminal_state_density, dummy_seed,
DQN 8 8 0 1 0.25 0.25 0 4784 15.38 35.14
# Algorithm, state_space_size, action_space_size, delay, sequence_length, reward_density, terminal_state_density, dummy_seed,
DQN 8 8 0 1 0.25 0.25 0 4888 16.34 36.99
# Algorithm, state_space_size, action_space_size, delay, sequence_length, reward_density, terminal_state_density, dummy_seed,
DQN 8 8 0 1 0.25 0.25 0 4992 16.34 36.99
# Algorithm, state_space_size, action_space_size, delay, sequence_length, reward_density, terminal_state_density, dummy_seed,
DQN 8 8 0 1 0.25 0.25 0 5096 16.34 36.99
# Algorithm, state_space_size, action_space_size, delay, sequence_length, reward_density, terminal_state_density, dummy_seed,
DQN 8 8 0 1 0.25 0.25 0 5200 16.34 36.99
# Algorithm, state_space_size, action_space_size, delay, sequence_length, reward_density, terminal_state_density, dummy_seed,
DQN 8 8 0 1 0.25 0.25 0 5304 16.34 36.99
# Algorithm, state_space_size, action_space_size, delay, sequence_length, reward_density, terminal_state_density, dummy_seed,
DQN 8 8 0 1 0.25 0.25 0 5408 16.34 36.99
# Algorithm, state_space_size, action_space_size, delay, sequence_length, reward_density, terminal_state_density, dummy_seed,
DQN 8 8 0 1 0.25 0.25 0 5512 16.34 36.99
# Algorithm, state_space_size, action_space_size, delay, sequence_length, reward_density, terminal_state_density, dummy_seed,
DQN 8 8 0 1 0.25 0.25 0 5616 16.34 36.99
# Algorithm, state_space_size, action_space_size, delay, sequence_length, reward_density, terminal_state_density, dummy_seed,
DQN 8 8 0 1 0.25 0.25 0 5720 16.34 36.99
# Algorithm, state_space_size, action_space_size, delay, sequence_length, reward_density, terminal_state_density, dummy_seed,
DQN 8 8 0 1 0.25 0.25 0 5824 16.34 36.99
# Algorithm, state_space_size, action_space_size, delay, sequence_length, reward_density, terminal_state_density, dummy_seed,
DQN 8 8 0 1 0.25 0.25 0 5928 16.34 36.99
# Algorithm, state_space_size, action_space_size, delay, sequence_length, reward_density, terminal_state_density, dummy_seed,
DQN 8 8 0 1 0.25 0.25 0 6032 21.89 48.04
# Algorithm, state_space_size, action_space_size, delay, sequence_length, reward_density, terminal_state_density, dummy_seed,
DQN 8 8 0 1 0.25 0.25 0 6136 22.47 49.2
# Algorithm, state_space_size, action_space_size, delay, sequence_length, reward_density, terminal_state_density, dummy_seed,
DQN 8 8 0 1 0.25 0.25 0 6240 22.47 49.2
# Algorithm, state_space_size, action_space_size, delay, sequence_length, reward_density, terminal_state_density, dummy_seed,
DQN 8 8 0 1 0.25 0.25 0 6344 22.47 49.2
# Algorithm, state_space_size, action_space_size, delay, sequence_length, reward_density, terminal_state_density, dummy_seed,
DQN 8 8 0 1 0.25 0.25 0 6448 23.73 51.75
# Algorithm, state_space_size, action_space_size, delay, sequence_length, reward_density, terminal_state_density, dummy_seed,
DQN 8 8 0 1 0.25 0.25 0 6552 23.73 51.75
# Algorithm, state_space_size, action_space_size, delay, sequence_length, reward_density, terminal_state_density, dummy_seed,
DQN 8 8 0 1 0.25 0.25 0 6656 23.73 51.75
# Algorithm, state_space_size, action_space_size, delay, sequence_length, reward_density, terminal_state_density, dummy_seed,
DQN 8 8 0 1 0.25 0.25 0 6760 23.73 51.75
# Algorithm, state_space_size, action_space_size, delay, sequence_length, reward_density, terminal_state_density, dummy_seed,
DQN 8 8 0 1 0.25 0.25 0 6864 23.73 51.75
# Algorithm, state_space_size, action_space_size, delay, sequence_length, reward_density, terminal_state_density, dummy_seed,
DQN 8 8 0 1 0.25 0.25 0 6968 23.73 51.75
# Algorithm, state_space_size, action_space_size, delay, sequence_length, reward_density, terminal_state_density, dummy_seed,
DQN 8 8 0 1 0.25 0.25 0 7072 23.73 51.75
# Algorithm, state_space_size, action_space_size, delay, sequence_length, reward_density, terminal_state_density, dummy_seed,
DQN 8 8 0 1 0.25 0.25 0 7176 23.73 51.75
# Algorithm, state_space_size, action_space_size, delay, sequence_length, reward_density, terminal_state_density, dummy_seed,
DQN 8 8 0 1 0.25 0.25 0 7280 27.96 60.26
# Algorithm, state_space_size, action_space_size, delay, sequence_length, reward_density, terminal_state_density, dummy_seed,
DQN 8 8 0 1 0.25 0.25 0 7384 27.96 60.26
# Algorithm, state_space_size, action_space_size, delay, sequence_length, reward_density, terminal_state_density, dummy_seed,
DQN 8 8 0 1 0.25 0.25 0 7488 27.96 60.26
# Algorithm, state_space_size, action_space_size, delay, sequence_length, reward_density, terminal_state_density, dummy_seed,
DQN 8 8 0 1 0.25 0.25 0 7592 27.96 60.26
# Algorithm, state_space_size, action_space_size, delay, sequence_length, reward_density, terminal_state_density, dummy_seed,
DQN 8 8 0 1 0.25 0.25 0 7696 27.96 60.26
# Algorithm, state_space_size, action_space_size, delay, sequence_length, reward_density, terminal_state_density, dummy_seed,
DQN 8 8 0 1 0.25 0.25 0 7800 27.96 60.26
# Algorithm, state_space_size, action_space_size, delay, sequence_length, reward_density, terminal_state_density, dummy_seed,
DQN 8 8 0 1 0.25 0.25 0 7904 27.96 60.26
# Algorithm, state_space_size, action_space_size, delay, sequence_length, reward_density, terminal_state_density, dummy_seed,
DQN 8 8 0 1 0.25 0.25 0 8008 27.96 60.26
# Algorithm, state_space_size, action_space_size, delay, sequence_length, reward_density, terminal_state_density, dummy_seed,
DQN 8 8 0 1 0.25 0.25 0 8112 27.96 60.26
# Algorithm, state_space_size, action_space_size, delay, sequence_length, reward_density, terminal_state_density, dummy_seed,
DQN 8 8 0 1 0.25 0.25 0 8216 27.96 60.26
# Algorithm, state_space_size, action_space_size, delay, sequence_length, reward_density, terminal_state_density, dummy_seed,
DQN 8 8 0 1 0.25 0.25 0 8320 27.96 60.26
# Algorithm, state_space_size, action_space_size, delay, sequence_length, reward_density, terminal_state_density, dummy_seed,
DQN 8 8 0 1 0.25 0.25 0 8424 33.81 71.97
# Algorithm, state_space_size, action_space_size, delay, sequence_length, reward_density, terminal_state_density, dummy_seed,
DQN 8 8 0 1 0.25 0.25 0 8528 34.25 72.88
# Algorithm, state_space_size, action_space_size, delay, sequence_length, reward_density, terminal_state_density, dummy_seed,
DQN 8 8 0 1 0.25 0.25 0 8632 34.25 72.88
# Algorithm, state_space_size, action_space_size, delay, sequence_length, reward_density, terminal_state_density, dummy_seed,
DQN 8 8 0 1 0.25 0.25 0 8736 35.0 74.38
# Algorithm, state_space_size, action_space_size, delay, sequence_length, reward_density, terminal_state_density, dummy_seed,
DQN 8 8 0 1 0.25 0.25 0 8840 35.0 74.38
# Algorithm, state_space_size, action_space_size, delay, sequence_length, reward_density, terminal_state_density, dummy_seed,
DQN 8 8 0 1 0.25 0.25 0 8944 36.17 76.71
# Algorithm, state_space_size, action_space_size, delay, sequence_length, reward_density, terminal_state_density, dummy_seed,
DQN 8 8 0 1 0.25 0.25 0 9048 36.17 76.71
# Algorithm, state_space_size, action_space_size, delay, sequence_length, reward_density, terminal_state_density, dummy_seed,
DQN 8 8 0 1 0.25 0.25 0 9152 36.17 76.71
# Algorithm, state_space_size, action_space_size, delay, sequence_length, reward_density, terminal_state_density, dummy_seed,
DQN 8 8 0 1 0.25 0.25 0 9256 36.17 76.71
# Algorithm, state_space_size, action_space_size, delay, sequence_length, reward_density, terminal_state_density, dummy_seed,
DQN 8 8 0 1 0.25 0.25 0 9360 36.17 76.71
# Algorithm, state_space_size, action_space_size, delay, sequence_length, reward_density, terminal_state_density, dummy_seed,
DQN 8 8 0 1 0.25 0.25 0 9464 36.17 76.71
# Algorithm, state_space_size, action_space_size, delay, sequence_length, reward_density, terminal_state_density, dummy_seed,
DQN 8 8 0 1 0.25 0.25 0 9568 36.17 76.71
# Algorithm, state_space_size, action_space_size, delay, sequence_length, reward_density, terminal_state_density, dummy_seed,
DQN 8 8 0 1 0.25 0.25 0 9672 36.17 76.71
# Algorithm, state_space_size, action_space_size, delay, sequence_length, reward_density, terminal_state_density, dummy_seed,
DQN 8 8 0 1 0.25 0.25 0 9776 40.6 85.49
# Algorithm, state_space_size, action_space_size, delay, sequence_length, reward_density, terminal_state_density, dummy_seed,
DQN 8 8 0 1 0.25 0.25 0 9880 40.6 85.49
# Algorithm, state_space_size, action_space_size, delay, sequence_length, reward_density, terminal_state_density, dummy_seed,
DQN 8 8 0 1 0.25 0.25 0 9984 40.6 85.49
# Algorithm, state_space_size, action_space_size, delay, sequence_length, reward_density, terminal_state_density, dummy_seed,
DQN 8 8 0 1 0.25 0.25 0 10088 40.6 85.49
# Algorithm, state_space_size, action_space_size, delay, sequence_length, reward_density, terminal_state_density, dummy_seed,
DQN 8 8 0 1 0.25 0.25 0 10192 42.3 88.87
# Algorithm, state_space_size, action_space_size, delay, sequence_length, reward_density, terminal_state_density, dummy_seed,
DQN 8 8 0 1 0.25 0.25 0 10296 43.04 90.35
# Algorithm, state_space_size, action_space_size, delay, sequence_length, reward_density, terminal_state_density, dummy_seed,
DQN 8 8 0 1 0.25 0.25 0 10400 43.04 90.35
# Algorithm, state_space_size, action_space_size, delay, sequence_length, reward_density, terminal_state_density, dummy_seed,
DQN 8 8 0 1 0.25 0.25 0 10504 43.04 90.35
# Algorithm, state_space_size, action_space_size, delay, sequence_length, reward_density, terminal_state_density, dummy_seed,
DQN 8 8 0 1 0.25 0.25 0 10608 44.47 93.19
# Algorithm, state_space_size, action_space_size, delay, sequence_length, reward_density, terminal_state_density, dummy_seed,
DQN 8 8 0 1 0.25 0.25 0 10712 44.86 93.92
# Algorithm, state_space_size, action_space_size, delay, sequence_length, reward_density, terminal_state_density, dummy_seed,
DQN 8 8 0 1 0.25 0.25 0 10816 44.86 93.92
# Algorithm, state_space_size, action_space_size, delay, sequence_length, reward_density, terminal_state_density, dummy_seed,
DQN 8 8 0 1 0.25 0.25 0 10920 44.86 93.92
# Algorithm, state_space_size, action_space_size, delay, sequence_length, reward_density, terminal_state_density, dummy_seed,
DQN 8 8 0 1 0.25 0.25 0 11024 44.86 93.92
# Algorithm, state_space_size, action_space_size, delay, sequence_length, reward_density, terminal_state_density, dummy_seed,
DQN 8 8 0 1 0.25 0.25 0 11128 44.86 93.92
# Algorithm, state_space_size, action_space_size, delay, sequence_length, reward_density, terminal_state_density, dummy_seed,
DQN 8 8 0 1 0.25 0.25 0 11232 47.64 99.54
# Algorithm, state_space_size, action_space_size, delay, sequence_length, reward_density, terminal_state_density, dummy_seed,
DQN 8 8 0 1 0.25 0.25 0 11336 47.64 99.54
# Algorithm, state_space_size, action_space_size, delay, sequence_length, reward_density, terminal_state_density, dummy_seed,
DQN 8 8 0 1 0.25 0.25 0 11440 47.64 99.54
# Algorithm, state_space_size, action_space_size, delay, sequence_length, reward_density, terminal_state_density, dummy_seed,
DQN 8 8 0 1 0.25 0.25 0 11544 47.64 99.54
# Algorithm, state_space_size, action_space_size, delay, sequence_length, reward_density, terminal_state_density, dummy_seed,
DQN 8 8 0 1 0.25 0.25 0 11648 49.75 103.72
# Algorithm, state_space_size, action_space_size, delay, sequence_length, reward_density, terminal_state_density, dummy_seed,
DQN 8 8 0 1 0.25 0.25 0 11752 49.75 103.72
# Algorithm, state_space_size, action_space_size, delay, sequence_length, reward_density, terminal_state_density, dummy_seed,
DQN 8 8 0 1 0.25 0.25 0 11856 49.75 103.72
# Algorithm, state_space_size, action_space_size, delay, sequence_length, reward_density, terminal_state_density, dummy_seed,
DQN 8 8 0 1 0.25 0.25 0 11960 49.75 103.72
# Algorithm, state_space_size, action_space_size, delay, sequence_length, reward_density, terminal_state_density, dummy_seed,
DQN 8 8 0 1 0.25 0.25 0 12064 49.75 103.72
# Algorithm, state_space_size, action_space_size, delay, sequence_length, reward_density, terminal_state_density, dummy_seed,
DQN 8 8 0 1 0.25 0.25 0 12168 49.75 103.72
# Algorithm, state_space_size, action_space_size, delay, sequence_length, reward_density, terminal_state_density, dummy_seed,
DQN 8 8 0 1 0.25 0.25 0 12272 52.56 109.42
# Algorithm, state_space_size, action_space_size, delay, sequence_length, reward_density, terminal_state_density, dummy_seed,
DQN 8 8 0 1 0.25 0.25 0 12376 52.56 109.42
# Algorithm, state_space_size, action_space_size, delay, sequence_length, reward_density, terminal_state_density, dummy_seed,
DQN 8 8 0 1 0.25 0.25 0 12480 53.63 111.54
# Algorithm, state_space_size, action_space_size, delay, sequence_length, reward_density, terminal_state_density, dummy_seed,
DQN 8 8 0 1 0.25 0.25 0 12584 53.63 111.54
# Algorithm, state_space_size, action_space_size, delay, sequence_length, reward_density, terminal_state_density, dummy_seed,
DQN 8 8 0 1 0.25 0.25 0 12688 53.63 111.54
# Algorithm, state_space_size, action_space_size, delay, sequence_length, reward_density, terminal_state_density, dummy_seed,
DQN 8 8 0 1 0.25 0.25 0 12792 55.15 114.54
# Algorithm, state_space_size, action_space_size, delay, sequence_length, reward_density, terminal_state_density, dummy_seed,
DQN 8 8 0 1 0.25 0.25 0 12896 55.15 114.54
# Algorithm, state_space_size, action_space_size, delay, sequence_length, reward_density, terminal_state_density, dummy_seed,
DQN 8 8 0 1 0.25 0.25 0 13000 56.33 116.86
# Algorithm, state_space_size, action_space_size, delay, sequence_length, reward_density, terminal_state_density, dummy_seed,
DQN 8 8 0 1 0.25 0.25 0 13104 56.33 116.86
# Algorithm, state_space_size, action_space_size, delay, sequence_length, reward_density, terminal_state_density, dummy_seed,
DQN 8 8 0 1 0.25 0.25 0 13208 56.33 116.86
# Algorithm, state_space_size, action_space_size, delay, sequence_length, reward_density, terminal_state_density, dummy_seed,
DQN 8 8 0 1 0.25 0.25 0 13312 56.33 116.86
# Algorithm, state_space_size, action_space_size, delay, sequence_length, reward_density, terminal_state_density, dummy_seed,
DQN 8 8 0 1 0.25 0.25 0 13416 58.54 121.31
# Algorithm, state_space_size, action_space_size, delay, sequence_length, reward_density, terminal_state_density, dummy_seed,
DQN 8 8 0 1 0.25 0.25 0 13520 58.54 121.31
# Algorithm, state_space_size, action_space_size, delay, sequence_length, reward_density, terminal_state_density, dummy_seed,
DQN 8 8 0 1 0.25 0.25 0 13624 59.26 122.66
# Algorithm, state_space_size, action_space_size, delay, sequence_length, reward_density, terminal_state_density, dummy_seed,
DQN 8 8 0 1 0.25 0.25 0 13728 59.26 122.66
# Algorithm, state_space_size, action_space_size, delay, sequence_length, reward_density, terminal_state_density, dummy_seed,
DQN 8 8 0 1 0.25 0.25 0 13832 59.26 122.66
# Algorithm, state_space_size, action_space_size, delay, sequence_length, reward_density, terminal_state_density, dummy_seed,
DQN 8 8 0 1 0.25 0.25 0 13936 59.26 122.66
# Algorithm, state_space_size, action_space_size, delay, sequence_length, reward_density, terminal_state_density, dummy_seed,
DQN 8 8 0 1 0.25 0.25 0 14040 59.26 122.66
# Algorithm, state_space_size, action_space_size, delay, sequence_length, reward_density, terminal_state_density, dummy_seed,
DQN 8 8 0 1 0.25 0.25 0 14144 59.26 122.66
# Algorithm, state_space_size, action_space_size, delay, sequence_length, reward_density, terminal_state_density, dummy_seed,
DQN 8 8 0 1 0.25 0.25 0 14248 59.26 122.66
# Algorithm, state_space_size, action_space_size, delay, sequence_length, reward_density, terminal_state_density, dummy_seed,
DQN 8 8 0 1 0.25 0.25 0 14352 59.26 122.66
# Algorithm, state_space_size, action_space_size, delay, sequence_length, reward_density, terminal_state_density, dummy_seed,
DQN 8 8 0 1 0.25 0.25 0 14456 59.26 122.66
# Algorithm, state_space_size, action_space_size, delay, sequence_length, reward_density, terminal_state_density, dummy_seed,
DQN 8 8 0 1 0.25 0.25 0 14560 63.85 131.89
# Algorithm, state_space_size, action_space_size, delay, sequence_length, reward_density, terminal_state_density, dummy_seed,
DQN 8 8 0 1 0.25 0.25 0 14664 63.85 131.89
# Algorithm, state_space_size, action_space_size, delay, sequence_length, reward_density, terminal_state_density, dummy_seed,
DQN 8 8 0 1 0.25 0.25 0 14768 63.85 131.89
# Algorithm, state_space_size, action_space_size, delay, sequence_length, reward_density, terminal_state_density, dummy_seed,
DQN 8 8 0 1 0.25 0.25 0 14872 63.85 131.89
# Algorithm, state_space_size, action_space_size, delay, sequence_length, reward_density, terminal_state_density, dummy_seed,
DQN 8 8 0 1 0.25 0.25 0 14976 63.85 131.89
# Algorithm, state_space_size, action_space_size, delay, sequence_length, reward_density, terminal_state_density, dummy_seed,
DQN 8 8 0 1 0.25 0.25 0 15080 63.85 131.89
# Algorithm, state_space_size, action_space_size, delay, sequence_length, reward_density, terminal_state_density, dummy_seed,
DQN 8 8 0 1 0.25 0.25 0 15184 63.85 131.89
# Algorithm, state_space_size, action_space_size, delay, sequence_length, reward_density, terminal_state_density, dummy_seed,
DQN 8 8 0 1 0.25 0.25 0 15288 63.85 131.89
# Algorithm, state_space_size, action_space_size, delay, sequence_length, reward_density, terminal_state_density, dummy_seed,
DQN 8 8 0 1 0.25 0.25 0 15392 63.85 131.89
# Algorithm, state_space_size, action_space_size, delay, sequence_length, reward_density, terminal_state_density, dummy_seed,
DQN 8 8 0 1 0.25 0.25 0 15496 63.85 131.89
# Algorithm, state_space_size, action_space_size, delay, sequence_length, reward_density, terminal_state_density, dummy_seed,
DQN 8 8 0 1 0.25 0.25 0 15600 63.85 131.89
# Algorithm, state_space_size, action_space_size, delay, sequence_length, reward_density, terminal_state_density, dummy_seed,
DQN 8 8 0 1 0.25 0.25 0 15704 63.85 131.89
# Algorithm, state_space_size, action_space_size, delay, sequence_length, reward_density, terminal_state_density, dummy_seed,
DQN 8 8 0 1 0.25 0.25 0 15808 70.34 144.66
# Algorithm, state_space_size, action_space_size, delay, sequence_length, reward_density, terminal_state_density, dummy_seed,
DQN 8 8 0 1 0.25 0.25 0 15912 70.34 144.66
# Algorithm, state_space_size, action_space_size, delay, sequence_length, reward_density, terminal_state_density, dummy_seed,
DQN 8 8 0 1 0.25 0.25 0 16016 71.29 146.52
# Algorithm, state_space_size, action_space_size, delay, sequence_length, reward_density, terminal_state_density, dummy_seed,
DQN 8 8 0 1 0.25 0.25 0 16120 71.29 146.52
# Algorithm, state_space_size, action_space_size, delay, sequence_length, reward_density, terminal_state_density, dummy_seed,
DQN 8 8 0 1 0.25 0.25 0 16224 71.29 146.52
# Algorithm, state_space_size, action_space_size, delay, sequence_length, reward_density, terminal_state_density, dummy_seed,
DQN 8 8 0 1 0.25 0.25 0 16328 71.29 146.52
# Algorithm, state_space_size, action_space_size, delay, sequence_length, reward_density, terminal_state_density, dummy_seed,
DQN 8 8 0 1 0.25 0.25 0 16432 73.34 150.66
# Algorithm, state_space_size, action_space_size, delay, sequence_length, reward_density, terminal_state_density, dummy_seed,
DQN 8 8 0 1 0.25 0.25 0 16536 73.34 150.66
# Algorithm, state_space_size, action_space_size, delay, sequence_length, reward_density, terminal_state_density, dummy_seed,
DQN 8 8 0 1 0.25 0.25 0 16640 73.34 150.66
# Algorithm, state_space_size, action_space_size, delay, sequence_length, reward_density, terminal_state_density, dummy_seed,
DQN 8 8 0 1 0.25 0.25 0 16744 73.34 150.66
# Algorithm, state_space_size, action_space_size, delay, sequence_length, reward_density, terminal_state_density, dummy_seed,
DQN 8 8 0 1 0.25 0.25 0 16848 75.44 154.84
# Algorithm, state_space_size, action_space_size, delay, sequence_length, reward_density, terminal_state_density, dummy_seed,
DQN 8 8 0 1 0.25 0.25 0 16952 75.44 154.84
# Algorithm, state_space_size, action_space_size, delay, sequence_length, reward_density, terminal_state_density, dummy_seed,
DQN 8 8 0 1 0.25 0.25 0 17056 75.44 154.84
# Algorithm, state_space_size, action_space_size, delay, sequence_length, reward_density, terminal_state_density, dummy_seed,
DQN 8 8 0 1 0.25 0.25 0 17160 75.44 154.84
# Algorithm, state_space_size, action_space_size, delay, sequence_length, reward_density, terminal_state_density, dummy_seed,
DQN 8 8 0 1 0.25 0.25 0 17264 75.44 154.84
# Algorithm, state_space_size, action_space_size, delay, sequence_length, reward_density, terminal_state_density, dummy_seed,
DQN 8 8 0 1 0.25 0.25 0 17368 78.15 160.23
# Algorithm, state_space_size, action_space_size, delay, sequence_length, reward_density, terminal_state_density, dummy_seed,
DQN 8 8 0 1 0.25 0.25 0 17472 78.15 160.23
# Algorithm, state_space_size, action_space_size, delay, sequence_length, reward_density, terminal_state_density, dummy_seed,
DQN 8 8 0 1 0.25 0.25 0 17576 78.15 160.23
# Algorithm, state_space_size, action_space_size, delay, sequence_length, reward_density, terminal_state_density, dummy_seed,
DQN 8 8 0 1 0.25 0.25 0 17680 78.15 160.23
# Algorithm, state_space_size, action_space_size, delay, sequence_length, reward_density, terminal_state_density, dummy_seed,
DQN 8 8 0 1 0.25 0.25 0 17784 78.15 160.23
# Algorithm, state_space_size, action_space_size, delay, sequence_length, reward_density, terminal_state_density, dummy_seed,
DQN 8 8 0 1 0.25 0.25 0 17888 80.59 165.09
# Algorithm, state_space_size, action_space_size, delay, sequence_length, reward_density, terminal_state_density, dummy_seed,
DQN 8 8 0 1 0.25 0.25 0 17992 80.59 165.09
# Algorithm, state_space_size, action_space_size, delay, sequence_length, reward_density, terminal_state_density, dummy_seed,
DQN 8 8 0 1 0.25 0.25 0 18096 80.59 165.09
# Algorithm, state_space_size, action_space_size, delay, sequence_length, reward_density, terminal_state_density, dummy_seed,
DQN 8 8 0 1 0.25 0.25 0 18200 80.59 165.09
# Algorithm, state_space_size, action_space_size, delay, sequence_length, reward_density, terminal_state_density, dummy_seed,
DQN 8 8 0 1 0.25 0.25 0 18304 82.47 168.84
# Algorithm, state_space_size, action_space_size, delay, sequence_length, reward_density, terminal_state_density, dummy_seed,
DQN 8 8 0 1 0.25 0.25 0 18408 82.47 168.84
# Algorithm, state_space_size, action_space_size, delay, sequence_length, reward_density, terminal_state_density, dummy_seed,
DQN 8 8 0 1 0.25 0.25 0 18512 83.69 171.1
# Algorithm, state_space_size, action_space_size, delay, sequence_length, reward_density, terminal_state_density, dummy_seed,
DQN 8 8 0 1 0.25 0.25 0 18616 83.69 171.1
# Algorithm, state_space_size, action_space_size, delay, sequence_length, reward_density, terminal_state_density, dummy_seed,
DQN 8 8 0 1 0.25 0.25 0 18720 83.69 171.1
# Algorithm, state_space_size, action_space_size, delay, sequence_length, reward_density, terminal_state_density, dummy_seed,
DQN 8 8 0 1 0.25 0.25 0 18824 83.69 171.1
# Algorithm, state_space_size, action_space_size, delay, sequence_length, reward_density, terminal_state_density, dummy_seed,
DQN 8 8 0 1 0.25 0.25 0 18928 83.69 171.1
# Algorithm, state_space_size, action_space_size, delay, sequence_length, reward_density, terminal_state_density, dummy_seed,
DQN 8 8 0 1 0.25 0.25 0 19032 86.18 176.14
# Algorithm, state_space_size, action_space_size, delay, sequence_length, reward_density, terminal_state_density, dummy_seed,
DQN 8 8 0 1 0.25 0.25 0 19136 86.18 176.14
# Algorithm, state_space_size, action_space_size, delay, sequence_length, reward_density, terminal_state_density, dummy_seed,
DQN 8 8 0 1 0.25 0.25 0 19240 87.14 178.06
# Algorithm, state_space_size, action_space_size, delay, sequence_length, reward_density, terminal_state_density, dummy_seed,
DQN 8 8 0 1 0.25 0.25 0 19344 87.14 178.06
# Algorithm, state_space_size, action_space_size, delay, sequence_length, reward_density, terminal_state_density, dummy_seed,
DQN 8 8 0 1 0.25 0.25 0 19448 87.14 178.06
# Algorithm, state_space_size, action_space_size, delay, sequence_length, reward_density, terminal_state_density, dummy_seed,
DQN 8 8 0 1 0.25 0.25 0 19552 88.97 181.71
# Algorithm, state_space_size, action_space_size, delay, sequence_length, reward_density, terminal_state_density, dummy_seed,
DQN 8 8 0 1 0.25 0.25 0 19656 88.97 181.71
# Algorithm, state_space_size, action_space_size, delay, sequence_length, reward_density, terminal_state_density, dummy_seed,
DQN 8 8 0 1 0.25 0.25 0 19760 88.97 181.71
# Algorithm, state_space_size, action_space_size, delay, sequence_length, reward_density, terminal_state_density, dummy_seed,
DQN 8 8 0 1 0.25 0.25 0 19864 88.97 181.71
# Algorithm, state_space_size, action_space_size, delay, sequence_length, reward_density, terminal_state_density, dummy_seed,
DQN 8 8 0 1 0.25 0.25 0 19968 88.97 181.71
# Algorithm, state_space_size, action_space_size, delay, sequence_length, reward_density, terminal_state_density, dummy_seed,
DQN 8 8 0 1 0.25 0.25 0 20072 88.97 181.71
# Algorithm, state_space_size, action_space_size, delay, sequence_length, reward_density, terminal_state_density, dummy_seed,
DQN 8 8 0 1 0.25 0.25 1 104 0.6428571428571429 3.607142857142857
# Algorithm, state_space_size, action_space_size, delay, sequence_length, reward_density, terminal_state_density, dummy_seed,
DQN 8 8 0 1 0.25 0.25 1 208 0.5517241379310345 3.586206896551724
# Algorithm, state_space_size, action_space_size, delay, sequence_length, reward_density, terminal_state_density, dummy_seed,
DQN 8 8 0 1 0.25 0.25 1 312 0.5909090909090909 3.534090909090909
# Algorithm, state_space_size, action_space_size, delay, sequence_length, reward_density, terminal_state_density, dummy_seed,
DQN 8 8 0 1 0.25 0.25 1 416 0.58 3.41
# Algorithm, state_space_size, action_space_size, delay, sequence_length, reward_density, terminal_state_density, dummy_seed,
DQN 8 8 0 1 0.25 0.25 1 520 0.66 3.29
# Algorithm, state_space_size, action_space_size, delay, sequence_length, reward_density, terminal_state_density, dummy_seed,
DQN 8 8 0 1 0.25 0.25 1 624 0.65 3.31
# Algorithm, state_space_size, action_space_size, delay, sequence_length, reward_density, terminal_state_density, dummy_seed,
DQN 8 8 0 1 0.25 0.25 1 728 0.72 3.72
# Algorithm, state_space_size, action_space_size, delay, sequence_length, reward_density, terminal_state_density, dummy_seed,
DQN 8 8 0 1 0.25 0.25 1 832 0.79 3.67
# Algorithm, state_space_size, action_space_size, delay, sequence_length, reward_density, terminal_state_density, dummy_seed,
DQN 8 8 0 1 0.25 0.25 1 936 0.84 3.8
# Algorithm, state_space_size, action_space_size, delay, sequence_length, reward_density, terminal_state_density, dummy_seed,
DQN 8 8 0 1 0.25 0.25 1 1040 0.82 3.69
# Algorithm, state_space_size, action_space_size, delay, sequence_length, reward_density, terminal_state_density, dummy_seed,
DQN 8 8 0 1 0.25 0.25 1 1144 0.74 3.4
# Algorithm, state_space_size, action_space_size, delay, sequence_length, reward_density, terminal_state_density, dummy_seed,
DQN 8 8 0 1 0.25 0.25 1 1248 0.77 3.1
# Algorithm, state_space_size, action_space_size, delay, sequence_length, reward_density, terminal_state_density, dummy_seed,
DQN 8 8 0 1 0.25 0.25 1 1352 0.91 3.45
# Algorithm, state_space_size, action_space_size, delay, sequence_length, reward_density, terminal_state_density, dummy_seed,
DQN 8 8 0 1 0.25 0.25 1 1456 1.16 3.99
# Algorithm, state_space_size, action_space_size, delay, sequence_length, reward_density, terminal_state_density, dummy_seed,
DQN 8 8 0 1 0.25 0.25 1 1560 1.52 4.54
# Algorithm, state_space_size, action_space_size, delay, sequence_length, reward_density, terminal_state_density, dummy_seed,
DQN 8 8 0 1 0.25 0.25 1 1664 1.71 4.84
# Algorithm, state_space_size, action_space_size, delay, sequence_length, reward_density, terminal_state_density, dummy_seed,
DQN 8 8 0 1 0.25 0.25 1 1768 2.81 6.35
# Algorithm, state_space_size, action_space_size, delay, sequence_length, reward_density, terminal_state_density, dummy_seed,
DQN 8 8 0 1 0.25 0.25 1 1872 3.5 7.17
# Algorithm, state_space_size, action_space_size, delay, sequence_length, reward_density, terminal_state_density, dummy_seed,
DQN 8 8 0 1 0.25 0.25 1 1976 3.5 7.17
# Algorithm, state_space_size, action_space_size, delay, sequence_length, reward_density, terminal_state_density, dummy_seed,
DQN 8 8 0 1 0.25 0.25 1 2080 3.5 7.17
# Algorithm, state_space_size, action_space_size, delay, sequence_length, reward_density, terminal_state_density, dummy_seed,
DQN 8 8 0 1 0.25 0.25 1 2184 3.5 7.17
# Algorithm, state_space_size, action_space_size, delay, sequence_length, reward_density, terminal_state_density, dummy_seed,
DQN 8 8 0 1 0.25 0.25 1 2288 3.5 7.17
# Algorithm, state_space_size, action_space_size, delay, sequence_length, reward_density, terminal_state_density, dummy_seed,
DQN 8 8 0 1 0.25 0.25 1 2392 7.99 11.83
# Algorithm, state_space_size, action_space_size, delay, sequence_length, reward_density, terminal_state_density, dummy_seed,
DQN 8 8 0 1 0.25 0.25 1 2496 7.99 11.83
# Algorithm, state_space_size, action_space_size, delay, sequence_length, reward_density, terminal_state_density, dummy_seed,
DQN 8 8 0 1 0.25 0.25 1 2600 7.99 11.83
# Algorithm, state_space_size, action_space_size, delay, sequence_length, reward_density, terminal_state_density, dummy_seed,
DQN 8 8 0 1 0.25 0.25 1 2704 11.14 15.05
# Algorithm, state_space_size, action_space_size, delay, sequence_length, reward_density, terminal_state_density, dummy_seed,
DQN 8 8 0 1 0.25 0.25 1 2808 11.14 15.05
# Algorithm, state_space_size, action_space_size, delay, sequence_length, reward_density, terminal_state_density, dummy_seed,
DQN 8 8 0 1 0.25 0.25 1 2912 11.14 15.05
# Algorithm, state_space_size, action_space_size, delay, sequence_length, reward_density, terminal_state_density, dummy_seed,
DQN 8 8 0 1 0.25 0.25 1 3016 11.14 15.05
# Algorithm, state_space_size, action_space_size, delay, sequence_length, reward_density, terminal_state_density, dummy_seed,
DQN 8 8 0 1 0.25 0.25 1 3120 11.14 15.05
# Algorithm, state_space_size, action_space_size, delay, sequence_length, reward_density, terminal_state_density, dummy_seed,
DQN 8 8 0 1 0.25 0.25 1 3224 11.14 15.05
# Algorithm, state_space_size, action_space_size, delay, sequence_length, reward_density, terminal_state_density, dummy_seed,
DQN 8 8 0 1 0.25 0.25 1 3328 11.14 15.05
# Algorithm, state_space_size, action_space_size, delay, sequence_length, reward_density, terminal_state_density, dummy_seed,
DQN 8 8 0 1 0.25 0.25 1 3432 11.14 15.05
# Algorithm, state_space_size, action_space_size, delay, sequence_length, reward_density, terminal_state_density, dummy_seed,
DQN 8 8 0 1 0.25 0.25 1 3536 11.14 15.05
# Algorithm, state_space_size, action_space_size, delay, sequence_length, reward_density, terminal_state_density, dummy_seed,
DQN 8 8 0 1 0.25 0.25 1 3640 11.14 15.05
# Algorithm, state_space_size, action_space_size, delay, sequence_length, reward_density, terminal_state_density, dummy_seed,
DQN 8 8 0 1 0.25 0.25 1 3744 11.14 15.05
# Algorithm, state_space_size, action_space_size, delay, sequence_length, reward_density, terminal_state_density, dummy_seed,
DQN 8 8 0 1 0.25 0.25 1 3848 11.14 15.05
# Algorithm, state_space_size, action_space_size, delay, sequence_length, reward_density, terminal_state_density, dummy_seed,
DQN 8 8 0 1 0.25 0.25 1 3952 22.23 27.59
# Algorithm, state_space_size, action_space_size, delay, sequence_length, reward_density, terminal_state_density, dummy_seed,
DQN 8 8 0 1 0.25 0.25 1 4056 22.56 28.1
# Algorithm, state_space_size, action_space_size, delay, sequence_length, reward_density, terminal_state_density, dummy_seed,
DQN 8 8 0 1 0.25 0.25 1 4160 22.56 28.1
# Algorithm, state_space_size, action_space_size, delay, sequence_length, reward_density, terminal_state_density, dummy_seed,
DQN 8 8 0 1 0.25 0.25 1 4264 22.56 28.1
# Algorithm, state_space_size, action_space_size, delay, sequence_length, reward_density, terminal_state_density, dummy_seed,
DQN 8 8 0 1 0.25 0.25 1 4368 25.32 31.57
# Algorithm, state_space_size, action_space_size, delay, sequence_length, reward_density, terminal_state_density, dummy_seed,
DQN 8 8 0 1 0.25 0.25 1 4472 25.32 31.57
# Algorithm, state_space_size, action_space_size, delay, sequence_length, reward_density, terminal_state_density, dummy_seed,
DQN 8 8 0 1 0.25 0.25 1 4576 25.32 31.57
# Algorithm, state_space_size, action_space_size, delay, sequence_length, reward_density, terminal_state_density, dummy_seed,
DQN 8 8 0 1 0.25 0.25 1 4680 25.32 31.57
# Algorithm, state_space_size, action_space_size, delay, sequence_length, reward_density, terminal_state_density, dummy_seed,
DQN 8 8 0 1 0.25 0.25 1 4784 25.32 31.57
# Algorithm, state_space_size, action_space_size, delay, sequence_length, reward_density, terminal_state_density, dummy_seed,
DQN 8 8 0 1 0.25 0.25 1 4888 25.32 31.57
# Algorithm, state_space_size, action_space_size, delay, sequence_length, reward_density, terminal_state_density, dummy_seed,
DQN 8 8 0 1 0.25 0.25 1 4992 30.97 37.37
# Algorithm, state_space_size, action_space_size, delay, sequence_length, reward_density, terminal_state_density, dummy_seed,
DQN 8 8 0 1 0.25 0.25 1 5096 30.97 37.37
# Algorithm, state_space_size, action_space_size, delay, sequence_length, reward_density, terminal_state_density, dummy_seed,
DQN 8 8 0 1 0.25 0.25 1 5200 30.97 37.37
# Algorithm, state_space_size, action_space_size, delay, sequence_length, reward_density, terminal_state_density, dummy_seed,
DQN 8 8 0 1 0.25 0.25 1 5304 35.08 41.48
# Algorithm, state_space_size, action_space_size, delay, sequence_length, reward_density, terminal_state_density, dummy_seed,
DQN 8 8 0 1 0.25 0.25 1 5408 35.08 41.48
# Algorithm, state_space_size, action_space_size, delay, sequence_length, reward_density, terminal_state_density, dummy_seed,
DQN 8 8 0 1 0.25 0.25 1 5512 37.04 43.45
# Algorithm, state_space_size, action_space_size, delay, sequence_length, reward_density, terminal_state_density, dummy_seed,
DQN 8 8 0 1 0.25 0.25 1 5616 37.04 43.45
# Algorithm, state_space_size, action_space_size, delay, sequence_length, reward_density, terminal_state_density, dummy_seed,
DQN 8 8 0 1 0.25 0.25 1 5720 37.04 43.45
# Algorithm, state_space_size, action_space_size, delay, sequence_length, reward_density, terminal_state_density, dummy_seed,
DQN 8 8 0 1 0.25 0.25 1 5824 37.04 43.45
# Algorithm, state_space_size, action_space_size, delay, sequence_length, reward_density, terminal_state_density, dummy_seed,
DQN 8 8 0 1 0.25 0.25 1 5928 37.04 43.45
# Algorithm, state_space_size, action_space_size, delay, sequence_length, reward_density, terminal_state_density, dummy_seed,
DQN 8 8 0 1 0.25 0.25 1 6032 37.04 43.45
# Algorithm, state_space_size, action_space_size, delay, sequence_length, reward_density, terminal_state_density, dummy_seed,
DQN 8 8 0 1 0.25 0.25 1 6136 37.04 43.45
# Algorithm, state_space_size, action_space_size, delay, sequence_length, reward_density, terminal_state_density, dummy_seed,
DQN 8 8 0 1 0.25 0.25 1 6240 43.69 50.19
# Algorithm, state_space_size, action_space_size, delay, sequence_length, reward_density, terminal_state_density, dummy_seed,
DQN 8 8 0 1 0.25 0.25 1 6344 43.69 50.19
# Algorithm, state_space_size, action_space_size, delay, sequence_length, reward_density, terminal_state_density, dummy_seed,
DQN 8 8 0 1 0.25 0.25 1 6448 43.69 50.19
# Algorithm, state_space_size, action_space_size, delay, sequence_length, reward_density, terminal_state_density, dummy_seed,
DQN 8 8 0 1 0.25 0.25 1 6552 43.69 50.19
# Algorithm, state_space_size, action_space_size, delay, sequence_length, reward_density, terminal_state_density, dummy_seed,
DQN 8 8 0 1 0.25 0.25 1 6656 43.69 50.19
# Algorithm, state_space_size, action_space_size, delay, sequence_length, reward_density, terminal_state_density, dummy_seed,
DQN 8 8 0 1 0.25 0.25 1 6760 43.69 50.19
# Algorithm, state_space_size, action_space_size, delay, sequence_length, reward_density, terminal_state_density, dummy_seed,
DQN 8 8 0 1 0.25 0.25 1 6864 43.69 50.19
# Algorithm, state_space_size, action_space_size, delay, sequence_length, reward_density, terminal_state_density, dummy_seed,
DQN 8 8 0 1 0.25 0.25 1 6968 43.69 50.19
# Algorithm, state_space_size, action_space_size, delay, sequence_length, reward_density, terminal_state_density, dummy_seed,
DQN 8 8 0 1 0.25 0.25 1 7072 43.69 50.19
# Algorithm, state_space_size, action_space_size, delay, sequence_length, reward_density, terminal_state_density, dummy_seed,
DQN 8 8 0 1 0.25 0.25 1 7176 43.69 50.19
# Algorithm, state_space_size, action_space_size, delay, sequence_length, reward_density, terminal_state_density, dummy_seed,
DQN 8 8 0 1 0.25 0.25 1 7280 43.69 50.19
# Algorithm, state_space_size, action_space_size, delay, sequence_length, reward_density, terminal_state_density, dummy_seed,
DQN 8 8 0 1 0.25 0.25 1 7384 43.69 50.19
# Algorithm, state_space_size, action_space_size, delay, sequence_length, reward_density, terminal_state_density, dummy_seed,
DQN 8 8 0 1 0.25 0.25 1 7488 43.69 50.19
# Algorithm, state_space_size, action_space_size, delay, sequence_length, reward_density, terminal_state_density, dummy_seed,
DQN 8 8 0 1 0.25 0.25 1 7592 43.69 50.19
# Algorithm, state_space_size, action_space_size, delay, sequence_length, reward_density, terminal_state_density, dummy_seed,
DQN 8 8 0 1 0.25 0.25 1 7696 58.37 64.91
# Algorithm, state_space_size, action_space_size, delay, sequence_length, reward_density, terminal_state_density, dummy_seed,
DQN 8 8 0 1 0.25 0.25 1 7800 59.59 66.07
# Algorithm, state_space_size, action_space_size, delay, sequence_length, reward_density, terminal_state_density, dummy_seed,
DQN 8 8 0 1 0.25 0.25 1 7904 59.59 66.07
# Algorithm, state_space_size, action_space_size, delay, sequence_length, reward_density, terminal_state_density, dummy_seed,
DQN 8 8 0 1 0.25 0.25 1 8008 59.59 66.07
# Algorithm, state_space_size, action_space_size, delay, sequence_length, reward_density, terminal_state_density, dummy_seed,
DQN 8 8 0 1 0.25 0.25 1 8112 59.59 66.07
# Algorithm, state_space_size, action_space_size, delay, sequence_length, reward_density, terminal_state_density, dummy_seed,
DQN 8 8 0 1 0.25 0.25 1 8216 59.59 66.07
# Algorithm, state_space_size, action_space_size, delay, sequence_length, reward_density, terminal_state_density, dummy_seed,
DQN 8 8 0 1 0.25 0.25 1 8320 59.59 66.07
# Algorithm, state_space_size, action_space_size, delay, sequence_length, reward_density, terminal_state_density, dummy_seed,
DQN 8 8 0 1 0.25 0.25 1 8424 59.59 66.07
# Algorithm, state_space_size, action_space_size, delay, sequence_length, reward_density, terminal_state_density, dummy_seed,
DQN 8 8 0 1 0.25 0.25 1 8528 59.59 66.07
# Algorithm, state_space_size, action_space_size, delay, sequence_length, reward_density, terminal_state_density, dummy_seed,
DQN 8 8 0 1 0.25 0.25 1 8632 59.59 66.07
# Algorithm, state_space_size, action_space_size, delay, sequence_length, reward_density, terminal_state_density, dummy_seed,
DQN 8 8 0 1 0.25 0.25 1 8736 59.59 66.07
# Algorithm, state_space_size, action_space_size, delay, sequence_length, reward_density, terminal_state_density, dummy_seed,
DQN 8 8 0 1 0.25 0.25 1 8840 59.59 66.07
# Algorithm, state_space_size, action_space_size, delay, sequence_length, reward_density, terminal_state_density, dummy_seed,
DQN 8 8 0 1 0.25 0.25 1 8944 59.59 66.07
# Algorithm, state_space_size, action_space_size, delay, sequence_length, reward_density, terminal_state_density, dummy_seed,
DQN 8 8 0 1 0.25 0.25 1 9048 59.59 66.07
# Algorithm, state_space_size, action_space_size, delay, sequence_length, reward_density, terminal_state_density, dummy_seed,
DQN 8 8 0 1 0.25 0.25 1 9152 59.59 66.07
# Algorithm, state_space_size, action_space_size, delay, sequence_length, reward_density, terminal_state_density, dummy_seed,
DQN 8 8 0 1 0.25 0.25 1 9256 59.59 66.07
# Algorithm, state_space_size, action_space_size, delay, sequence_length, reward_density, terminal_state_density, dummy_seed,
DQN 8 8 0 1 0.25 0.25 1 9360 74.7 81.27
# Algorithm, state_space_size, action_space_size, delay, sequence_length, reward_density, terminal_state_density, dummy_seed,
DQN 8 8 0 1 0.25 0.25 1 9464 74.7 81.27
# Algorithm, state_space_size, action_space_size, delay, sequence_length, reward_density, terminal_state_density, dummy_seed,
DQN 8 8 0 1 0.25 0.25 1 9568 74.7 81.27
# Algorithm, state_space_size, action_space_size, delay, sequence_length, reward_density, terminal_state_density, dummy_seed,
DQN 8 8 0 1 0.25 0.25 1 9672 74.7 81.27
# Algorithm, state_space_size, action_space_size, delay, sequence_length, reward_density, terminal_state_density, dummy_seed,
DQN 8 8 0 1 0.25 0.25 1 9776 79.21 85.82
# Algorithm, state_space_size, action_space_size, delay, sequence_length, reward_density, terminal_state_density, dummy_seed,
DQN 8 8 0 1 0.25 0.25 1 9880 79.21 85.82
# Algorithm, state_space_size, action_space_size, delay, sequence_length, reward_density, terminal_state_density, dummy_seed,
DQN 8 8 0 1 0.25 0.25 1 9984 79.21 85.82
# Algorithm, state_space_size, action_space_size, delay, sequence_length, reward_density, terminal_state_density, dummy_seed,
DQN 8 8 0 1 0.25 0.25 1 10088 79.21 85.82
# Algorithm, state_space_size, action_space_size, delay, sequence_length, reward_density, terminal_state_density, dummy_seed,
DQN 8 8 0 1 0.25 0.25 1 10192 79.21 85.82
# Algorithm, state_space_size, action_space_size, delay, sequence_length, reward_density, terminal_state_density, dummy_seed,
DQN 8 8 0 1 0.25 0.25 1 10296 83.47 90.23
# Algorithm, state_space_size, action_space_size, delay, sequence_length, reward_density, terminal_state_density, dummy_seed,
DQN 8 8 0 1 0.25 0.25 1 10400 83.47 90.23
# Algorithm, state_space_size, action_space_size, delay, sequence_length, reward_density, terminal_state_density, dummy_seed,
DQN 8 8 0 1 0.25 0.25 1 10504 83.47 90.23
# Algorithm, state_space_size, action_space_size, delay, sequence_length, reward_density, terminal_state_density, dummy_seed,
DQN 8 8 0 1 0.25 0.25 1 10608 83.47 90.23
# Algorithm, state_space_size, action_space_size, delay, sequence_length, reward_density, terminal_state_density, dummy_seed,
DQN 8 8 0 1 0.25 0.25 1 10712 83.47 90.23
# Algorithm, state_space_size, action_space_size, delay, sequence_length, reward_density, terminal_state_density, dummy_seed,
DQN 8 8 0 1 0.25 0.25 1 10816 88.66 95.43
# Algorithm, state_space_size, action_space_size, delay, sequence_length, reward_density, terminal_state_density, dummy_seed,
DQN 8 8 0 1 0.25 0.25 1 10920 88.66 95.43
# Algorithm, state_space_size, action_space_size, delay, sequence_length, reward_density, terminal_state_density, dummy_seed,
DQN 8 8 0 1 0.25 0.25 1 11024 88.66 95.43
# Algorithm, state_space_size, action_space_size, delay, sequence_length, reward_density, terminal_state_density, dummy_seed,
DQN 8 8 0 1 0.25 0.25 1 11128 88.66 95.43
# Algorithm, state_space_size, action_space_size, delay, sequence_length, reward_density, terminal_state_density, dummy_seed,
DQN 8 8 0 1 0.25 0.25 1 11232 92.65 99.43
# Algorithm, state_space_size, action_space_size, delay, sequence_length, reward_density, terminal_state_density, dummy_seed,
DQN 8 8 0 1 0.25 0.25 1 11336 92.65 99.43
# Algorithm, state_space_size, action_space_size, delay, sequence_length, reward_density, terminal_state_density, dummy_seed,
DQN 8 8 0 1 0.25 0.25 1 11440 95.56 102.36
# Algorithm, state_space_size, action_space_size, delay, sequence_length, reward_density, terminal_state_density, dummy_seed,
DQN 8 8 0 1 0.25 0.25 1 11544 95.56 102.36
# Algorithm, state_space_size, action_space_size, delay, sequence_length, reward_density, terminal_state_density, dummy_seed,
DQN 8 8 0 1 0.25 0.25 1 11648 95.56 102.36
# Algorithm, state_space_size, action_space_size, delay, sequence_length, reward_density, terminal_state_density, dummy_seed,
DQN 8 8 0 1 0.25 0.25 1 11752 95.56 102.36
# Algorithm, state_space_size, action_space_size, delay, sequence_length, reward_density, terminal_state_density, dummy_seed,
DQN 8 8 0 1 0.25 0.25 1 11856 95.56 102.36
# Algorithm, state_space_size, action_space_size, delay, sequence_length, reward_density, terminal_state_density, dummy_seed,
DQN 8 8 0 1 0.25 0.25 1 11960 99.84 106.65
# Algorithm, state_space_size, action_space_size, delay, sequence_length, reward_density, terminal_state_density, dummy_seed,
DQN 8 8 0 1 0.25 0.25 1 12064 99.84 106.65
# Algorithm, state_space_size, action_space_size, delay, sequence_length, reward_density, terminal_state_density, dummy_seed,
DQN 8 8 0 1 0.25 0.25 1 12168 101.92 108.71
# Algorithm, state_space_size, action_space_size, delay, sequence_length, reward_density, terminal_state_density, dummy_seed,
DQN 8 8 0 1 0.25 0.25 1 12272 101.92 108.71
# Algorithm, state_space_size, action_space_size, delay, sequence_length, reward_density, terminal_state_density, dummy_seed,
DQN 8 8 0 1 0.25 0.25 1 12376 101.92 108.71
# Algorithm, state_space_size, action_space_size, delay, sequence_length, reward_density, terminal_state_density, dummy_seed,
DQN 8 8 0 1 0.25 0.25 1 12480 101.92 108.71
# Algorithm, state_space_size, action_space_size, delay, sequence_length, reward_density, terminal_state_density, dummy_seed,
DQN 8 8 0 1 0.25 0.25 1 12584 101.92 108.71
# Algorithm, state_space_size, action_space_size, delay, sequence_length, reward_density, terminal_state_density, dummy_seed,
DQN 8 8 0 1 0.25 0.25 1 12688 101.92 108.71
# Algorithm, state_space_size, action_space_size, delay, sequence_length, reward_density, terminal_state_density, dummy_seed,
DQN 8 8 0 1 0.25 0.25 1 12792 108.47 115.38
# Algorithm, state_space_size, action_space_size, delay, sequence_length, reward_density, terminal_state_density, dummy_seed,
DQN 8 8 0 1 0.25 0.25 1 12896 108.47 115.38
# Algorithm, state_space_size, action_space_size, delay, sequence_length, reward_density, terminal_state_density, dummy_seed,
DQN 8 8 0 1 0.25 0.25 1 13000 108.47 115.38
# Algorithm, state_space_size, action_space_size, delay, sequence_length, reward_density, terminal_state_density, dummy_seed,
DQN 8 8 0 1 0.25 0.25 1 13104 108.47 115.38
# Algorithm, state_space_size, action_space_size, delay, sequence_length, reward_density, terminal_state_density, dummy_seed,
DQN 8 8 0 1 0.25 0.25 1 13208 108.47 115.38
# Algorithm, state_space_size, action_space_size, delay, sequence_length, reward_density, terminal_state_density, dummy_seed,
DQN 8 8 0 1 0.25 0.25 1 13312 108.47 115.38
# Algorithm, state_space_size, action_space_size, delay, sequence_length, reward_density, terminal_state_density, dummy_seed,
DQN 8 8 0 1 0.25 0.25 1 13416 108.47 115.38
# Algorithm, state_space_size, action_space_size, delay, sequence_length, reward_density, terminal_state_density, dummy_seed,
DQN 8 8 0 1 0.25 0.25 1 13520 108.47 115.38
# Algorithm, state_space_size, action_space_size, delay, sequence_length, reward_density, terminal_state_density, dummy_seed,
DQN 8 8 0 1 0.25 0.25 1 13624 108.47 115.38
# Algorithm, state_space_size, action_space_size, delay, sequence_length, reward_density, terminal_state_density, dummy_seed,
DQN 8 8 0 1 0.25 0.25 1 13728 108.47 115.38
# Algorithm, state_space_size, action_space_size, delay, sequence_length, reward_density, terminal_state_density, dummy_seed,
DQN 8 8 0 1 0.25 0.25 1 13832 118.72 125.72
# Algorithm, state_space_size, action_space_size, delay, sequence_length, reward_density, terminal_state_density, dummy_seed,
DQN 8 8 0 1 0.25 0.25 1 13936 118.72 125.72
# Algorithm, state_space_size, action_space_size, delay, sequence_length, reward_density, terminal_state_density, dummy_seed,
DQN 8 8 0 1 0.25 0.25 1 14040 118.72 125.72
# Algorithm, state_space_size, action_space_size, delay, sequence_length, reward_density, terminal_state_density, dummy_seed,
DQN 8 8 0 1 0.25 0.25 1 14144 118.72 125.72
# Algorithm, state_space_size, action_space_size, delay, sequence_length, reward_density, terminal_state_density, dummy_seed,
DQN 8 8 0 1 0.25 0.25 1 14248 122.78 129.83
# Algorithm, state_space_size, action_space_size, delay, sequence_length, reward_density, terminal_state_density, dummy_seed,
DQN 8 8 0 1 0.25 0.25 1 14352 124.21 131.26
# Algorithm, state_space_size, action_space_size, delay, sequence_length, reward_density, terminal_state_density, dummy_seed,
DQN 8 8 0 1 0.25 0.25 1 14456 124.21 131.26
# Algorithm, state_space_size, action_space_size, delay, sequence_length, reward_density, terminal_state_density, dummy_seed,
DQN 8 8 0 1 0.25 0.25 1 14560 124.21 131.26
# Algorithm, state_space_size, action_space_size, delay, sequence_length, reward_density, terminal_state_density, dummy_seed,
DQN 8 8 0 1 0.25 0.25 1 14664 124.21 131.26
# Algorithm, state_space_size, action_space_size, delay, sequence_length, reward_density, terminal_state_density, dummy_seed,
DQN 8 8 0 1 0.25 0.25 1 14768 127.54 134.64
# Algorithm, state_space_size, action_space_size, delay, sequence_length, reward_density, terminal_state_density, dummy_seed,
DQN 8 8 0 1 0.25 0.25 1 14872 129.08 136.19
# Algorithm, state_space_size, action_space_size, delay, sequence_length, reward_density, terminal_state_density, dummy_seed,
DQN 8 8 0 1 0.25 0.25 1 14976 130.04 137.12
# Algorithm, state_space_size, action_space_size, delay, sequence_length, reward_density, terminal_state_density, dummy_seed,
DQN 8 8 0 1 0.25 0.25 1 15080 130.04 137.12
# Algorithm, state_space_size, action_space_size, delay, sequence_length, reward_density, terminal_state_density, dummy_seed,
DQN 8 8 0 1 0.25 0.25 1 15184 130.04 137.12
# Algorithm, state_space_size, action_space_size, delay, sequence_length, reward_density, terminal_state_density, dummy_seed,
DQN 8 8 0 1 0.25 0.25 1 15288 130.04 137.12
# Algorithm, state_space_size, action_space_size, delay, sequence_length, reward_density, terminal_state_density, dummy_seed,
DQN 8 8 0 1 0.25 0.25 1 15392 130.04 137.12
# Algorithm, state_space_size, action_space_size, delay, sequence_length, reward_density, terminal_state_density, dummy_seed,
DQN 8 8 0 1 0.25 0.25 1 15496 130.04 137.12
# Algorithm, state_space_size, action_space_size, delay, sequence_length, reward_density, terminal_state_density, dummy_seed,
DQN 8 8 0 1 0.25 0.25 1 15600 130.04 137.12
# Algorithm, state_space_size, action_space_size, delay, sequence_length, reward_density, terminal_state_density, dummy_seed,
DQN 8 8 0 1 0.25 0.25 1 15704 130.04 137.12
# Algorithm, state_space_size, action_space_size, delay, sequence_length, reward_density, terminal_state_density, dummy_seed,
DQN 8 8 0 1 0.25 0.25 1 15808 138.29 145.43
# Algorithm, state_space_size, action_space_size, delay, sequence_length, reward_density, terminal_state_density, dummy_seed,
DQN 8 8 0 1 0.25 0.25 1 15912 138.29 145.43
# Algorithm, state_space_size, action_space_size, delay, sequence_length, reward_density, terminal_state_density, dummy_seed,
DQN 8 8 0 1 0.25 0.25 1 16016 140.64 147.78
# Algorithm, state_space_size, action_space_size, delay, sequence_length, reward_density, terminal_state_density, dummy_seed,
DQN 8 8 0 1 0.25 0.25 1 16120 140.64 147.78
# Algorithm, state_space_size, action_space_size, delay, sequence_length, reward_density, terminal_state_density, dummy_seed,
DQN 8 8 0 1 0.25 0.25 1 16224 140.64 147.78
# Algorithm, state_space_size, action_space_size, delay, sequence_length, reward_density, terminal_state_density, dummy_seed,
DQN 8 8 0 1 0.25 0.25 1 16328 140.64 147.78
# Algorithm, state_space_size, action_space_size, delay, sequence_length, reward_density, terminal_state_density, dummy_seed,
DQN 8 8 0 1 0.25 0.25 1 16432 144.4 151.58
# Algorithm, state_space_size, action_space_size, delay, sequence_length, reward_density, terminal_state_density, dummy_seed,
DQN 8 8 0 1 0.25 0.25 1 16536 144.4 151.58
# Algorithm, state_space_size, action_space_size, delay, sequence_length, reward_density, terminal_state_density, dummy_seed,
DQN 8 8 0 1 0.25 0.25 1 16640 144.4 151.58
# Algorithm, state_space_size, action_space_size, delay, sequence_length, reward_density, terminal_state_density, dummy_seed,
DQN 8 8 0 1 0.25 0.25 1 16744 144.4 151.58
# Algorithm, state_space_size, action_space_size, delay, sequence_length, reward_density, terminal_state_density, dummy_seed,
DQN 8 8 0 1 0.25 0.25 1 16848 148.31 155.56
# Algorithm, state_space_size, action_space_size, delay, sequence_length, reward_density, terminal_state_density, dummy_seed,
DQN 8 8 0 1 0.25 0.25 1 16952 148.31 155.56
# Algorithm, state_space_size, action_space_size, delay, sequence_length, reward_density, terminal_state_density, dummy_seed,
DQN 8 8 0 1 0.25 0.25 1 17056 148.31 155.56
# Algorithm, state_space_size, action_space_size, delay, sequence_length, reward_density, terminal_state_density, dummy_seed,
DQN 8 8 0 1 0.25 0.25 1 17160 148.31 155.56
# Algorithm, state_space_size, action_space_size, delay, sequence_length, reward_density, terminal_state_density, dummy_seed,
DQN 8 8 0 1 0.25 0.25 1 17264 152.18 159.46
# Algorithm, state_space_size, action_space_size, delay, sequence_length, reward_density, terminal_state_density, dummy_seed,
DQN 8 8 0 1 0.25 0.25 1 17368 152.18 159.46
# Algorithm, state_space_size, action_space_size, delay, sequence_length, reward_density, terminal_state_density, dummy_seed,
DQN 8 8 0 1 0.25 0.25 1 17472 152.18 159.46
# Algorithm, state_space_size, action_space_size, delay, sequence_length, reward_density, terminal_state_density, dummy_seed,
DQN 8 8 0 1 0.25 0.25 1 17576 152.18 159.46
# Algorithm, state_space_size, action_space_size, delay, sequence_length, reward_density, terminal_state_density, dummy_seed,
DQN 8 8 0 1 0.25 0.25 1 17680 152.18 159.46
# Algorithm, state_space_size, action_space_size, delay, sequence_length, reward_density, terminal_state_density, dummy_seed,
DQN 8 8 0 1 0.25 0.25 1 17784 152.18 159.46
# Algorithm, state_space_size, action_space_size, delay, sequence_length, reward_density, terminal_state_density, dummy_seed,
DQN 8 8 0 1 0.25 0.25 1 17888 152.18 159.46
# Algorithm, state_space_size, action_space_size, delay, sequence_length, reward_density, terminal_state_density, dummy_seed,
DQN 8 8 0 1 0.25 0.25 1 17992 152.18 159.46
# Algorithm, state_space_size, action_space_size, delay, sequence_length, reward_density, terminal_state_density, dummy_seed,
DQN 8 8 0 1 0.25 0.25 1 18096 152.18 159.46
# Algorithm, state_space_size, action_space_size, delay, sequence_length, reward_density, terminal_state_density, dummy_seed,
DQN 8 8 0 1 0.25 0.25 1 18200 152.18 159.46
# Algorithm, state_space_size, action_space_size, delay, sequence_length, reward_density, terminal_state_density, dummy_seed,
DQN 8 8 0 1 0.25 0.25 1 18304 152.18 159.46
# Algorithm, state_space_size, action_space_size, delay, sequence_length, reward_density, terminal_state_density, dummy_seed,
DQN 8 8 0 1 0.25 0.25 1 18408 152.18 159.46
# Algorithm, state_space_size, action_space_size, delay, sequence_length, reward_density, terminal_state_density, dummy_seed,
DQN 8 8 0 1 0.25 0.25 1 18512 164.47 172.02
# Algorithm, state_space_size, action_space_size, delay, sequence_length, reward_density, terminal_state_density, dummy_seed,
DQN 8 8 0 1 0.25 0.25 1 18616 164.47 172.02
# Algorithm, state_space_size, action_space_size, delay, sequence_length, reward_density, terminal_state_density, dummy_seed,
DQN 8 8 0 1 0.25 0.25 1 18720 164.47 172.02
# Algorithm, state_space_size, action_space_size, delay, sequence_length, reward_density, terminal_state_density, dummy_seed,
DQN 8 8 0 1 0.25 0.25 1 18824 164.47 172.02
# Algorithm, state_space_size, action_space_size, delay, sequence_length, reward_density, terminal_state_density, dummy_seed,
DQN 8 8 0 1 0.25 0.25 1 18928 164.47 172.02
# Algorithm, state_space_size, action_space_size, delay, sequence_length, reward_density, terminal_state_density, dummy_seed,
DQN 8 8 0 1 0.25 0.25 1 19032 164.47 172.02
# Algorithm, state_space_size, action_space_size, delay, sequence_length, reward_density, terminal_state_density, dummy_seed,
DQN 8 8 0 1 0.25 0.25 1 19136 164.47 172.02
# Algorithm, state_space_size, action_space_size, delay, sequence_length, reward_density, terminal_state_density, dummy_seed,
DQN 8 8 0 1 0.25 0.25 1 19240 164.47 172.02
# Algorithm, state_space_size, action_space_size, delay, sequence_length, reward_density, terminal_state_density, dummy_seed,
DQN 8 8 0 1 0.25 0.25 1 19344 173.09 180.7
# Algorithm, state_space_size, action_space_size, delay, sequence_length, reward_density, terminal_state_density, dummy_seed,
DQN 8 8 0 1 0.25 0.25 1 19448 173.94 181.56
# Algorithm, state_space_size, action_space_size, delay, sequence_length, reward_density, terminal_state_density, dummy_seed,
DQN 8 8 0 1 0.25 0.25 1 19552 173.94 181.56
# Algorithm, state_space_size, action_space_size, delay, sequence_length, reward_density, terminal_state_density, dummy_seed,
DQN 8 8 0 1 0.25 0.25 1 19656 173.94 181.56
# Algorithm, state_space_size, action_space_size, delay, sequence_length, reward_density, terminal_state_density, dummy_seed,
DQN 8 8 0 1 0.25 0.25 1 19760 173.94 181.56
# Algorithm, state_space_size, action_space_size, delay, sequence_length, reward_density, terminal_state_density, dummy_seed,
DQN 8 8 0 1 0.25 0.25 1 19864 173.94 181.56
# Algorithm, state_space_size, action_space_size, delay, sequence_length, reward_density, terminal_state_density, dummy_seed,
DQN 8 8 0 1 0.25 0.25 1 19968 179.52 187.15
# Algorithm, state_space_size, action_space_size, delay, sequence_length, reward_density, terminal_state_density, dummy_seed,
DQN 8 8 0 1 0.25 0.25 1 20072 179.52 187.15
# Algorithm, state_space_size, action_space_size, delay, sequence_length, reward_density, terminal_state_density, dummy_seed,
DQN 8 8 0 1 0.25 0.25 2 104 0.8260869565217391 4.304347826086956
# Algorithm, state_space_size, action_space_size, delay, sequence_length, reward_density, terminal_state_density, dummy_seed,
DQN 8 8 0 1 0.25 0.25 2 208 0.6538461538461539 3.8846153846153846
# Algorithm, state_space_size, action_space_size, delay, sequence_length, reward_density, terminal_state_density, dummy_seed,
DQN 8 8 0 1 0.25 0.25 2 312 0.5974025974025974 4.038961038961039
# Algorithm, state_space_size, action_space_size, delay, sequence_length, reward_density, terminal_state_density, dummy_seed,
DQN 8 8 0 1 0.25 0.25 2 416 0.64 4.03
# Algorithm, state_space_size, action_space_size, delay, sequence_length, reward_density, terminal_state_density, dummy_seed,
DQN 8 8 0 1 0.25 0.25 2 520 0.66 4.22
# Algorithm, state_space_size, action_space_size, delay, sequence_length, reward_density, terminal_state_density, dummy_seed,
DQN 8 8 0 1 0.25 0.25 2 624 0.73 4.57
# Algorithm, state_space_size, action_space_size, delay, sequence_length, reward_density, terminal_state_density, dummy_seed,
DQN 8 8 0 1 0.25 0.25 2 728 0.77 4.42
# Algorithm, state_space_size, action_space_size, delay, sequence_length, reward_density, terminal_state_density, dummy_seed,
DQN 8 8 0 1 0.25 0.25 2 832 0.77 4.49
# Algorithm, state_space_size, action_space_size, delay, sequence_length, reward_density, terminal_state_density, dummy_seed,
DQN 8 8 0 1 0.25 0.25 2 936 0.83 4.5
# Algorithm, state_space_size, action_space_size, delay, sequence_length, reward_density, terminal_state_density, dummy_seed,
DQN 8 8 0 1 0.25 0.25 2 1040 0.74 3.95
# Algorithm, state_space_size, action_space_size, delay, sequence_length, reward_density, terminal_state_density, dummy_seed,
DQN 8 8 0 1 0.25 0.25 2 1144 0.78 4.14
# Algorithm, state_space_size, action_space_size, delay, sequence_length, reward_density, terminal_state_density, dummy_seed,
DQN 8 8 0 1 0.25 0.25 2 1248 0.76 3.84
# Algorithm, state_space_size, action_space_size, delay, sequence_length, reward_density, terminal_state_density, dummy_seed,
DQN 8 8 0 1 0.25 0.25 2 1352 0.75 4.19
# Algorithm, state_space_size, action_space_size, delay, sequence_length, reward_density, terminal_state_density, dummy_seed,
DQN 8 8 0 1 0.25 0.25 2 1456 0.95 4.72
# Algorithm, state_space_size, action_space_size, delay, sequence_length, reward_density, terminal_state_density, dummy_seed,
DQN 8 8 0 1 0.25 0.25 2 1560 1.11 5.25
# Algorithm, state_space_size, action_space_size, delay, sequence_length, reward_density, terminal_state_density, dummy_seed,
DQN 8 8 0 1 0.25 0.25 2 1664 1.26 5.71
# Algorithm, state_space_size, action_space_size, delay, sequence_length, reward_density, terminal_state_density, dummy_seed,
DQN 8 8 0 1 0.25 0.25 2 1768 1.45 6.17
# Algorithm, state_space_size, action_space_size, delay, sequence_length, reward_density, terminal_state_density, dummy_seed,
DQN 8 8 0 1 0.25 0.25 2 1872 1.61 6.51
# Algorithm, state_space_size, action_space_size, delay, sequence_length, reward_density, terminal_state_density, dummy_seed,
DQN 8 8 0 1 0.25 0.25 2 1976 1.61 6.51
# Algorithm, state_space_size, action_space_size, delay, sequence_length, reward_density, terminal_state_density, dummy_seed,
DQN 8 8 0 1 0.25 0.25 2 2080 1.61 6.51
# Algorithm, state_space_size, action_space_size, delay, sequence_length, reward_density, terminal_state_density, dummy_seed,
DQN 8 8 0 1 0.25 0.25 2 2184 1.61 6.51
# Algorithm, state_space_size, action_space_size, delay, sequence_length, reward_density, terminal_state_density, dummy_seed,
DQN 8 8 0 1 0.25 0.25 2 2288 1.61 6.51
# Algorithm, state_space_size, action_space_size, delay, sequence_length, reward_density, terminal_state_density, dummy_seed,
DQN 8 8 0 1 0.25 0.25 2 2392 5.51 11.53
# Algorithm, state_space_size, action_space_size, delay, sequence_length, reward_density, terminal_state_density, dummy_seed,
DQN 8 8 0 1 0.25 0.25 2 2496 5.51 11.53
# Algorithm, state_space_size, action_space_size, delay, sequence_length, reward_density, terminal_state_density, dummy_seed,
DQN 8 8 0 1 0.25 0.25 2 2600 5.51 11.53
# Algorithm, state_space_size, action_space_size, delay, sequence_length, reward_density, terminal_state_density, dummy_seed,
DQN 8 8 0 1 0.25 0.25 2 2704 5.51 11.53
# Algorithm, state_space_size, action_space_size, delay, sequence_length, reward_density, terminal_state_density, dummy_seed,
DQN 8 8 0 1 0.25 0.25 2 2808 5.51 11.53
# Algorithm, state_space_size, action_space_size, delay, sequence_length, reward_density, terminal_state_density, dummy_seed,
DQN 8 8 0 1 0.25 0.25 2 2912 5.51 11.53
# Algorithm, state_space_size, action_space_size, delay, sequence_length, reward_density, terminal_state_density, dummy_seed,
DQN 8 8 0 1 0.25 0.25 2 3016 12.19 18.26
# Algorithm, state_space_size, action_space_size, delay, sequence_length, reward_density, terminal_state_density, dummy_seed,
DQN 8 8 0 1 0.25 0.25 2 3120 12.19 18.26
# Algorithm, state_space_size, action_space_size, delay, sequence_length, reward_density, terminal_state_density, dummy_seed,
DQN 8 8 0 1 0.25 0.25 2 3224 12.19 18.26
# Algorithm, state_space_size, action_space_size, delay, sequence_length, reward_density, terminal_state_density, dummy_seed,
DQN 8 8 0 1 0.25 0.25 2 3328 14.75 20.82
# Algorithm, state_space_size, action_space_size, delay, sequence_length, reward_density, terminal_state_density, dummy_seed,
DQN 8 8 0 1 0.25 0.25 2 3432 14.75 20.82
# Algorithm, state_space_size, action_space_size, delay, sequence_length, reward_density, terminal_state_density, dummy_seed,
DQN 8 8 0 1 0.25 0.25 2 3536 14.75 20.82
# Algorithm, state_space_size, action_space_size, delay, sequence_length, reward_density, terminal_state_density, dummy_seed,
DQN 8 8 0 1 0.25 0.25 2 3640 14.75 20.82
# Algorithm, state_space_size, action_space_size, delay, sequence_length, reward_density, terminal_state_density, dummy_seed,
DQN 8 8 0 1 0.25 0.25 2 3744 14.75 20.82
# Algorithm, state_space_size, action_space_size, delay, sequence_length, reward_density, terminal_state_density, dummy_seed,
DQN 8 8 0 1 0.25 0.25 2 3848 14.75 20.82
# Algorithm, state_space_size, action_space_size, delay, sequence_length, reward_density, terminal_state_density, dummy_seed,
DQN 8 8 0 1 0.25 0.25 2 3952 20.93 26.9
# Algorithm, state_space_size, action_space_size, delay, sequence_length, reward_density, terminal_state_density, dummy_seed,
DQN 8 8 0 1 0.25 0.25 2 4056 20.93 26.9
# Algorithm, state_space_size, action_space_size, delay, sequence_length, reward_density, terminal_state_density, dummy_seed,
DQN 8 8 0 1 0.25 0.25 2 4160 20.93 26.9
# Algorithm, state_space_size, action_space_size, delay, sequence_length, reward_density, terminal_state_density, dummy_seed,
DQN 8 8 0 1 0.25 0.25 2 4264 24.65 30.63
# Algorithm, state_space_size, action_space_size, delay, sequence_length, reward_density, terminal_state_density, dummy_seed,
DQN 8 8 0 1 0.25 0.25 2 4368 25.68 31.63
# Algorithm, state_space_size, action_space_size, delay, sequence_length, reward_density, terminal_state_density, dummy_seed,
DQN 8 8 0 1 0.25 0.25 2 4472 25.68 31.63
# Algorithm, state_space_size, action_space_size, delay, sequence_length, reward_density, terminal_state_density, dummy_seed,
DQN 8 8 0 1 0.25 0.25 2 4576 25.68 31.63
# Algorithm, state_space_size, action_space_size, delay, sequence_length, reward_density, terminal_state_density, dummy_seed,
DQN 8 8 0 1 0.25 0.25 2 4680 25.68 31.63
# Algorithm, state_space_size, action_space_size, delay, sequence_length, reward_density, terminal_state_density, dummy_seed,
DQN 8 8 0 1 0.25 0.25 2 4784 25.68 31.63
# Algorithm, state_space_size, action_space_size, delay, sequence_length, reward_density, terminal_state_density, dummy_seed,
DQN 8 8 0 1 0.25 0.25 2 4888 30.17 36.13
# Algorithm, state_space_size, action_space_size, delay, sequence_length, reward_density, terminal_state_density, dummy_seed,
DQN 8 8 0 1 0.25 0.25 2 4992 30.17 36.13
# Algorithm, state_space_size, action_space_size, delay, sequence_length, reward_density, terminal_state_density, dummy_seed,
DQN 8 8 0 1 0.25 0.25 2 5096 30.17 36.13
# Algorithm, state_space_size, action_space_size, delay, sequence_length, reward_density, terminal_state_density, dummy_seed,
DQN 8 8 0 1 0.25 0.25 2 5200 30.17 36.13
# Algorithm, state_space_size, action_space_size, delay, sequence_length, reward_density, terminal_state_density, dummy_seed,
DQN 8 8 0 1 0.25 0.25 2 5304 30.17 36.13
# Algorithm, state_space_size, action_space_size, delay, sequence_length, reward_density, terminal_state_density, dummy_seed,
DQN 8 8 0 1 0.25 0.25 2 5408 30.17 36.13
# Algorithm, state_space_size, action_space_size, delay, sequence_length, reward_density, terminal_state_density, dummy_seed,
DQN 8 8 0 1 0.25 0.25 2 5512 30.17 36.13
# Algorithm, state_space_size, action_space_size, delay, sequence_length, reward_density, terminal_state_density, dummy_seed,
DQN 8 8 0 1 0.25 0.25 2 5616 30.17 36.13
# Algorithm, state_space_size, action_space_size, delay, sequence_length, reward_density, terminal_state_density, dummy_seed,
DQN 8 8 0 1 0.25 0.25 2 5720 38.54 44.5
# Algorithm, state_space_size, action_space_size, delay, sequence_length, reward_density, terminal_state_density, dummy_seed,
DQN 8 8 0 1 0.25 0.25 2 5824 38.54 44.5
# Algorithm, state_space_size, action_space_size, delay, sequence_length, reward_density, terminal_state_density, dummy_seed,
DQN 8 8 0 1 0.25 0.25 2 5928 38.54 44.5
# Algorithm, state_space_size, action_space_size, delay, sequence_length, reward_density, terminal_state_density, dummy_seed,
DQN 8 8 0 1 0.25 0.25 2 6032 38.54 44.5
# Algorithm, state_space_size, action_space_size, delay, sequence_length, reward_density, terminal_state_density, dummy_seed,
DQN 8 8 0 1 0.25 0.25 2 6136 38.54 44.5
# Algorithm, state_space_size, action_space_size, delay, sequence_length, reward_density, terminal_state_density, dummy_seed,
DQN 8 8 0 1 0.25 0.25 2 6240 38.54 44.5
# Algorithm, state_space_size, action_space_size, delay, sequence_length, reward_density, terminal_state_density, dummy_seed,
DQN 8 8 0 1 0.25 0.25 2 6344 38.54 44.5
# Algorithm, state_space_size, action_space_size, delay, sequence_length, reward_density, terminal_state_density, dummy_seed,
DQN 8 8 0 1 0.25 0.25 2 6448 38.54 44.5
# Algorithm, state_space_size, action_space_size, delay, sequence_length, reward_density, terminal_state_density, dummy_seed,
DQN 8 8 0 1 0.25 0.25 2 6552 38.54 44.5
# Algorithm, state_space_size, action_space_size, delay, sequence_length, reward_density, terminal_state_density, dummy_seed,
DQN 8 8 0 1 0.25 0.25 2 6656 38.54 44.5
# Algorithm, state_space_size, action_space_size, delay, sequence_length, reward_density, terminal_state_density, dummy_seed,
DQN 8 8 0 1 0.25 0.25 2 6760 38.54 44.5
# Algorithm, state_space_size, action_space_size, delay, sequence_length, reward_density, terminal_state_density, dummy_seed,
DQN 8 8 0 1 0.25 0.25 2 6864 38.54 44.5
# Algorithm, state_space_size, action_space_size, delay, sequence_length, reward_density, terminal_state_density, dummy_seed,
DQN 8 8 0 1 0.25 0.25 2 6968 38.54 44.5
# Algorithm, state_space_size, action_space_size, delay, sequence_length, reward_density, terminal_state_density, dummy_seed,
DQN 8 8 0 1 0.25 0.25 2 7072 38.54 44.5
# Algorithm, state_space_size, action_space_size, delay, sequence_length, reward_density, terminal_state_density, dummy_seed,
DQN 8 8 0 1 0.25 0.25 2 7176 38.54 44.5
# Algorithm, state_space_size, action_space_size, delay, sequence_length, reward_density, terminal_state_density, dummy_seed,
DQN 8 8 0 1 0.25 0.25 2 7280 38.54 44.5
# Algorithm, state_space_size, action_space_size, delay, sequence_length, reward_density, terminal_state_density, dummy_seed,
DQN 8 8 0 1 0.25 0.25 2 7384 38.54 44.5
# Algorithm, state_space_size, action_space_size, delay, sequence_length, reward_density, terminal_state_density, dummy_seed,
DQN 8 8 0 1 0.25 0.25 2 7488 38.54 44.5
# Algorithm, state_space_size, action_space_size, delay, sequence_length, reward_density, terminal_state_density, dummy_seed,
DQN 8 8 0 1 0.25 0.25 2 7592 38.54 44.5
# Algorithm, state_space_size, action_space_size, delay, sequence_length, reward_density, terminal_state_density, dummy_seed,
DQN 8 8 0 1 0.25 0.25 2 7696 38.54 44.5
# Algorithm, state_space_size, action_space_size, delay, sequence_length, reward_density, terminal_state_density, dummy_seed,
DQN 8 8 0 1 0.25 0.25 2 7800 38.54 44.5
# Algorithm, state_space_size, action_space_size, delay, sequence_length, reward_density, terminal_state_density, dummy_seed,
DQN 8 8 0 1 0.25 0.25 2 7904 38.54 44.5
# Algorithm, state_space_size, action_space_size, delay, sequence_length, reward_density, terminal_state_density, dummy_seed,
DQN 8 8 0 1 0.25 0.25 2 8008 38.54 44.5
# Algorithm, state_space_size, action_space_size, delay, sequence_length, reward_density, terminal_state_density, dummy_seed,
DQN 8 8 0 1 0.25 0.25 2 8112 38.54 44.5
# Algorithm, state_space_size, action_space_size, delay, sequence_length, reward_density, terminal_state_density, dummy_seed,
DQN 8 8 0 1 0.25 0.25 2 8216 38.54 44.5
# Algorithm, state_space_size, action_space_size, delay, sequence_length, reward_density, terminal_state_density, dummy_seed,
DQN 8 8 0 1 0.25 0.25 2 8320 65.06 71.2
# Algorithm, state_space_size, action_space_size, delay, sequence_length, reward_density, terminal_state_density, dummy_seed,
DQN 8 8 0 1 0.25 0.25 2 8424 65.06 71.2
# Algorithm, state_space_size, action_space_size, delay, sequence_length, reward_density, terminal_state_density, dummy_seed,
DQN 8 8 0 1 0.25 0.25 2 8528 66.46 72.58
# Algorithm, state_space_size, action_space_size, delay, sequence_length, reward_density, terminal_state_density, dummy_seed,
DQN 8 8 0 1 0.25 0.25 2 8632 67.57 73.69
# Algorithm, state_space_size, action_space_size, delay, sequence_length, reward_density, terminal_state_density, dummy_seed,
DQN 8 8 0 1 0.25 0.25 2 8736 68.77 74.88
# Algorithm, state_space_size, action_space_size, delay, sequence_length, reward_density, terminal_state_density, dummy_seed,
DQN 8 8 0 1 0.25 0.25 2 8840 69.79 75.9
# Algorithm, state_space_size, action_space_size, delay, sequence_length, reward_density, terminal_state_density, dummy_seed,
DQN 8 8 0 1 0.25 0.25 2 8944 69.79 75.9
# Algorithm, state_space_size, action_space_size, delay, sequence_length, reward_density, terminal_state_density, dummy_seed,
DQN 8 8 0 1 0.25 0.25 2 9048 72.32 78.43
# Algorithm, state_space_size, action_space_size, delay, sequence_length, reward_density, terminal_state_density, dummy_seed,
DQN 8 8 0 1 0.25 0.25 2 9152 72.32 78.43
# Algorithm, state_space_size, action_space_size, delay, sequence_length, reward_density, terminal_state_density, dummy_seed,
DQN 8 8 0 1 0.25 0.25 2 9256 74.25 80.35
# Algorithm, state_space_size, action_space_size, delay, sequence_length, reward_density, terminal_state_density, dummy_seed,
DQN 8 8 0 1 0.25 0.25 2 9360 74.25 80.35
# Algorithm, state_space_size, action_space_size, delay, sequence_length, reward_density, terminal_state_density, dummy_seed,
DQN 8 8 0 1 0.25 0.25 2 9464 74.25 80.35
# Algorithm, state_space_size, action_space_size, delay, sequence_length, reward_density, terminal_state_density, dummy_seed,
DQN 8 8 0 1 0.25 0.25 2 9568 74.25 80.35
# Algorithm, state_space_size, action_space_size, delay, sequence_length, reward_density, terminal_state_density, dummy_seed,
DQN 8 8 0 1 0.25 0.25 2 9672 74.25 80.35
# Algorithm, state_space_size, action_space_size, delay, sequence_length, reward_density, terminal_state_density, dummy_seed,
DQN 8 8 0 1 0.25 0.25 2 9776 74.25 80.35
# Algorithm, state_space_size, action_space_size, delay, sequence_length, reward_density, terminal_state_density, dummy_seed,
DQN 8 8 0 1 0.25 0.25 2 9880 74.25 80.35
# Algorithm, state_space_size, action_space_size, delay, sequence_length, reward_density, terminal_state_density, dummy_seed,
DQN 8 8 0 1 0.25 0.25 2 9984 74.25 80.35
# Algorithm, state_space_size, action_space_size, delay, sequence_length, reward_density, terminal_state_density, dummy_seed,
DQN 8 8 0 1 0.25 0.25 2 10088 82.38 88.5
# Algorithm, state_space_size, action_space_size, delay, sequence_length, reward_density, terminal_state_density, dummy_seed,
DQN 8 8 0 1 0.25 0.25 2 10192 82.38 88.5
# Algorithm, state_space_size, action_space_size, delay, sequence_length, reward_density, terminal_state_density, dummy_seed,
DQN 8 8 0 1 0.25 0.25 2 10296 82.38 88.5
# Algorithm, state_space_size, action_space_size, delay, sequence_length, reward_density, terminal_state_density, dummy_seed,
DQN 8 8 0 1 0.25 0.25 2 10400 82.38 88.5
# Algorithm, state_space_size, action_space_size, delay, sequence_length, reward_density, terminal_state_density, dummy_seed,
DQN 8 8 0 1 0.25 0.25 2 10504 82.38 88.5
# Algorithm, state_space_size, action_space_size, delay, sequence_length, reward_density, terminal_state_density, dummy_seed,
DQN 8 8 0 1 0.25 0.25 2 10608 87.32 93.44
# Algorithm, state_space_size, action_space_size, delay, sequence_length, reward_density, terminal_state_density, dummy_seed,
DQN 8 8 0 1 0.25 0.25 2 10712 87.32 93.44
# Algorithm, state_space_size, action_space_size, delay, sequence_length, reward_density, terminal_state_density, dummy_seed,
DQN 8 8 0 1 0.25 0.25 2 10816 87.32 93.44
# Algorithm, state_space_size, action_space_size, delay, sequence_length, reward_density, terminal_state_density, dummy_seed,
DQN 8 8 0 1 0.25 0.25 2 10920 87.32 93.44
# Algorithm, state_space_size, action_space_size, delay, sequence_length, reward_density, terminal_state_density, dummy_seed,
DQN 8 8 0 1 0.25 0.25 2 11024 87.32 93.44
# Algorithm, state_space_size, action_space_size, delay, sequence_length, reward_density, terminal_state_density, dummy_seed,
DQN 8 8 0 1 0.25 0.25 2 11128 92.85 99.01
# Algorithm, state_space_size, action_space_size, delay, sequence_length, reward_density, terminal_state_density, dummy_seed,
DQN 8 8 0 1 0.25 0.25 2 11232 92.85 99.01
# Algorithm, state_space_size, action_space_size, delay, sequence_length, reward_density, terminal_state_density, dummy_seed,
DQN 8 8 0 1 0.25 0.25 2 11336 92.85 99.01
# Algorithm, state_space_size, action_space_size, delay, sequence_length, reward_density, terminal_state_density, dummy_seed,
DQN 8 8 0 1 0.25 0.25 2 11440 95.79 101.97
# Algorithm, state_space_size, action_space_size, delay, sequence_length, reward_density, terminal_state_density, dummy_seed,
DQN 8 8 0 1 0.25 0.25 2 11544 95.79 101.97
# Algorithm, state_space_size, action_space_size, delay, sequence_length, reward_density, terminal_state_density, dummy_seed,
DQN 8 8 0 1 0.25 0.25 2 11648 95.79 101.97
# Algorithm, state_space_size, action_space_size, delay, sequence_length, reward_density, terminal_state_density, dummy_seed,
DQN 8 8 0 1 0.25 0.25 2 11752 95.79 101.97
# Algorithm, state_space_size, action_space_size, delay, sequence_length, reward_density, terminal_state_density, dummy_seed,
DQN 8 8 0 1 0.25 0.25 2 11856 95.79 101.97
# Algorithm, state_space_size, action_space_size, delay, sequence_length, reward_density, terminal_state_density, dummy_seed,
DQN 8 8 0 1 0.25 0.25 2 11960 95.79 101.97
# Algorithm, state_space_size, action_space_size, delay, sequence_length, reward_density, terminal_state_density, dummy_seed,
DQN 8 8 0 1 0.25 0.25 2 12064 95.79 101.97
# Algorithm, state_space_size, action_space_size, delay, sequence_length, reward_density, terminal_state_density, dummy_seed,
DQN 8 8 0 1 0.25 0.25 2 12168 95.79 101.97
# Algorithm, state_space_size, action_space_size, delay, sequence_length, reward_density, terminal_state_density, dummy_seed,
DQN 8 8 0 1 0.25 0.25 2 12272 95.79 101.97
# Algorithm, state_space_size, action_space_size, delay, sequence_length, reward_density, terminal_state_density, dummy_seed,
DQN 8 8 0 1 0.25 0.25 2 12376 95.79 101.97
# Algorithm, state_space_size, action_space_size, delay, sequence_length, reward_density, terminal_state_density, dummy_seed,
DQN 8 8 0 1 0.25 0.25 2 12480 106.28 112.49
# Algorithm, state_space_size, action_space_size, delay, sequence_length, reward_density, terminal_state_density, dummy_seed,
DQN 8 8 0 1 0.25 0.25 2 12584 106.28 112.49
# Algorithm, state_space_size, action_space_size, delay, sequence_length, reward_density, terminal_state_density, dummy_seed,
DQN 8 8 0 1 0.25 0.25 2 12688 106.28 112.49
# Algorithm, state_space_size, action_space_size, delay, sequence_length, reward_density, terminal_state_density, dummy_seed,
DQN 8 8 0 1 0.25 0.25 2 12792 109.26 115.51
# Algorithm, state_space_size, action_space_size, delay, sequence_length, reward_density, terminal_state_density, dummy_seed,
DQN 8 8 0 1 0.25 0.25 2 12896 109.26 115.51
# Algorithm, state_space_size, action_space_size, delay, sequence_length, reward_density, terminal_state_density, dummy_seed,
DQN 8 8 0 1 0.25 0.25 2 13000 111.35 117.59
# Algorithm, state_space_size, action_space_size, delay, sequence_length, reward_density, terminal_state_density, dummy_seed,
DQN 8 8 0 1 0.25 0.25 2 13104 111.79 118.01
# Algorithm, state_space_size, action_space_size, delay, sequence_length, reward_density, terminal_state_density, dummy_seed,
DQN 8 8 0 1 0.25 0.25 2 13208 112.74 118.88
# Algorithm, state_space_size, action_space_size, delay, sequence_length, reward_density, terminal_state_density, dummy_seed,
DQN 8 8 0 1 0.25 0.25 2 13312 112.74 118.88
# Algorithm, state_space_size, action_space_size, delay, sequence_length, reward_density, terminal_state_density, dummy_seed,
DQN 8 8 0 1 0.25 0.25 2 13416 114.85 120.99
# Algorithm, state_space_size, action_space_size, delay, sequence_length, reward_density, terminal_state_density, dummy_seed,
DQN 8 8 0 1 0.25 0.25 2 13520 114.85 120.99
# Algorithm, state_space_size, action_space_size, delay, sequence_length, reward_density, terminal_state_density, dummy_seed,
DQN 8 8 0 1 0.25 0.25 2 13624 114.85 120.99
# Algorithm, state_space_size, action_space_size, delay, sequence_length, reward_density, terminal_state_density, dummy_seed,
DQN 8 8 0 1 0.25 0.25 2 13728 114.85 120.99
# Algorithm, state_space_size, action_space_size, delay, sequence_length, reward_density, terminal_state_density, dummy_seed,
DQN 8 8 0 1 0.25 0.25 2 13832 114.85 120.99
# Algorithm, state_space_size, action_space_size, delay, sequence_length, reward_density, terminal_state_density, dummy_seed,
DQN 8 8 0 1 0.25 0.25 2 13936 114.85 120.99
# Algorithm, state_space_size, action_space_size, delay, sequence_length, reward_density, terminal_state_density, dummy_seed,
DQN 8 8 0 1 0.25 0.25 2 14040 114.85 120.99
# Algorithm, state_space_size, action_space_size, delay, sequence_length, reward_density, terminal_state_density, dummy_seed,
DQN 8 8 0 1 0.25 0.25 2 14144 114.85 120.99
# Algorithm, state_space_size, action_space_size, delay, sequence_length, reward_density, terminal_state_density, dummy_seed,
DQN 8 8 0 1 0.25 0.25 2 14248 114.85 120.99
# Algorithm, state_space_size, action_space_size, delay, sequence_length, reward_density, terminal_state_density, dummy_seed,
DQN 8 8 0 1 0.25 0.25 2 14352 114.85 120.99
# Algorithm, state_space_size, action_space_size, delay, sequence_length, reward_density, terminal_state_density, dummy_seed,
DQN 8 8 0 1 0.25 0.25 2 14456 114.85 120.99
# Algorithm, state_space_size, action_space_size, delay, sequence_length, reward_density, terminal_state_density, dummy_seed,
DQN 8 8 0 1 0.25 0.25 2 14560 114.85 120.99
# Algorithm, state_space_size, action_space_size, delay, sequence_length, reward_density, terminal_state_density, dummy_seed,
DQN 8 8 0 1 0.25 0.25 2 14664 127.75 133.94
# Algorithm, state_space_size, action_space_size, delay, sequence_length, reward_density, terminal_state_density, dummy_seed,
DQN 8 8 0 1 0.25 0.25 2 14768 127.75 133.94
# Algorithm, state_space_size, action_space_size, delay, sequence_length, reward_density, terminal_state_density, dummy_seed,
DQN 8 8 0 1 0.25 0.25 2 14872 129.05 135.17
# Algorithm, state_space_size, action_space_size, delay, sequence_length, reward_density, terminal_state_density, dummy_seed,
DQN 8 8 0 1 0.25 0.25 2 14976 129.05 135.17
# Algorithm, state_space_size, action_space_size, delay, sequence_length, reward_density, terminal_state_density, dummy_seed,
DQN 8 8 0 1 0.25 0.25 2 15080 131.42 137.56
# Algorithm, state_space_size, action_space_size, delay, sequence_length, reward_density, terminal_state_density, dummy_seed,
DQN 8 8 0 1 0.25 0.25 2 15184 131.42 137.56
# Algorithm, state_space_size, action_space_size, delay, sequence_length, reward_density, terminal_state_density, dummy_seed,
DQN 8 8 0 1 0.25 0.25 2 15288 133.12 139.25
# Algorithm, state_space_size, action_space_size, delay, sequence_length, reward_density, terminal_state_density, dummy_seed,
DQN 8 8 0 1 0.25 0.25 2 15392 134.77 140.93
# Algorithm, state_space_size, action_space_size, delay, sequence_length, reward_density, terminal_state_density, dummy_seed,
DQN 8 8 0 1 0.25 0.25 2 15496 134.77 140.93
# Algorithm, state_space_size, action_space_size, delay, sequence_length, reward_density, terminal_state_density, dummy_seed,
DQN 8 8 0 1 0.25 0.25 2 15600 136.74 142.89
# Algorithm, state_space_size, action_space_size, delay, sequence_length, reward_density, terminal_state_density, dummy_seed,
DQN 8 8 0 1 0.25 0.25 2 15704 136.74 142.89
# Algorithm, state_space_size, action_space_size, delay, sequence_length, reward_density, terminal_state_density, dummy_seed,
DQN 8 8 0 1 0.25 0.25 2 15808 136.74 142.89
# Algorithm, state_space_size, action_space_size, delay, sequence_length, reward_density, terminal_state_density, dummy_seed,
DQN 8 8 0 1 0.25 0.25 2 15912 136.74 142.89
# Algorithm, state_space_size, action_space_size, delay, sequence_length, reward_density, terminal_state_density, dummy_seed,
DQN 8 8 0 1 0.25 0.25 2 16016 136.74 142.89
# Algorithm, state_space_size, action_space_size, delay, sequence_length, reward_density, terminal_state_density, dummy_seed,
DQN 8 8 0 1 0.25 0.25 2 16120 141.96 148.17
# Algorithm, state_space_size, action_space_size, delay, sequence_length, reward_density, terminal_state_density, dummy_seed,
DQN 8 8 0 1 0.25 0.25 2 16224 141.96 148.17
# Algorithm, state_space_size, action_space_size, delay, sequence_length, reward_density, terminal_state_density, dummy_seed,
DQN 8 8 0 1 0.25 0.25 2 16328 141.96 148.17
# Algorithm, state_space_size, action_space_size, delay, sequence_length, reward_density, terminal_state_density, dummy_seed,
DQN 8 8 0 1 0.25 0.25 2 16432 141.96 148.17
# Algorithm, state_space_size, action_space_size, delay, sequence_length, reward_density, terminal_state_density, dummy_seed,
DQN 8 8 0 1 0.25 0.25 2 16536 141.96 148.17
# Algorithm, state_space_size, action_space_size, delay, sequence_length, reward_density, terminal_state_density, dummy_seed,
DQN 8 8 0 1 0.25 0.25 2 16640 141.96 148.17
# Algorithm, state_space_size, action_space_size, delay, sequence_length, reward_density, terminal_state_density, dummy_seed,
DQN 8 8 0 1 0.25 0.25 2 16744 141.96 148.17
# Algorithm, state_space_size, action_space_size, delay, sequence_length, reward_density, terminal_state_density, dummy_seed,
DQN 8 8 0 1 0.25 0.25 2 16848 141.96 148.17
# Algorithm, state_space_size, action_space_size, delay, sequence_length, reward_density, terminal_state_density, dummy_seed,
DQN 8 8 0 1 0.25 0.25 2 16952 141.96 148.17
# Algorithm, state_space_size, action_space_size, delay, sequence_length, reward_density, terminal_state_density, dummy_seed,
DQN 8 8 0 1 0.25 0.25 2 17056 141.96 148.17
# Algorithm, state_space_size, action_space_size, delay, sequence_length, reward_density, terminal_state_density, dummy_seed,
DQN 8 8 0 1 0.25 0.25 2 17160 141.96 148.17
# Algorithm, state_space_size, action_space_size, delay, sequence_length, reward_density, terminal_state_density, dummy_seed,
DQN 8 8 0 1 0.25 0.25 2 17264 141.96 148.17
# Algorithm, state_space_size, action_space_size, delay, sequence_length, reward_density, terminal_state_density, dummy_seed,
DQN 8 8 0 1 0.25 0.25 2 17368 141.96 148.17
# Algorithm, state_space_size, action_space_size, delay, sequence_length, reward_density, terminal_state_density, dummy_seed,
DQN 8 8 0 1 0.25 0.25 2 17472 141.96 148.17
# Algorithm, state_space_size, action_space_size, delay, sequence_length, reward_density, terminal_state_density, dummy_seed,
DQN 8 8 0 1 0.25 0.25 2 17576 141.96 148.17
# Algorithm, state_space_size, action_space_size, delay, sequence_length, reward_density, terminal_state_density, dummy_seed,
DQN 8 8 0 1 0.25 0.25 2 17680 141.96 148.17
# Algorithm, state_space_size, action_space_size, delay, sequence_length, reward_density, terminal_state_density, dummy_seed,
DQN 8 8 0 1 0.25 0.25 2 17784 141.96 148.17
# Algorithm, state_space_size, action_space_size, delay, sequence_length, reward_density, terminal_state_density, dummy_seed,
DQN 8 8 0 1 0.25 0.25 2 17888 141.96 148.17
# Algorithm, state_space_size, action_space_size, delay, sequence_length, reward_density, terminal_state_density, dummy_seed,
DQN 8 8 0 1 0.25 0.25 2 17992 160.14 166.43
# Algorithm, state_space_size, action_space_size, delay, sequence_length, reward_density, terminal_state_density, dummy_seed,
DQN 8 8 0 1 0.25 0.25 2 18096 160.14 166.43
# Algorithm, state_space_size, action_space_size, delay, sequence_length, reward_density, terminal_state_density, dummy_seed,
DQN 8 8 0 1 0.25 0.25 2 18200 160.14 166.43
# Algorithm, state_space_size, action_space_size, delay, sequence_length, reward_density, terminal_state_density, dummy_seed,
DQN 8 8 0 1 0.25 0.25 2 18304 160.14 166.43
# Algorithm, state_space_size, action_space_size, delay, sequence_length, reward_density, terminal_state_density, dummy_seed,
DQN 8 8 0 1 0.25 0.25 2 18408 160.14 166.43
# Algorithm, state_space_size, action_space_size, delay, sequence_length, reward_density, terminal_state_density, dummy_seed,
DQN 8 8 0 1 0.25 0.25 2 18512 165.82 172.05
# Algorithm, state_space_size, action_space_size, delay, sequence_length, reward_density, terminal_state_density, dummy_seed,
DQN 8 8 0 1 0.25 0.25 2 18616 166.17 172.32
# Algorithm, state_space_size, action_space_size, delay, sequence_length, reward_density, terminal_state_density, dummy_seed,
DQN 8 8 0 1 0.25 0.25 2 18720 166.17 172.32
# Algorithm, state_space_size, action_space_size, delay, sequence_length, reward_density, terminal_state_density, dummy_seed,
DQN 8 8 0 1 0.25 0.25 2 18824 168.12 174.18
# Algorithm, state_space_size, action_space_size, delay, sequence_length, reward_density, terminal_state_density, dummy_seed,
DQN 8 8 0 1 0.25 0.25 2 18928 168.12 174.18
# Algorithm, state_space_size, action_space_size, delay, sequence_length, reward_density, terminal_state_density, dummy_seed,
DQN 8 8 0 1 0.25 0.25 2 19032 168.12 174.18
# Algorithm, state_space_size, action_space_size, delay, sequence_length, reward_density, terminal_state_density, dummy_seed,
DQN 8 8 0 1 0.25 0.25 2 19136 168.12 174.18
# Algorithm, state_space_size, action_space_size, delay, sequence_length, reward_density, terminal_state_density, dummy_seed,
DQN 8 8 0 1 0.25 0.25 2 19240 168.12 174.18
# Algorithm, state_space_size, action_space_size, delay, sequence_length, reward_density, terminal_state_density, dummy_seed,
DQN 8 8 0 1 0.25 0.25 2 19344 174.1 180.16
# Algorithm, state_space_size, action_space_size, delay, sequence_length, reward_density, terminal_state_density, dummy_seed,
DQN 8 8 0 1 0.25 0.25 2 19448 174.1 180.16
# Algorithm, state_space_size, action_space_size, delay, sequence_length, reward_density, terminal_state_density, dummy_seed,
DQN 8 8 0 1 0.25 0.25 2 19552 174.1 180.16
# Algorithm, state_space_size, action_space_size, delay, sequence_length, reward_density, terminal_state_density, dummy_seed,
DQN 8 8 0 1 0.25 0.25 2 19656 174.1 180.16
# Algorithm, state_space_size, action_space_size, delay, sequence_length, reward_density, terminal_state_density, dummy_seed,
DQN 8 8 0 1 0.25 0.25 2 19760 174.1 180.16
# Algorithm, state_space_size, action_space_size, delay, sequence_length, reward_density, terminal_state_density, dummy_seed,
DQN 8 8 0 1 0.25 0.25 2 19864 174.1 180.16
# Algorithm, state_space_size, action_space_size, delay, sequence_length, reward_density, terminal_state_density, dummy_seed,
DQN 8 8 0 1 0.25 0.25 2 19968 174.1 180.16
# Algorithm, state_space_size, action_space_size, delay, sequence_length, reward_density, terminal_state_density, dummy_seed,
DQN 8 8 0 1 0.25 0.25 2 20072 174.1 180.16
