# Algorithm, state_space_size, action_space_size, delay, sequence_length, reward_density, terminal_state_density,
DQN 8 8 0 1 0.25 0.25 896 0.6024590163934426 3.6721311475409837
# Algorithm, state_space_size, action_space_size, delay, sequence_length, reward_density, terminal_state_density,
DQN 8 8 0 2 0.25 0.25 916 0.44 3.628
# Algorithm, state_space_size, action_space_size, delay, sequence_length, reward_density, terminal_state_density,
DQN 8 8 1 1 0.25 0.25 892 0.448559670781893 3.662551440329218
# Algorithm, state_space_size, action_space_size, delay, sequence_length, reward_density, terminal_state_density,
DQN 8 8 1 2 0.25 0.25 924 0.3346613545816733 3.6772908366533863
# Algorithm, state_space_size, action_space_size, delay, sequence_length, reward_density, terminal_state_density,
DQN 8 8 2 1 0.25 0.25 908 0.336 3.628
# Algorithm, state_space_size, action_space_size, delay, sequence_length, reward_density, terminal_state_density,
DQN 8 8 2 2 0.25 0.25 916 0.216 3.628
# Algorithm, state_space_size, action_space_size, delay, sequence_length, reward_density, terminal_state_density,
DQN 8 8 4 1 0.25 0.25 888 0.1991701244813278 3.680497925311203
# Algorithm, state_space_size, action_space_size, delay, sequence_length, reward_density, terminal_state_density,
DQN 8 8 4 2 0.25 0.25 904 0.11646586345381527 3.6265060240963853
# Algorithm, state_space_size, action_space_size, delay, sequence_length, reward_density, terminal_state_density,
DQN 8 8 8 1 0.25 0.25 924 0.0796812749003984 3.6772908366533863
# Algorithm, state_space_size, action_space_size, delay, sequence_length, reward_density, terminal_state_density,
DQN 8 8 8 2 0.25 0.25 884 0.05 3.6791666666666667
